photo_id,creator,title,licence,licence_url,source_page
f_6193426539,Terrie Schweitzer,Family Dinner,CC BY-NC-SA 2.0,https://creativecommons.org/licenses/by-nc-sa/2.0/,https://www.flickr.com/photos/71584508@N00/6193426539
f_4392847173,Ari Helminen,Family Dinner,CC BY 2.0,https://creativecommons.org/licenses/by/2.0/,https://www.flickr.com/photos/36093266@N06/4392847173
f_3284351512,zcopley,Family dinner,CC BY-SA 2.0,https://creativecommons.org/licenses/by-sa/2.0/,https://www.flickr.com/photos/22823034@N00/3284351512
f_861067389,Jezmay22,Family Dinner,CC BY-SA 2.0,https://creativecommons.org/licenses/by-sa/2.0/,https://www.flickr.com/photos/10296083@N02/861067389
f_179696379,avlxyz,family dinner at my mum's place,CC BY-SA 2.0,https://creativecommons.org/licenses/by-sa/2.0/,https://www.flickr.com/photos/10559879@N00/179696379
f_8976367075,pennuja,Family DInner,CC BY 2.0,https://creativecommons.org/licenses/by/2.0/,https://www.flickr.com/photos/22749993@N08/8976367075
f_9232908604,Leslie Science & Nature Center,Family dinner,CC BY-SA 2.0,https://creativecommons.org/licenses/by-sa/2.0/,https://www.flickr.com/photos/62966874@N05/9232908604
f_5292770140,CMVH,denotter family dinner,CC BY-SA 2.0,https://creativecommons.org/licenses/by-sa/2.0/,https://www.flickr.com/photos/14869106@N07/5292770140
f_2783735675,Claire CJS,20080807 - Family Dinner at Bethany Beach - 164-6413 - Kim - cell phone,CC BY-NC-SA 2.0,https://creativecommons.org/licenses/by-nc-sa/2.0/,https://www.flickr.com/photos/31355686@N00/2783735675
f_121567312,jeffk,Family Dinner,CC BY 2.0,https://creativecommons.org/licenses/by/2.0/,https://www.flickr.com/photos/44124372247@N01/121567312
f_5275643384,nSeika,Family dinner,CC BY 2.0,https://creativecommons.org/licenses/by/2.0/,https://www.flickr.com/photos/33542052@N07/5275643384
f_9499654663,Claire CJS,"20120726 - Bethany Beach - family dinner - Carolyn, Anne - (by Bill Thomas) - 0995",CC BY-NC-SA 2.0,https://creativecommons.org/licenses/by-nc-sa/2.0/,https://www.flickr.com/photos/31355686@N00/9499654663
f_8242418755,pennuja,Family Dinner,CC BY 2.0,https://creativecommons.org/licenses/by/2.0/,https://www.flickr.com/photos/22749993@N08/8242418755
f_4696228781,Lisa5588,Family dinner,CC BY-NC 2.0,https://creativecommons.org/licenses/by-nc/2.0/,https://www.flickr.com/photos/43081635@N08/4696228781
f_2137319185,goosmurf,Family dinner,CC BY 2.0,https://creativecommons.org/licenses/by/2.0/,https://www.flickr.com/photos/19349404@N00/2137319185
f_2653184273,Jason Lander,189 - Family Dinner,CC BY 2.0,https://creativecommons.org/licenses/by/2.0/,https://www.flickr.com/photos/8566600@N07/2653184273
f_3222418413,Chandra Marsono,Family Dinner @ Hanamasa,CC BY-NC-SA 2.0,https://creativecommons.org/licenses/by-nc-sa/2.0/,https://www.flickr.com/photos/71715102@N00/3222418413
f_9502451976,Claire CJS,"20120726 - Bethany Beach - family dinner - Vicky, Sagan, Anne, Carolyn - (by Bill Thomas) - 0996",CC BY-NC-SA 2.0,https://creativecommons.org/licenses/by-nc-sa/2.0/,https://www.flickr.com/photos/31355686@N00/9502451976
f_3100410300,goosmurf,Family dinner,CC BY 2.0,https://creativecommons.org/licenses/by/2.0/,https://www.flickr.com/photos/19349404@N00/3100410300
f_30234664486,jaredpolin,Got dressed up for family dinner 🍴 tonight. I saw this awesome wallpaper and thought it made my new old polyester shirt look amazing. Oh and the curls...... #curls #hair #polyester #wallpaper,CC BY-NC-SA 2.0,https://creativecommons.org/licenses/by-nc-sa/2.0/,https://www.flickr.com/photos/28815288@N06/30234664486
f_7113637661,Treasures and Tiaras Kids Parties,'Tinkerbell and her Fairy Friends Party',CC BY-NC-SA 2.0,https://creativecommons.org/licenses/by-nc-sa/2.0/,https://www.flickr.com/photos/28856671@N05/7113637661
f_6967556362,Treasures and Tiaras Kids Parties,'Tinkerbell and her Fairy Friends Party',CC BY-NC-SA 2.0,https://creativecommons.org/licenses/by-nc-sa/2.0/,https://www.flickr.com/photos/28856671@N05/6967556362
f_6271126379,Wonderlane,"Rossy at an artist friend's party, painting, full bottle of wine corks, female party goer, Guadalajara, Jalisco, Mexico",CC BY 2.0,https://creativecommons.org/licenses/by/2.0/,https://www.flickr.com/photos/71401718@N00/6271126379
f_11772812925,Lucio®,@ Stairway to friends party,CC BY-NC-SA 2.0,https://creativecommons.org/licenses/by-nc-sa/2.0/,https://www.flickr.com/photos/8449245@N07/11772812925
f_20881563191,Treasures and Tiaras Kids Parties,'Riley's Barney and Friends Party',CC BY-NC-SA 2.0,https://creativecommons.org/licenses/by-nc-sa/2.0/,https://www.flickr.com/photos/28856671@N05/20881563191
f_205096557,minifig,Si Hayden at my friend's party,CC BY-NC-SA 2.0,https://creativecommons.org/licenses/by-nc-sa/2.0/,https://www.flickr.com/photos/25969181@N00/205096557
f_35809241,Bistrosavage,Friend's Party,CC BY 2.0,https://creativecommons.org/licenses/by/2.0/,https://www.flickr.com/photos/16533652@N00/35809241
f_6271652774,Wonderlane,"Ariel Duenas looking thru an interior window at an artist friend's party, Guadalajara, Jalisco, Mexico",CC BY 2.0,https://creativecommons.org/licenses/by/2.0/,https://www.flickr.com/photos/71401718@N00/6271652774
f_3372163166,Nabeel H,Hey Champ working the Rock You & Friends party,CC BY-SA 2.0,https://creativecommons.org/licenses/by-sa/2.0/,https://www.flickr.com/photos/14453171@N00/3372163166
f_4673215825,krynsky,Esther with great Flamenco band playing at a friends party,CC BY 2.0,https://creativecommons.org/licenses/by/2.0/,https://www.flickr.com/photos/82524306@N00/4673215825
f_2512606315,yangon,Unfamiliar Friends Party at April Story tour,CC BY-NC-SA 2.0,https://creativecommons.org/licenses/by-nc-sa/2.0/,https://www.flickr.com/photos/99129625@N00/2512606315
f_2575861778,loiclemeur,Paris Seesmic-LeWeb 5000 friends party,CC BY-NC-SA 2.0,https://creativecommons.org/licenses/by-nc-sa/2.0/,https://www.flickr.com/photos/35468133931@N01/2575861778
f_2575860794,loiclemeur,Paris Seesmic-LeWeb 5000 friends party,CC BY-NC-SA 2.0,https://creativecommons.org/licenses/by-nc-sa/2.0/,https://www.flickr.com/photos/35468133931@N01/2575860794
f_2575866040,loiclemeur,Paris Seesmic-LeWeb 5000 friends party,CC BY-NC-SA 2.0,https://creativecommons.org/licenses/by-nc-sa/2.0/,https://www.flickr.com/photos/35468133931@N01/2575866040
f_2575057541,loiclemeur,Paris Seesmic-LeWeb 5000 friends party,CC BY-NC-SA 2.0,https://creativecommons.org/licenses/by-nc-sa/2.0/,https://www.flickr.com/photos/35468133931@N01/2575057541
f_2575859922,loiclemeur,Paris Seesmic-LeWeb 5000 friends party,CC BY-NC-SA 2.0,https://creativecommons.org/licenses/by-nc-sa/2.0/,https://www.flickr.com/photos/35468133931@N01/2575859922
f_2575036547,loiclemeur,Paris Seesmic-LeWeb 5000 friends party,CC BY-NC-SA 2.0,https://creativecommons.org/licenses/by-nc-sa/2.0/,https://www.flickr.com/photos/35468133931@N01/2575036547
f_2575876350,loiclemeur,Paris Seesmic-LeWeb 5000 friends party,CC BY-NC-SA 2.0,https://creativecommons.org/licenses/by-nc-sa/2.0/,https://www.flickr.com/photos/35468133931@N01/2575876350
f_2575051473,loiclemeur,Paris Seesmic-LeWeb 5000 friends party,CC BY-NC-SA 2.0,https://creativecommons.org/licenses/by-nc-sa/2.0/,https://www.flickr.com/photos/35468133931@N01/2575051473
f_2575838308,loiclemeur,Paris Seesmic-LeWeb 5000 friends party,CC BY-NC-SA 2.0,https://creativecommons.org/licenses/by-nc-sa/2.0/,https://www.flickr.com/photos/35468133931@N01/2575838308
f_8686103457,kevin dooley,Road trip to Buckeye: Ask,CC BY 2.0,https://creativecommons.org/licenses/by/2.0/,https://www.flickr.com/photos/12836528@N00/8686103457
f_8686481591,kevin dooley,Road trip to Buckeye: Door,CC BY 2.0,https://creativecommons.org/licenses/by/2.0/,https://www.flickr.com/photos/12836528@N00/8686481591
f_8686479491,kevin dooley,Road trip to Buckeye: The Saddlehorn,CC BY 2.0,https://creativecommons.org/licenses/by/2.0/,https://www.flickr.com/photos/12836528@N00/8686479491
f_8686479897,kevin dooley,Road trip to Buckeye: Downtown shopping,CC BY 2.0,https://creativecommons.org/licenses/by/2.0/,https://www.flickr.com/photos/12836528@N00/8686479897
f_8687598098,kevin dooley,Road trip to Buckeye: West side story,CC BY 2.0,https://creativecommons.org/licenses/by/2.0/,https://www.flickr.com/photos/12836528@N00/8687598098
f_8687597498,kevin dooley,Road trip to Buckeye: Carlos Upholstery Capiceria,CC BY 2.0,https://creativecommons.org/licenses/by/2.0/,https://www.flickr.com/photos/12836528@N00/8687597498
f_8686481757,kevin dooley,Road trip to Buckeye: Architectural entropy,CC BY 2.0,https://creativecommons.org/licenses/by/2.0/,https://www.flickr.com/photos/12836528@N00/8686481757
f_8687220108,kevin dooley,Road trip to Buckeye; Tire Shop #3,CC BY 2.0,https://creativecommons.org/licenses/by/2.0/,https://www.flickr.com/photos/12836528@N00/8687220108
f_8686480101,kevin dooley,Road trip to Buckeye: Downtown compositions,CC BY 2.0,https://creativecommons.org/licenses/by/2.0/,https://www.flickr.com/photos/12836528@N00/8686480101
f_8687596802,kevin dooley,Road trip to Buckeye: Downtown compositions,CC BY 2.0,https://creativecommons.org/licenses/by/2.0/,https://www.flickr.com/photos/12836528@N00/8687596802
f_8687597366,kevin dooley,Road trip to Buckeye: West side story,CC BY 2.0,https://creativecommons.org/licenses/by/2.0/,https://www.flickr.com/photos/12836528@N00/8687597366
f_16570143476,moonjazz,California Road Trip,CC BY-SA 2.0,https://creativecommons.org/licenses/by-sa/2.0/,https://www.flickr.com/photos/8398907@N02/16570143476
f_8687603668,kevin dooley,Road trip to Buckeye: Cause and Effect,CC BY 2.0,https://creativecommons.org/licenses/by/2.0/,https://www.flickr.com/photos/12836528@N00/8687603668
f_51589871298,Trey Ratcliff,Road Trip,CC BY-NC-SA 2.0,https://creativecommons.org/licenses/by-nc-sa/2.0/,https://www.flickr.com/photos/95572727@N00/51589871298
f_8686481053,kevin dooley,Road trip to Buckeye: West side story,CC BY 2.0,https://creativecommons.org/licenses/by/2.0/,https://www.flickr.com/photos/12836528@N00/8686481053
f_16008112319,FXTC,China Road Trip Gear,CC BY-NC-SA 2.0,https://creativecommons.org/licenses/by-nc-sa/2.0/,https://www.flickr.com/photos/46672954@N08/16008112319
f_4907868184,-Snugg-,Road Trip!,CC BY-NC-SA 2.0,https://creativecommons.org/licenses/by-nc-sa/2.0/,https://www.flickr.com/photos/34418479@N06/4907868184
f_8687595280,kevin dooley,Road trip to Buckeye: Entropy in Buckeye,CC BY 2.0,https://creativecommons.org/licenses/by/2.0/,https://www.flickr.com/photos/12836528@N00/8687595280
f_8687220596,kevin dooley,Road trip to Buckeye: Steakhouse,CC BY 2.0,https://creativecommons.org/licenses/by/2.0/,https://www.flickr.com/photos/12836528@N00/8687220596
f_8687220974,kevin dooley,Road trip to Buckeye: K,CC BY 2.0,https://creativecommons.org/licenses/by/2.0/,https://www.flickr.com/photos/12836528@N00/8687220974
f_9776390895,theirhistory,The car drives off into the distance.,CC BY-NC-SA 2.0,https://creativecommons.org/licenses/by-nc-sa/2.0/,https://www.flickr.com/photos/22326055@N06/9776390895
f_16690874796,simpleinsomnia,Old car driving down a dirt road,CC BY 2.0,https://creativecommons.org/licenses/by/2.0/,https://www.flickr.com/photos/95329455@N02/16690874796
f_15421746008,simpleinsomnia,"Car driving down Main Street in Walla Walla, WA",CC BY 2.0,https://creativecommons.org/licenses/by/2.0/,https://www.flickr.com/photos/95329455@N02/15421746008
f_8481034923,Ivan Radic,A row of trees and a car driving by in the background. Orange hue at night,CC BY 2.0,https://creativecommons.org/licenses/by/2.0/,https://www.flickr.com/photos/26344495@N05/8481034923
f_24464238940,Seattle Municipal Archives,"Cars driving on First Avenue near Madison, 1920",CC BY 2.0,https://creativecommons.org/licenses/by/2.0/,https://www.flickr.com/photos/24256351@N04/24464238940
f_415079389,TijsB,Leo my car driving instructor (1),CC BY-SA 2.0,https://creativecommons.org/licenses/by-sa/2.0/,https://www.flickr.com/photos/17997014@N00/415079389
f_415079327,TijsB,Leo my car driving instructor (2).jpg,CC BY-SA 2.0,https://creativecommons.org/licenses/by-sa/2.0/,https://www.flickr.com/photos/17997014@N00/415079327
f_3555397195,dybarber,'A. car driving. 1st lesson' 19 February 1928,CC BY 2.0,https://creativecommons.org/licenses/by/2.0/,https://www.flickr.com/photos/10316250@N02/3555397195
f_13301012145,Overpass Light Brigade,Car Drives By Message,CC BY-NC 2.0,https://creativecommons.org/licenses/by-nc/2.0/,https://www.flickr.com/photos/40969298@N05/13301012145
f_11456570466,ubrayj02,Car driving chaos at Avenue 26 and N. Figueroa St.,CC BY 2.0,https://creativecommons.org/licenses/by/2.0/,https://www.flickr.com/photos/45152500@N00/11456570466
f_12235747,Thomas Hawk,Cars Drive Fast,CC BY-NC 2.0,https://creativecommons.org/licenses/by-nc/2.0/,https://www.flickr.com/photos/51035555243@N01/12235747
f_4274850045,j.clark,Electric car driving track,CC BY 2.0,https://creativecommons.org/licenses/by/2.0/,https://www.flickr.com/photos/8701549@N02/4274850045
f_4733373742,IMLS DCC,"Cars driving near Arctic Fur Co., Seattle, 1964",CC BY 2.0,https://creativecommons.org/licenses/by/2.0/,https://www.flickr.com/photos/42381338@N04/4733373742
f_2952714590,SubZeroLosAngeles,Chihuahua car driving,CC BY-NC 2.0,https://creativecommons.org/licenses/by-nc/2.0/,https://www.flickr.com/photos/28381399@N05/2952714590
f_256190129,elmada,Car Driving,CC BY-NC 2.0,https://creativecommons.org/licenses/by-nc/2.0/,https://www.flickr.com/photos/48355243@N00/256190129
f_25818172582,simpleinsomnia,Two cars driving down a road,CC BY 2.0,https://creativecommons.org/licenses/by/2.0/,https://www.flickr.com/photos/95329455@N02/25818172582
f_538983700,((brian)),race car driving,CC BY 2.0,https://creativecommons.org/licenses/by/2.0/,https://www.flickr.com/photos/38885123@N00/538983700
f_2430751806,sean dreilinger,car driving in a sudden hailstorm - _MG_1221,CC BY-NC-SA 2.0,https://creativecommons.org/licenses/by-nc-sa/2.0/,https://www.flickr.com/photos/43927576@N00/2430751806
f_2279741705,fredcamino,Car drives into Portland MAX tunnel,CC BY-SA 2.0,https://creativecommons.org/licenses/by-sa/2.0/,https://www.flickr.com/photos/15413757@N00/2279741705
f_6112562713,andrew_j_w,Car driving through the flood,CC BY-SA 2.0,https://creativecommons.org/licenses/by-sa/2.0/,https://www.flickr.com/photos/8452611@N05/6112562713
f_17173869,Dave Kleinschmidt,Bookshelf,CC BY-SA 2.0,https://creativecommons.org/licenses/by-sa/2.0/,https://www.flickr.com/photos/93085601@N00/17173869
f_631288,jddunn,My Philosophy Bookshelf(top),CC BY-NC-SA 2.0,https://creativecommons.org/licenses/by-nc-sa/2.0/,https://www.flickr.com/photos/35468149174@N01/631288
f_2822911740,pseudoplacebo,Bookshelf,CC BY-SA 2.0,https://creativecommons.org/licenses/by-sa/2.0/,https://www.flickr.com/photos/33159739@N00/2822911740
f_454575494,J$,Bookshelf,CC BY-SA 2.0,https://creativecommons.org/licenses/by-sa/2.0/,https://www.flickr.com/photos/63876656@N00/454575494
f_2822073005,pseudoplacebo,Bookshelf,CC BY-SA 2.0,https://creativecommons.org/licenses/by-sa/2.0/,https://www.flickr.com/photos/33159739@N00/2822073005
f_3168355174,cj.sveningsson,IMG_6775 - Our bookshelf,CC BY-NC 2.0,https://creativecommons.org/licenses/by-nc/2.0/,https://www.flickr.com/photos/13646896@N02/3168355174
f_712773,shop boy,bookshelf,CC BY-NC 2.0,https://creativecommons.org/licenses/by-nc/2.0/,https://www.flickr.com/photos/33024152@N00/712773
f_5384227790,OU Platform,"A snapshot of my bookshelf, by Gemma Bessant",CC BY-NC 2.0,https://creativecommons.org/licenses/by-nc/2.0/,https://www.flickr.com/photos/58190160@N08/5384227790
f_488748172,jonathanpberger,Annotated Bookshelf,CC BY-NC-SA 2.0,https://creativecommons.org/licenses/by-nc-sa/2.0/,https://www.flickr.com/photos/44124367955@N01/488748172
f_2382181451,david.orban,Bookshelf,CC BY 2.0,https://creativecommons.org/licenses/by/2.0/,https://www.flickr.com/photos/44124368329@N01/2382181451
f_6829994084,twechy,Library Bookshelf,CC BY 2.0,https://creativecommons.org/licenses/by/2.0/,https://www.flickr.com/photos/77877011@N07/6829994084
f_6830923298,twechy,Library Bookshelf,CC BY 2.0,https://creativecommons.org/licenses/by/2.0/,https://www.flickr.com/photos/77877011@N07/6830923298
f_24041157,heipei,Bookshelf / Office,CC BY-SA 2.0,https://creativecommons.org/licenses/by-sa/2.0/,https://www.flickr.com/photos/97859317@N00/24041157
f_7015081,neco,Bookshelf (2004),CC BY 2.0,https://creativecommons.org/licenses/by/2.0/,https://www.flickr.com/photos/60568024@N00/7015081
f_2822906322,pseudoplacebo,Top Bookshelf,CC BY-SA 2.0,https://creativecommons.org/licenses/by-sa/2.0/,https://www.flickr.com/photos/33159739@N00/2822906322
f_88210527,talltim,Bookshelf panorama,CC BY-SA 2.0,https://creativecommons.org/licenses/by-sa/2.0/,https://www.flickr.com/photos/13131360@N00/88210527
f_1238692907,nappa,My Bookshelf at June 2007,CC BY 2.0,https://creativecommons.org/licenses/by/2.0/,https://www.flickr.com/photos/98762858@N00/1238692907
f_2891286537,Technofreak,filled bookshelf,CC BY-SA 2.0,https://creativecommons.org/licenses/by-sa/2.0/,https://www.flickr.com/photos/83382282@N00/2891286537
f_4434575096,josephdelpesco,Berlin Bookshelf,CC BY-NC 2.0,https://creativecommons.org/licenses/by-nc/2.0/,https://www.flickr.com/photos/33521910@N03/4434575096
f_124232926,eclecticlibrarian,bookshelf,CC BY-NC-SA 2.0,https://creativecommons.org/licenses/by-nc-sa/2.0/,https://www.flickr.com/photos/51035792846@N01/124232926
f_3223218731,dojomojomofo,Motorcycle show,CC BY-NC 2.0,https://creativecommons.org/licenses/by-nc/2.0/,https://www.flickr.com/photos/29581305@N05/3223218731
f_171347986,Handforged,Radial Motorcycle 1,CC BY-NC-SA 2.0,https://creativecommons.org/licenses/by-nc-sa/2.0/,https://www.flickr.com/photos/67211265@N00/171347986
f_17365279496,Richtpt (Rich Uchytil),Motorcycle,CC BY-NC-SA 2.0,https://creativecommons.org/licenses/by-nc-sa/2.0/,https://www.flickr.com/photos/38017341@N00/17365279496
f_3545965361,ronsaunders47,THE SUZUKI RE5. ROTARY ENGINE MOTORCYCLE.,CC BY-SA 2.0,https://creativecommons.org/licenses/by-sa/2.0/,https://www.flickr.com/photos/46781500@N00/3545965361
f_4072009325,ronsaunders47,THE 'DOT' MOTORCYCLE. CLASSIC TWO-STROKE SINGLE.,CC BY-SA 2.0,https://creativecommons.org/licenses/by-sa/2.0/,https://www.flickr.com/photos/46781500@N00/4072009325
f_237893718,akeg,ERic Motorcycle accident,CC BY-SA 2.0,https://creativecommons.org/licenses/by-sa/2.0/,https://www.flickr.com/photos/88583398@N00/237893718
f_3224080458,dojomojomofo,Motorcycle show,CC BY-NC 2.0,https://creativecommons.org/licenses/by-nc/2.0/,https://www.flickr.com/photos/29581305@N05/3224080458
f_640089743,steakpinball,Motorcycles,CC BY 2.0,https://creativecommons.org/licenses/by/2.0/,https://www.flickr.com/photos/60588258@N00/640089743
f_9679160804,Klose.C,Motorcycle,CC BY-NC-SA 2.0,https://creativecommons.org/licenses/by-nc-sa/2.0/,https://www.flickr.com/photos/58635912@N08/9679160804
f_4455976588,katieharbath,Motorcycle,CC BY-NC-SA 2.0,https://creativecommons.org/licenses/by-nc-sa/2.0/,https://www.flickr.com/photos/9096412@N03/4455976588
f_4985691583,Buonaventura's & Carla's,Motorcycle,CC BY-NC-SA 2.0,https://creativecommons.org/licenses/by-nc-sa/2.0/,https://www.flickr.com/photos/44102087@N07/4985691583
f_432332907,hyku,Triumph Motorcycle,CC BY 2.0,https://creativecommons.org/licenses/by/2.0/,https://www.flickr.com/photos/12734746@N00/432332907
f_5228732594,ronsaunders47,THE SUNBEAM MOTORCYCLE. UK 1920s,CC BY-SA 2.0,https://creativecommons.org/licenses/by-sa/2.0/,https://www.flickr.com/photos/46781500@N00/5228732594
f_171347987,Handforged,Radial Motorcycle 2,CC BY-NC-SA 2.0,https://creativecommons.org/licenses/by-nc-sa/2.0/,https://www.flickr.com/photos/67211265@N00/171347987
f_14092724776,Sky Noir,Motorcycle Police,CC BY-NC 2.0,https://creativecommons.org/licenses/by-nc/2.0/,https://www.flickr.com/photos/49788302@N00/14092724776
f_2410058274,driver1998,Motorcycle driver,CC BY-SA 2.0,https://creativecommons.org/licenses/by-sa/2.0/,https://www.flickr.com/photos/25593194@N04/2410058274
f_13994421164,Matthew Paul Argall,Ducati motorcycle,CC BY 2.0,https://creativecommons.org/licenses/by/2.0/,https://www.flickr.com/photos/79157069@N03/13994421164
f_1925057630,inky,Classic BMW motorcycle,CC BY-NC 2.0,https://creativecommons.org/licenses/by-nc/2.0/,https://www.flickr.com/photos/48600084288@N01/1925057630
f_2253638192,Valerie Everett,Motorcycle,CC BY-SA 2.0,https://creativecommons.org/licenses/by-sa/2.0/,https://www.flickr.com/photos/66742614@N00/2253638192
f_3666241605,nsdis,Motorcycle,CC BY-NC 2.0,https://creativecommons.org/licenses/by-nc/2.0/,https://www.flickr.com/photos/20705353@N00/3666241605
f_4319340030,davelocity,shanghai street food,CC BY-NC-SA 2.0,https://creativecommons.org/licenses/by-nc-sa/2.0/,https://www.flickr.com/photos/42132413@N03/4319340030
f_16050664237,Yiannis Chatzitheodorou,Athens Street Food,CC BY-NC 2.0,https://creativecommons.org/licenses/by-nc/2.0/,https://www.flickr.com/photos/95827733@N07/16050664237
f_7151832899,Public Places,Street Food,CC BY 2.0,https://creativecommons.org/licenses/by/2.0/,https://www.flickr.com/photos/78019868@N05/7151832899
f_16375851848,David Guyler,Street Food,CC BY 2.0,https://creativecommons.org/licenses/by/2.0/,https://www.flickr.com/photos/52099334@N08/16375851848
f_4568575172,davelocity,street food,CC BY-NC-SA 2.0,https://creativecommons.org/licenses/by-nc-sa/2.0/,https://www.flickr.com/photos/42132413@N03/4568575172
f_16734314021,David Guyler,Street Food 3,CC BY 2.0,https://creativecommons.org/licenses/by/2.0/,https://www.flickr.com/photos/52099334@N08/16734314021
f_15644380381,dave.see,China Travel Street Food Stall,CC BY 2.0,https://creativecommons.org/licenses/by/2.0/,https://www.flickr.com/photos/9639178@N08/15644380381
f_4642420540,bee!,Street food collection,CC BY 2.0,https://creativecommons.org/licenses/by/2.0/,https://www.flickr.com/photos/50089279@N00/4642420540
f_15016712723,dave.see,China Street Food,CC BY 2.0,https://creativecommons.org/licenses/by/2.0/,https://www.flickr.com/photos/9639178@N08/15016712723
f_27509725535,SimplSam,Oriental street food -- Brick Lane Market,CC BY-NC-SA 2.0,https://creativecommons.org/licenses/by-nc-sa/2.0/,https://www.flickr.com/photos/134000856@N06/27509725535
f_10365328773,Giuseppe Milo (www.pixael.com),Street food,CC BY 2.0,https://creativecommons.org/licenses/by/2.0/,https://www.flickr.com/photos/87690240@N03/10365328773
f_12598640875,OneEighteen,Street Food and Blue Wall,CC BY-NC 2.0,https://creativecommons.org/licenses/by-nc/2.0/,https://www.flickr.com/photos/72511036@N00/12598640875
f_33007322120,PiktourUK,Street Food Seller Impression,CC BY 2.0,https://creativecommons.org/licenses/by/2.0/,https://www.flickr.com/photos/69706441@N03/33007322120
f_16974972212,Yiannis Chatzitheodorou,Palermo street food #3,CC BY-NC 2.0,https://creativecommons.org/licenses/by-nc/2.0/,https://www.flickr.com/photos/95827733@N07/16974972212
f_3187324296,mckaysavage,Vietnam '08 - 159 - street food,CC BY 2.0,https://creativecommons.org/licenses/by/2.0/,https://www.flickr.com/photos/56796376@N00/3187324296
f_15341961001,Ludhi85,Thai street food,CC BY-NC 2.0,https://creativecommons.org/licenses/by-nc/2.0/,https://www.flickr.com/photos/59248770@N04/15341961001
f_7053834749,David McKelvey,"Street food stall outside National Stadium, Bangkok",CC BY 2.0,https://creativecommons.org/licenses/by/2.0/,https://www.flickr.com/photos/94735786@N00/7053834749
f_3975108142,uitdragerij,Street food,CC BY 2.0,https://creativecommons.org/licenses/by/2.0/,https://www.flickr.com/photos/27485522@N04/3975108142
f_30640278528,Mario A. P.,street food,CC BY-SA 2.0,https://creativecommons.org/licenses/by-sa/2.0/,https://www.flickr.com/photos/99058495@N00/30640278528
f_36891401314,thriddle,Street food,CC BY-NC-SA 2.0,https://creativecommons.org/licenses/by-nc-sa/2.0/,https://www.flickr.com/photos/22085600@N02/36891401314
f_8204021537,Steve Snodgrass,Delicious Home Cooked Meals,CC BY 2.0,https://creativecommons.org/licenses/by/2.0/,https://www.flickr.com/photos/10710442@N08/8204021537
f_1754234303,AussieGold,Home cooked pizza!,CC BY-NC 2.0,https://creativecommons.org/licenses/by-nc/2.0/,https://www.flickr.com/photos/7350082@N02/1754234303
f_4864999887,avlxyz,Eggplant Gratin with Tofu and Miso Sauce - close-up - Harumi's Japanese Home Cooking,CC BY-SA 2.0,https://creativecommons.org/licenses/by-sa/2.0/,https://www.flickr.com/photos/10559879@N00/4864999887
f_4864984665,avlxyz,Eggplant Gratin with Tofu and Miso Sauce - Harumi's Japanese Home Cooking,CC BY-SA 2.0,https://creativecommons.org/licenses/by-sa/2.0/,https://www.flickr.com/photos/10559879@N00/4864984665
f_80090145,Sam Felder,Blended spices for our first Indian Home Cooking adventure,CC BY-SA 2.0,https://creativecommons.org/licenses/by-sa/2.0/,https://www.flickr.com/photos/43671133974@N01/80090145
f_4865603170,avlxyz,Eggplant Gratin with Tofu and Miso Sauce - on rice - Harumi's Japanese Home Cooking,CC BY-SA 2.0,https://creativecommons.org/licenses/by-sa/2.0/,https://www.flickr.com/photos/10559879@N00/4865603170
f_7069131537,David McKelvey,"Home cooked meal, Hanoi",CC BY 2.0,https://creativecommons.org/licenses/by/2.0/,https://www.flickr.com/photos/94735786@N00/7069131537
f_4096093975,Romtomtom,Semiramis ~home cooking~,CC BY 2.0,https://creativecommons.org/licenses/by/2.0/,https://www.flickr.com/photos/84901326@N00/4096093975
f_365791407,nickgraywfu,Home Cooking from my mom,CC BY-SA 2.0,https://creativecommons.org/licenses/by-sa/2.0/,https://www.flickr.com/photos/35034365374@N01/365791407
f_28490714610,GlennPope,Nothing like Mom's Home Cooking,CC BY-NC-SA 2.0,https://creativecommons.org/licenses/by-nc-sa/2.0/,https://www.flickr.com/photos/89629638@N06/28490714610
f_5282097770,dbgg1979,Home cooked Kaldereta,CC BY 2.0,https://creativecommons.org/licenses/by/2.0/,https://www.flickr.com/photos/11538141@N08/5282097770
f_4864984455,avlxyz,Eggplant Gratin with Tofu and Miso Sauce - recipe - Harumi's Japanese Home Cooking,CC BY-SA 2.0,https://creativecommons.org/licenses/by-sa/2.0/,https://www.flickr.com/photos/10559879@N00/4864984455
f_5282102206,dbgg1979,Home cooked Kaldereta,CC BY 2.0,https://creativecommons.org/licenses/by/2.0/,https://www.flickr.com/photos/11538141@N08/5282102206
f_4439658711,Wonderlane,"Garden Kitchen Restaurant, HOME COOKING, log sign, hand, plant, Boudha, Kathmandu, Nepal",CC BY 2.0,https://creativecommons.org/licenses/by/2.0/,https://www.flickr.com/photos/71401718@N00/4439658711
f_4865602948,avlxyz,Eggplant Gratin with Tofu and Miso Sauce - photo - Harumi's Japanese Home Cooking,CC BY-SA 2.0,https://creativecommons.org/licenses/by-sa/2.0/,https://www.flickr.com/photos/10559879@N00/4865602948
f_245747976,MetaGrrrl,Sunday lunch with new dishes: Japanese home cooking,CC BY-NC 2.0,https://creativecommons.org/licenses/by-nc/2.0/,https://www.flickr.com/photos/35468156668@N01/245747976
f_2421048904,Kamoteus (A New Beginning),Lutong Bahay... Home Cooking!,CC BY 2.0,https://creativecommons.org/licenses/by/2.0/,https://www.flickr.com/photos/21295125@N05/2421048904
f_193133253,sebastien.barre,"Albany, NY - Center Square - Sam's Home Cooking",CC BY-NC-SA 2.0,https://creativecommons.org/licenses/by-nc-sa/2.0/,https://www.flickr.com/photos/99706198@N00/193133253
f_6028479805,ME RISSA,Home cooking Turkish food,CC BY-NC-SA 2.0,https://creativecommons.org/licenses/by-nc-sa/2.0/,https://www.flickr.com/photos/46531928@N06/6028479805
f_6897642687,kbcool,home cooked bacalhau dish by Kimble,CC BY-SA 2.0,https://creativecommons.org/licenses/by-sa/2.0/,https://www.flickr.com/photos/89681088@N00/6897642687
f_4999237266,fdezmariajose,Beach day,CC BY-NC-SA 2.0,https://creativecommons.org/licenses/by-nc-sa/2.0/,https://www.flickr.com/photos/26328723@N07/4999237266
f_3459100429,Ed Yourdon,"Sand Dollar Beach, day 3 - 24",CC BY-NC-SA 2.0,https://creativecommons.org/licenses/by-nc-sa/2.0/,https://www.flickr.com/photos/72098626@N00/3459100429
f_4380029612,Lizard10979,Beach Day,CC BY 2.0,https://creativecommons.org/licenses/by/2.0/,https://www.flickr.com/photos/13669141@N04/4380029612
f_3452479433,Ed Yourdon,Sand Dollar Beach - Day 1 - 33,CC BY-NC-SA 2.0,https://creativecommons.org/licenses/by-nc-sa/2.0/,https://www.flickr.com/photos/72098626@N00/3452479433
f_2618532915,xlordashx,Show some leg beach day,CC BY 2.0,https://creativecommons.org/licenses/by/2.0/,https://www.flickr.com/photos/42199279@N00/2618532915
f_3894351054,Watchcaddy,Beach day,CC BY-NC 2.0,https://creativecommons.org/licenses/by-nc/2.0/,https://www.flickr.com/photos/24079740@N05/3894351054
f_2524689437,黒忍者,Beach Day,CC BY-NC 2.0,https://creativecommons.org/licenses/by-nc/2.0/,https://www.flickr.com/photos/12284993@N00/2524689437
f_4523164621,Dave_B_,beach day,CC BY 2.0,https://creativecommons.org/licenses/by/2.0/,https://www.flickr.com/photos/54829270@N00/4523164621
f_7206291836,Joshua Daniel O.,Beach day,CC BY-NC-SA 2.0,https://creativecommons.org/licenses/by-nc-sa/2.0/,https://www.flickr.com/photos/74642755@N00/7206291836
f_52059266024,Thorbard,Beach Days 1188 [explored],CC BY-NC-SA 2.0,https://creativecommons.org/licenses/by-nc-sa/2.0/,https://www.flickr.com/photos/72281766@N00/52059266024
f_27148710587,Stanley Zimny (Thank You for 53 Million views),Perfect Beach Day,CC BY-NC 2.0,https://creativecommons.org/licenses/by-nc/2.0/,https://www.flickr.com/photos/82256086@N00/27148710587
f_5649449794,Phillip Pessar,Sunny Beach Day,CC BY 2.0,https://creativecommons.org/licenses/by/2.0/,https://www.flickr.com/photos/25955895@N03/5649449794
f_52215044616,alobos life,Beach day,CC BY-NC 2.0,https://creativecommons.org/licenses/by-nc/2.0/,https://www.flickr.com/photos/80487073@N00/52215044616
f_32613209843,MiriaGrunick,A perfect beach day,CC BY-NC-SA 2.0,https://creativecommons.org/licenses/by-nc-sa/2.0/,https://www.flickr.com/photos/73386525@N06/32613209843
f_3453292910,Ed Yourdon,Sand Dollar Beach - Day 1 - 32,CC BY-NC-SA 2.0,https://creativecommons.org/licenses/by-nc-sa/2.0/,https://www.flickr.com/photos/72098626@N00/3453292910
f_39245144105,Broverlanding_Tacoma,beach day,CC BY-NC 2.0,https://creativecommons.org/licenses/by-nc/2.0/,https://www.flickr.com/photos/84271012@N00/39245144105
f_26270546258,Broverlanding_Tacoma,beach day,CC BY-NC 2.0,https://creativecommons.org/licenses/by-nc/2.0/,https://www.flickr.com/photos/84271012@N00/26270546258
f_39245136435,Broverlanding_Tacoma,beach day,CC BY-NC 2.0,https://creativecommons.org/licenses/by-nc/2.0/,https://www.flickr.com/photos/84271012@N00/39245136435
f_39245138025,Broverlanding_Tacoma,beach day,CC BY-NC 2.0,https://creativecommons.org/licenses/by-nc/2.0/,https://www.flickr.com/photos/84271012@N00/39245138025
f_39245149445,Broverlanding_Tacoma,beach day,CC BY-NC 2.0,https://creativecommons.org/licenses/by-nc/2.0/,https://www.flickr.com/photos/84271012@N00/39245149445
f_294493582,molly_miller_denver,birthday,CC BY-SA 2.0,https://creativecommons.org/licenses/by-sa/2.0/,https://www.flickr.com/photos/65503370@N00/294493582
f_6292939881,Simply Viola ( Busy +off-on ),Happy Birthday Andrea !!!!,CC BY-NC-SA 2.0,https://creativecommons.org/licenses/by-nc-sa/2.0/,https://www.flickr.com/photos/30054343@N07/6292939881
f_462059336,In Memoriam: Mr. Ducke,Birthday 1,CC BY-NC 2.0,https://creativecommons.org/licenses/by-nc/2.0/,https://www.flickr.com/photos/80992738@N00/462059336
f_21572526,xid0r,Scarlett Birthday 2004,CC BY-NC 2.0,https://creativecommons.org/licenses/by-nc/2.0/,https://www.flickr.com/photos/66659409@N00/21572526
f_3239680188,Akira Ikari,Flowers for my wife's birthday!,CC BY-NC-SA 2.0,https://creativecommons.org/licenses/by-nc-sa/2.0/,https://www.flickr.com/photos/23983323@N02/3239680188
f_1558726110,Bods,Birthday Cake,CC BY-SA 2.0,https://creativecommons.org/licenses/by-sa/2.0/,https://www.flickr.com/photos/54741099@N00/1558726110
f_3128207481,synx508,Birthday candles,CC BY-NC 2.0,https://creativecommons.org/licenses/by-nc/2.0/,https://www.flickr.com/photos/65615735@N00/3128207481
f_14735371297,Nick Kenrick..,ITS MY BIRTHDAY,CC BY 2.0,https://creativecommons.org/licenses/by/2.0/,https://www.flickr.com/photos/33363480@N05/14735371297
f_2655639659,jessica.diamond,Birthday Cake - Candles,CC BY-SA 2.0,https://creativecommons.org/licenses/by-sa/2.0/,https://www.flickr.com/photos/22272408@N07/2655639659
f_2649304833,john curley,birthday girl,CC BY-NC-SA 2.0,https://creativecommons.org/licenses/by-nc-sa/2.0/,https://www.flickr.com/photos/33118749@N00/2649304833
f_2401129423,No Longer Active !!,Happy birthday zeno,CC BY-NC-SA 2.0,https://creativecommons.org/licenses/by-nc-sa/2.0/,https://www.flickr.com/photos/12171173@N00/2401129423
f_5081238160,join the dots,"Happy Birthday, Me",CC BY 2.0,https://creativecommons.org/licenses/by/2.0/,https://www.flickr.com/photos/48482096@N07/5081238160
f_7066412259,ShardsOfBlue,Julie's Pinterest Birthday Party,CC BY-SA 2.0,https://creativecommons.org/licenses/by-sa/2.0/,https://www.flickr.com/photos/9350569@N08/7066412259
f_6920332742,ShardsOfBlue,Julie's Pinterest Birthday Party,CC BY-SA 2.0,https://creativecommons.org/licenses/by-sa/2.0/,https://www.flickr.com/photos/9350569@N08/6920332742
f_6920332464,ShardsOfBlue,Julie's Pinterest Birthday Party,CC BY-SA 2.0,https://creativecommons.org/licenses/by-sa/2.0/,https://www.flickr.com/photos/9350569@N08/6920332464
f_6920331564,ShardsOfBlue,Julie's Pinterest Birthday Party,CC BY-SA 2.0,https://creativecommons.org/licenses/by-sa/2.0/,https://www.flickr.com/photos/9350569@N08/6920331564
f_7066411945,ShardsOfBlue,Julie's Pinterest Birthday Party,CC BY-SA 2.0,https://creativecommons.org/licenses/by-sa/2.0/,https://www.flickr.com/photos/9350569@N08/7066411945
f_6920331036,ShardsOfBlue,Julie's Pinterest Birthday Party,CC BY-SA 2.0,https://creativecommons.org/licenses/by-sa/2.0/,https://www.flickr.com/photos/9350569@N08/6920331036
f_2656467918,jessica.diamond,Birthday Cake - Sprinkles,CC BY-SA 2.0,https://creativecommons.org/licenses/by-sa/2.0/,https://www.flickr.com/photos/22272408@N07/2656467918
f_8646819634,gomagoti,Allic's 1st birthday party,CC BY-SA 2.0,https://creativecommons.org/licenses/by-sa/2.0/,https://www.flickr.com/photos/41394394@N02/8646819634
f_19484842833,Bautz Adventure,#hiking,CC BY 2.0,https://creativecommons.org/licenses/by/2.0/,https://www.flickr.com/photos/130811041@N04/19484842833
f_19094241120,Bautz Adventure,#hiking,CC BY 2.0,https://creativecommons.org/licenses/by/2.0/,https://www.flickr.com/photos/130811041@N04/19094241120
f_417503926,Al_HikesAZ,Camelback Mountain - popular hiking spot in Phoenix - Northside from unnamed Peak,CC BY-NC 2.0,https://creativecommons.org/licenses/by-nc/2.0/,https://www.flickr.com/photos/7202153@N03/417503926
f_6698152613,True New Zealand Adventures,"Hiking, Aoraki / Mt Cook",CC BY 2.0,https://creativecommons.org/licenses/by/2.0/,https://www.flickr.com/photos/74353233@N07/6698152613
f_14712131609,Kristoffer Trolle,"Hiking in Grindelwald, Switzerland",CC BY 2.0,https://creativecommons.org/licenses/by/2.0/,https://www.flickr.com/photos/126744325@N07/14712131609
f_8622725865,Grand Canyon NPS,Grand Canyon National Park: Late Afternoon Hike on South Kaibab Trail,CC BY 2.0,https://creativecommons.org/licenses/by/2.0/,https://www.flickr.com/photos/50693818@N08/8622725865
f_16591479139,Kristoffer Trolle,"Hiking, Majorca, Spain",CC BY 2.0,https://creativecommons.org/licenses/by/2.0/,https://www.flickr.com/photos/126744325@N07/16591479139
f_6919483581,Al_HikesAZ,Bear Mountain - Sedona - View to southeast at start of hike,CC BY-NC 2.0,https://creativecommons.org/licenses/by-nc/2.0/,https://www.flickr.com/photos/7202153@N03/6919483581
f_5182112148,brewbooks,Hiking through Supai,CC BY-SA 2.0,https://creativecommons.org/licenses/by-sa/2.0/,https://www.flickr.com/photos/93452909@N00/5182112148
f_2126365166,mlhradio,"Little Lakes Valley viewed from about 11,000 feet elevation, hiking along the Mono Pass Trail, Eastern Sierra Mountains, California (mono14xy)",CC BY-NC 2.0,https://creativecommons.org/licenses/by-nc/2.0/,https://www.flickr.com/photos/16268809@N04/2126365166
f_4197967141,NilssonHarHund,Midnight hike,CC BY-NC-SA 2.0,https://creativecommons.org/licenses/by-nc-sa/2.0/,https://www.flickr.com/photos/10240366@N08/4197967141
f_2496096910,gbaku,"Me, a friend of mine and her son (on my back) hiking from Bandafassi to Etywar in southeast Sénégal (West Africa)",CC BY-SA 2.0,https://creativecommons.org/licenses/by-sa/2.0/,https://www.flickr.com/photos/72105154@N00/2496096910
f_12094382413,Grand Canyon NPS,Grand Canyon National Park: Ranger Guided Hike To Cedar Ridge - 0106,CC BY 2.0,https://creativecommons.org/licenses/by/2.0/,https://www.flickr.com/photos/50693818@N08/12094382413
f_8735034941,Grand Canyon NPS,Grand Canyon National Park: Ranger Guided Hike To Cedar Ridge - 0125,CC BY 2.0,https://creativecommons.org/licenses/by/2.0/,https://www.flickr.com/photos/50693818@N08/8735034941
f_479507364,Al_HikesAZ,Grand Canyon Hiking - Thunder River trail at the Esplanade - Erin in the classic Backpacker Magazine pose,CC BY-NC 2.0,https://creativecommons.org/licenses/by-nc/2.0/,https://www.flickr.com/photos/7202153@N03/479507364
f_48817916722,*_*,Glacier du Tour @ Hike to Refuge Albert 1er @ Domaine de Balme - Vallorcine @ Chamonix,CC BY 2.0,https://creativecommons.org/licenses/by/2.0/,https://www.flickr.com/photos/22539273@N00/48817916722
f_8506635837,Grand Canyon NPS,Grand Canyon National Park: Bright Angel Trail: Winter Hiking 2871,CC BY 2.0,https://creativecommons.org/licenses/by/2.0/,https://www.flickr.com/photos/50693818@N08/8506635837
f_2766826265,Trekking Rinjani,Cover bohari adventures Hiking and Trekking Mount Rinjani Lombok Island Indonesia,CC BY 2.0,https://creativecommons.org/licenses/by/2.0/,https://www.flickr.com/photos/30087136@N00/2766826265
f_27930127482,Lenny K Photography,Hitch Hiking,CC BY 2.0,https://creativecommons.org/licenses/by/2.0/,https://www.flickr.com/photos/57527070@N06/27930127482
f_9304296808,Beach650,Hike,CC BY-NC 2.0,https://creativecommons.org/licenses/by-nc/2.0/,https://www.flickr.com/photos/88364173@N00/9304296808
f_7172796570,In Memoriam: Mr. Ducke,Walking the City Streets,CC BY-NC 2.0,https://creativecommons.org/licenses/by-nc/2.0/,https://www.flickr.com/photos/80992738@N00/7172796570
f_11115347443,Zeeyolq Photography,New York City street,CC BY 2.0,https://creativecommons.org/licenses/by/2.0/,https://www.flickr.com/photos/73422502@N08/11115347443
f_16517310861,Gareth1953 All Right Now,Durham City Street - Sept 2014 - Hungry Leggy Blonde Candid,CC BY 2.0,https://creativecommons.org/licenses/by/2.0/,https://www.flickr.com/photos/40837632@N05/16517310861
f_2115979251,pchurch92,Steam from a New York City street,CC BY 2.0,https://creativecommons.org/licenses/by/2.0/,https://www.flickr.com/photos/58708751@N00/2115979251
f_5344503997,Imahinasyon Photography,Hiroshima City Street Photography,CC BY 2.0,https://creativecommons.org/licenses/by/2.0/,https://www.flickr.com/photos/53884652@N03/5344503997
f_8061937565,2 million+ views. Humbled and thanks!,City streets!,CC BY 2.0,https://creativecommons.org/licenses/by/2.0/,https://www.flickr.com/photos/61732052@N02/8061937565
f_8560855544,garryknight,Mounted Police on a City Street,CC BY 2.0,https://creativecommons.org/licenses/by/2.0/,https://www.flickr.com/photos/8176740@N05/8560855544
f_3497266840,saccodent,New York City Street at Thanksgiving,CC BY 2.0,https://creativecommons.org/licenses/by/2.0/,https://www.flickr.com/photos/64735334@N00/3497266840
f_7406483100,Shht!,New York City street,CC BY 2.0,https://creativecommons.org/licenses/by/2.0/,https://www.flickr.com/photos/82647996@N00/7406483100
f_14599807014,Steven Pisano,New York City Street Scenes,CC BY 2.0,https://creativecommons.org/licenses/by/2.0/,https://www.flickr.com/photos/45776673@N04/14599807014
f_14946082054,Gareth1953 All Right Now,Durham City Street - Sept 2014 - Knee Socks Candid,CC BY 2.0,https://creativecommons.org/licenses/by/2.0/,https://www.flickr.com/photos/40837632@N05/14946082054
f_14204488378,Ted's photos - For Me & You,2014 - Cartagena Columbia - Walled City Street,CC BY-NC-SA 2.0,https://creativecommons.org/licenses/by-nc-sa/2.0/,https://www.flickr.com/photos/90955804@N04/14204488378
f_6110499571,Andos_pics,Quebec City Street,CC BY-NC-SA 2.0,https://creativecommons.org/licenses/by-nc-sa/2.0/,https://www.flickr.com/photos/19761391@N06/6110499571
f_2442191872,Vivo (Ben),City streets of a ghost town,CC BY-NC-SA 2.0,https://creativecommons.org/licenses/by-nc-sa/2.0/,https://www.flickr.com/photos/18395463@N00/2442191872
f_17856576765,Marcela McGreal,Happiness In a Bun - A New York City Street Scene,CC BY 2.0,https://creativecommons.org/licenses/by/2.0/,https://www.flickr.com/photos/122896845@N07/17856576765
f_4003263235,Trey Ratcliff,My Twitter and The City Streets of Tokyo,CC BY-NC-SA 2.0,https://creativecommons.org/licenses/by-nc-sa/2.0/,https://www.flickr.com/photos/95572727@N00/4003263235
f_47239663821,henk.sijgers (on when I can),Night and Rain Danced over the City Streets,CC BY-NC 2.0,https://creativecommons.org/licenses/by-nc/2.0/,https://www.flickr.com/photos/116199148@N08/47239663821
f_14415197919,Steven Pisano,New York City Street Scenes,CC BY 2.0,https://creativecommons.org/licenses/by/2.0/,https://www.flickr.com/photos/45776673@N04/14415197919
f_19182385835,Boston City Archives,Illustration of Boston City Street Cars,CC BY-SA 2.0,https://creativecommons.org/licenses/by-sa/2.0/,https://www.flickr.com/photos/48039697@N05/19182385835
f_8092474964,dcmaster,Hot pants and high heels Shenzhen City Street China,CC BY-NC-SA 2.0,https://creativecommons.org/licenses/by-nc-sa/2.0/,https://www.flickr.com/photos/76224602@N00/8092474964
f_3870084151,Anirudh Koul,Pet Shop Boys Concert - Robots singing 'Heart',CC BY-NC 2.0,https://creativecommons.org/licenses/by-nc/2.0/,https://www.flickr.com/photos/84856173@N00/3870084151
f_6868556299,Darwin Bell,Olan Mills Pet Photography,CC BY-NC 2.0,https://creativecommons.org/licenses/by-nc/2.0/,https://www.flickr.com/photos/53611153@N00/6868556299
f_226625536,Pak Gwei,Pets,CC BY-NC-SA 2.0,https://creativecommons.org/licenses/by-nc-sa/2.0/,https://www.flickr.com/photos/44124410076@N01/226625536
f_3012045458,FUXICOS DA GLÁUCIA,Árvore de Natal PET,CC BY-NC-SA 2.0,https://creativecommons.org/licenses/by-nc-sa/2.0/,https://www.flickr.com/photos/29228963@N03/3012045458
f_13154278535,sonstroem,Pet Dog Australian Kelpie Mix,CC BY 2.0,https://creativecommons.org/licenses/by/2.0/,https://www.flickr.com/photos/96964826@N05/13154278535
f_3432985154,Beverly & Pack,"Vintage Portrait Photo Picture of two little girls with 2 toy pet dogs, playing outside",CC BY 2.0,https://creativecommons.org/licenses/by/2.0/,https://www.flickr.com/photos/10101046@N06/3432985154
f_19318143758,Irene Nyman,Little Pet,CC BY-NC-SA 2.0,https://creativecommons.org/licenses/by-nc-sa/2.0/,https://www.flickr.com/photos/107544285@N05/19318143758
f_3972998620,Beverly & Pack,"Graphic Dead family pet dogs & puppies killed by the city of Denver, CO because of Breed Specific Legislation (BSL) discrimination",CC BY 2.0,https://creativecommons.org/licenses/by/2.0/,https://www.flickr.com/photos/10101046@N06/3972998620
f_12474895954,Pets4Dawn,Cognac at Pet Photography Workshop,CC BY 2.0,https://creativecommons.org/licenses/by/2.0/,https://www.flickr.com/photos/38621030@N07/12474895954
f_8960990072,jaci XIII,The woman and her pet,CC BY-NC-SA 2.0,https://creativecommons.org/licenses/by-nc-sa/2.0/,https://www.flickr.com/photos/34700343@N08/8960990072
f_17616077824,ustung,Peru - Peruvian woman and her baby lambs as pets.,CC BY 2.0,https://creativecommons.org/licenses/by/2.0/,https://www.flickr.com/photos/126397594@N03/17616077824
f_16540146562,sonstroem,Pet Dog,CC BY 2.0,https://creativecommons.org/licenses/by/2.0/,https://www.flickr.com/photos/96964826@N05/16540146562
f_13801934303,grantdaws,Pets,CC BY 2.0,https://creativecommons.org/licenses/by/2.0/,https://www.flickr.com/photos/117767094@N04/13801934303
f_3260276107,FUXICOS DA GLÁUCIA,Puxa saco PET,CC BY-NC-SA 2.0,https://creativecommons.org/licenses/by-nc-sa/2.0/,https://www.flickr.com/photos/29228963@N03/3260276107
f_34962212704,NuCastiel,Keeping ants as pets! #Camponotus #Ants #CarpenterAnt,CC BY 2.0,https://creativecommons.org/licenses/by/2.0/,https://www.flickr.com/photos/156097806@N07/34962212704
f_477231242,Sadie Elise,Pet Chicken,CC BY 2.0,https://creativecommons.org/licenses/by/2.0/,https://www.flickr.com/photos/27109330@N00/477231242
f_3870866834,Anirudh Koul,Pet Shop Boys Concert Stage Lighting,CC BY-NC 2.0,https://creativecommons.org/licenses/by-nc/2.0/,https://www.flickr.com/photos/84856173@N00/3870866834
f_4545027,krazydad / jbum,Naked Chia Pet #3,CC BY-NC-SA 2.0,https://creativecommons.org/licenses/by-nc-sa/2.0/,https://www.flickr.com/photos/94832693@N00/4545027
f_112323432,Dunechaser,Pet Shop Boys,CC BY-NC-SA 2.0,https://creativecommons.org/licenses/by-nc-sa/2.0/,https://www.flickr.com/photos/12426416@N00/112323432
f_31562846,Thomas Hawk,Pet Rooster,CC BY-NC 2.0,https://creativecommons.org/licenses/by-nc/2.0/,https://www.flickr.com/photos/51035555243@N01/31562846
f_8674089196,lemonhalf,container garden,CC BY-SA 2.0,https://creativecommons.org/licenses/by-sa/2.0/,https://www.flickr.com/photos/7570076@N04/8674089196
f_5626691838,gibsonsgolfer,Garden,CC BY-NC 2.0,https://creativecommons.org/licenses/by-nc/2.0/,https://www.flickr.com/photos/25728552@N00/5626691838
f_7172763722,Shelley & Dave,Back garden,CC BY-NC 2.0,https://creativecommons.org/licenses/by-nc/2.0/,https://www.flickr.com/photos/93322500@N00/7172763722
f_6059529891,lakelou,garden,CC BY 2.0,https://creativecommons.org/licenses/by/2.0/,https://www.flickr.com/photos/56719340@N00/6059529891
f_5772754682,John The Geologist,Garden,CC BY-NC-SA 2.0,https://creativecommons.org/licenses/by-nc-sa/2.0/,https://www.flickr.com/photos/30438003@N00/5772754682
f_14040532298,drewfish,garden,CC BY 2.0,https://creativecommons.org/licenses/by/2.0/,https://www.flickr.com/photos/46155720@N00/14040532298
f_8989989079,njj4,Rose garden,CC BY-NC-SA 2.0,https://creativecommons.org/licenses/by-nc-sa/2.0/,https://www.flickr.com/photos/13242172@N04/8989989079
f_6060083264,lakelou,garden,CC BY 2.0,https://creativecommons.org/licenses/by/2.0/,https://www.flickr.com/photos/56719340@N00/6060083264
f_4602391069,Derek Bridges,Garden,CC BY 2.0,https://creativecommons.org/licenses/by/2.0/,https://www.flickr.com/photos/84949728@N00/4602391069
f_7406938680,Kollage Kid,Garden,CC BY-NC-SA 2.0,https://creativecommons.org/licenses/by-nc-sa/2.0/,https://www.flickr.com/photos/21133841@N03/7406938680
f_459807381,tricky (rick harrison),Garden/Allotment,CC BY-NC-SA 2.0,https://creativecommons.org/licenses/by-nc-sa/2.0/,https://www.flickr.com/photos/81851211@N00/459807381
f_5772507060,John The Geologist,Garden,CC BY-NC-SA 2.0,https://creativecommons.org/licenses/by-nc-sa/2.0/,https://www.flickr.com/photos/30438003@N00/5772507060
f_52079988872,0soulis0,Soulis: Little Cottage in the Garden,CC BY-NC-SA 2.0,https://creativecommons.org/licenses/by-nc-sa/2.0/,https://www.flickr.com/photos/73916056@N04/52079988872
f_226672961,J Wynia,Basic Hydroponic Garden,CC BY 2.0,https://creativecommons.org/licenses/by/2.0/,https://www.flickr.com/photos/73451168@N00/226672961
f_6104163869,mcscrooge54,LunarLanding - Gardens of Time,CC BY-SA 2.0,https://creativecommons.org/licenses/by-sa/2.0/,https://www.flickr.com/photos/63580159@N06/6104163869
f_2998101983,@Doug88888,The Secret Garden,CC BY-NC-SA 2.0,https://creativecommons.org/licenses/by-nc-sa/2.0/,https://www.flickr.com/photos/29468339@N02/2998101983
f_14468570546,nosillacast,Garden,CC BY-NC-SA 2.0,https://creativecommons.org/licenses/by-nc-sa/2.0/,https://www.flickr.com/photos/54908333@N00/14468570546
f_7261613980,UGArdener,Chanticleer - An American 'Pleasure Garden' near Philadelphia,CC BY-NC 2.0,https://creativecommons.org/licenses/by-nc/2.0/,https://www.flickr.com/photos/22834654@N04/7261613980
f_130338986,Earthworm,Pot Garden,CC BY-NC-SA 2.0,https://creativecommons.org/licenses/by-nc-sa/2.0/,https://www.flickr.com/photos/20734950@N00/130338986
f_3609505059,The hills are alive*,the vegetable garden,CC BY 2.0,https://creativecommons.org/licenses/by/2.0/,https://www.flickr.com/photos/20466740@N00/3609505059
f_7171449082,jhiner,New Kitchen,CC BY-NC 2.0,https://creativecommons.org/licenses/by-nc/2.0/,https://www.flickr.com/photos/51035620553@N01/7171449082
f_1471009968,minivanmegafun,Kitchen,CC BY-NC-SA 2.0,https://creativecommons.org/licenses/by-nc-sa/2.0/,https://www.flickr.com/photos/8658638@N04/1471009968
f_2128928088,cmurtaugh,kitchen,CC BY-NC-SA 2.0,https://creativecommons.org/licenses/by-nc-sa/2.0/,https://www.flickr.com/photos/37887067642@N01/2128928088
f_5840567703,vastateparksstaff,TL - Cabin4 Kitchen,CC BY 2.0,https://creativecommons.org/licenses/by/2.0/,https://www.flickr.com/photos/37922399@N05/5840567703
f_2800386392,phil_g,Kitchen!,CC BY-SA 2.0,https://creativecommons.org/licenses/by-sa/2.0/,https://www.flickr.com/photos/68975104@N00/2800386392
f_3388086143,Atlanta Scott,Kitchen,CC BY-SA 2.0,https://creativecommons.org/licenses/by-sa/2.0/,https://www.flickr.com/photos/21677156@N07/3388086143
f_2426694855,avlxyz,Kitchen - Wagamama Flinders Lane,CC BY-SA 2.0,https://creativecommons.org/licenses/by-sa/2.0/,https://www.flickr.com/photos/10559879@N00/2426694855
f_52422851581,Seattle Municipal Archives,"Woman in kitchen, 1956",CC BY 2.0,https://creativecommons.org/licenses/by/2.0/,https://www.flickr.com/photos/24256351@N04/52422851581
f_3565315639,litlnemo,'Country Charm' stove in our kitchen,CC BY-NC-SA 2.0,https://creativecommons.org/licenses/by-nc-sa/2.0/,https://www.flickr.com/photos/31794493@N00/3565315639
f_3921301534,litlnemo,Built-in ironing board in kitchen,CC BY-NC-SA 2.0,https://creativecommons.org/licenses/by-nc-sa/2.0/,https://www.flickr.com/photos/31794493@N00/3921301534
f_4371919102,therichardlife,Foster Kitchen Design-Floor Plan,CC BY-SA 2.0,https://creativecommons.org/licenses/by-sa/2.0/,https://www.flickr.com/photos/22967797@N06/4371919102
f_1492109652,Gardening Solutions,Kitchen garden at Bolen residence,CC BY-NC 2.0,https://creativecommons.org/licenses/by-nc/2.0/,https://www.flickr.com/photos/9093880@N03/1492109652
f_819434669,Dominic's pics,Kitchen Window,CC BY 2.0,https://creativecommons.org/licenses/by/2.0/,https://www.flickr.com/photos/64097751@N00/819434669
f_1491254795,Gardening Solutions,Kitchen garden at Bolen residence,CC BY-NC 2.0,https://creativecommons.org/licenses/by-nc/2.0/,https://www.flickr.com/photos/9093880@N03/1491254795
f_2290246424,brianrlawson,20080224-Kitchen-01,CC BY-SA 2.0,https://creativecommons.org/licenses/by-sa/2.0/,https://www.flickr.com/photos/58436993@N00/2290246424
f_4954614605,slgckgc,Kitchen,CC BY 2.0,https://creativecommons.org/licenses/by/2.0/,https://www.flickr.com/photos/14771153@N04/4954614605
f_2325272066,Brian's gallery of shenanigans,Kitchen all painted,CC BY-NC-SA 2.0,https://creativecommons.org/licenses/by-nc-sa/2.0/,https://www.flickr.com/photos/82401018@N00/2325272066
f_5411085700,williamskitchenbath,Designed by Williams Kitchen & Bath,CC BY 2.0,https://creativecommons.org/licenses/by/2.0/,https://www.flickr.com/photos/56473047@N05/5411085700
f_1491255073,Gardening Solutions,Kitchen garden at Bolen residence,CC BY-NC 2.0,https://creativecommons.org/licenses/by-nc/2.0/,https://www.flickr.com/photos/9093880@N03/1491255073
f_2508770192,zloizloi,kitchen,CC BY-NC 2.0,https://creativecommons.org/licenses/by-nc/2.0/,https://www.flickr.com/photos/10987659@N00/2508770192
f_1380825019,G0SUB,Another Pic of My Office Desk,CC BY-SA 2.0,https://creativecommons.org/licenses/by-sa/2.0/,https://www.flickr.com/photos/70016893@N00/1380825019
f_3967042,krazydad / jbum,jbum's home office desk,CC BY-NC-SA 2.0,https://creativecommons.org/licenses/by-nc-sa/2.0/,https://www.flickr.com/photos/94832693@N00/3967042
f_5730523107,Sean MacEntee,office desk,CC BY 2.0,https://creativecommons.org/licenses/by/2.0/,https://www.flickr.com/photos/18090920@N07/5730523107
f_2631932644,blakespot,my LED-heavy office desk,CC BY 2.0,https://creativecommons.org/licenses/by/2.0/,https://www.flickr.com/photos/35448539@N00/2631932644
f_9037877173,slworking2,Setting up my home office #wfh #geek #office #desk #nerd #programmer #workspace #workingfromhome,CC BY-NC-SA 2.0,https://creativecommons.org/licenses/by-nc-sa/2.0/,https://www.flickr.com/photos/18548283@N00/9037877173
f_2634935191,Channy Yun,My office desk,CC BY 2.0,https://creativecommons.org/licenses/by/2.0/,https://www.flickr.com/photos/91793590@N00/2634935191
f_8661616798,slworking2,Taco. Lunch break. Geek at work. #work #geek #officelife #nerd #programmer #workflow #office #desk #cubicle #workflow,CC BY-NC-SA 2.0,https://creativecommons.org/licenses/by-nc-sa/2.0/,https://www.flickr.com/photos/18548283@N00/8661616798
f_2215657022,Mrs. Gemstone,Office Desk,CC BY-SA 2.0,https://creativecommons.org/licenses/by-sa/2.0/,https://www.flickr.com/photos/21893264@N00/2215657022
f_456569945,epc,epc's office & desk circa 1999,CC BY-SA 2.0,https://creativecommons.org/licenses/by-sa/2.0/,https://www.flickr.com/photos/53405303@N00/456569945
f_3370238964,hansbrastad,my tidy office desk,CC BY 2.0,https://creativecommons.org/licenses/by/2.0/,https://www.flickr.com/photos/31300715@N06/3370238964
f_48026872,swanksalot,Office desk 9-05,CC BY-NC-SA 2.0,https://creativecommons.org/licenses/by-nc-sa/2.0/,https://www.flickr.com/photos/44124372363@N01/48026872
f_4595942318,Travelin' Librarian,My office desk - May 2010,CC BY-NC 2.0,https://creativecommons.org/licenses/by-nc/2.0/,https://www.flickr.com/photos/45082883@N00/4595942318
f_2927563898,Dossy,"My office desk, today",CC BY-SA 2.0,https://creativecommons.org/licenses/by-sa/2.0/,https://www.flickr.com/photos/20243249@N00/2927563898
f_2459273720,Martin Cathrae,New Office Desk,CC BY-SA 2.0,https://creativecommons.org/licenses/by-sa/2.0/,https://www.flickr.com/photos/34067077@N00/2459273720
f_8095803230,slworking2,Halloween cubicle. Spider has captured his prey. #cubicle #Halloween #work #office #desk #desktoys #cubicle #geek #spiderweb #nerd #programmer #creative,CC BY-NC-SA 2.0,https://creativecommons.org/licenses/by-nc-sa/2.0/,https://www.flickr.com/photos/18548283@N00/8095803230
f_8095799141,slworking2,Halloween cubicle. Spider has captured his prey. #cubicle #Halloween #work #office #desk #desktoys #cubicle #geek #spiderweb #nerd #programmer #creative,CC BY-NC-SA 2.0,https://creativecommons.org/licenses/by-nc-sa/2.0/,https://www.flickr.com/photos/18548283@N00/8095799141
f_64957231,misterbisson,office desk,CC BY-NC-SA 2.0,https://creativecommons.org/licenses/by-nc-sa/2.0/,https://www.flickr.com/photos/41894176272@N01/64957231
f_5167267688,Rochelle Hartman,View from behind my office desk,CC BY 2.0,https://creativecommons.org/licenses/by/2.0/,https://www.flickr.com/photos/34756977@N00/5167267688
f_463303236,jmj5805,office: desk view,CC BY-NC-SA 2.0,https://creativecommons.org/licenses/by-nc-sa/2.0/,https://www.flickr.com/photos/7806501@N04/463303236
f_5525004354,deldevries,the office desk,CC BY-SA 2.0,https://creativecommons.org/licenses/by-sa/2.0/,https://www.flickr.com/photos/53136684@N00/5525004354
f_4247114136,quartertonality,Concert tickets 1996-2009 (not complete),CC BY-NC-SA 2.0,https://creativecommons.org/licenses/by-nc-sa/2.0/,https://www.flickr.com/photos/37027740@N00/4247114136
f_3958051503,Anirudh Koul,Moby Concert (Montreal),CC BY-NC 2.0,https://creativecommons.org/licenses/by-nc/2.0/,https://www.flickr.com/photos/84856173@N00/3958051503
f_3958561711,Anirudh Koul,Moby Concert Stage,CC BY-NC 2.0,https://creativecommons.org/licenses/by-nc/2.0/,https://www.flickr.com/photos/84856173@N00/3958561711
f_21637566,Subzero Blue,Amel Bent @ TF1 Concert for Tolerance,CC BY-SA 2.0,https://creativecommons.org/licenses/by-sa/2.0/,https://www.flickr.com/photos/40732565773@N01/21637566
f_431704280,blmurch,Kevin Johansen and Nada in concert,CC BY-SA 2.0,https://creativecommons.org/licenses/by-sa/2.0/,https://www.flickr.com/photos/82439748@N00/431704280
f_249692368,BockBilbo,The Crowd in the Concert,CC BY-NC-SA 2.0,https://creativecommons.org/licenses/by-nc-sa/2.0/,https://www.flickr.com/photos/69662237@N00/249692368
f_5992226662,Anirudh Koul,U2 Concert - Bono,CC BY-NC 2.0,https://creativecommons.org/licenses/by-nc/2.0/,https://www.flickr.com/photos/84856173@N00/5992226662
f_243030084,Tom Olliver,Silhouette at a Sigur Ros Concert,CC BY-NC-SA 2.0,https://creativecommons.org/licenses/by-nc-sa/2.0/,https://www.flickr.com/photos/44124394042@N01/243030084
f_7189672299,youngrobv,Madonna MDNA Concert Live _D7C31368,CC BY-NC 2.0,https://creativecommons.org/licenses/by-nc/2.0/,https://www.flickr.com/photos/7388060@N08/7189672299
f_2726719565,Taylor Ramos,The Cure Concert 2,CC BY 2.0,https://creativecommons.org/licenses/by/2.0/,https://www.flickr.com/photos/23724456@N04/2726719565
f_219029382,Trey Ratcliff,After the Concert,CC BY-NC-SA 2.0,https://creativecommons.org/licenses/by-nc-sa/2.0/,https://www.flickr.com/photos/95572727@N00/219029382
f_14488947555,youngrobv,Pearl Jam Lighting Bolt Concert _D7C34970,CC BY-NC 2.0,https://creativecommons.org/licenses/by-nc/2.0/,https://www.flickr.com/photos/7388060@N08/14488947555
f_6975100728,BarbaraWilli,concert,CC BY 2.0,https://creativecommons.org/licenses/by/2.0/,https://www.flickr.com/photos/52660687@N02/6975100728
f_5698166245,esby.photo,Japan Expo 2010 - Concert Long Shot Party - 2010-07-03 - P1460743,CC BY-SA 2.0,https://creativecommons.org/licenses/by-sa/2.0/,https://www.flickr.com/photos/22789397@N05/5698166245
f_3780195067,Anirudh Koul,Coldplay Concert Stage (Osheaga 2009) with Fireworks & Butterflies,CC BY-NC 2.0,https://creativecommons.org/licenses/by-nc/2.0/,https://www.flickr.com/photos/84856173@N00/3780195067
f_3786725982,Anirudh Koul,Concert Crowd (Osheaga 2009) - 30000 waiting for Coldplay,CC BY-NC 2.0,https://creativecommons.org/licenses/by-nc/2.0/,https://www.flickr.com/photos/84856173@N00/3786725982
f_3734360895,Anirudh Koul,Green Day Concert Crowd - Put Your Hands Up For Green Day,CC BY 2.0,https://creativecommons.org/licenses/by/2.0/,https://www.flickr.com/photos/84856173@N00/3734360895
f_3735156428,Anirudh Koul,Green Day Concert - That Drum Guy,CC BY 2.0,https://creativecommons.org/licenses/by/2.0/,https://www.flickr.com/photos/84856173@N00/3735156428
f_3734371003,Anirudh Koul,Green Day Concert Montreal - Billie Joe Armstrong,CC BY 2.0,https://creativecommons.org/licenses/by/2.0/,https://www.flickr.com/photos/84856173@N00/3734371003
f_8716298623,Nathan O'Nions,Wedding Guest,CC BY-NC 2.0,https://creativecommons.org/licenses/by-nc/2.0/,https://www.flickr.com/photos/50523792@N03/8716298623
f_6882947989,gwilmore,Candid portrait of wedding guest,CC BY-NC-SA 2.0,https://creativecommons.org/licenses/by-nc-sa/2.0/,https://www.flickr.com/photos/86013963@N00/6882947989
f_12303877786,Rod Waddington,"Wedding Guests, Sana'a",CC BY-SA 2.0,https://creativecommons.org/licenses/by-sa/2.0/,https://www.flickr.com/photos/64607715@N05/12303877786
f_4859003355,Rachel M Coleman,Wedding guests hug the bride,CC BY-SA 2.0,https://creativecommons.org/licenses/by-sa/2.0/,https://www.flickr.com/photos/7509906@N07/4859003355
f_4222188646,☺ Lee J Haywood,Wedding guests,CC BY-SA 2.0,https://creativecommons.org/licenses/by-sa/2.0/,https://www.flickr.com/photos/45034206@N06/4222188646
f_15170799925,Tymtoi,Wedding guest,CC BY-NC-SA 2.0,https://creativecommons.org/licenses/by-nc-sa/2.0/,https://www.flickr.com/photos/55178708@N08/15170799925
f_18342657161,Rod Waddington,"Wedding Guests, Sana'a, Yemen",CC BY-SA 2.0,https://creativecommons.org/licenses/by-sa/2.0/,https://www.flickr.com/photos/64607715@N05/18342657161
f_3001585493,CharlesFred,Wedding guest in Eyup,CC BY-NC-SA 2.0,https://creativecommons.org/licenses/by-nc-sa/2.0/,https://www.flickr.com/photos/40279823@N00/3001585493
f_6823001970,Arian Zwegers,"Pulau Selayar, wedding guests",CC BY 2.0,https://creativecommons.org/licenses/by/2.0/,https://www.flickr.com/photos/67769030@N07/6823001970
f_4222166398,☺ Lee J Haywood,Wedding guests,CC BY-SA 2.0,https://creativecommons.org/licenses/by-sa/2.0/,https://www.flickr.com/photos/45034206@N06/4222166398
f_2237618906,Swamibu,Wedding guests,CC BY-NC 2.0,https://creativecommons.org/licenses/by-nc/2.0/,https://www.flickr.com/photos/25182307@N00/2237618906
f_2749653250,Marco Fedele,Jerez de la Frontera - Late wedding guests,CC BY 2.0,https://creativecommons.org/licenses/by/2.0/,https://www.flickr.com/photos/45035549@N00/2749653250
f_4800935027,Salicia,Wedding Guest Seating Plan Handouts Candle Favours Baby Gifts,CC BY 2.0,https://creativecommons.org/licenses/by/2.0/,https://www.flickr.com/photos/12808962@N00/4800935027
f_3002421880,CharlesFred,Wedding guest in Eyup,CC BY-NC-SA 2.0,https://creativecommons.org/licenses/by-nc-sa/2.0/,https://www.flickr.com/photos/40279823@N00/3002421880
f_3747941435,josefnovak33,Wedding Guests Listening The Gramophone,CC BY-NC-SA 2.0,https://creativecommons.org/licenses/by-nc-sa/2.0/,https://www.flickr.com/photos/11971338@N02/3747941435
f_45449375284,Rod Waddington,Mosuo Wedding Guests,CC BY-SA 2.0,https://creativecommons.org/licenses/by-sa/2.0/,https://www.flickr.com/photos/64607715@N05/45449375284
f_3099300379,Swamibu,Wedding guests,CC BY-NC 2.0,https://creativecommons.org/licenses/by-nc/2.0/,https://www.flickr.com/photos/25182307@N00/3099300379
f_2846858118,ali eminov,"Wedding guests, Polyanovo, Bulgaria 2008",CC BY-NC 2.0,https://creativecommons.org/licenses/by-nc/2.0/,https://www.flickr.com/photos/27435717@N00/2846858118
f_38874012612,nparekhcards,Ladylike Laws: Wedding Guest Etiquette,CC BY-SA 2.0,https://creativecommons.org/licenses/by-sa/2.0/,https://www.flickr.com/photos/125349110@N05/38874012612
f_4222519906,☺ Lee J Haywood,Queuing wedding guests,CC BY-SA 2.0,https://creativecommons.org/licenses/by-sa/2.0/,https://www.flickr.com/photos/45034206@N06/4222519906
f_8541751950,Eva Rinaldi Celebrity Photographer,Future Music Festival 2013,CC BY-SA 2.0,https://creativecommons.org/licenses/by-sa/2.0/,https://www.flickr.com/photos/58820009@N05/8541751950
f_6856302039,Eva Rinaldi Celebrity Photographer,National Multicultural Festival,CC BY-SA 2.0,https://creativecommons.org/licenses/by-sa/2.0/,https://www.flickr.com/photos/58820009@N05/6856302039
f_111961238,ihorner,Penis Festival Poster,CC BY-NC-SA 2.0,https://creativecommons.org/licenses/by-nc-sa/2.0/,https://www.flickr.com/photos/35034350163@N01/111961238
f_2183963258,trueclearlight,"Montol Festival, Penzance",CC BY-NC 2.0,https://creativecommons.org/licenses/by-nc/2.0/,https://www.flickr.com/photos/69596918@N00/2183963258
f_6477034889,festivalculturadigitalbr,Festival CulturaDigital.Br,CC BY 2.0,https://creativecommons.org/licenses/by/2.0/,https://www.flickr.com/photos/69310588@N03/6477034889
f_5520102237,Eva Rinaldi Celebrity Photographer,Future Music Festival 2011,CC BY-SA 2.0,https://creativecommons.org/licenses/by-sa/2.0/,https://www.flickr.com/photos/58820009@N05/5520102237
f_5520987043,Eva Rinaldi Celebrity Photographer,Pendulum Future Music Festival 2011,CC BY-SA 2.0,https://creativecommons.org/licenses/by-sa/2.0/,https://www.flickr.com/photos/58820009@N05/5520987043
f_5520569330,Eva Rinaldi Celebrity Photographer,Future Music Festival 2011,CC BY-SA 2.0,https://creativecommons.org/licenses/by-sa/2.0/,https://www.flickr.com/photos/58820009@N05/5520569330
f_5520102209,Eva Rinaldi Celebrity Photographer,Future Music Festival 2011,CC BY-SA 2.0,https://creativecommons.org/licenses/by-sa/2.0/,https://www.flickr.com/photos/58820009@N05/5520102209
f_5520954947,Eva Rinaldi Celebrity Photographer,Pendulum Future Music Festival 2011,CC BY-SA 2.0,https://creativecommons.org/licenses/by-sa/2.0/,https://www.flickr.com/photos/58820009@N05/5520954947
f_330129089,me&art,"Ganesh Festival, India, Mumbai",CC BY-NC 2.0,https://creativecommons.org/licenses/by-nc/2.0/,https://www.flickr.com/photos/67483434@N00/330129089
f_5520569336,Eva Rinaldi Celebrity Photographer,Future Music Festival 2011,CC BY-SA 2.0,https://creativecommons.org/licenses/by-sa/2.0/,https://www.flickr.com/photos/58820009@N05/5520569336
f_5520517106,Eva Rinaldi Celebrity Photographer,Future Music Festival 2011,CC BY-SA 2.0,https://creativecommons.org/licenses/by-sa/2.0/,https://www.flickr.com/photos/58820009@N05/5520517106
f_2583976737,star-one,belper music festival 2006,CC BY-SA 2.0,https://creativecommons.org/licenses/by-sa/2.0/,https://www.flickr.com/photos/17421241@N00/2583976737
f_10308041696,EatWorld,Knoten Festival,CC BY-NC-SA 2.0,https://creativecommons.org/licenses/by-nc-sa/2.0/,https://www.flickr.com/photos/38929946@N00/10308041696
f_5521624880,Eva Rinaldi Celebrity Photographer,"Pendulum, Future Music Festival 2011",CC BY-SA 2.0,https://creativecommons.org/licenses/by-sa/2.0/,https://www.flickr.com/photos/58820009@N05/5521624880
f_51910810962,Onasill - Bill Badzo - 149 Million Views - Thank Y,Chinese Festival - 2007 - Toronto 0ntario - Canada - Chinatown Dundas Street,CC BY-NC-SA 2.0,https://creativecommons.org/licenses/by-nc-sa/2.0/,https://www.flickr.com/photos/7156765@N05/51910810962
f_3993788412,foxgrrl,Vintage Computer Festival 10.0,CC BY-NC-SA 2.0,https://creativecommons.org/licenses/by-nc-sa/2.0/,https://www.flickr.com/photos/34507951@N07/3993788412
f_9260036040,CRL_CB,festival,CC BY 2.0,https://creativecommons.org/licenses/by/2.0/,https://www.flickr.com/photos/92908292@N07/9260036040
f_7746558832,MIKI Yoshihito. (#mikiyoshihito),Festival.,CC BY 2.0,https://creativecommons.org/licenses/by/2.0/,https://www.flickr.com/photos/7940758@N07/7746558832
f_14409124094,Georgie Pauwels,scenes of a train journey,CC BY 2.0,https://creativecommons.org/licenses/by/2.0/,https://www.flickr.com/photos/53662163@N06/14409124094
f_3102445960,CharlesFred,An afternoon's train journey from Grenoble to Amsterdam,CC BY-NC-SA 2.0,https://creativecommons.org/licenses/by-nc-sa/2.0/,https://www.flickr.com/photos/40279823@N00/3102445960
f_14748041950,Georgie Pauwels,scene of a train journey,CC BY 2.0,https://creativecommons.org/licenses/by/2.0/,https://www.flickr.com/photos/53662163@N06/14748041950
f_5953623482,CharlesFred,Impressions from our 20 hour train journey to Adana,CC BY-NC-SA 2.0,https://creativecommons.org/licenses/by-nc-sa/2.0/,https://www.flickr.com/photos/40279823@N00/5953623482
f_3326814938,sludgegulper,"Training Journey, East Berlin BVB Gotha Fahrschule Tram, Friedrichshagen Jan 1990",CC BY-SA 2.0,https://creativecommons.org/licenses/by-sa/2.0/,https://www.flickr.com/photos/28179929@N08/3326814938
f_5953061433,CharlesFred,Impressions from our 20 hour train journey to Adana,CC BY-NC-SA 2.0,https://creativecommons.org/licenses/by-nc-sa/2.0/,https://www.flickr.com/photos/40279823@N00/5953061433
f_5953622068,CharlesFred,Impressions from our 20 hour train journey to Adana,CC BY-NC-SA 2.0,https://creativecommons.org/licenses/by-nc-sa/2.0/,https://www.flickr.com/photos/40279823@N00/5953622068
f_5953617012,CharlesFred,Impressions from our 20 hour train journey to Adana,CC BY-NC-SA 2.0,https://creativecommons.org/licenses/by-nc-sa/2.0/,https://www.flickr.com/photos/40279823@N00/5953617012
f_5953059787,CharlesFred,Impressions from our 20 hour train journey to Adana,CC BY-NC-SA 2.0,https://creativecommons.org/licenses/by-nc-sa/2.0/,https://www.flickr.com/photos/40279823@N00/5953059787
f_5953061629,CharlesFred,Impressions from our 20 hour train journey to Adana,CC BY-NC-SA 2.0,https://creativecommons.org/licenses/by-nc-sa/2.0/,https://www.flickr.com/photos/40279823@N00/5953061629
f_5953619536,CharlesFred,Impressions from our 20 hour train journey to Adana,CC BY-NC-SA 2.0,https://creativecommons.org/licenses/by-nc-sa/2.0/,https://www.flickr.com/photos/40279823@N00/5953619536
f_5953064365,CharlesFred,Impressions from our 20 hour train journey to Adana,CC BY-NC-SA 2.0,https://creativecommons.org/licenses/by-nc-sa/2.0/,https://www.flickr.com/photos/40279823@N00/5953064365
f_3101613453,CharlesFred,An afternoon's train journey from Grenoble to Amsterdam,CC BY-NC-SA 2.0,https://creativecommons.org/licenses/by-nc-sa/2.0/,https://www.flickr.com/photos/40279823@N00/3101613453
f_3102449766,CharlesFred,An afternoon's train journey from Grenoble to Amsterdam,CC BY-NC-SA 2.0,https://creativecommons.org/licenses/by-nc-sa/2.0/,https://www.flickr.com/photos/40279823@N00/3102449766
f_29250707711,350.org,"Protect the Hunter Heritage Train Journey 28th August, 2016",CC BY-NC-SA 2.0,https://creativecommons.org/licenses/by-nc-sa/2.0/,https://www.flickr.com/photos/25654955@N03/29250707711
f_33609602312,PiktourUK,"The 15 hour sleeper train journey from Yangon to Mandalay - The less said about this the better I think. I would suggest that, unless you really need to go native, take the plane! Without doubt the worst part of our holiday.",CC BY 2.0,https://creativecommons.org/licenses/by/2.0/,https://www.flickr.com/photos/69706441@N03/33609602312
f_29295858816,350.org,"Protect the Hunter Heritage Train Journey 28th August, 2016",CC BY-NC-SA 2.0,https://creativecommons.org/licenses/by-nc-sa/2.0/,https://www.flickr.com/photos/25654955@N03/29295858816
f_3101603331,CharlesFred,An afternoon's train journey from Grenoble to Amsterdam,CC BY-NC-SA 2.0,https://creativecommons.org/licenses/by-nc-sa/2.0/,https://www.flickr.com/photos/40279823@N00/3101603331
f_3102451524,CharlesFred,An afternoon's train journey from Grenoble to Amsterdam,CC BY-NC-SA 2.0,https://creativecommons.org/licenses/by-nc-sa/2.0/,https://www.flickr.com/photos/40279823@N00/3102451524
f_4490471476,[Ananabanana],2009-07-26f Train journey,CC BY-NC-SA 2.0,https://creativecommons.org/licenses/by-nc-sa/2.0/,https://www.flickr.com/photos/45358973@N04/4490471476
f_2138079368,goosmurf,Family Dinner,CC BY 2.0,https://creativecommons.org/licenses/by/2.0/,https://www.flickr.com/photos/19349404@N00/2138079368
f_98007901,achichi,family dinner,CC BY 2.0,https://creativecommons.org/licenses/by/2.0/,https://www.flickr.com/photos/19906991@N00/98007901
f_2137296049,goosmurf,Family Dinner,CC BY 2.0,https://creativecommons.org/licenses/by/2.0/,https://www.flickr.com/photos/19349404@N00/2137296049
f_2137321193,goosmurf,Family dinner,CC BY 2.0,https://creativecommons.org/licenses/by/2.0/,https://www.flickr.com/photos/19349404@N00/2137321193
f_2465122923,Ed Bierman,Family Dinner,CC BY 2.0,https://creativecommons.org/licenses/by/2.0/,https://www.flickr.com/photos/26216388@N02/2465122923
f_6522303105,Patrick Gensel,Family Dinner,CC BY-NC-SA 2.0,https://creativecommons.org/licenses/by-nc-sa/2.0/,https://www.flickr.com/photos/12142935@N08/6522303105
f_98007900,achichi,family dinner,CC BY 2.0,https://creativecommons.org/licenses/by/2.0/,https://www.flickr.com/photos/19906991@N00/98007900
f_2783745281,Claire CJS,"20080807 - Family Dinner at Bethany Beach - 163-6393 - Jonny, Lowell, Priscilla, Julie, Steve, Mark, Timmy - bunny ears",CC BY-NC-SA 2.0,https://creativecommons.org/licenses/by-nc-sa/2.0/,https://www.flickr.com/photos/31355686@N00/2783745281
f_2783754445,Claire CJS,20080807 - Family Dinner at Bethany Beach - 163-6367 - Allison & Melanie - funny face,CC BY-NC-SA 2.0,https://creativecommons.org/licenses/by-nc-sa/2.0/,https://www.flickr.com/photos/31355686@N00/2783754445
f_8030748985,MDGovpics,1st Lady hosts military families dinner,CC BY 2.0,https://creativecommons.org/licenses/by/2.0/,https://www.flickr.com/photos/64018555@N03/8030748985
f_6518405269,Princess Stand in the Rain,President John Adams Family Dinner Service 1747,CC BY-NC 2.0,https://creativecommons.org/licenses/by-nc/2.0/,https://www.flickr.com/photos/81924773@N00/6518405269
f_15586962880,Andy Morffew,Family Dinner,CC BY 2.0,https://creativecommons.org/licenses/by/2.0/,https://www.flickr.com/photos/66020093@N03/15586962880
f_2783747959,Claire CJS,20080807 - Family Dinner at Bethany Beach - 163-6384 - Kaylee laughing - diptych-163-6385 - Chase & Jordan,CC BY-NC-SA 2.0,https://creativecommons.org/licenses/by-nc-sa/2.0/,https://www.flickr.com/photos/31355686@N00/2783747959
f_5710362794,Rubbermaid Products,Glass food storage container - Family Dinner,CC BY 2.0,https://creativecommons.org/licenses/by/2.0/,https://www.flickr.com/photos/28040596@N08/5710362794
f_3631658226,boltron-,family dinner at pops,CC BY-SA 2.0,https://creativecommons.org/licenses/by-sa/2.0/,https://www.flickr.com/photos/46213661@N00/3631658226
f_66651663,shanntastic,Family Dinner,CC BY 2.0,https://creativecommons.org/licenses/by/2.0/,https://www.flickr.com/photos/81087608@N00/66651663
f_2784622756,Claire CJS,"20080807 - Family Dinner at Bethany Beach - 163-6352 - Carolyn, Priscilla, Tassos, Tassos' mom, Jonny, Isabella, Mark",CC BY-NC-SA 2.0,https://creativecommons.org/licenses/by-nc-sa/2.0/,https://www.flickr.com/photos/31355686@N00/2784622756
f_985821588,Rsms,Family dinner a long time ago,CC BY-NC 2.0,https://creativecommons.org/licenses/by-nc/2.0/,https://www.flickr.com/photos/12281432@N00/985821588
f_11134044313,Twang Photography,Team Skittles Family Dinner,CC BY-NC-SA 2.0,https://creativecommons.org/licenses/by-nc-sa/2.0/,https://www.flickr.com/photos/17295541@N02/11134044313
f_2784614060,Claire CJS,"20080807 - Family Dinner at Bethany Beach - 163-6361 - Grandma, Julie, Sam, Allison, Melanie, Lisa, Jonny, Timmy, Jordan, Brandon, Nick, Steve, Maria, Mark, Dave",CC BY-NC-SA 2.0,https://creativecommons.org/licenses/by-nc-sa/2.0/,https://www.flickr.com/photos/31355686@N00/2784614060
f_2575853548,loiclemeur,Paris Seesmic-LeWeb 5000 friends party,CC BY-NC-SA 2.0,https://creativecommons.org/licenses/by-nc-sa/2.0/,https://www.flickr.com/photos/35468133931@N01/2575853548
f_2575873028,loiclemeur,Paris Seesmic-LeWeb 5000 friends party,CC BY-NC-SA 2.0,https://creativecommons.org/licenses/by-nc-sa/2.0/,https://www.flickr.com/photos/35468133931@N01/2575873028
f_2575041111,loiclemeur,Paris Seesmic-LeWeb 5000 friends party,CC BY-NC-SA 2.0,https://creativecommons.org/licenses/by-nc-sa/2.0/,https://www.flickr.com/photos/35468133931@N01/2575041111
f_2575872166,loiclemeur,Paris Seesmic-LeWeb 5000 friends party,CC BY-NC-SA 2.0,https://creativecommons.org/licenses/by-nc-sa/2.0/,https://www.flickr.com/photos/35468133931@N01/2575872166
f_2575854114,loiclemeur,Paris Seesmic-LeWeb 5000 friends party,CC BY-NC-SA 2.0,https://creativecommons.org/licenses/by-nc-sa/2.0/,https://www.flickr.com/photos/35468133931@N01/2575854114
f_2575845296,loiclemeur,Paris Seesmic-LeWeb 5000 friends party,CC BY-NC-SA 2.0,https://creativecommons.org/licenses/by-nc-sa/2.0/,https://www.flickr.com/photos/35468133931@N01/2575845296
f_2575840752,loiclemeur,Paris Seesmic-LeWeb 5000 friends party,CC BY-NC-SA 2.0,https://creativecommons.org/licenses/by-nc-sa/2.0/,https://www.flickr.com/photos/35468133931@N01/2575840752
f_3699991085,sgroi,Taken 07-03-2009 while at a friend's party.,CC BY-NC-SA 2.0,https://creativecommons.org/licenses/by-nc-sa/2.0/,https://www.flickr.com/photos/54275030@N00/3699991085
f_2575030535,loiclemeur,Paris Seesmic-LeWeb 5000 friends party,CC BY-NC-SA 2.0,https://creativecommons.org/licenses/by-nc-sa/2.0/,https://www.flickr.com/photos/35468133931@N01/2575030535
f_2294966273,sylvia & lucky no.9,{ not perfect apartment } good friends party,CC BY-NC-SA 2.0,https://creativecommons.org/licenses/by-nc-sa/2.0/,https://www.flickr.com/photos/57033161@N00/2294966273
f_2575022201,loiclemeur,Paris Seesmic-LeWeb 5000 friends party,CC BY-NC-SA 2.0,https://creativecommons.org/licenses/by-nc-sa/2.0/,https://www.flickr.com/photos/35468133931@N01/2575022201
f_2575859238,loiclemeur,Paris Seesmic-LeWeb 5000 friends party,CC BY-NC-SA 2.0,https://creativecommons.org/licenses/by-nc-sa/2.0/,https://www.flickr.com/photos/35468133931@N01/2575859238
f_2575032747,loiclemeur,Paris Seesmic-LeWeb 5000 friends party,CC BY-NC-SA 2.0,https://creativecommons.org/licenses/by-nc-sa/2.0/,https://www.flickr.com/photos/35468133931@N01/2575032747
f_2575021141,loiclemeur,Paris Seesmic-LeWeb 5000 friends party,CC BY-NC-SA 2.0,https://creativecommons.org/licenses/by-nc-sa/2.0/,https://www.flickr.com/photos/35468133931@N01/2575021141
f_2575028597,loiclemeur,Paris Seesmic-LeWeb 5000 friends party,CC BY-NC-SA 2.0,https://creativecommons.org/licenses/by-nc-sa/2.0/,https://www.flickr.com/photos/35468133931@N01/2575028597
f_2575029639,loiclemeur,Paris Seesmic-LeWeb 5000 friends party,CC BY-NC-SA 2.0,https://creativecommons.org/licenses/by-nc-sa/2.0/,https://www.flickr.com/photos/35468133931@N01/2575029639
f_463710732,brianellin,JanRain & friends party at Varnish,CC BY-NC-SA 2.0,https://creativecommons.org/licenses/by-nc-sa/2.0/,https://www.flickr.com/photos/14189637@N00/463710732
f_2575031877,loiclemeur,Paris Seesmic-LeWeb 5000 friends party,CC BY-NC-SA 2.0,https://creativecommons.org/licenses/by-nc-sa/2.0/,https://www.flickr.com/photos/35468133931@N01/2575031877
f_6672525109,steelskyblue,Tedi and friends party under the Christmas Tree,CC BY-NC-SA 2.0,https://creativecommons.org/licenses/by-nc-sa/2.0/,https://www.flickr.com/photos/44124332584@N01/6672525109
f_386826115,imbrettjackson,Charles' friend's party.,CC BY-NC-SA 2.0,https://creativecommons.org/licenses/by-nc-sa/2.0/,https://www.flickr.com/photos/21111734@N00/386826115
f_8686482079,kevin dooley,Road trip to Buckeye: West side story,CC BY 2.0,https://creativecommons.org/licenses/by/2.0/,https://www.flickr.com/photos/12836528@N00/8686482079
f_8686102479,kevin dooley,Road trip to Buckeye: Carlos Upholstery Capiceria,CC BY 2.0,https://creativecommons.org/licenses/by/2.0/,https://www.flickr.com/photos/12836528@N00/8686102479
f_8687220286,kevin dooley,Road trip to Buckeye: Mothers,CC BY 2.0,https://creativecommons.org/licenses/by/2.0/,https://www.flickr.com/photos/12836528@N00/8687220286
f_8687595822,kevin dooley,Road trip to Buckeye: Buckeye Valley Food Bank,CC BY 2.0,https://creativecommons.org/licenses/by/2.0/,https://www.flickr.com/photos/12836528@N00/8687595822
f_8686481853,kevin dooley,Road trip to Buckeye: West side story,CC BY 2.0,https://creativecommons.org/licenses/by/2.0/,https://www.flickr.com/photos/12836528@N00/8686481853
f_8687594888,kevin dooley,Road trip to Buckeye: Architectural entropy,CC BY 2.0,https://creativecommons.org/licenses/by/2.0/,https://www.flickr.com/photos/12836528@N00/8687594888
f_8686102631,kevin dooley,Road trip to Buckeye: All along the Watchtower,CC BY 2.0,https://creativecommons.org/licenses/by/2.0/,https://www.flickr.com/photos/12836528@N00/8686102631
f_8686478293,kevin dooley,Road trip to Buckeye: Architectural entropy,CC BY 2.0,https://creativecommons.org/licenses/by/2.0/,https://www.flickr.com/photos/12836528@N00/8686478293
f_8687598528,kevin dooley,Road trip to Buckeye: West side story,CC BY 2.0,https://creativecommons.org/licenses/by/2.0/,https://www.flickr.com/photos/12836528@N00/8687598528
f_8686480631,kevin dooley,Road trip to Buckeye: Thrift's Fashion,CC BY 2.0,https://creativecommons.org/licenses/by/2.0/,https://www.flickr.com/photos/12836528@N00/8686480631
f_8687595168,kevin dooley,Road trip to Buckeye: Architectural entropy,CC BY 2.0,https://creativecommons.org/licenses/by/2.0/,https://www.flickr.com/photos/12836528@N00/8687595168
f_14860574017,bguilas21,Riding shotgun (CA to TX road trip),CC BY-NC-SA 2.0,https://creativecommons.org/licenses/by-nc-sa/2.0/,https://www.flickr.com/photos/34580964@N08/14860574017
f_447313764,Daveybot,USA road trip route map - in puzzle form!,CC BY-NC-SA 2.0,https://creativecommons.org/licenses/by-nc-sa/2.0/,https://www.flickr.com/photos/12771303@N00/447313764
f_49941185696,Trey Ratcliff,NZ Road Trip!,CC BY-NC-SA 2.0,https://creativecommons.org/licenses/by-nc-sa/2.0/,https://www.flickr.com/photos/95572727@N00/49941185696
f_3497402560,kevin dooley,"Road trip to Granite Mountain, Arizona",CC BY 2.0,https://creativecommons.org/licenses/by/2.0/,https://www.flickr.com/photos/12836528@N00/3497402560
f_52441156453,Ted's photos - Stand With Ukraine,2022 - Road Trip - BC-AB-BC - 53,CC BY-NC-SA 2.0,https://creativecommons.org/licenses/by-nc-sa/2.0/,https://www.flickr.com/photos/90955804@N04/52441156453
f_3841971934,[derekmswanson],montana road trip.2,CC BY 2.0,https://creativecommons.org/licenses/by/2.0/,https://www.flickr.com/photos/60696695@N00/3841971934
f_8687594796,kevin dooley,Road trip to Buckeye: Architectural entropy,CC BY 2.0,https://creativecommons.org/licenses/by/2.0/,https://www.flickr.com/photos/12836528@N00/8687594796
f_2922234011,colorblindPICASO,"'Define 'road trip,' 'just your parents and I,' and '26 hours.''",CC BY-NC 2.0,https://creativecommons.org/licenses/by-nc/2.0/,https://www.flickr.com/photos/45842803@N00/2922234011
f_22663722328,NancyFry,arizona road trip -61,CC BY 2.0,https://creativecommons.org/licenses/by/2.0/,https://www.flickr.com/photos/36436564@N07/22663722328
f_22127819056,simpleinsomnia,Car driving down a road in an unknown town,CC BY 2.0,https://creativecommons.org/licenses/by/2.0/,https://www.flickr.com/photos/95329455@N02/22127819056
f_21612137360,r.nial.bradshaw,150927-car-driving-night-clouds.jpg,CC BY 2.0,https://creativecommons.org/licenses/by/2.0/,https://www.flickr.com/photos/33227787@N05/21612137360
f_6309198592,osseous,"October 29, 2011 rented car drive",CC BY 2.0,https://creativecommons.org/licenses/by/2.0/,https://www.flickr.com/photos/10787737@N02/6309198592
f_24851705692,sharghzadeh,"Car Driving in Stream, Palangan Iran",CC BY-NC 2.0,https://creativecommons.org/licenses/by-nc/2.0/,https://www.flickr.com/photos/126049099@N04/24851705692
f_399018107,Ben McLeod,a nice beach [until a car drives off the road],CC BY-NC-SA 2.0,https://creativecommons.org/licenses/by-nc-sa/2.0/,https://www.flickr.com/photos/44124472651@N01/399018107
f_19685569,Thomas Hawk,Cars Drive Fast 2,CC BY-NC 2.0,https://creativecommons.org/licenses/by-nc/2.0/,https://www.flickr.com/photos/51035555243@N01/19685569
f_25805915922,simpleinsomnia,Car driving along a rural road in Ireland,CC BY 2.0,https://creativecommons.org/licenses/by/2.0/,https://www.flickr.com/photos/95329455@N02/25805915922
f_6797497400,dawolf-,"i hopped into the car, driving for hours",CC BY-NC 2.0,https://creativecommons.org/licenses/by-nc/2.0/,https://www.flickr.com/photos/45961320@N07/6797497400
f_6968297684,markn3tel,car driving by. FLIR infrared.,CC BY 2.0,https://creativecommons.org/licenses/by/2.0/,https://www.flickr.com/photos/48239130@N07/6968297684
f_52115811658,Archives New Zealand,35. First cars driving out of the floods,CC BY 2.0,https://creativecommons.org/licenses/by/2.0/,https://www.flickr.com/photos/35759981@N08/52115811658
f_16047214858,r.nial.bradshaw,150106-cars-driving-commute-roads.jpg,CC BY 2.0,https://creativecommons.org/licenses/by/2.0/,https://www.flickr.com/photos/33227787@N05/16047214858
f_30633490070,nafrenkel88,road trip a car driving endless road top,CC BY 2.0,https://creativecommons.org/licenses/by/2.0/,https://www.flickr.com/photos/118130843@N04/30633490070
f_5968330114,Anosmia,car driving on the sidewalk,CC BY 2.0,https://creativecommons.org/licenses/by/2.0/,https://www.flickr.com/photos/77846644@N00/5968330114
f_2923181654,magical-world,Risk of cars driving down with skiers on their roof,CC BY-SA 2.0,https://creativecommons.org/licenses/by-sa/2.0/,https://www.flickr.com/photos/10630381@N03/2923181654
f_5992132546,Calgary Reviews,Classic Car Drive Thru,CC BY 2.0,https://creativecommons.org/licenses/by/2.0/,https://www.flickr.com/photos/51930963@N02/5992132546
f_25574753875,r.nial.bradshaw,160306-car-driving-rain-night.jpg,CC BY 2.0,https://creativecommons.org/licenses/by/2.0/,https://www.flickr.com/photos/33227787@N05/25574753875
f_3777269181,Joel Abroad,"Baker Electric car drive system, 1902",CC BY-NC-SA 2.0,https://creativecommons.org/licenses/by-nc-sa/2.0/,https://www.flickr.com/photos/40295335@N00/3777269181
f_2842803819,bradleygee,old time car driving game,CC BY 2.0,https://creativecommons.org/licenses/by/2.0/,https://www.flickr.com/photos/13951072@N00/2842803819
f_5967780465,Anosmia,car driving on the sidewalk,CC BY 2.0,https://creativecommons.org/licenses/by/2.0/,https://www.flickr.com/photos/77846644@N00/5967780465
f_8179896434,hectorir,Lines that form when cars drive on the beach,CC BY 2.0,https://creativecommons.org/licenses/by/2.0/,https://www.flickr.com/photos/30806435@N04/8179896434
f_3147547404,~kajsa~,My bookshelf,CC BY 2.0,https://creativecommons.org/licenses/by/2.0/,https://www.flickr.com/photos/92499343@N00/3147547404
f_2738462048,haroldbakker,bookshelf,CC BY-NC-SA 2.0,https://creativecommons.org/licenses/by-nc-sa/2.0/,https://www.flickr.com/photos/11840889@N08/2738462048
f_2822078529,pseudoplacebo,Bookshelf,CC BY-SA 2.0,https://creativecommons.org/licenses/by-sa/2.0/,https://www.flickr.com/photos/33159739@N00/2822078529
f_6342958280,Wonderlane,"Use your comdom sense, stop unprotected sex, office workers, woman working with a computer, phone, trash can, bookshelf, chairs. letter, writing, working, inbox, men, in Tibetan and English, safety poster, Tibetan settlement, India",CC BY 2.0,https://creativecommons.org/licenses/by/2.0/,https://www.flickr.com/photos/71401718@N00/6342958280
f_5343309870,OU Platform,Robyn's bookshelf,CC BY-NC 2.0,https://creativecommons.org/licenses/by-nc/2.0/,https://www.flickr.com/photos/58190160@N08/5343309870
f_1071030418,matsuyuki,"Bookshelf, not mine",CC BY-SA 2.0,https://creativecommons.org/licenses/by-sa/2.0/,https://www.flickr.com/photos/12173213@N00/1071030418
f_3417288462,dantekgeek,Our Bookshelf,CC BY-SA 2.0,https://creativecommons.org/licenses/by-sa/2.0/,https://www.flickr.com/photos/67396912@N00/3417288462
f_1330790063,schoschie,Nerdy Bookshelf Part One,CC BY 2.0,https://creativecommons.org/licenses/by/2.0/,https://www.flickr.com/photos/87569910@N00/1330790063
f_2118564636,kmerenkov,2 of 3 sections of my bookshelf,CC BY-NC-SA 2.0,https://creativecommons.org/licenses/by-nc-sa/2.0/,https://www.flickr.com/photos/8401159@N04/2118564636
f_4239651,jurvetson,Bookshelf@work,CC BY 2.0,https://creativecommons.org/licenses/by/2.0/,https://www.flickr.com/photos/44124348109@N01/4239651
f_852134142,SlipStreamJC,rainbow bookshelf,CC BY-NC 2.0,https://creativecommons.org/licenses/by-nc/2.0/,https://www.flickr.com/photos/53297933@N00/852134142
f_4802264783,tachyondecay,Bookshelf,CC BY 2.0,https://creativecommons.org/licenses/by/2.0/,https://www.flickr.com/photos/60206297@N00/4802264783
f_21938357,mat_walker,Server Bookshelf,CC BY 2.0,https://creativecommons.org/licenses/by/2.0/,https://www.flickr.com/photos/51035725547@N01/21938357
f_14261237958,melton_dominic,Bookshelf,CC BY 2.0,https://creativecommons.org/licenses/by/2.0/,https://www.flickr.com/photos/124594841@N03/14261237958
f_3245988988,Your Secret Admiral,Bookshelf.,CC BY-NC-SA 2.0,https://creativecommons.org/licenses/by-nc-sa/2.0/,https://www.flickr.com/photos/11392443@N07/3245988988
f_2578771930,CarbonNYC [in SF!],My Bookshelf,CC BY 2.0,https://creativecommons.org/licenses/by/2.0/,https://www.flickr.com/photos/15923063@N00/2578771930
f_2367926525,Enid Yu,Key sit on the bookshelf,CC BY 2.0,https://creativecommons.org/licenses/by/2.0/,https://www.flickr.com/photos/17310040@N06/2367926525
f_270429124,anyjazz65,Bookshelf Auto-biography,CC BY-NC-SA 2.0,https://creativecommons.org/licenses/by-nc-sa/2.0/,https://www.flickr.com/photos/49024304@N00/270429124
f_390777823,niznoz,bookshelf,CC BY-NC-SA 2.0,https://creativecommons.org/licenses/by-nc-sa/2.0/,https://www.flickr.com/photos/33602849@N00/390777823
f_3236942684,Hugh McGuire,bookshelf,CC BY-NC-SA 2.0,https://creativecommons.org/licenses/by-nc-sa/2.0/,https://www.flickr.com/photos/74568076@N00/3236942684
f_1526740259,sunsets_for_you,Vintage motorcycle,CC BY-SA 2.0,https://creativecommons.org/licenses/by-sa/2.0/,https://www.flickr.com/photos/11621986@N04/1526740259
f_15608135347,red.wolf,Police Motorcycle,CC BY-NC-SA 2.0,https://creativecommons.org/licenses/by-nc-sa/2.0/,https://www.flickr.com/photos/90716728@N00/15608135347
f_16827965444,Ed Yourdon,Marvin Yourdon and his motorcycle,CC BY-NC-SA 2.0,https://creativecommons.org/licenses/by-nc-sa/2.0/,https://www.flickr.com/photos/72098626@N00/16827965444
f_3418202002,The Postal Museum,BSA Bantam motorcycle (1965) - Front view,CC BY-SA 2.0,https://creativecommons.org/licenses/by-sa/2.0/,https://www.flickr.com/photos/35141800@N08/3418202002
f_25501658798,@CarShowShooter,HARLEY-DAVIDSON (Wheels Through Time Motorcycle Museum),CC BY-NC-SA 2.0,https://creativecommons.org/licenses/by-nc-sa/2.0/,https://www.flickr.com/photos/77363333@N08/25501658798
f_4171852711,driver1998,Motorcycle driver fall,CC BY-SA 2.0,https://creativecommons.org/licenses/by-sa/2.0/,https://www.flickr.com/photos/25593194@N04/4171852711
f_4215027176,Joel Abroad,"Motorcycle-rickshaw, Tokyo, Japan, c. 1950",CC BY-NC-SA 2.0,https://creativecommons.org/licenses/by-nc-sa/2.0/,https://www.flickr.com/photos/40295335@N00/4215027176
f_5364921942,Mozul,Honda Police Motorcycle,CC BY-NC-SA 2.0,https://creativecommons.org/licenses/by-nc-sa/2.0/,https://www.flickr.com/photos/20493744@N00/5364921942
f_4972369819,woody1778a,"MOTORCYCLE PLATES ---DISPLAY BOARD #1, CANADIAN and MORE FOREIGN MOTORCYCLE PLATES",CC BY-SA 2.0,https://creativecommons.org/licenses/by-sa/2.0/,https://www.flickr.com/photos/9816248@N03/4972369819
f_14293061987,driver Photographer,Motorcycle in action.,CC BY-SA 2.0,https://creativecommons.org/licenses/by-sa/2.0/,https://www.flickr.com/photos/72334647@N03/14293061987
f_5922005506,ronsaunders47,THE RUDGE MOTORCYCLE. UK.,CC BY-SA 2.0,https://creativecommons.org/licenses/by-sa/2.0/,https://www.flickr.com/photos/46781500@N00/5922005506
f_123858583,imnewtryme,deer + motorcycle = BAD,CC BY-NC-SA 2.0,https://creativecommons.org/licenses/by-nc-sa/2.0/,https://www.flickr.com/photos/60327433@N00/123858583
f_422491983,baratunde,Motorcycle with a roof,CC BY-NC-SA 2.0,https://creativecommons.org/licenses/by-nc-sa/2.0/,https://www.flickr.com/photos/13032827@N00/422491983
f_5863249502,ronsaunders47,SUZUKI GT 750. (The Suzuki GT750 was a Japanese water cooled three cylinder two stroke motorcycle made by Suzuki between 1971 and 1977.),CC BY-SA 2.0,https://creativecommons.org/licenses/by-sa/2.0/,https://www.flickr.com/photos/46781500@N00/5863249502
f_4972397149,woody1778a,"MOTORCYCLE PLATES ---DISPLAY BOARD #3, USA and POSSESSIONS",CC BY-SA 2.0,https://creativecommons.org/licenses/by-sa/2.0/,https://www.flickr.com/photos/9816248@N03/4972397149
f_6900624530,jurvetson,3D Printed Motorcycle,CC BY 2.0,https://creativecommons.org/licenses/by/2.0/,https://www.flickr.com/photos/44124348109@N01/6900624530
f_13667211083,driver Photographer,Motorcycling in April.,CC BY-SA 2.0,https://creativecommons.org/licenses/by-sa/2.0/,https://www.flickr.com/photos/72334647@N03/13667211083
f_5953313925,ronsaunders47,THE MONDIAL MOTORCYCLE. ITALY.,CC BY-SA 2.0,https://creativecommons.org/licenses/by-sa/2.0/,https://www.flickr.com/photos/46781500@N00/5953313925
f_5351300311,ronsaunders47,THE EXCELSIOR MOTORCYCLE. 250cc TWO STROKE TWIN. UK,CC BY-SA 2.0,https://creativecommons.org/licenses/by-sa/2.0/,https://www.flickr.com/photos/46781500@N00/5351300311
f_22696167804,Ed Yourdon,Motorcycle man,CC BY-NC-SA 2.0,https://creativecommons.org/licenses/by-nc-sa/2.0/,https://www.flickr.com/photos/72098626@N00/22696167804
f_8111835848,StateofIsrael,Street Food Festival,CC BY-SA 2.0,https://creativecommons.org/licenses/by-sa/2.0/,https://www.flickr.com/photos/86083886@N02/8111835848
f_7165844647,Public Places,Street Food,CC BY 2.0,https://creativecommons.org/licenses/by/2.0/,https://www.flickr.com/photos/78019868@N05/7165844647
f_14607976179,Yiannis Chatzitheodorou,Palermo street food,CC BY-NC-SA 2.0,https://creativecommons.org/licenses/by-nc-sa/2.0/,https://www.flickr.com/photos/95827733@N07/14607976179
f_7094974491,David McKelvey,"Morning Glory Street Food Restaurant and Cooking School, Hoi An, Vietnam",CC BY 2.0,https://creativecommons.org/licenses/by/2.0/,https://www.flickr.com/photos/94735786@N00/7094974491
f_38449582436,mripp,Street Food,CC BY 2.0,https://creativecommons.org/licenses/by/2.0/,https://www.flickr.com/photos/56218409@N03/38449582436
f_6587339803,avlxyz,Thai Street Food at Kao Gaeng Thai,CC BY-NC-SA 2.0,https://creativecommons.org/licenses/by-nc-sa/2.0/,https://www.flickr.com/photos/10559879@N00/6587339803
f_8111835396,StateofIsrael,Street Food Festival,CC BY-SA 2.0,https://creativecommons.org/licenses/by-sa/2.0/,https://www.flickr.com/photos/86083886@N02/8111835396
f_6723032923,illuminaut,Street Food in Asakusa,CC BY-NC-SA 2.0,https://creativecommons.org/licenses/by-nc-sa/2.0/,https://www.flickr.com/photos/21611336@N00/6723032923
f_18573144006,VisitEstonia,Telliskivi Street Food Festival,CC BY-NC-SA 2.0,https://creativecommons.org/licenses/by-nc-sa/2.0/,https://www.flickr.com/photos/78660462@N05/18573144006
f_16031421543,Yiannis Chatzitheodorou,Palermo street food #2,CC BY-NC 2.0,https://creativecommons.org/licenses/by-nc/2.0/,https://www.flickr.com/photos/95827733@N07/16031421543
f_32548205264,PiktourUK,Hoi An Street Food Seller Impression,CC BY 2.0,https://creativecommons.org/licenses/by/2.0/,https://www.flickr.com/photos/69706441@N03/32548205264
f_6072046960,Gary Soup,Ernesto Hernandez-Lopez at Street Food Conference,CC BY 2.0,https://creativecommons.org/licenses/by/2.0/,https://www.flickr.com/photos/87117631@N00/6072046960
f_5730269676,j.o.h.n. walker,street food,CC BY 2.0,https://creativecommons.org/licenses/by/2.0/,https://www.flickr.com/photos/8047702@N07/5730269676
f_3561829122,Oran Viriyincy,Portland Street Food,CC BY-SA 2.0,https://creativecommons.org/licenses/by-sa/2.0/,https://www.flickr.com/photos/95482862@N00/3561829122
f_3183238128,lorises,Pav bhaji ... an Indian street food,CC BY-NC-SA 2.0,https://creativecommons.org/licenses/by-nc-sa/2.0/,https://www.flickr.com/photos/52569650@N00/3183238128
f_4253415952,DesheBoard,Street food in Hanoi,CC BY 2.0,https://creativecommons.org/licenses/by/2.0/,https://www.flickr.com/photos/30458313@N03/4253415952
f_10034054784,akio.takemoto,Street food,CC BY-SA 2.0,https://creativecommons.org/licenses/by-sa/2.0/,https://www.flickr.com/photos/30719244@N06/10034054784
f_3365837444,MIT-Libraries,"Massachusetts Avenue, Central Square, Essex Street to Norfolk Street, Food Stores at right, 11:45 A.M. to 3:00 P.M.",CC BY-NC 2.0,https://creativecommons.org/licenses/by-nc/2.0/,https://www.flickr.com/photos/8057117@N03/3365837444
f_8111833115,StateofIsrael,Street Food Festival,CC BY-SA 2.0,https://creativecommons.org/licenses/by-sa/2.0/,https://www.flickr.com/photos/86083886@N02/8111833115
f_8111839182,StateofIsrael,Street Food Festival,CC BY-SA 2.0,https://creativecommons.org/licenses/by-sa/2.0/,https://www.flickr.com/photos/86083886@N02/8111839182
f_2867910940,erix!,Home Cooking 1,CC BY 2.0,https://creativecommons.org/licenses/by/2.0/,https://www.flickr.com/photos/68387408@N00/2867910940
f_8858448076,lavishlylush,Home cooking,CC BY-NC-SA 2.0,https://creativecommons.org/licenses/by-nc-sa/2.0/,https://www.flickr.com/photos/51413187@N05/8858448076
f_452475110,Hc_07,home cooking?,CC BY-NC 2.0,https://creativecommons.org/licenses/by-nc/2.0/,https://www.flickr.com/photos/82684220@N00/452475110
f_2804335829,Kent Wang,"Maria's home cooking: bratwurst, sauerkraut",CC BY-SA 2.0,https://creativecommons.org/licenses/by-sa/2.0/,https://www.flickr.com/photos/27454212@N00/2804335829
f_14204262131,Beach650,Home-cooked Food,CC BY-NC 2.0,https://creativecommons.org/licenses/by-nc/2.0/,https://www.flickr.com/photos/88364173@N00/14204262131
f_112620103,nickgraywfu,Americana - Home Cooking,CC BY-SA 2.0,https://creativecommons.org/licenses/by-sa/2.0/,https://www.flickr.com/photos/35034365374@N01/112620103
f_5548155935,The Recipe Drawer,Home Cooked Supper,CC BY 2.0,https://creativecommons.org/licenses/by/2.0/,https://www.flickr.com/photos/30309750@N08/5548155935
f_5687072955,jbcurio,"Vintage Ad #1,504: Businessmen Who Want a Home Cooked Meal",CC BY-NC 2.0,https://creativecommons.org/licenses/by-nc/2.0/,https://www.flickr.com/photos/69131582@N00/5687072955
f_2185224530,Kirti Poddar,Home cooked chinese food with Basmati Rice,CC BY-NC-SA 2.0,https://creativecommons.org/licenses/by-nc-sa/2.0/,https://www.flickr.com/photos/22598380@N07/2185224530
f_40240036,avlxyz,Salmon and Vegies - Home Cooking,CC BY-SA 2.0,https://creativecommons.org/licenses/by-sa/2.0/,https://www.flickr.com/photos/10559879@N00/40240036
f_8192282921,edenpictures,Odessa Home Cooking,CC BY 2.0,https://creativecommons.org/licenses/by/2.0/,https://www.flickr.com/photos/10485077@N06/8192282921
f_8303403050,eekim,Home Cooked Meal in Hawaii,CC BY 2.0,https://creativecommons.org/licenses/by/2.0/,https://www.flickr.com/photos/63669472@N00/8303403050
f_50244369172,Zach K,American Diner Home Cooking,CC BY-NC 2.0,https://creativecommons.org/licenses/by-nc/2.0/,https://www.flickr.com/photos/98411817@N00/50244369172
f_6982374003,Kollage Kid,Real Home Cooking,CC BY-NC-SA 2.0,https://creativecommons.org/licenses/by-nc-sa/2.0/,https://www.flickr.com/photos/21133841@N03/6982374003
f_8367052739,Boston Public Library,"Rose Motel & Restaurant, home cooked Italian Spaghetti, U. S. Highway 301 -- 1 1/2 mile south of -- Jesup, Georgia",CC BY 2.0,https://creativecommons.org/licenses/by/2.0/,https://www.flickr.com/photos/24029425@N06/8367052739
f_15906869847,jonapark,Home cooking,CC BY 2.0,https://creativecommons.org/licenses/by/2.0/,https://www.flickr.com/photos/93493277@N02/15906869847
f_30290708071,&y,Another long day of home-wrangling under our belt. Now for a home/cooked meal. #836pm,CC BY-NC-SA 2.0,https://creativecommons.org/licenses/by-nc-sa/2.0/,https://www.flickr.com/photos/35034360223@N01/30290708071
f_6321334092,DocGeek,Home Cooking: Shrimp Carbonara,CC BY-NC-SA 2.0,https://creativecommons.org/licenses/by-nc-sa/2.0/,https://www.flickr.com/photos/52193831@N07/6321334092
f_1378096132,notphilatall,First home-cooked dinner,CC BY-SA 2.0,https://creativecommons.org/licenses/by-sa/2.0/,https://www.flickr.com/photos/8517358@N08/1378096132
f_8367052597,Boston Public Library,"Royce Motel & Restaurant, home cooked Italian spaghetti, U.S. Highway 301 . . . 1 1/2 miles south of . . . Jesup, Georgia",CC BY 2.0,https://creativecommons.org/licenses/by/2.0/,https://www.flickr.com/photos/24029425@N06/8367052597
f_39245146715,Broverlanding_Tacoma,beach day,CC BY-NC 2.0,https://creativecommons.org/licenses/by-nc/2.0/,https://www.flickr.com/photos/84271012@N00/39245146715
f_39245139285,Broverlanding_Tacoma,beach day,CC BY-NC 2.0,https://creativecommons.org/licenses/by-nc/2.0/,https://www.flickr.com/photos/84271012@N00/39245139285
f_2644303178,moonjazz,Beach Days on Mars,CC BY 2.0,https://creativecommons.org/licenses/by/2.0/,https://www.flickr.com/photos/8398907@N02/2644303178
f_25023233676,davitydave,"Beach Day: Dig a Hole, Sit in a Hole",CC BY-NC 2.0,https://creativecommons.org/licenses/by-nc/2.0/,https://www.flickr.com/photos/79781814@N00/25023233676
f_9347406119,rdmarsh,Beach day,CC BY 2.0,https://creativecommons.org/licenses/by/2.0/,https://www.flickr.com/photos/57018633@N04/9347406119
f_396874380,ahisgett,Sailing into the sunset Fanabe beach Day 3,CC BY 2.0,https://creativecommons.org/licenses/by/2.0/,https://www.flickr.com/photos/37804979@N00/396874380
f_14409206039,rcolonna,Typical Brazilian Beach Day,CC BY-NC-SA 2.0,https://creativecommons.org/licenses/by-nc-sa/2.0/,https://www.flickr.com/photos/78235800@N00/14409206039
f_1001647564,debaird™,beach day,CC BY-SA 2.0,https://creativecommons.org/licenses/by-sa/2.0/,https://www.flickr.com/photos/48889107219@N01/1001647564
f_36139092070,GdeB fotografeert,Beach Day,CC BY-NC 2.0,https://creativecommons.org/licenses/by-nc/2.0/,https://www.flickr.com/photos/28275115@N03/36139092070
f_8580110227,rcastag,Windward Beach Day,CC BY-NC-SA 2.0,https://creativecommons.org/licenses/by-nc-sa/2.0/,https://www.flickr.com/photos/85242853@N00/8580110227
f_16002367378,josha0007,Beach Day 03.1.15-14,CC BY 2.0,https://creativecommons.org/licenses/by/2.0/,https://www.flickr.com/photos/125033769@N02/16002367378
f_26270537088,Broverlanding_Tacoma,beach day,CC BY-NC 2.0,https://creativecommons.org/licenses/by-nc/2.0/,https://www.flickr.com/photos/84271012@N00/26270537088
f_4781926491,aloshbennett,Beach day,CC BY 2.0,https://creativecommons.org/licenses/by/2.0/,https://www.flickr.com/photos/13203757@N00/4781926491
f_7319063980,Mary L Plunkett,Beach Day,CC BY 2.0,https://creativecommons.org/licenses/by/2.0/,https://www.flickr.com/photos/88192540@N00/7319063980
f_16189826755,josha0007,Beach Day 03.1.15-13,CC BY 2.0,https://creativecommons.org/licenses/by/2.0/,https://www.flickr.com/photos/125033769@N02/16189826755
f_10233541303,Robert Scoble,Great stop on a beach day. — with Maryam,CC BY 2.0,https://creativecommons.org/licenses/by/2.0/,https://www.flickr.com/photos/35034363287@N01/10233541303
f_6495463501,Rusty Russ,Beach Day in Late December Sun,CC BY-NC-SA 2.0,https://creativecommons.org/licenses/by-nc-sa/2.0/,https://www.flickr.com/photos/10159247@N04/6495463501
f_39245152905,Broverlanding_Tacoma,beach day,CC BY-NC 2.0,https://creativecommons.org/licenses/by-nc/2.0/,https://www.flickr.com/photos/84271012@N00/39245152905
f_6280744989,wannablibrarian,Santa Monica Beach Day,CC BY-SA 2.0,https://creativecommons.org/licenses/by-sa/2.0/,https://www.flickr.com/photos/69070634@N08/6280744989
f_3761246104,keepitsurreal,Beach Day,CC BY-SA 2.0,https://creativecommons.org/licenses/by-sa/2.0/,https://www.flickr.com/photos/14558526@N03/3761246104
f_8645723913,gomagoti,Allic's 1st birthday party,CC BY-SA 2.0,https://creativecommons.org/licenses/by-sa/2.0/,https://www.flickr.com/photos/41394394@N02/8645723913
f_17260126389,eevblog,Octonauts Birthday Cake 9,CC BY 2.0,https://creativecommons.org/licenses/by/2.0/,https://www.flickr.com/photos/58072483@N02/17260126389
f_237379252,efleming,Sharing birthday cake.,CC BY 2.0,https://creativecommons.org/licenses/by/2.0/,https://www.flickr.com/photos/68105231@N00/237379252
f_5963893657,Trish Hamme,"Happy Birthday , My Beautiful Girl~~Explore # 447",CC BY 2.0,https://creativecommons.org/licenses/by/2.0/,https://www.flickr.com/photos/33152876@N08/5963893657
f_5402313112,erase,Belated birthday party,CC BY-NC 2.0,https://creativecommons.org/licenses/by-nc/2.0/,https://www.flickr.com/photos/24256726@N00/5402313112
f_4390737616,Aih.,birthday,CC BY 2.0,https://creativecommons.org/licenses/by/2.0/,https://www.flickr.com/photos/9483737@N05/4390737616
f_26903429590,antonychammond,Birthday Boy!,CC BY-NC-SA 2.0,https://creativecommons.org/licenses/by-nc-sa/2.0/,https://www.flickr.com/photos/8525214@N06/26903429590
f_210467069,Alan Light,Oprah at her 50th birthday party,CC BY 2.0,https://creativecommons.org/licenses/by/2.0/,https://www.flickr.com/photos/42274165@N00/210467069
f_6920330816,ShardsOfBlue,Julie's Pinterest Birthday Party,CC BY-SA 2.0,https://creativecommons.org/licenses/by-sa/2.0/,https://www.flickr.com/photos/9350569@N08/6920330816
f_2311733808,Theresa Thompson,Birthday Cake,CC BY 2.0,https://creativecommons.org/licenses/by/2.0/,https://www.flickr.com/photos/22998854@N02/2311733808
f_2930346554,ginnerobot,birthday cupcake! (with peanut butter buttercream frosting),CC BY-SA 2.0,https://creativecommons.org/licenses/by-sa/2.0/,https://www.flickr.com/photos/78011127@N00/2930346554
f_2851024109,Najwa Marafie - Free Photographer,Happy Birthday BaNaFsaJ,CC BY-SA 2.0,https://creativecommons.org/licenses/by-sa/2.0/,https://www.flickr.com/photos/68061227@N00/2851024109
f_3705798755,MarkScottAustinTX,Rachel's Birthday Swim Party,CC BY-SA 2.0,https://creativecommons.org/licenses/by-sa/2.0/,https://www.flickr.com/photos/57185608@N00/3705798755
f_3706654282,MarkScottAustinTX,Rachel's Birthday Swim Party,CC BY-SA 2.0,https://creativecommons.org/licenses/by-sa/2.0/,https://www.flickr.com/photos/57185608@N00/3706654282
f_3706833540,MarkScottAustinTX,Rachel's Birthday Swim Party,CC BY-SA 2.0,https://creativecommons.org/licenses/by-sa/2.0/,https://www.flickr.com/photos/57185608@N00/3706833540
f_5754481003,Droid Gingerbread,Birthday gifts,CC BY 2.0,https://creativecommons.org/licenses/by/2.0/,https://www.flickr.com/photos/63259711@N04/5754481003
f_3705731233,MarkScottAustinTX,Rachel's Birthday Swim Party,CC BY-SA 2.0,https://creativecommons.org/licenses/by-sa/2.0/,https://www.flickr.com/photos/57185608@N00/3705731233
f_3706616800,MarkScottAustinTX,Rachel's Birthday Swim Party,CC BY-SA 2.0,https://creativecommons.org/licenses/by-sa/2.0/,https://www.flickr.com/photos/57185608@N00/3706616800
f_3705848733,MarkScottAustinTX,Rachel's Birthday Swim Party,CC BY-SA 2.0,https://creativecommons.org/licenses/by-sa/2.0/,https://www.flickr.com/photos/57185608@N00/3705848733
f_4070275719,clevercupcakes,Princess Emma's Birthday Cake,CC BY 2.0,https://creativecommons.org/licenses/by/2.0/,https://www.flickr.com/photos/12803689@N02/4070275719
f_2680939150,Luke Wisley,Hiking,CC BY 2.0,https://creativecommons.org/licenses/by/2.0/,https://www.flickr.com/photos/66695118@N00/2680939150
f_32593961475,@CarShowShooter,Warren Wilson College Hiking Trails,CC BY-NC-SA 2.0,https://creativecommons.org/licenses/by-nc-sa/2.0/,https://www.flickr.com/photos/77363333@N08/32593961475
f_31647121264,@CarShowShooter,Hiking Trail on Warren Wilson College Property,CC BY-NC-SA 2.0,https://creativecommons.org/licenses/by-nc-sa/2.0/,https://www.flickr.com/photos/77363333@N08/31647121264
f_3561421265,Trey Ratcliff,"A cool waterfall to relax at during the hike, and a new Newsletter!",CC BY-NC-SA 2.0,https://creativecommons.org/licenses/by-nc-sa/2.0/,https://www.flickr.com/photos/95572727@N00/3561421265
f_1583081273,Al_HikesAZ,Hiking to Secret Canyon in Sedona Arizona,CC BY-NC 2.0,https://creativecommons.org/licenses/by-nc/2.0/,https://www.flickr.com/photos/7202153@N03/1583081273
f_8982521338,Lake Mead National Recreation Area,Hiking,CC BY-SA 2.0,https://creativecommons.org/licenses/by-sa/2.0/,https://www.flickr.com/photos/30839029@N05/8982521338
f_19094201398,Bautz Adventure,#hiking,CC BY 2.0,https://creativecommons.org/licenses/by/2.0/,https://www.flickr.com/photos/130811041@N04/19094201398
f_18661293023,Bautz Adventure,#hiking,CC BY 2.0,https://creativecommons.org/licenses/by/2.0/,https://www.flickr.com/photos/130811041@N04/18661293023
f_19915712028,Bautz Adventure,#hiking,CC BY 2.0,https://creativecommons.org/licenses/by/2.0/,https://www.flickr.com/photos/130811041@N04/19915712028
f_19547474830,Bautz Adventure,#hiking,CC BY 2.0,https://creativecommons.org/licenses/by/2.0/,https://www.flickr.com/photos/130811041@N04/19547474830
f_19112200964,Bautz Adventure,#hiking,CC BY 2.0,https://creativecommons.org/licenses/by/2.0/,https://www.flickr.com/photos/130811041@N04/19112200964
f_19281777555,Bautz Adventure,#hiking,CC BY 2.0,https://creativecommons.org/licenses/by/2.0/,https://www.flickr.com/photos/130811041@N04/19281777555
f_19546764620,Bautz Adventure,#hiking,CC BY 2.0,https://creativecommons.org/licenses/by/2.0/,https://www.flickr.com/photos/130811041@N04/19546764620
f_20105805585,Bautz Adventure,#hiking,CC BY 2.0,https://creativecommons.org/licenses/by/2.0/,https://www.flickr.com/photos/130811041@N04/20105805585
f_14054243509,DenaliNPS,Hiking the Savage River Loop Trail,CC BY 2.0,https://creativecommons.org/licenses/by/2.0/,https://www.flickr.com/photos/57557144@N06/14054243509
f_19917828640,Bautz Adventure,#hiking,CC BY 2.0,https://creativecommons.org/licenses/by/2.0/,https://www.flickr.com/photos/130811041@N04/19917828640
f_2229660080,Jo Simon,Hike,CC BY 2.0,https://creativecommons.org/licenses/by/2.0/,https://www.flickr.com/photos/49194777@N00/2229660080
f_19094215060,Bautz Adventure,#hiking,CC BY 2.0,https://creativecommons.org/licenses/by/2.0/,https://www.flickr.com/photos/130811041@N04/19094215060
f_14700182324,Nicholas_T,Early-Morning Hike (1),CC BY 2.0,https://creativecommons.org/licenses/by/2.0/,https://www.flickr.com/photos/14922165@N00/14700182324
f_182206645,Dru!,Hiking Out From Rexford,CC BY-NC 2.0,https://creativecommons.org/licenses/by-nc/2.0/,https://www.flickr.com/photos/36543076@N00/182206645
f_5345116700,Imahinasyon Photography,Hiroshima City Street Photography,CC BY 2.0,https://creativecommons.org/licenses/by/2.0/,https://www.flickr.com/photos/53884652@N03/5345116700
f_19667745433,Steven Pisano,New York City Street Scenes - Two Young Men Having a Picture Taken with Body-Painted Women in Times Square,CC BY 2.0,https://creativecommons.org/licenses/by/2.0/,https://www.flickr.com/photos/45776673@N04/19667745433
f_3013481733,skeddy in NYC,arte cafe new york city street scene shot - work from home break,CC BY 2.0,https://creativecommons.org/licenses/by/2.0/,https://www.flickr.com/photos/63854529@N00/3013481733
f_52185958813,Timothy Valentine,city streets,CC BY-NC-SA 2.0,https://creativecommons.org/licenses/by-nc-sa/2.0/,https://www.flickr.com/photos/92686475@N00/52185958813
f_20459036592,Steven Pisano,New York City Street Scenes - Young Woman Eating a Candy Apple on Madison Avenue,CC BY 2.0,https://creativecommons.org/licenses/by/2.0/,https://www.flickr.com/photos/45776673@N04/20459036592
f_24446003304,Steven Pisano,New York City Street Scenes - Subway Wall at 168th Street,CC BY 2.0,https://creativecommons.org/licenses/by/2.0/,https://www.flickr.com/photos/45776673@N04/24446003304
f_3957209226,Gareth1953 All Right Now,Samos City Street Lights - Sept 2009,CC BY 2.0,https://creativecommons.org/licenses/by/2.0/,https://www.flickr.com/photos/40837632@N05/3957209226
f_6121000351,Trevor Butcher - Artist,City Street Racing,CC BY 2.0,https://creativecommons.org/licenses/by/2.0/,https://www.flickr.com/photos/27888428@N00/6121000351
f_4056053019,Mr Thinktank,"City Streets on a rainy day in Dunedin, New Zealand",CC BY 2.0,https://creativecommons.org/licenses/by/2.0/,https://www.flickr.com/photos/34621580@N00/4056053019
f_3382783006,MIT-Libraries,"Aerial View, Copley Square East, City Streets, Large Traffic Triangle, Trinity Church, New England Mutual, John Hancock Building, Edge of Boston Public Gardens at Top of Photograph",CC BY-NC 2.0,https://creativecommons.org/licenses/by-nc/2.0/,https://www.flickr.com/photos/8057117@N03/3382783006
f_19363912333,Steven Pisano,"New York City Street Scenes - Business Man and Business Woman Eating Ice Cream Cones, Chinatown",CC BY 2.0,https://creativecommons.org/licenses/by/2.0/,https://www.flickr.com/photos/45776673@N04/19363912333
f_313798744,yewenyi,city streets,CC BY-NC 2.0,https://creativecommons.org/licenses/by-nc/2.0/,https://www.flickr.com/photos/30265340@N00/313798744
f_19667616963,Steven Pisano,New York City Street Scenes - Young Girl Crying on Fifth Avenue,CC BY 2.0,https://creativecommons.org/licenses/by/2.0/,https://www.flickr.com/photos/45776673@N04/19667616963
f_46880159275,r.a. paterson,city street (dine around town),CC BY-NC-SA 2.0,https://creativecommons.org/licenses/by-nc-sa/2.0/,https://www.flickr.com/photos/35667267@N00/46880159275
f_5967171097,AstroSamantha,Star City Street Sign,CC BY 2.0,https://creativecommons.org/licenses/by/2.0/,https://www.flickr.com/photos/65541944@N07/5967171097
f_15673883278,danielfoster437,City Street,CC BY-NC-SA 2.0,https://creativecommons.org/licenses/by-nc-sa/2.0/,https://www.flickr.com/photos/17423713@N03/15673883278
f_27101764800,seanbonner,south east cities streets,CC BY-NC-SA 2.0,https://creativecommons.org/licenses/by-nc-sa/2.0/,https://www.flickr.com/photos/35237098986@N01/27101764800
f_9364532828,Wonderlane,"Stay back 50ft, snow removal with snow grators, 6 wheeled tractors plowing snow from city streets, cloudy day, mid-winter, Anchorage, Alaska, USA",CC BY 2.0,https://creativecommons.org/licenses/by/2.0/,https://www.flickr.com/photos/71401718@N00/9364532828
f_8494421526,BrickinNick,City Street (5),CC BY-NC 2.0,https://creativecommons.org/licenses/by-nc/2.0/,https://www.flickr.com/photos/21134226@N06/8494421526
f_6175128234,dancelilsister,Chapter 18.2 New York City Street,CC BY-NC-SA 2.0,https://creativecommons.org/licenses/by-nc-sa/2.0/,https://www.flickr.com/photos/10097145@N08/6175128234
f_12010661504,suetabulous,Corgi Pet Puppy @seasons story *BUGS FIXED v1.2,CC BY-NC 2.0,https://creativecommons.org/licenses/by-nc/2.0/,https://www.flickr.com/photos/35620936@N06/12010661504
f_3870072921,Anirudh Koul,Pet Shop Boys Concert (Montreal),CC BY-NC 2.0,https://creativecommons.org/licenses/by-nc/2.0/,https://www.flickr.com/photos/84856173@N00/3870072921
f_953567966,Cyberslayer,Guinea Pigs at Pets Corner,CC BY-NC-SA 2.0,https://creativecommons.org/licenses/by-nc-sa/2.0/,https://www.flickr.com/photos/90514086@N00/953567966
f_7151522297,USAG-Humphreys,"Pet Fest - U.S. Army Garrison Humphreys, South Korea - 5 May 2012",CC BY 2.0,https://creativecommons.org/licenses/by/2.0/,https://www.flickr.com/photos/31687107@N07/7151522297
f_7151482661,USAG-Humphreys,"Pet Fest - U.S. Army Garrison Humphreys, South Korea - 5 May 2012",CC BY 2.0,https://creativecommons.org/licenses/by/2.0/,https://www.flickr.com/photos/31687107@N07/7151482661
f_2809215743,Ed Yourdon,"Stop petting me, and gimme some of that food!",CC BY-NC-SA 2.0,https://creativecommons.org/licenses/by-nc-sa/2.0/,https://www.flickr.com/photos/72098626@N00/2809215743
f_30596651332,MarkScottAustinTX,Austin Pet Expo,CC BY-SA 2.0,https://creativecommons.org/licenses/by-sa/2.0/,https://www.flickr.com/photos/57185608@N00/30596651332
f_35025280746,MarkScottAustinTX,SXSW Pet Rescue Lounge at Cedar Street,CC BY-SA 2.0,https://creativecommons.org/licenses/by-sa/2.0/,https://www.flickr.com/photos/57185608@N00/35025280746
f_5900601222,donjd2,Commodore Pet Computer,CC BY 2.0,https://creativecommons.org/licenses/by/2.0/,https://www.flickr.com/photos/28156071@N00/5900601222
f_2146771586,TunnelBug,Neverland Petting Zoo Sign,CC BY-NC 2.0,https://creativecommons.org/licenses/by-nc/2.0/,https://www.flickr.com/photos/25078342@N00/2146771586
f_20366390013,DonkeyHotey,Donald Trump Seed Pet - The Greatest Seed Pet Ever!,CC BY-SA 2.0,https://creativecommons.org/licenses/by-sa/2.0/,https://www.flickr.com/photos/47422005@N04/20366390013
f_211924140,Boris from Vienna,Bush & Abdullah while petting,CC BY 2.0,https://creativecommons.org/licenses/by/2.0/,https://www.flickr.com/photos/57276642@N00/211924140
f_2911868961,FaceMePLS,Pets’ Day 2008,CC BY 2.0,https://creativecommons.org/licenses/by/2.0/,https://www.flickr.com/photos/38891071@N00/2911868961
f_2515936612,Daveness_98,Sicilian pet,CC BY 2.0,https://creativecommons.org/licenses/by/2.0/,https://www.flickr.com/photos/31216636@N00/2515936612
f_20250554894,MarkScottAustinTX,Austin Pet Expo,CC BY-SA 2.0,https://creativecommons.org/licenses/by-sa/2.0/,https://www.flickr.com/photos/57185608@N00/20250554894
f_4462185144,Vivatier,Concept photo of a pet rodent in a wine glass,CC BY-SA 2.0,https://creativecommons.org/licenses/by-sa/2.0/,https://www.flickr.com/photos/37422284@N02/4462185144
f_15636300633,www.ilmicrofono.it,"veterinary clinic,pet clinic,pet,adult, animal, app, application, background, canine, care, computer, consultation, cute, doc, doctor, dog, drugs, exam, examining, female, girl, health, hispanic, internet, isolated, labrador, latin,",CC BY 2.0,https://creativecommons.org/licenses/by/2.0/,https://www.flickr.com/photos/115089924@N02/15636300633
f_10155563606,simpleinsomnia,Woman sits with her pet pit bull dog,CC BY 2.0,https://creativecommons.org/licenses/by/2.0/,https://www.flickr.com/photos/95329455@N02/10155563606
f_6205670737,doncarlo,Pet,CC BY-NC-SA 2.0,https://creativecommons.org/licenses/by-nc-sa/2.0/,https://www.flickr.com/photos/29127978@N00/6205670737
f_8446357254,Shreveport-Bossier: Louisiana's Other Side,"Krewe of Barkus and Meoux Pet Parade, Shreveport, LA",CC BY 2.0,https://creativecommons.org/licenses/by/2.0/,https://www.flickr.com/photos/57902140@N08/8446357254
f_8034442704,Jeremy Levine Design,Grey Water Garden,CC BY 2.0,https://creativecommons.org/licenses/by/2.0/,https://www.flickr.com/photos/25186605@N04/8034442704
f_52158725027,Onasill - Bill Badzo - 149 Million Views - Thank Y,Sonnenberg Gardens & Mansion Historic Park ~ Canandaigua NY - Pink Orchids,CC BY-NC-SA 2.0,https://creativecommons.org/licenses/by-nc-sa/2.0/,https://www.flickr.com/photos/7156765@N05/52158725027
f_8570416286,Manish Prabhune,"Japanese moms with their camera gear at Hamarikyu gardens, Tokyo",CC BY 2.0,https://creativecommons.org/licenses/by/2.0/,https://www.flickr.com/photos/53903864@N00/8570416286
f_166405949,Gavin Anderson,bruno's sculpture garden,CC BY-SA 2.0,https://creativecommons.org/licenses/by-sa/2.0/,https://www.flickr.com/photos/48292998@N00/166405949
f_2648345303,Joel Abroad,"Solanum mammosum, nipple fruit, Foster Botanical Garden, Honolulu",CC BY-NC-SA 2.0,https://creativecommons.org/licenses/by-nc-sa/2.0/,https://www.flickr.com/photos/40295335@N00/2648345303
f_30048662917,Gareth1953 All Right Now,Please Sir Can I Have Some More? - Redhill Garden - Aug 2018,CC BY 2.0,https://creativecommons.org/licenses/by/2.0/,https://www.flickr.com/photos/40837632@N05/30048662917
f_6230918947,Alan Stanton,Children's Library Garden - Laid Out,CC BY-SA 2.0,https://creativecommons.org/licenses/by-sa/2.0/,https://www.flickr.com/photos/53921762@N00/6230918947
f_40899514061,Paladin27,Butterfly at the gardens,CC BY-NC 2.0,https://creativecommons.org/licenses/by-nc/2.0/,https://www.flickr.com/photos/98227537@N00/40899514061
f_2486156939,hortulus,the garden party,CC BY 2.0,https://creativecommons.org/licenses/by/2.0/,https://www.flickr.com/photos/15845498@N00/2486156939
f_12381690675,serenithyme,Garden Revisited,CC BY-NC 2.0,https://creativecommons.org/licenses/by-nc/2.0/,https://www.flickr.com/photos/28664767@N00/12381690675
f_52160383508,Onasill - Bill Badzo - 149 Million Views - Thank Y,Sonnenberg Gardens & Mansion Historic Park ~ Canandaigua NY - Cluster of Red Flowers,CC BY-NC-SA 2.0,https://creativecommons.org/licenses/by-nc-sa/2.0/,https://www.flickr.com/photos/7156765@N05/52160383508
f_7806044,Dave - aka Emptybelly,In an English Country Garden...,CC BY-NC 2.0,https://creativecommons.org/licenses/by-nc/2.0/,https://www.flickr.com/photos/40955206@N00/7806044
f_5543062417,horrigans,Gardening tools,CC BY-NC 2.0,https://creativecommons.org/licenses/by-nc/2.0/,https://www.flickr.com/photos/8495857@N04/5543062417
f_250729883,brewbooks,Isabelle Greene Garden Design,CC BY-SA 2.0,https://creativecommons.org/licenses/by-sa/2.0/,https://www.flickr.com/photos/93452909@N00/250729883
f_4589516102,Except Integrated Sustainability,"Food Gardens, Channels, Vertical Farms - Shanghai Sustainable Masterplan",CC BY-SA 2.0,https://creativecommons.org/licenses/by-sa/2.0/,https://www.flickr.com/photos/34167678@N00/4589516102
f_51651310313,jim.choate59,Japanese Garden 1754 B (Explored),CC BY-NC 2.0,https://creativecommons.org/licenses/by-nc/2.0/,https://www.flickr.com/photos/137864562@N06/51651310313
f_52459615789,Al_HikesAZ,Chihuly Entry Exhibit - Desert Botanical Garden,CC BY-NC 2.0,https://creativecommons.org/licenses/by-nc/2.0/,https://www.flickr.com/photos/7202153@N03/52459615789
f_5421533252,Vilseskogen,rose garden,CC BY-NC 2.0,https://creativecommons.org/licenses/by-nc/2.0/,https://www.flickr.com/photos/27632962@N04/5421533252
f_52467909565,Al_HikesAZ,Crested Whortleberry Cactus - Desert Botanical Garden,CC BY-NC 2.0,https://creativecommons.org/licenses/by-nc/2.0/,https://www.flickr.com/photos/7202153@N03/52467909565
f_250728612,brewbooks,01_0006 Isabelle Greene Garden Design,CC BY-SA 2.0,https://creativecommons.org/licenses/by-sa/2.0/,https://www.flickr.com/photos/93452909@N00/250728612
f_8142526823,EcoIslandLife,Kitchen Cabinets,CC BY 2.0,https://creativecommons.org/licenses/by/2.0/,https://www.flickr.com/photos/89484852@N06/8142526823
f_8286396576,GLdesignBuild,"Kitchen Remodeling @ Centreville, VA",CC BY 2.0,https://creativecommons.org/licenses/by/2.0/,https://www.flickr.com/photos/90832744@N05/8286396576
f_4631195155,Bods,New Kitchen,CC BY-SA 2.0,https://creativecommons.org/licenses/by-sa/2.0/,https://www.flickr.com/photos/54741099@N00/4631195155
f_3681729838,Kollage Kid,Kitchen Massage,CC BY-NC-SA 2.0,https://creativecommons.org/licenses/by-nc-sa/2.0/,https://www.flickr.com/photos/21133841@N03/3681729838
f_14761033486,larkandlarks,Apex Cottage Arch White Kitchen,CC BY-NC 2.0,https://creativecommons.org/licenses/by-nc/2.0/,https://www.flickr.com/photos/124705972@N06/14761033486
f_1491255731,Gardening Solutions,Kitchen garden at Bolen residence,CC BY-NC 2.0,https://creativecommons.org/licenses/by-nc/2.0/,https://www.flickr.com/photos/9093880@N03/1491255731
f_5410477507,williamskitchenbath,Designed by Williams Kitchen & Bath,CC BY 2.0,https://creativecommons.org/licenses/by/2.0/,https://www.flickr.com/photos/56473047@N05/5410477507
f_4001362176,Scott SM,Kitchen,CC BY-NC 2.0,https://creativecommons.org/licenses/by-nc/2.0/,https://www.flickr.com/photos/21444820@N02/4001362176
f_2427994414,craftapalooza,kitchen,CC BY-NC 2.0,https://creativecommons.org/licenses/by-nc/2.0/,https://www.flickr.com/photos/77245385@N00/2427994414
f_62012878,Apreche,Kitchen,CC BY 2.0,https://creativecommons.org/licenses/by/2.0/,https://www.flickr.com/photos/12777841@N00/62012878
f_23695008,Wonderlane,"Cooking area, valance, vintage French toile plates, kitchen display, fresh apple pie, espresso coffee maker, mirrors, laundryroom, Seattle, Washington, USA",CC BY-NC 2.0,https://creativecommons.org/licenses/by-nc/2.0/,https://www.flickr.com/photos/71401718@N00/23695008
f_9437578305,photofarmer,Kitchen Floor,CC BY 2.0,https://creativecommons.org/licenses/by/2.0/,https://www.flickr.com/photos/62528187@N00/9437578305
f_5841186008,vastateparksstaff,TL - Cabin 1 Kitchen,CC BY 2.0,https://creativecommons.org/licenses/by/2.0/,https://www.flickr.com/photos/37922399@N05/5841186008
f_2211525724,twentysixcats,Kitchen,CC BY-NC-SA 2.0,https://creativecommons.org/licenses/by-nc-sa/2.0/,https://www.flickr.com/photos/84736632@N00/2211525724
f_2313460953,zieak,Kitchen,CC BY 2.0,https://creativecommons.org/licenses/by/2.0/,https://www.flickr.com/photos/78552401@N00/2313460953
f_6012292695,Gareth1953 All Right Now,Redhill Kitchen - Aug 2011 - Button with Halo,CC BY 2.0,https://creativecommons.org/licenses/by/2.0/,https://www.flickr.com/photos/40837632@N05/6012292695
f_5410474045,williamskitchenbath,Designed by Williams Kitchen & Bath,CC BY 2.0,https://creativecommons.org/licenses/by/2.0/,https://www.flickr.com/photos/56473047@N05/5410474045
f_14455423103,larkandlarks,Apex Cambridge Kitchen,CC BY 2.0,https://creativecommons.org/licenses/by/2.0/,https://www.flickr.com/photos/124705972@N06/14455423103
f_889934105,riebschlager,kitchen,CC BY-NC 2.0,https://creativecommons.org/licenses/by-nc/2.0/,https://www.flickr.com/photos/41894193357@N01/889934105
f_7642059598,christopher.berry,Kitchen,CC BY-NC-SA 2.0,https://creativecommons.org/licenses/by-nc-sa/2.0/,https://www.flickr.com/photos/34994084@N00/7642059598
f_9045324726,slworking2,Conference call time. #wfh #geek #office #desk #nerd #programmer #workspace #workingfromhome,CC BY-NC-SA 2.0,https://creativecommons.org/licenses/by-nc-sa/2.0/,https://www.flickr.com/photos/18548283@N00/9045324726
f_2249277085,avianto,Office Desk on Friday,CC BY-NC-SA 2.0,https://creativecommons.org/licenses/by-nc-sa/2.0/,https://www.flickr.com/photos/44124422749@N01/2249277085
f_5167267622,Rochelle Hartman,office desk,CC BY 2.0,https://creativecommons.org/licenses/by/2.0/,https://www.flickr.com/photos/34756977@N00/5167267622
f_2232683319,Comicbase,My office desk,CC BY-NC 2.0,https://creativecommons.org/licenses/by-nc/2.0/,https://www.flickr.com/photos/7382882@N03/2232683319
f_8676463892,slworking2,Taco Tuesday. Geek at work. #tacotuesday #work #geek #officelife #nerd #programmer #workflow #office #desk #cubicle #workflow,CC BY-NC-SA 2.0,https://creativecommons.org/licenses/by-nc-sa/2.0/,https://www.flickr.com/photos/18548283@N00/8676463892
f_483097020,Accretion Disc,Church Office Desk,CC BY 2.0,https://creativecommons.org/licenses/by/2.0/,https://www.flickr.com/photos/23642145@N00/483097020
f_456554648,epc,epc's office & desk circa 1999,CC BY-SA 2.0,https://creativecommons.org/licenses/by-sa/2.0/,https://www.flickr.com/photos/53405303@N00/456554648
f_405192841,David Leo Veksler,Office desk,CC BY 2.0,https://creativecommons.org/licenses/by/2.0/,https://www.flickr.com/photos/45856998@N00/405192841
f_8116903762,slworking2,And now I am the spider's latest victim. #dork #programmer #cubicle #Halloween #work #office #desk #cubicle #geek #hardatwork,CC BY-NC-SA 2.0,https://creativecommons.org/licenses/by-nc-sa/2.0/,https://www.flickr.com/photos/18548283@N00/8116903762
f_995405481,jyri,"New office, desks",CC BY 2.0,https://creativecommons.org/licenses/by/2.0/,https://www.flickr.com/photos/35034362983@N01/995405481
f_3660999583,Mountain/\Ash,New Office Desks,CC BY 2.0,https://creativecommons.org/licenses/by/2.0/,https://www.flickr.com/photos/36692429@N00/3660999583
f_8705100671,slworking2,Coworkers gave me yet another desk toy. #work #geek #officelife #nerd #programmer #workflow #office #desk #cubicle #workflow #cubical,CC BY-NC-SA 2.0,https://creativecommons.org/licenses/by-nc-sa/2.0/,https://www.flickr.com/photos/18548283@N00/8705100671
f_8644403438,slworking2,Geek at work. #work #geek #office #nerd #programmer #workflow #office #desk #cubicle,CC BY-NC-SA 2.0,https://creativecommons.org/licenses/by-nc-sa/2.0/,https://www.flickr.com/photos/18548283@N00/8644403438
f_8659667622,slworking2,And now back to work mode. Geek at work. #work #geek #officelife #nerd #programmer #workflow #office #desk #cubicle #workflow,CC BY-NC-SA 2.0,https://creativecommons.org/licenses/by-nc-sa/2.0/,https://www.flickr.com/photos/18548283@N00/8659667622
f_14883726354,SenseiAlan,1965 Shaw-Walker Office Desk Advertisement Newsweek March 29 1965,CC BY 2.0,https://creativecommons.org/licenses/by/2.0/,https://www.flickr.com/photos/91591049@N00/14883726354
f_4491753526,driph,Office desk,CC BY-SA 2.0,https://creativecommons.org/licenses/by-sa/2.0/,https://www.flickr.com/photos/53643381@N00/4491753526
f_8721312298,slworking2,Geek at work. #work #geek #officelife #nerd #programmer #workflow #office #desk #cubicle #workflow #cubical,CC BY-NC-SA 2.0,https://creativecommons.org/licenses/by-nc-sa/2.0/,https://www.flickr.com/photos/18548283@N00/8721312298
f_100850903,Andrew Huff,my office desk,CC BY-NC 2.0,https://creativecommons.org/licenses/by-nc/2.0/,https://www.flickr.com/photos/51035597898@N01/100850903
f_4338439363,BrentOzar,Office: Desk,CC BY-SA 2.0,https://creativecommons.org/licenses/by-sa/2.0/,https://www.flickr.com/photos/56756426@N00/4338439363
f_5279616618,"Kheel Center, Cornell University Library",David Dubinsky seated at his office desk,CC BY 2.0,https://creativecommons.org/licenses/by/2.0/,https://www.flickr.com/photos/38445726@N04/5279616618
f_4530725185,kevin dooley,Tom Chapin Building Bridges Family Concert,CC BY 2.0,https://creativecommons.org/licenses/by/2.0/,https://www.flickr.com/photos/12836528@N00/4530725185
f_3583105294,Anirudh Koul,Billy Joel Concert Crowd - Now That's A Crowd!,CC BY-NC 2.0,https://creativecommons.org/licenses/by-nc/2.0/,https://www.flickr.com/photos/84856173@N00/3583105294
f_3725130319,Anirudh Koul,KISS Concert Stage on FIre,CC BY-NC 2.0,https://creativecommons.org/licenses/by-nc/2.0/,https://www.flickr.com/photos/84856173@N00/3725130319
f_1577793391,youngrobv,Sting - Broken Music Concert CIMG5376,CC BY-NC 2.0,https://creativecommons.org/licenses/by-nc/2.0/,https://www.flickr.com/photos/7388060@N08/1577793391
f_3506673588,Anirudh Koul,"Britney Spears Concert Crowd with Stage - 23,000 and counting",CC BY-NC 2.0,https://creativecommons.org/licenses/by-nc/2.0/,https://www.flickr.com/photos/84856173@N00/3506673588
f_3804553528,Anirudh Koul,AC DC Concert Stage (Montreal) - Colorful Lights,CC BY-NC 2.0,https://creativecommons.org/licenses/by-nc/2.0/,https://www.flickr.com/photos/84856173@N00/3804553528
f_3517961204,Anirudh Koul,Yanni Voices Concert - The Mastero at Work,CC BY-NC 2.0,https://creativecommons.org/licenses/by-nc/2.0/,https://www.flickr.com/photos/84856173@N00/3517961204
f_2814945436,Anirudh Koul,Celine Dion Concert Stage @ Montreal,CC BY-NC 2.0,https://creativecommons.org/licenses/by-nc/2.0/,https://www.flickr.com/photos/84856173@N00/2814945436
f_3735163474,Anirudh Koul,Green Day Concert - Drunk Easter Bunny Strikes at a Concert,CC BY 2.0,https://creativecommons.org/licenses/by/2.0/,https://www.flickr.com/photos/84856173@N00/3735163474
f_2056803476,Anirudh Koul,Trans Siberian Orchestra Concert Stage - Technically The Hottest Concert In Town,CC BY-NC 2.0,https://creativecommons.org/licenses/by-nc/2.0/,https://www.flickr.com/photos/84856173@N00/2056803476
f_52229127013,Halloween HJB,"GALÍ, Francesc d'Assís. Orquestra Pau Casals, Concerts de Primavera, 1931.",CC BY-NC-SA 2.0,https://creativecommons.org/licenses/by-nc-sa/2.0/,https://www.flickr.com/photos/72185053@N00/52229127013
f_14017189730,Dimitry B,"Berber Concert, Morocco",CC BY 2.0,https://creativecommons.org/licenses/by/2.0/,https://www.flickr.com/photos/61533954@N00/14017189730
f_2046282436,Anirudh Koul,"Bon Jovi Concert - The Crowd - 14000 and counting @ Bell Center, Montreal",CC BY-NC 2.0,https://creativecommons.org/licenses/by-nc/2.0/,https://www.flickr.com/photos/84856173@N00/2046282436
f_3848670017,e³°°°,"Hadise writes a letter (concert Maanrock Mechelen, Belgium)",CC BY-SA 2.0,https://creativecommons.org/licenses/by-sa/2.0/,https://www.flickr.com/photos/23566085@N00/3848670017
f_2045735047,Anirudh Koul,Bon Jovi Concert Stage,CC BY-NC 2.0,https://creativecommons.org/licenses/by-nc/2.0/,https://www.flickr.com/photos/84856173@N00/2045735047
f_7379165468,jikatu,The Stunning Wall Live (concert tour) by Roger Waters | 120616-2458-jikatu,CC BY-SA 2.0,https://creativecommons.org/licenses/by-sa/2.0/,https://www.flickr.com/photos/7221539@N06/7379165468
f_3549344806,seier+seier,"jean nouvel, danish radio concert hall, 2002-2009",CC BY 2.0,https://creativecommons.org/licenses/by/2.0/,https://www.flickr.com/photos/94852245@N00/3549344806
f_2043826802,givikat,Concert,CC BY 2.0,https://creativecommons.org/licenses/by/2.0/,https://www.flickr.com/photos/18838324@N03/2043826802
f_11449846,coccinella,Alanis Morissette in concert,CC BY-NC-SA 2.0,https://creativecommons.org/licenses/by-nc-sa/2.0/,https://www.flickr.com/photos/51781984@N00/11449846
f_1588435884,sawhitley,"Suzi Quatro Concert Sept 28, 2007",CC BY-NC 2.0,https://creativecommons.org/licenses/by-nc/2.0/,https://www.flickr.com/photos/15163126@N07/1588435884
f_13371557575,petitepanoply,Wedding Guest Outfit - Teal Chevron Dress with Studded Black Heels,CC BY-SA 2.0,https://creativecommons.org/licenses/by-sa/2.0/,https://www.flickr.com/photos/63405864@N04/13371557575
f_52471744979,Rod Waddington,Mosuo Wedding Guests,CC BY-SA 2.0,https://creativecommons.org/licenses/by-sa/2.0/,https://www.flickr.com/photos/64607715@N05/52471744979
f_360175127,nathangibbs,Wedding Guests,CC BY-NC-SA 2.0,https://creativecommons.org/licenses/by-nc-sa/2.0/,https://www.flickr.com/photos/57954193@N00/360175127
f_5030895457,rattyfied,barefoot wedding guests,CC BY-NC-SA 2.0,https://creativecommons.org/licenses/by-nc-sa/2.0/,https://www.flickr.com/photos/46325182@N00/5030895457
f_144267960,mharrsch,A maid looks for wedding guests at Warwick Castle,CC BY-NC-SA 2.0,https://creativecommons.org/licenses/by-nc-sa/2.0/,https://www.flickr.com/photos/44124324682@N01/144267960
f_4222499446,☺ Lee J Haywood,Wedding guests,CC BY-SA 2.0,https://creativecommons.org/licenses/by-sa/2.0/,https://www.flickr.com/photos/45034206@N06/4222499446
f_14792635274,ralph and jenny,Wedding Guests,CC BY 2.0,https://creativecommons.org/licenses/by/2.0/,https://www.flickr.com/photos/92269745@N00/14792635274
f_9639081710,amywardlaw,Wedding guest taking photograph,CC BY 2.0,https://creativecommons.org/licenses/by/2.0/,https://www.flickr.com/photos/23146606@N05/9639081710
f_5155405218,☺ Lee J Haywood,Wedding guests,CC BY-SA 2.0,https://creativecommons.org/licenses/by-sa/2.0/,https://www.flickr.com/photos/45034206@N06/5155405218
f_52966914220,Rikky_Satin,🌺 Wedding guest 🌺,CC BY 2.0,https://creativecommons.org/licenses/by/2.0/,https://www.flickr.com/photos/95163690@N07/52966914220
f_4218323155,☺ Lee J Haywood,Wedding guests,CC BY-SA 2.0,https://creativecommons.org/licenses/by-sa/2.0/,https://www.flickr.com/photos/45034206@N06/4218323155
f_4859004877,Rachel M Coleman,Wedding guests,CC BY-SA 2.0,https://creativecommons.org/licenses/by-sa/2.0/,https://www.flickr.com/photos/7509906@N07/4859004877
f_4801563354,Salicia,Wedding Guest Seating Plan Handouts,CC BY 2.0,https://creativecommons.org/licenses/by/2.0/,https://www.flickr.com/photos/12808962@N00/4801563354
f_4061570105,stainedglassartist,wedding guests Cana,CC BY-NC 2.0,https://creativecommons.org/licenses/by-nc/2.0/,https://www.flickr.com/photos/39395352@N07/4061570105
f_6996654982,gwilmore,Wedding guest,CC BY-NC-SA 2.0,https://creativecommons.org/licenses/by-nc-sa/2.0/,https://www.flickr.com/photos/86013963@N00/6996654982
f_4922001349,quinn.anya,Wedding guests scuttle with chairs,CC BY-SA 2.0,https://creativecommons.org/licenses/by-sa/2.0/,https://www.flickr.com/photos/53326337@N00/4922001349
f_5882535168,SFB579 Namaste,Trendy wedding guests,CC BY-NC-SA 2.0,https://creativecommons.org/licenses/by-nc-sa/2.0/,https://www.flickr.com/photos/50826080@N00/5882535168
f_4221825883,☺ Lee J Haywood,Wedding guests,CC BY-SA 2.0,https://creativecommons.org/licenses/by-sa/2.0/,https://www.flickr.com/photos/45034206@N06/4221825883
f_9607423952,gbsngrhm,Reluctant wedding guest,CC BY-SA 2.0,https://creativecommons.org/licenses/by-sa/2.0/,https://www.flickr.com/photos/27981470@N00/9607423952
f_6888450787,gwilmore,Candid portrait of wedding guest -- black and white version,CC BY-NC-SA 2.0,https://creativecommons.org/licenses/by-nc-sa/2.0/,https://www.flickr.com/photos/86013963@N00/6888450787
f_51404334163,Onasill - Bill Badzo - 149 Million Views - Thank Y,Lilac Festival ~ Rochester New York - United States,CC BY-SA 2.0,https://creativecommons.org/licenses/by-sa/2.0/,https://www.flickr.com/photos/7156765@N05/51404334163
f_9265784068,Onasill - Bill Badzo - 149 Million Views - Thank Y,Lilac Festival ~ Rochester NY,CC BY-NC-SA 2.0,https://creativecommons.org/licenses/by-nc-sa/2.0/,https://www.flickr.com/photos/7156765@N05/9265784068
f_4338369986,webtreats,Webtreats Grungy Festive Seamless Photoshop Patterns Part 2 2,CC BY 2.0,https://creativecommons.org/licenses/by/2.0/,https://www.flickr.com/photos/44071822@N08/4338369986
f_16522941831,Ashraf Siddiqui 76,Selfies with the festive mood.,CC BY-SA 2.0,https://creativecommons.org/licenses/by-sa/2.0/,https://www.flickr.com/photos/129659132@N05/16522941831
f_5969238953,Armando Moreschi,Festival italiano di pittura sul corpo,CC BY-NC-SA 2.0,https://creativecommons.org/licenses/by-nc-sa/2.0/,https://www.flickr.com/photos/10593124@N07/5969238953
f_2739770568,Nine Inch Nails Official,"Nine Inch Nails Live @ Pemberton Festival - Pemberton, BC, 7.25.08",CC BY-NC-SA 2.0,https://creativecommons.org/licenses/by-nc-sa/2.0/,https://www.flickr.com/photos/24299512@N03/2739770568
f_7668859772,e³°°°,Five Irish girls @ festival Tomorrowland,CC BY-SA 2.0,https://creativecommons.org/licenses/by-sa/2.0/,https://www.flickr.com/photos/23566085@N00/7668859772
f_14251730514,Mixtribe Photo,Summer Festival,CC BY 2.0,https://creativecommons.org/licenses/by/2.0/,https://www.flickr.com/photos/24279287@N03/14251730514
f_14639646053,Libertinus,Turbostaat @ Fusion Festival 2014,CC BY-SA 2.0,https://creativecommons.org/licenses/by-sa/2.0/,https://www.flickr.com/photos/28328732@N00/14639646053
f_2862194481,Javier Piragauta,Diseño Festival de teatro ENSLAP,CC BY-NC-SA 2.0,https://creativecommons.org/licenses/by-nc-sa/2.0/,https://www.flickr.com/photos/12093421@N07/2862194481
f_2739771426,Nine Inch Nails Official,"Nine Inch Nails Live @ Pemberton Festival - Pemberton, BC, 7.25.08",CC BY-NC-SA 2.0,https://creativecommons.org/licenses/by-nc-sa/2.0/,https://www.flickr.com/photos/24299512@N03/2739771426
f_2738931283,Nine Inch Nails Official,"Nine Inch Nails Live @ Pemberton Festival - Pemberton, BC, 7.25.08",CC BY-NC-SA 2.0,https://creativecommons.org/licenses/by-nc-sa/2.0/,https://www.flickr.com/photos/24299512@N03/2738931283
f_2670415229,Libertinus,DJ RaffaYellow @ Fusion Festival,CC BY-SA 2.0,https://creativecommons.org/licenses/by-sa/2.0/,https://www.flickr.com/photos/28328732@N00/2670415229
f_17173385389,dcanprice,Jack in the Green Festival Hastings,CC BY-SA 2.0,https://creativecommons.org/licenses/by-sa/2.0/,https://www.flickr.com/photos/132952433@N02/17173385389
f_16737422124,dcanprice,Jack in the Green Festival Hastings,CC BY-SA 2.0,https://creativecommons.org/licenses/by-sa/2.0/,https://www.flickr.com/photos/132952433@N02/16737422124
f_17171726250,dcanprice,Jack in the Green Festival Hastings,CC BY-SA 2.0,https://creativecommons.org/licenses/by-sa/2.0/,https://www.flickr.com/photos/132952433@N02/17171726250
f_17171640260,dcanprice,Jack in the Green Festival Hastings,CC BY-SA 2.0,https://creativecommons.org/licenses/by-sa/2.0/,https://www.flickr.com/photos/132952433@N02/17171640260
f_17359015501,dcanprice,Jack in the Green Festival Hastings,CC BY-SA 2.0,https://creativecommons.org/licenses/by-sa/2.0/,https://www.flickr.com/photos/132952433@N02/17359015501
f_17334794066,dcanprice,Jack in the Green Festival Hastings,CC BY-SA 2.0,https://creativecommons.org/licenses/by-sa/2.0/,https://www.flickr.com/photos/132952433@N02/17334794066
f_17173132910,dcanprice,Jack in the Green Festival Hastings,CC BY-SA 2.0,https://creativecommons.org/licenses/by-sa/2.0/,https://www.flickr.com/photos/132952433@N02/17173132910
f_9873880034,beyondmagazine,All Aboard: Europe’s unforgettable train journeys,CC BY-NC 2.0,https://creativecommons.org/licenses/by-nc/2.0/,https://www.flickr.com/photos/79560698@N08/9873880034
f_9805148195,Nasir Khan Saikat,Taking a sit for train journey,CC BY-SA 2.0,https://creativecommons.org/licenses/by-sa/2.0/,https://www.flickr.com/photos/48383507@N06/9805148195
f_2098273347,tiexano,Train journey Osnabrück - Basel: Train No. 4,CC BY-NC-SA 2.0,https://creativecommons.org/licenses/by-nc-sa/2.0/,https://www.flickr.com/photos/20799701@N00/2098273347
f_3101615417,CharlesFred,An afternoon's train journey from Grenoble to Amsterdam,CC BY-NC-SA 2.0,https://creativecommons.org/licenses/by-nc-sa/2.0/,https://www.flickr.com/photos/40279823@N00/3101615417
f_2257049091,magical-world,Train journey in a hammock,CC BY-SA 2.0,https://creativecommons.org/licenses/by-sa/2.0/,https://www.flickr.com/photos/10630381@N03/2257049091
f_9873871125,beyondmagazine,All Aboard: Europe’s unforgettable train journeys,CC BY-NC 2.0,https://creativecommons.org/licenses/by-nc/2.0/,https://www.flickr.com/photos/79560698@N08/9873871125
f_9873870115,beyondmagazine,All Aboard: Europe’s unforgettable train journeys,CC BY-NC 2.0,https://creativecommons.org/licenses/by-nc/2.0/,https://www.flickr.com/photos/79560698@N08/9873870115
f_9873877826,beyondmagazine,All Aboard: Europe’s unforgettable train journeys,CC BY-NC 2.0,https://creativecommons.org/licenses/by-nc/2.0/,https://www.flickr.com/photos/79560698@N08/9873877826
f_3102439076,CharlesFred,An afternoon's train journey from Grenoble to Amsterdam,CC BY-NC-SA 2.0,https://creativecommons.org/licenses/by-nc-sa/2.0/,https://www.flickr.com/photos/40279823@N00/3102439076
f_3101610293,CharlesFred,An afternoon's train journey from Grenoble to Amsterdam,CC BY-NC-SA 2.0,https://creativecommons.org/licenses/by-nc-sa/2.0/,https://www.flickr.com/photos/40279823@N00/3101610293
f_9873883724,beyondmagazine,All Aboard: Europe’s unforgettable train journeys,CC BY-NC 2.0,https://creativecommons.org/licenses/by-nc/2.0/,https://www.flickr.com/photos/79560698@N08/9873883724
f_9873879136,beyondmagazine,All Aboard: Europe’s unforgettable train journeys,CC BY-NC 2.0,https://creativecommons.org/licenses/by-nc/2.0/,https://www.flickr.com/photos/79560698@N08/9873879136
f_3102446710,CharlesFred,An afternoon's train journey from Grenoble to Amsterdam,CC BY-NC-SA 2.0,https://creativecommons.org/licenses/by-nc-sa/2.0/,https://www.flickr.com/photos/40279823@N00/3102446710
f_3102450548,CharlesFred,An afternoon's train journey from Grenoble to Amsterdam,CC BY-NC-SA 2.0,https://creativecommons.org/licenses/by-nc-sa/2.0/,https://www.flickr.com/photos/40279823@N00/3102450548
f_3101614669,CharlesFred,An afternoon's train journey from Grenoble to Amsterdam,CC BY-NC-SA 2.0,https://creativecommons.org/licenses/by-nc-sa/2.0/,https://www.flickr.com/photos/40279823@N00/3101614669
f_9873990763,beyondmagazine,All Aboard: Europe’s unforgettable train journeys,CC BY-NC 2.0,https://creativecommons.org/licenses/by-nc/2.0/,https://www.flickr.com/photos/79560698@N08/9873990763
f_9873992473,beyondmagazine,All Aboard: Europe’s unforgettable train journeys,CC BY-NC 2.0,https://creativecommons.org/licenses/by-nc/2.0/,https://www.flickr.com/photos/79560698@N08/9873992473
f_179942470,C Y B E R S C O R P I O N,Bangalore to Tekal Train Journey | Weekend Shoot,CC BY-NC 2.0,https://creativecommons.org/licenses/by-nc/2.0/,https://www.flickr.com/photos/10781010@N00/179942470
f_3101611329,CharlesFred,An afternoon's train journey from Grenoble to Amsterdam,CC BY-NC-SA 2.0,https://creativecommons.org/licenses/by-nc-sa/2.0/,https://www.flickr.com/photos/40279823@N00/3101611329
f_3101607233,CharlesFred,An afternoon's train journey from Grenoble to Amsterdam,CC BY-NC-SA 2.0,https://creativecommons.org/licenses/by-nc-sa/2.0/,https://www.flickr.com/photos/40279823@N00/3101607233
f_15666288834,smilla4,Family Dinner,CC BY-NC 2.0,https://creativecommons.org/licenses/by-nc/2.0/,https://www.flickr.com/photos/32194387@N02/15666288834
f_98007897,achichi,family dinner,CC BY 2.0,https://creativecommons.org/licenses/by/2.0/,https://www.flickr.com/photos/19906991@N00/98007897
f_8030764369,MDGovpics,1st Lady hosts military families dinner,CC BY 2.0,https://creativecommons.org/licenses/by/2.0/,https://www.flickr.com/photos/64018555@N03/8030764369
f_2784583374,Claire CJS,"20080807 - Family Dinner at Bethany Beach - 164-6436 - Kim, Maria, Priscilla, Jordan",CC BY-NC-SA 2.0,https://creativecommons.org/licenses/by-nc-sa/2.0/,https://www.flickr.com/photos/31355686@N00/2784583374
f_5413615529,djwudi,Kima and Christopher- Family Dinner 62,CC BY-NC-SA 2.0,https://creativecommons.org/licenses/by-nc-sa/2.0/,https://www.flickr.com/photos/35034356271@N01/5413615529
f_4169679542,Zolotkey,Family Dinner 1,CC BY-SA 2.0,https://creativecommons.org/licenses/by-sa/2.0/,https://www.flickr.com/photos/14884361@N02/4169679542
f_4259381215,Claire CJS,"20080807 - family dinner at Bethany Beach - 163-6357 - Sam, Carolyn, Allison trying to block her face, Jonny - Tenso version",CC BY-NC-SA 2.0,https://creativecommons.org/licenses/by-nc-sa/2.0/,https://www.flickr.com/photos/31355686@N00/4259381215
f_4572957254,frstyfrolk/Cyndi,Vintage Family Dinner Supper Lunch Outdoors,CC BY 2.0,https://creativecommons.org/licenses/by/2.0/,https://www.flickr.com/photos/10347012@N02/4572957254
f_6723395569,Thomas Hawk,"Family Dinner and Family Car, Plate 4",CC BY-NC 2.0,https://creativecommons.org/licenses/by-nc/2.0/,https://www.flickr.com/photos/51035555243@N01/6723395569
f_3838591035,sean dreilinger,jenisue - family dinner at the pub - _MG_1253,CC BY-NC-SA 2.0,https://creativecommons.org/licenses/by-nc-sa/2.0/,https://www.flickr.com/photos/43927576@N00/3838591035
f_2783762877,Claire CJS,"20080807 - Family Dinner at Bethany Beach - 163-6359 - Kaylee, Chase, Kim, Jordan",CC BY-NC-SA 2.0,https://creativecommons.org/licenses/by-nc-sa/2.0/,https://www.flickr.com/photos/31355686@N00/2783762877
f_20481051114,GlennPope,Family Dinner,CC BY-NC-SA 2.0,https://creativecommons.org/licenses/by-nc-sa/2.0/,https://www.flickr.com/photos/89629638@N06/20481051114
f_4958006056,Claire CJS,"20100806 1957 - Cape Cod - family dinner - Allison, Frank, Clint - twin drinks - IMG_2113",CC BY-NC-SA 2.0,https://creativecommons.org/licenses/by-nc-sa/2.0/,https://www.flickr.com/photos/31355686@N00/4958006056
f_5760111268,anoldent,Family Dinner,CC BY-SA 2.0,https://creativecommons.org/licenses/by-sa/2.0/,https://www.flickr.com/photos/8563790@N08/5760111268
f_3649155456,Chandra Marsono,Family Dinner,CC BY-NC-SA 2.0,https://creativecommons.org/licenses/by-nc-sa/2.0/,https://www.flickr.com/photos/71715102@N00/3649155456
f_2784589834,Claire CJS,20080807 - Family Dinner at Bethany Beach - 164-6411 - Carolyn braiding Isabella's hair,CC BY-NC-SA 2.0,https://creativecommons.org/licenses/by-nc-sa/2.0/,https://www.flickr.com/photos/31355686@N00/2784589834
f_95456993,Renee May,Family Dinner,CC BY-NC 2.0,https://creativecommons.org/licenses/by-nc/2.0/,https://www.flickr.com/photos/22395472@N00/95456993
f_2784617998,Claire CJS,"20080807 - Family Dinner at Bethany Beach - 163-6357 - Sam, Carolyn, Allison trying to block her face, Jonny",CC BY-NC-SA 2.0,https://creativecommons.org/licenses/by-nc-sa/2.0/,https://www.flickr.com/photos/31355686@N00/2784617998
f_4957377155,Claire CJS,"20100806 2146 - Cape Cod - family dinner - Kaylee, Chase - thumbs up - IMG_2143",CC BY-NC-SA 2.0,https://creativecommons.org/licenses/by-nc-sa/2.0/,https://www.flickr.com/photos/31355686@N00/4957377155
f_5663134569,cmun_Project,4-Family Dinner Again,CC BY 2.0,https://creativecommons.org/licenses/by/2.0/,https://www.flickr.com/photos/62274237@N06/5663134569
f_27528458496,da_allgeier,Working out of a coffee shop on Mallorca! #work #chillin #love #imagine #imagination #reimagine #mycompany #home #friends #party #freedom #free #thisisit #spain,CC BY-NC-SA 2.0,https://creativecommons.org/licenses/by-nc-sa/2.0/,https://www.flickr.com/photos/129880995@N05/27528458496
f_14691414038,Dowbiggin,I fell in love with this face last night at a friend's party. His name is Nelson.,CC BY-NC 2.0,https://creativecommons.org/licenses/by-nc/2.0/,https://www.flickr.com/photos/22751315@N05/14691414038
f_5820388792,docpop,"Just watched X-Men with my ex. It was fantastically cheesey, like Austin Powers with super powers :) Grabbing a bite before going to a friends party. Shot this with #synthcam",CC BY-NC 2.0,https://creativecommons.org/licenses/by-nc/2.0/,https://www.flickr.com/photos/65802182@N00/5820388792
f_5043485746,TasteSTLPics,Its B. Newson & friends partying at @TasteSTL,CC BY-NC 2.0,https://creativecommons.org/licenses/by-nc/2.0/,https://www.flickr.com/photos/54438755@N03/5043485746
f_195928261,pixxiestails,Steves Friends Party,CC BY-NC 2.0,https://creativecommons.org/licenses/by-nc/2.0/,https://www.flickr.com/photos/17314244@N00/195928261
f_8989118907,mcarls,Happy 6th Birthday Ashley wth friends party,CC BY-SA 2.0,https://creativecommons.org/licenses/by-sa/2.0/,https://www.flickr.com/photos/21628929@N08/8989118907
f_6672522459,steelskyblue,Tedi and friends party under the Christmas Tree,CC BY-NC-SA 2.0,https://creativecommons.org/licenses/by-nc-sa/2.0/,https://www.flickr.com/photos/44124332584@N01/6672522459
f_6672511725,steelskyblue,Tedi and friends party under the Christmas Tree,CC BY-NC-SA 2.0,https://creativecommons.org/licenses/by-nc-sa/2.0/,https://www.flickr.com/photos/44124332584@N01/6672511725
f_6672518401,steelskyblue,Tedi and friends party under the Christmas Tree,CC BY-NC-SA 2.0,https://creativecommons.org/licenses/by-nc-sa/2.0/,https://www.flickr.com/photos/44124332584@N01/6672518401
f_6006702414,Thomas Rockstar,Letters Are My Friends Party #berlin,CC BY-NC-SA 2.0,https://creativecommons.org/licenses/by-nc-sa/2.0/,https://www.flickr.com/photos/17863489@N00/6006702414
f_6672515041,steelskyblue,Tedi and friends party under the Christmas Tree,CC BY-NC-SA 2.0,https://creativecommons.org/licenses/by-nc-sa/2.0/,https://www.flickr.com/photos/44124332584@N01/6672515041
f_195928264,pixxiestails,Steves Friends Party,CC BY-NC 2.0,https://creativecommons.org/licenses/by-nc/2.0/,https://www.flickr.com/photos/17314244@N00/195928264
f_195928262,pixxiestails,Steves Friends Party,CC BY-NC 2.0,https://creativecommons.org/licenses/by-nc/2.0/,https://www.flickr.com/photos/17314244@N00/195928262
f_195928266,pixxiestails,Steves Friends Party,CC BY-NC 2.0,https://creativecommons.org/licenses/by-nc/2.0/,https://www.flickr.com/photos/17314244@N00/195928266
f_10062351794,raphaelstrada,Friends party time.,CC BY 2.0,https://creativecommons.org/licenses/by/2.0/,https://www.flickr.com/photos/21172619@N00/10062351794
f_15659411187,stevegarfield,Friends party,CC BY-NC-SA 2.0,https://creativecommons.org/licenses/by-nc-sa/2.0/,https://www.flickr.com/photos/48600103384@N01/15659411187
f_18099464519,Doriano Jaroudi,#family #portrait #friends #party,CC BY 2.0,https://creativecommons.org/licenses/by/2.0/,https://www.flickr.com/photos/55529482@N06/18099464519
f_7835949440,omgfriends,OMG Friends: Party Time,CC BY-NC 2.0,https://creativecommons.org/licenses/by-nc/2.0/,https://www.flickr.com/photos/83417076@N06/7835949440
f_5046411048,TasteSTLPics,L. Garrett & friends partying it up @TasteSTL,CC BY-NC 2.0,https://creativecommons.org/licenses/by-nc/2.0/,https://www.flickr.com/photos/54438755@N03/5046411048
f_195928259,pixxiestails,Steves Friends Party,CC BY-NC 2.0,https://creativecommons.org/licenses/by-nc/2.0/,https://www.flickr.com/photos/17314244@N00/195928259
f_150160407,kurros,Cars Road Trip - Lightning McQueen,CC BY-NC-SA 2.0,https://creativecommons.org/licenses/by-nc-sa/2.0/,https://www.flickr.com/photos/49961268@N00/150160407
f_8241893681,Trey Ratcliff,Road Trip to the Moeraki Boulders,CC BY-NC-SA 2.0,https://creativecommons.org/licenses/by-nc-sa/2.0/,https://www.flickr.com/photos/95572727@N00/8241893681
f_150160910,kurros,Cars Road Trip - Sally,CC BY-NC-SA 2.0,https://creativecommons.org/licenses/by-nc-sa/2.0/,https://www.flickr.com/photos/49961268@N00/150160910
f_25365338233,Trey Ratcliff,Road Trip New Zealand!,CC BY-NC-SA 2.0,https://creativecommons.org/licenses/by-nc-sa/2.0/,https://www.flickr.com/photos/95572727@N00/25365338233
f_7272216534,Squashimono,X-Pro 1 + XF35mm First Road Trip,CC BY-NC 2.0,https://creativecommons.org/licenses/by-nc/2.0/,https://www.flickr.com/photos/94003930@N00/7272216534
f_15114724336,auspices,Road Trip,CC BY 2.0,https://creativecommons.org/licenses/by/2.0/,https://www.flickr.com/photos/26432632@N08/15114724336
f_18473304589,sese_87,Road trip,CC BY-SA 2.0,https://creativecommons.org/licenses/by-sa/2.0/,https://www.flickr.com/photos/59820460@N07/18473304589
f_8687597604,kevin dooley,Road trip to Buckeye: Architectural entropy,CC BY 2.0,https://creativecommons.org/licenses/by/2.0/,https://www.flickr.com/photos/12836528@N00/8687597604
f_8687594716,kevin dooley,Road trip to Buckeye: Entropy in Buckeye,CC BY 2.0,https://creativecommons.org/licenses/by/2.0/,https://www.flickr.com/photos/12836528@N00/8687594716
f_8686480427,kevin dooley,Road trip to Buckeye: Magie's Place,CC BY 2.0,https://creativecommons.org/licenses/by/2.0/,https://www.flickr.com/photos/12836528@N00/8686480427
f_4719794652,-= Bruce Berrien =-,Road Trip #4,CC BY 2.0,https://creativecommons.org/licenses/by/2.0/,https://www.flickr.com/photos/16805519@N00/4719794652
f_35616851543,Ted's photos - Returns in December,2017 - Road Trip - Nelson - Big Orange Bridge - 1 of 3,CC BY-NC-SA 2.0,https://creativecommons.org/licenses/by-nc-sa/2.0/,https://www.flickr.com/photos/90955804@N04/35616851543
f_128485006,razzlefrazzle,Road Trip,CC BY-NC 2.0,https://creativecommons.org/licenses/by-nc/2.0/,https://www.flickr.com/photos/87639320@N00/128485006
f_8686098361,kevin dooley,Road trip to Buckeye: Downtown compositions,CC BY 2.0,https://creativecommons.org/licenses/by/2.0/,https://www.flickr.com/photos/12836528@N00/8686098361
f_9611180158,James Marvin Phelps,Road Trip,CC BY-NC 2.0,https://creativecommons.org/licenses/by-nc/2.0/,https://www.flickr.com/photos/66727626@N00/9611180158
f_14768515053,thart2009,Quattro Road Trip,CC BY 2.0,https://creativecommons.org/licenses/by/2.0/,https://www.flickr.com/photos/37089490@N06/14768515053
f_1427896994,wili_hybrid,Road trip,CC BY-NC 2.0,https://creativecommons.org/licenses/by-nc/2.0/,https://www.flickr.com/photos/62223880@N00/1427896994
f_14975700576,bguilas21,Johnny smiling for the camera (CA to TX road trip),CC BY-NC-SA 2.0,https://creativecommons.org/licenses/by-nc-sa/2.0/,https://www.flickr.com/photos/34580964@N08/14975700576
f_4558695284,jrandallc,Colorado Bend State Park Camping/Road Trip,CC BY-SA 2.0,https://creativecommons.org/licenses/by-sa/2.0/,https://www.flickr.com/photos/29697878@N00/4558695284
f_28004229516,Ted's photos - For Me & You,2016 - Road Trip - Crimson Lake Alberta - 1 of 2,CC BY-NC-SA 2.0,https://creativecommons.org/licenses/by-nc-sa/2.0/,https://www.flickr.com/photos/90955804@N04/28004229516
f_624359804,star5112,"Rosie, Georgia, and Truffle watch cars drive by",CC BY-SA 2.0,https://creativecommons.org/licenses/by-sa/2.0/,https://www.flickr.com/photos/24509941@N00/624359804
f_2327896471,thomasrdotorg,Timo Glock Rally Car Drive 012,CC BY 2.0,https://creativecommons.org/licenses/by/2.0/,https://www.flickr.com/photos/28135215@N00/2327896471
f_2328713370,thomasrdotorg,Timo Glock Rally Car Drive 005,CC BY 2.0,https://creativecommons.org/licenses/by/2.0/,https://www.flickr.com/photos/28135215@N00/2328713370
f_14170522311,m01229,This is the part of the ferry where the cars drive on,CC BY 2.0,https://creativecommons.org/licenses/by/2.0/,https://www.flickr.com/photos/39908901@N06/14170522311
f_34247658326,@yakobusan Jakob Montrasio,A police car driving into downtown Montepulciano,CC BY 2.0,https://creativecommons.org/licenses/by/2.0/,https://www.flickr.com/photos/37803129@N00/34247658326
f_28143569601,teralaser,Car drive,CC BY 2.0,https://creativecommons.org/licenses/by/2.0/,https://www.flickr.com/photos/34177237@N08/28143569601
f_2328714848,thomasrdotorg,Timo Glock Rally Car Drive 016,CC BY 2.0,https://creativecommons.org/licenses/by/2.0/,https://www.flickr.com/photos/28135215@N00/2328714848
f_5393466718,University of Alberta Libraries,"Cars driving, Minnedosa, Manitoba",CC BY-NC-SA 2.0,https://creativecommons.org/licenses/by-nc-sa/2.0/,https://www.flickr.com/photos/51448879@N02/5393466718
f_22552000343,Overpass Light Brigade,Pro-Union Car Drives Past Waving Glow Stick,CC BY-NC 2.0,https://creativecommons.org/licenses/by-nc/2.0/,https://www.flickr.com/photos/40969298@N05/22552000343
f_4691058420,IMLS DCC,"Flood on Aurora Avenue North showing cars driving through water, Richmond Highlands, ca. 1948",CC BY 2.0,https://creativecommons.org/licenses/by/2.0/,https://www.flickr.com/photos/42381338@N04/4691058420
f_331578016,mastermaq,Cars Driving,CC BY-SA 2.0,https://creativecommons.org/licenses/by-sa/2.0/,https://www.flickr.com/photos/24311648@N00/331578016
f_49637840738,Sheba Also 18 Million Views,TOM waits for his daily car drive-2=,CC BY-SA 2.0,https://creativecommons.org/licenses/by-sa/2.0/,https://www.flickr.com/photos/34534185@N00/49637840738
f_5724134979,waitscm,Car driving a boat?,CC BY 2.0,https://creativecommons.org/licenses/by/2.0/,https://www.flickr.com/photos/78341140@N00/5724134979
f_4690411459,IMLS DCC,"Lake Forest Boulevard and a car driving along the road, Lake Forest Park, ca. 1910",CC BY 2.0,https://creativecommons.org/licenses/by/2.0/,https://www.flickr.com/photos/42381338@N04/4690411459
f_2328716428,thomasrdotorg,Timo Glock Rally Car Drive 027,CC BY 2.0,https://creativecommons.org/licenses/by/2.0/,https://www.flickr.com/photos/28135215@N00/2328716428
f_4726915738,on1stsite.,A little red car driving into my lens,CC BY 2.0,https://creativecommons.org/licenses/by/2.0/,https://www.flickr.com/photos/7539060@N06/4726915738
f_3401624385,Claire CJS,20090327 - new camera test - GEDC0011 - car driving,CC BY-NC-SA 2.0,https://creativecommons.org/licenses/by-nc-sa/2.0/,https://www.flickr.com/photos/31355686@N00/3401624385
f_9428631325,gordon.milligan,A car driving over Hercules' chest,CC BY 2.0,https://creativecommons.org/licenses/by/2.0/,https://www.flickr.com/photos/9858077@N03/9428631325
f_2328716298,thomasrdotorg,Timo Glock Rally Car Drive 026,CC BY 2.0,https://creativecommons.org/licenses/by/2.0/,https://www.flickr.com/photos/28135215@N00/2328716298
f_9442835219,Overpass Light Brigade,Car Drives By Shoot,CC BY-NC 2.0,https://creativecommons.org/licenses/by-nc/2.0/,https://www.flickr.com/photos/40969298@N05/9442835219
f_6542592269,ronbrinkmann,paperback bookshelf,CC BY-NC-SA 2.0,https://creativecommons.org/licenses/by-nc-sa/2.0/,https://www.flickr.com/photos/43201173@N00/6542592269
f_3180693014,craigfinlay,Abandoned Beirut Mansion - The former prime minister's bookshelf.,CC BY 2.0,https://creativecommons.org/licenses/by/2.0/,https://www.flickr.com/photos/71284091@N00/3180693014
f_1357334604,ninahale,Ironing Board as a Bookshelf - Powder Coat it!,CC BY 2.0,https://creativecommons.org/licenses/by/2.0/,https://www.flickr.com/photos/94693506@N00/1357334604
f_2382179561,david.orban,Bookshelf,CC BY 2.0,https://creativecommons.org/licenses/by/2.0/,https://www.flickr.com/photos/44124368329@N01/2382179561
f_4147698924,Ken_Mayer,bookshelf,CC BY 2.0,https://creativecommons.org/licenses/by/2.0/,https://www.flickr.com/photos/14529688@N08/4147698924
f_10880254063,Logos: The Art of Photography,Bookshelf: The Beginning of the New - Nikon D70 with Nikkor 35-80 mm 1:4-5.6 Zoom,CC BY-NC-SA 2.0,https://creativecommons.org/licenses/by-nc-sa/2.0/,https://www.flickr.com/photos/63463553@N07/10880254063
f_85598840,davemelbourne,Bookshelf,CC BY-NC 2.0,https://creativecommons.org/licenses/by-nc/2.0/,https://www.flickr.com/photos/85919197@N00/85598840
f_133552712,ellywilliams,Bookshelf,CC BY-NC-SA 2.0,https://creativecommons.org/licenses/by-nc-sa/2.0/,https://www.flickr.com/photos/59806728@N00/133552712
f_433303454,kellan,tell a lot about someone by their bookshelf,CC BY 2.0,https://creativecommons.org/licenses/by/2.0/,https://www.flickr.com/photos/51035734193@N01/433303454
f_6830922098,twechy,Library Bookshelf,CC BY 2.0,https://creativecommons.org/licenses/by/2.0/,https://www.flickr.com/photos/77877011@N07/6830922098
f_3269442687,Dennis from Atlanta,"Jan 30, 2009 - Programmer's Bookshelf",CC BY-SA 2.0,https://creativecommons.org/licenses/by-sa/2.0/,https://www.flickr.com/photos/89116575@N00/3269442687
f_4446315978,WilWheaton,"Bookshelf, with Black Beast of Arrrrrgh",CC BY-NC-SA 2.0,https://creativecommons.org/licenses/by-nc-sa/2.0/,https://www.flickr.com/photos/44836615@N00/4446315978
f_16622544583,ЯAFIK ♋ BERLIN,Abdellah Taïa in my bookshelf.,CC BY-NC-SA 2.0,https://creativecommons.org/licenses/by-nc-sa/2.0/,https://www.flickr.com/photos/78087459@N00/16622544583
f_18008661489,HALDANE MARTIN,"Bookshelf detail, Groote Schuur Hospital Innovation Hub, Interior by Haldane Martin, photo by Micky Hoyle 19",CC BY 2.0,https://creativecommons.org/licenses/by/2.0/,https://www.flickr.com/photos/52634191@N08/18008661489
f_3243570243,Ann Althouse,Welcome to the Harpo Bookshelf,CC BY-NC 2.0,https://creativecommons.org/licenses/by-nc/2.0/,https://www.flickr.com/photos/48889059427@N01/3243570243
f_3290116025,Dennis Wong,Bookshelf,CC BY 2.0,https://creativecommons.org/licenses/by/2.0/,https://www.flickr.com/photos/97247234@N00/3290116025
f_337114196,¡Viva la Cynthia!,Bookshelf 2,CC BY-NC 2.0,https://creativecommons.org/licenses/by-nc/2.0/,https://www.flickr.com/photos/70108536@N00/337114196
f_5395595533,trawin,Bookshelf,CC BY-SA 2.0,https://creativecommons.org/licenses/by-sa/2.0/,https://www.flickr.com/photos/90034839@N00/5395595533
f_4147699992,Ken_Mayer,bookshelf,CC BY 2.0,https://creativecommons.org/licenses/by/2.0/,https://www.flickr.com/photos/14529688@N08/4147699992
f_506151726,sldownard,Newly relocated bookshelf,CC BY-NC-SA 2.0,https://creativecommons.org/licenses/by-nc-sa/2.0/,https://www.flickr.com/photos/32705331@N00/506151726
f_5166505058,ronsaunders47,THE DOT MOTORCYCLE. TRIALS 1960s,CC BY-SA 2.0,https://creativecommons.org/licenses/by-sa/2.0/,https://www.flickr.com/photos/46781500@N00/5166505058
f_344717006,7mary3,Motorcycle rider down,CC BY-NC-SA 2.0,https://creativecommons.org/licenses/by-nc-sa/2.0/,https://www.flickr.com/photos/23562295@N00/344717006
f_2413502791,twm1340,48-cylinder motorcycle,CC BY-SA 2.0,https://creativecommons.org/licenses/by-sa/2.0/,https://www.flickr.com/photos/89093669@N00/2413502791
f_7427997786,Pensive glance,A Queen: the Norton motorcycle,CC BY-NC-SA 2.0,https://creativecommons.org/licenses/by-nc-sa/2.0/,https://www.flickr.com/photos/53667568@N04/7427997786
f_148166171,dok1,Motorcycle,CC BY 2.0,https://creativecommons.org/licenses/by/2.0/,https://www.flickr.com/photos/51096110@N00/148166171
f_2176087215,adKinn,motorcycle - whiteboard illustration,CC BY 2.0,https://creativecommons.org/licenses/by/2.0/,https://www.flickr.com/photos/83775906@N00/2176087215
f_29210608075,@CarShowShooter,"2013 Custom Motorcycle (2016 Hot Nights Cool Rides, Forest City, North Carolina)",CC BY-NC-SA 2.0,https://creativecommons.org/licenses/by-nc-sa/2.0/,https://www.flickr.com/photos/77363333@N08/29210608075
f_6139511528,TDelCoro,Las Vegas - 9/11 Memorial Motorcycle Ride: A Decade of Remembrance,CC BY-SA 2.0,https://creativecommons.org/licenses/by-sa/2.0/,https://www.flickr.com/photos/45549579@N05/6139511528
f_15233368842,Yoshikazu TAKADA,Motorcycle,CC BY 2.0,https://creativecommons.org/licenses/by/2.0/,https://www.flickr.com/photos/34530295@N06/15233368842
f_2576476731,Brady O'Brien,Motorcycles,CC BY 2.0,https://creativecommons.org/licenses/by/2.0/,https://www.flickr.com/photos/7982661@N05/2576476731
f_7153914565,Allar Tammik,Motorcycle,CC BY 2.0,https://creativecommons.org/licenses/by/2.0/,https://www.flickr.com/photos/78124187@N08/7153914565
f_14380165936,driver Photographer,My motorcycle.,CC BY-SA 2.0,https://creativecommons.org/licenses/by-sa/2.0/,https://www.flickr.com/photos/72334647@N03/14380165936
f_14527258573,driver Photographer,My sport motorcycle,CC BY-SA 2.0,https://creativecommons.org/licenses/by-sa/2.0/,https://www.flickr.com/photos/72334647@N03/14527258573
f_14654389363,driver Photographer,Motorcycle ride to Mareinburg.,CC BY-SA 2.0,https://creativecommons.org/licenses/by-sa/2.0/,https://www.flickr.com/photos/72334647@N03/14654389363
f_14170679470,driver Photographer,20 € EURO-Motorcycle money.,CC BY-SA 2.0,https://creativecommons.org/licenses/by-sa/2.0/,https://www.flickr.com/photos/72334647@N03/14170679470
f_13595359965,driver Photographer,100 Motorcycle money.,CC BY-SA 2.0,https://creativecommons.org/licenses/by-sa/2.0/,https://www.flickr.com/photos/72334647@N03/13595359965
f_6062978142,ell brown,Black Country Living Museum - Old Birmingham Road - Humphrey Bros. and A. Harthill Motorcycles,CC BY 2.0,https://creativecommons.org/licenses/by/2.0/,https://www.flickr.com/photos/39415781@N06/6062978142
f_14082449743,halfrain,Motorcycle and Spring Day,CC BY-SA 2.0,https://creativecommons.org/licenses/by-sa/2.0/,https://www.flickr.com/photos/54217251@N05/14082449743
f_2921859466,NervousEnergy,Miniature Motorcycles,CC BY-NC-SA 2.0,https://creativecommons.org/licenses/by-nc-sa/2.0/,https://www.flickr.com/photos/24931987@N00/2921859466
f_3108274,Elsie esq.,Old Triumph motorcycle at Brighton,CC BY 2.0,https://creativecommons.org/licenses/by/2.0/,https://www.flickr.com/photos/61132483@N00/3108274
f_8111834164,StateofIsrael,Street Food Festival,CC BY-SA 2.0,https://creativecommons.org/licenses/by-sa/2.0/,https://www.flickr.com/photos/86083886@N02/8111834164
f_8111839744,StateofIsrael,Street Food Festival,CC BY-SA 2.0,https://creativecommons.org/licenses/by-sa/2.0/,https://www.flickr.com/photos/86083886@N02/8111839744
f_8111843666,StateofIsrael,Street Food Festival,CC BY-SA 2.0,https://creativecommons.org/licenses/by-sa/2.0/,https://www.flickr.com/photos/86083886@N02/8111843666
f_3883332177,OMINO71,Roma Street Food intervista Mondo Pop,CC BY-NC 2.0,https://creativecommons.org/licenses/by-nc/2.0/,https://www.flickr.com/photos/14348099@N08/3883332177
f_8111841058,StateofIsrael,Street Food Festival,CC BY-SA 2.0,https://creativecommons.org/licenses/by-sa/2.0/,https://www.flickr.com/photos/86083886@N02/8111841058
f_8111831521,StateofIsrael,Street Food Festival,CC BY-SA 2.0,https://creativecommons.org/licenses/by-sa/2.0/,https://www.flickr.com/photos/86083886@N02/8111831521
f_8484619644,Maxime Guilbot,Street Food in Hanoi,CC BY 2.0,https://creativecommons.org/licenses/by/2.0/,https://www.flickr.com/photos/14472535@N00/8484619644
f_27589192139,A_Peach,Beijing Street Food,CC BY 2.0,https://creativecommons.org/licenses/by/2.0/,https://www.flickr.com/photos/67947877@N06/27589192139
f_43671814494,Rod Waddington,Street Food,CC BY-SA 2.0,https://creativecommons.org/licenses/by-sa/2.0/,https://www.flickr.com/photos/64607715@N05/43671814494
f_3748116243,OMINO71,[interviste] # su ROMA STREET FOOD,CC BY-NC 2.0,https://creativecommons.org/licenses/by-nc/2.0/,https://www.flickr.com/photos/14348099@N08/3748116243
f_33727652076,PiktourUK,Characterful lady street food sellers. Taken on an early morning walk to catch some of the street scenes in Yangon. We had a day to kill before our evening flight.,CC BY 2.0,https://creativecommons.org/licenses/by/2.0/,https://www.flickr.com/photos/69706441@N03/33727652076
f_6590410833,avlxyz,Thai Street Food Dinner - Kao Gaeng Thai,CC BY-NC-SA 2.0,https://creativecommons.org/licenses/by-nc-sa/2.0/,https://www.flickr.com/photos/10559879@N00/6590410833
f_16292992417,DaveR1988,Burmese Street Food,CC BY 2.0,https://creativecommons.org/licenses/by/2.0/,https://www.flickr.com/photos/126563046@N06/16292992417
f_6444787265,Barry & PK,"Street Food, Jaipur India (had some too!)",CC BY-SA 2.0,https://creativecommons.org/licenses/by-sa/2.0/,https://www.flickr.com/photos/39231768@N04/6444787265
f_24945140388,Ted's photos - Returns in December,2017 - Mexico - Guadalajara - Street Food Vendors,CC BY-NC-SA 2.0,https://creativecommons.org/licenses/by-nc-sa/2.0/,https://www.flickr.com/photos/90955804@N04/24945140388
f_4427926296,irumge,street food,CC BY 2.0,https://creativecommons.org/licenses/by/2.0/,https://www.flickr.com/photos/61168676@N00/4427926296
f_7113967189,David McKelvey,"Street Food Stall, Chiang Mai, Thailand",CC BY 2.0,https://creativecommons.org/licenses/by/2.0/,https://www.flickr.com/photos/94735786@N00/7113967189
f_3509714739,mckaysavage,Malaysia - 011 - KL - Yummy street food stalls are the way to eat in KL,CC BY 2.0,https://creativecommons.org/licenses/by/2.0/,https://www.flickr.com/photos/56796376@N00/3509714739
f_8111828215,StateofIsrael,Street Food Festival,CC BY-SA 2.0,https://creativecommons.org/licenses/by-sa/2.0/,https://www.flickr.com/photos/86083886@N02/8111828215
f_22827190459,Daniel Eynis,Portland Street Food Carts,CC BY-NC-SA 2.0,https://creativecommons.org/licenses/by-nc-sa/2.0/,https://www.flickr.com/photos/126706239@N07/22827190459
f_8367052865,Boston Public Library,"Rose Motel & Restaurant, home cooked Italian Spaghetti, U. S. Highway 301 -- 1 1/2 mile south of -- Jesup, Georgia",CC BY 2.0,https://creativecommons.org/licenses/by/2.0/,https://www.flickr.com/photos/24029425@N06/8367052865
f_2522537498,mcsquishee,Nancy's Home Cooking diner,CC BY 2.0,https://creativecommons.org/licenses/by/2.0/,https://www.flickr.com/photos/25159787@N07/2522537498
f_15324058364,conticium,Home-cooked Donnerstagslunch,CC BY-SA 2.0,https://creativecommons.org/licenses/by-sa/2.0/,https://www.flickr.com/photos/122224642@N02/15324058364
f_16475314418,skinnydiver,Parting shot of Volcan de Agua overlooking the city of Antigua. This area has 3 distinct volcanoes overlooking the city and a prominent coffee producing region in Guatemala. We were fortunate to be treated to a lovely home cook meal by the aunt of our hos,CC BY-SA 2.0,https://creativecommons.org/licenses/by-sa/2.0/,https://www.flickr.com/photos/53197929@N00/16475314418
f_8521795496,jonolist,Home-cooked x Beef Tataki,CC BY-SA 2.0,https://creativecommons.org/licenses/by-sa/2.0/,https://www.flickr.com/photos/46635911@N00/8521795496
f_6104677542,NatalieMaynor,Home Cooking,CC BY 2.0,https://creativecommons.org/licenses/by/2.0/,https://www.flickr.com/photos/93178668@N00/6104677542
f_6839328722,Boston Public Library,"Me worry? No -- When I was eight years old Bob Adamcik's Café, home cooking -- novelties, 26 hour service, Schulenburg, Texas",CC BY 2.0,https://creativecommons.org/licenses/by/2.0/,https://www.flickr.com/photos/24029425@N06/6839328722
f_6985450013,Boston Public Library,"Me worry? No -- When I was eight years old Bob Adamcik's Café, home cooking -- novelties, 26 hour service, Schulenburg, Texas",CC BY 2.0,https://creativecommons.org/licenses/by/2.0/,https://www.flickr.com/photos/24029425@N06/6985450013
f_7762210134,USFWS Mountain Prairie,A Home Cooked Meal on the Range,CC BY 2.0,https://creativecommons.org/licenses/by/2.0/,https://www.flickr.com/photos/51986662@N05/7762210134
f_6358719885,DocGeek,Home Cooking: Bread Pudding,CC BY-NC-SA 2.0,https://creativecommons.org/licenses/by-nc-sa/2.0/,https://www.flickr.com/photos/52193831@N07/6358719885
f_3151352022,Tacos Por Vida,Not tacos: Big pot of home-cooked jambalaya,CC BY-NC 2.0,https://creativecommons.org/licenses/by-nc/2.0/,https://www.flickr.com/photos/33593400@N04/3151352022
f_376350909,krossbow,Home Cooking,CC BY 2.0,https://creativecommons.org/licenses/by/2.0/,https://www.flickr.com/photos/13194817@N00/376350909
f_11919129556,akahawkeyefan,HOME COOKING,CC BY-NC-SA 2.0,https://creativecommons.org/licenses/by-nc-sa/2.0/,https://www.flickr.com/photos/25578802@N04/11919129556
f_48057016097,morroelsie,Home Cooking,CC BY-NC 2.0,https://creativecommons.org/licenses/by-nc/2.0/,https://www.flickr.com/photos/97902275@N05/48057016097
f_6985449435,Boston Public Library,"Lakeside Café, home cooked meals and chicken our specialty, Hi-Way 90, west at city limit, Schulenburg, Texas",CC BY 2.0,https://creativecommons.org/licenses/by/2.0/,https://www.flickr.com/photos/24029425@N06/6985449435
f_2624672799,Miia Sample,Basic home cooking again...,CC BY-SA 2.0,https://creativecommons.org/licenses/by-sa/2.0/,https://www.flickr.com/photos/78835633@N00/2624672799
f_1435444587,istolethetv,ruby's home cooking,CC BY 2.0,https://creativecommons.org/licenses/by/2.0/,https://www.flickr.com/photos/44124401641@N01/1435444587
f_4241440376,MaryMakesDinner,Chinese Home Cooking Class: Ingredients,CC BY-NC-SA 2.0,https://creativecommons.org/licenses/by-nc-sa/2.0/,https://www.flickr.com/photos/11557559@N04/4241440376
f_16143628389,Lee Bennett,Home-cooked meal,CC BY-NC-SA 2.0,https://creativecommons.org/licenses/by-nc-sa/2.0/,https://www.flickr.com/photos/55455788@N00/16143628389
f_36445064272,Roberrific,"Miss World Canada 2017, Cynthia Menard wears Bathing Belle Swimwear at Bluffers on Beach Day, 10 Aug 2017",CC BY-NC 2.0,https://creativecommons.org/licenses/by-nc/2.0/,https://www.flickr.com/photos/17683992@N06/36445064272
f_4777655171,Len Radin,Explored - Beach Day on Eagle Street,CC BY-NC-SA 2.0,https://creativecommons.org/licenses/by-nc-sa/2.0/,https://www.flickr.com/photos/9080018@N07/4777655171
f_52254189301,tommaync,Sunset Beach Day 7 (10),CC BY-NC-SA 2.0,https://creativecommons.org/licenses/by-nc-sa/2.0/,https://www.flickr.com/photos/64596573@N00/52254189301
f_52254506965,tommaync,Sunset Beach Day 1 (29),CC BY-NC-SA 2.0,https://creativecommons.org/licenses/by-nc-sa/2.0/,https://www.flickr.com/photos/64596573@N00/52254506965
f_52254003661,tommaync,Sunset Beach Day 1 (40),CC BY-NC-SA 2.0,https://creativecommons.org/licenses/by-nc-sa/2.0/,https://www.flickr.com/photos/64596573@N00/52254003661
f_49569407096,Nico Griffith - Tartessos Arts,Beach Day,CC BY-NC-SA 2.0,https://creativecommons.org/licenses/by-nc-sa/2.0/,https://www.flickr.com/photos/69112266@N05/49569407096
f_32522882974,smilla4,Perfect Beach Day,CC BY-NC 2.0,https://creativecommons.org/licenses/by-nc/2.0/,https://www.flickr.com/photos/32194387@N02/32522882974
f_13906320791,JustLikeWasabi,Penny's Beach Day,CC BY-NC-SA 2.0,https://creativecommons.org/licenses/by-nc-sa/2.0/,https://www.flickr.com/photos/46309781@N04/13906320791
f_46538858384,aagay,Beach day,CC BY-SA 2.0,https://creativecommons.org/licenses/by-sa/2.0/,https://www.flickr.com/photos/104082864@N04/46538858384
f_16187992361,josha0007,Beach Day 03.1.15-8,CC BY 2.0,https://creativecommons.org/licenses/by/2.0/,https://www.flickr.com/photos/125033769@N02/16187992361
f_48410253116,lakewentworth,Corgi Beach Day Race at Cannon Beach,CC BY-NC 2.0,https://creativecommons.org/licenses/by-nc/2.0/,https://www.flickr.com/photos/50619629@N00/48410253116
f_11227061273,Multimaniaco,Beach day by the Golden Gate Bridge,CC BY-NC-SA 2.0,https://creativecommons.org/licenses/by-nc-sa/2.0/,https://www.flickr.com/photos/8697700@N03/11227061273
f_14784050129,NathalieSt,The beach day is ending,CC BY 2.0,https://creativecommons.org/licenses/by/2.0/,https://www.flickr.com/photos/79148003@N00/14784050129
f_52215058618,alobos life,Beach day,CC BY-NC 2.0,https://creativecommons.org/licenses/by-nc/2.0/,https://www.flickr.com/photos/80487073@N00/52215058618
f_3591409665,isleofeigg,Beach Days,CC BY-SA 2.0,https://creativecommons.org/licenses/by-sa/2.0/,https://www.flickr.com/photos/35144621@N05/3591409665
f_52253089717,tommaync,Sunset Beach Day 2 (7),CC BY-NC-SA 2.0,https://creativecommons.org/licenses/by-nc-sa/2.0/,https://www.flickr.com/photos/64596573@N00/52253089717
f_4460074495,Luxury Train Club,"Private Rail Car - Salisbury Beach, day",CC BY-SA 2.0,https://creativecommons.org/licenses/by-sa/2.0/,https://www.flickr.com/photos/14589121@N00/4460074495
f_52226008493,alobos life,Beach day,CC BY-NC 2.0,https://creativecommons.org/licenses/by-nc/2.0/,https://www.flickr.com/photos/80487073@N00/52226008493
f_5291537823,stevetulk,Beach Day,CC BY 2.0,https://creativecommons.org/licenses/by/2.0/,https://www.flickr.com/photos/14889576@N08/5291537823
f_11862428144,skarambhe,Beach Day!,CC BY 2.0,https://creativecommons.org/licenses/by/2.0/,https://www.flickr.com/photos/92873496@N06/11862428144
f_9369781919,tamahaji,Happy Birthday My Dearest Wife (July 27 ),CC BY-NC 2.0,https://creativecommons.org/licenses/by-nc/2.0/,https://www.flickr.com/photos/33414877@N03/9369781919
f_2913789700,MarkScottAustinTX,Vanda's Birthday downtown Austin,CC BY-SA 2.0,https://creativecommons.org/licenses/by-sa/2.0/,https://www.flickr.com/photos/57185608@N00/2913789700
f_3440833817,clevercupcakes,1st Birthday Cupcakes,CC BY 2.0,https://creativecommons.org/licenses/by/2.0/,https://www.flickr.com/photos/12803689@N02/3440833817
f_33402762562,docoverachiever,Happy Birthday,CC BY 2.0,https://creativecommons.org/licenses/by/2.0/,https://www.flickr.com/photos/90692748@N04/33402762562
f_3808078114,clevercupcakes,Pink Princess Birthday Cupcakes,CC BY 2.0,https://creativecommons.org/licenses/by/2.0/,https://www.flickr.com/photos/12803689@N02/3808078114
f_5563591206,kimberlykv,Marmee Birthday Cake,CC BY 2.0,https://creativecommons.org/licenses/by/2.0/,https://www.flickr.com/photos/87542849@N00/5563591206
f_4957783660,MarkScottAustinTX,Rachel's Birthday Party 2010,CC BY-SA 2.0,https://creativecommons.org/licenses/by-sa/2.0/,https://www.flickr.com/photos/57185608@N00/4957783660
f_4957615780,MarkScottAustinTX,Rachel's Birthday Party 2010,CC BY-SA 2.0,https://creativecommons.org/licenses/by-sa/2.0/,https://www.flickr.com/photos/57185608@N00/4957615780
f_4957784230,MarkScottAustinTX,Rachel's Birthday Party 2010,CC BY-SA 2.0,https://creativecommons.org/licenses/by-sa/2.0/,https://www.flickr.com/photos/57185608@N00/4957784230
f_16826131653,eevblog,Thomas The Tank Engine Birthday Cake,CC BY 2.0,https://creativecommons.org/licenses/by/2.0/,https://www.flickr.com/photos/58072483@N02/16826131653
f_2504422384,akseabird,Birthday blowjobs,CC BY-NC 2.0,https://creativecommons.org/licenses/by-nc/2.0/,https://www.flickr.com/photos/93752018@N00/2504422384
f_3267707664,soapylovedeb,Soapylove's Third Birthday!,CC BY 2.0,https://creativecommons.org/licenses/by/2.0/,https://www.flickr.com/photos/60608121@N00/3267707664
f_344758751,exfordy,My 40th birthday cake,CC BY 2.0,https://creativecommons.org/licenses/by/2.0/,https://www.flickr.com/photos/32659528@N00/344758751
f_16439819931,gruntzooki,"Flat white with tiny ice-cream, Poesy's seventh birthday, The Parlour, Fortnum and Mason, Picadilly, London, UK",CC BY-SA 2.0,https://creativecommons.org/licenses/by-sa/2.0/,https://www.flickr.com/photos/37996580417@N01/16439819931
f_13604025374,Buy 1/6th scale clothes from Hegemony77,Birthday cake idea - custom personalized Ken doll T shirt made by Hegemony77,CC BY-NC-SA 2.0,https://creativecommons.org/licenses/by-nc-sa/2.0/,https://www.flickr.com/photos/51433358@N04/13604025374
f_9445626166,Defence Images,Soldier Lining the Route of the Queen's Birthday Parade in London,CC BY-SA 2.0,https://creativecommons.org/licenses/by-sa/2.0/,https://www.flickr.com/photos/48399297@N04/9445626166
f_15241132542,Theen ...,The Birthday Shaving Brush,CC BY-NC-SA 2.0,https://creativecommons.org/licenses/by-nc-sa/2.0/,https://www.flickr.com/photos/57768536@N05/15241132542
f_4713210348,Dr. RawheaD,Birthday-Kehke......,CC BY-NC-SA 2.0,https://creativecommons.org/licenses/by-nc-sa/2.0/,https://www.flickr.com/photos/88929764@N00/4713210348
f_7066411111,ShardsOfBlue,Julie's Pinterest Birthday Party,CC BY-SA 2.0,https://creativecommons.org/licenses/by-sa/2.0/,https://www.flickr.com/photos/9350569@N08/7066411111
f_7090266325,In Memoriam: Mr. Ducke,Birthday Cake,CC BY-NC 2.0,https://creativecommons.org/licenses/by-nc/2.0/,https://www.flickr.com/photos/80992738@N00/7090266325
f_13080500995,QuidoX,Nude hiking at the rhine / Nacktwandern am Rhein im Himmelgeister Rheinbogen,CC BY 2.0,https://creativecommons.org/licenses/by/2.0/,https://www.flickr.com/photos/39341083@N02/13080500995
f_3435250831,Trey Ratcliff,"About to cross the stream on the hike, approaching the blue glacier",CC BY-NC-SA 2.0,https://creativecommons.org/licenses/by-nc-sa/2.0/,https://www.flickr.com/photos/95572727@N00/3435250831
f_31753580434,@CarShowShooter,Warren Wilson College Hiking Trails,CC BY-NC-SA 2.0,https://creativecommons.org/licenses/by-nc-sa/2.0/,https://www.flickr.com/photos/77363333@N08/31753580434
f_234836191,Joelk75,hiking,CC BY 2.0,https://creativecommons.org/licenses/by/2.0/,https://www.flickr.com/photos/75001512@N00/234836191
f_51340398662,Onasill - Bill Badzo -- Happy D,Iceland ~ Landmannalaugar Route ~ Ultramarathon is held on the route each July ~ Hiking from Camp,CC BY-NC-SA 2.0,https://creativecommons.org/licenses/by-nc-sa/2.0/,https://www.flickr.com/photos/7156765@N05/51340398662
f_4418592181,666isMONEY ☮ ♥ & ☠,Upper Tanque Verde Falls Hike,CC BY-SA 2.0,https://creativecommons.org/licenses/by-sa/2.0/,https://www.flickr.com/photos/32645377@N06/4418592181
f_25228806103,Lenny K Photography,Vintage Sheep Hiking,CC BY 2.0,https://creativecommons.org/licenses/by/2.0/,https://www.flickr.com/photos/57527070@N06/25228806103
f_51301879439,Onasill - Bill Badzo - 149 Million Views - Thank Y,Iceland ~ Landmannalaugar Route ~ Ultramarathon is held on the route each July ~ Hiking to New Camp Site,CC BY-NC-SA 2.0,https://creativecommons.org/licenses/by-nc-sa/2.0/,https://www.flickr.com/photos/7156765@N05/51301879439
f_14710522893,Stanley Zimny (Thank You for 52 Million views),Hiking the Labyrinth,CC BY-NC 2.0,https://creativecommons.org/licenses/by-nc/2.0/,https://www.flickr.com/photos/82256086@N00/14710522893
f_14850573067,Stanley Zimny (Thank You for 53 Million views),Hiking the Gila Wilderness,CC BY-NC 2.0,https://creativecommons.org/licenses/by-nc/2.0/,https://www.flickr.com/photos/82256086@N00/14850573067
f_15998178607,andyarthur,Hiking,CC BY 2.0,https://creativecommons.org/licenses/by/2.0/,https://www.flickr.com/photos/45846171@N04/15998178607
f_52238178416,Onasill - Bill Badzo - 149 Million Views - Thank Y,Iceland ~ Landmannalaugar Route ~ Ultramarathon is held on the route each July ~ Hiking to New Camp Site,CC BY-NC-SA 2.0,https://creativecommons.org/licenses/by-nc-sa/2.0/,https://www.flickr.com/photos/7156765@N05/52238178416
f_7960290272,Trey Ratcliff,Hiking Around Milford,CC BY-NC-SA 2.0,https://creativecommons.org/licenses/by-nc-sa/2.0/,https://www.flickr.com/photos/95572727@N00/7960290272
f_43013769704,https://angelov.photography,"Beautiful Panorama - Hiking near Spitzingsee, Germany",CC BY 2.0,https://creativecommons.org/licenses/by/2.0/,https://www.flickr.com/photos/157334190@N04/43013769704
f_36580860680,@CarShowShooter,Hiking to Taggart & Bradley Lakes (Grand Teton NP),CC BY-NC-SA 2.0,https://creativecommons.org/licenses/by-nc-sa/2.0/,https://www.flickr.com/photos/77363333@N08/36580860680
f_51844439161,Onasill - Bill Badzo - 149 Million Views - Thank Y,Iceland ~ Landmannalaugar Route ~ Ultramarathon is held on the route each July ~ Hiking to New Camp Site,CC BY-SA 2.0,https://creativecommons.org/licenses/by-sa/2.0/,https://www.flickr.com/photos/7156765@N05/51844439161
f_19547449648,Bautz Adventure,#hiking,CC BY 2.0,https://creativecommons.org/licenses/by/2.0/,https://www.flickr.com/photos/130811041@N04/19547449648
f_51849863613,Onasill - Bill Badzo - 149 Million Views - Thank Y,Iceland ~ Landmannalaugar Route ~ Ultramarathon is held on the route each July ~ Hiking to New Camp Site,CC BY-SA 2.0,https://creativecommons.org/licenses/by-sa/2.0/,https://www.flickr.com/photos/7156765@N05/51849863613
f_51665629396,Onasill - Bill Badzo - 149 Million Views - Thank Y,Iceland ~ Landmannalaugar Route ~ Ultramarathon is held on the route each July ~ Hiking from Camp,CC BY-NC-SA 2.0,https://creativecommons.org/licenses/by-nc-sa/2.0/,https://www.flickr.com/photos/7156765@N05/51665629396
f_18727031725,Bautz Adventure,#hiking #fitness #outdoors #adventure,CC BY 2.0,https://creativecommons.org/licenses/by/2.0/,https://www.flickr.com/photos/130811041@N04/18727031725
f_40145148415,Steven Pisano,NEW YORK CITY STREET SCENES - Botanica Near Ninth Avenue in the Fifties,CC BY 2.0,https://creativecommons.org/licenses/by/2.0/,https://www.flickr.com/photos/45776673@N04/40145148415
f_8494423988,BrickinNick,City Street (4),CC BY-NC 2.0,https://creativecommons.org/licenses/by-nc/2.0/,https://www.flickr.com/photos/21134226@N06/8494423988
f_26305003116,Steven Pisano,New York City Street Scenes - Rainy Night on the Lower East Side,CC BY 2.0,https://creativecommons.org/licenses/by/2.0/,https://www.flickr.com/photos/45776673@N04/26305003116
f_48967470522,Ivan Radic,Vintage horse carriages on the city streets during a carnival,CC BY 2.0,https://creativecommons.org/licenses/by/2.0/,https://www.flickr.com/photos/26344495@N05/48967470522
f_2533534525,Raffaele Testa Photographer,New York City Street,CC BY-NC 2.0,https://creativecommons.org/licenses/by-nc/2.0/,https://www.flickr.com/photos/27121026@N03/2533534525
f_5702267780,infomatique,Belfast City - Street Entertainer,CC BY-SA 2.0,https://creativecommons.org/licenses/by-sa/2.0/,https://www.flickr.com/photos/80824546@N00/5702267780
f_2534349040,Raffaele Testa Photographer,New York City Street,CC BY-NC 2.0,https://creativecommons.org/licenses/by-nc/2.0/,https://www.flickr.com/photos/27121026@N03/2534349040
f_31584471114,Steven Pisano,New York City Street Scenes - Woman on Subway,CC BY 2.0,https://creativecommons.org/licenses/by/2.0/,https://www.flickr.com/photos/45776673@N04/31584471114
f_8494422552,BrickinNick,City Street,CC BY-NC 2.0,https://creativecommons.org/licenses/by-nc/2.0/,https://www.flickr.com/photos/21134226@N06/8494422552
f_123634746,eye of einstein,Catania City Streets,CC BY 2.0,https://creativecommons.org/licenses/by/2.0/,https://www.flickr.com/photos/35188692@N00/123634746
f_5025992680,Tatters ✾,Rainy day in Auckland city street with Empress Tree,CC BY 2.0,https://creativecommons.org/licenses/by/2.0/,https://www.flickr.com/photos/62938898@N00/5025992680
f_20446597475,Steven Pisano,New York City Street Scenes - Eating Hot Dogs Outside the Apple Store on Fifth Avenue,CC BY 2.0,https://creativecommons.org/licenses/by/2.0/,https://www.flickr.com/photos/45776673@N04/20446597475
f_3319977021,VCK xD,city street,CC BY 2.0,https://creativecommons.org/licenses/by/2.0/,https://www.flickr.com/photos/23680392@N06/3319977021
f_14684084459,City Clock Magazine,Mexico City street (City Clock),CC BY-NC-SA 2.0,https://creativecommons.org/licenses/by-nc-sa/2.0/,https://www.flickr.com/photos/118304891@N02/14684084459
f_14599829264,Steven Pisano,New York City Street Scenes,CC BY 2.0,https://creativecommons.org/licenses/by/2.0/,https://www.flickr.com/photos/45776673@N04/14599829264
f_20262590696,Steven Pisano,New York City Street Scenes - On the Subway - A Couple Checking Their Phone,CC BY 2.0,https://creativecommons.org/licenses/by/2.0/,https://www.flickr.com/photos/45776673@N04/20262590696
f_8494427264,BrickinNick,City Street (11),CC BY-NC 2.0,https://creativecommons.org/licenses/by-nc/2.0/,https://www.flickr.com/photos/21134226@N06/8494427264
f_5692093611,J. Tewell,"Japanese Nicks on a Manila City street near Manila Bay, 1945",CC BY-NC 2.0,https://creativecommons.org/licenses/by-nc/2.0/,https://www.flickr.com/photos/9406236@N02/5692093611
f_40647868053,r.a. paterson,city street with bus stop,CC BY-NC-SA 2.0,https://creativecommons.org/licenses/by-nc-sa/2.0/,https://www.flickr.com/photos/35667267@N00/40647868053
f_8493328437,BrickinNick,City Street (14),CC BY-NC 2.0,https://creativecommons.org/licenses/by-nc/2.0/,https://www.flickr.com/photos/21134226@N06/8493328437
f_6447975921,Leszek.Leszczynski,Littlest Pet Shop birthday cake,CC BY 2.0,https://creativecommons.org/licenses/by/2.0/,https://www.flickr.com/photos/47190679@N06/6447975921
f_17012197462,Alzheimer1,"Ara macao ('Lucy', one of my pet parrots)",CC BY-NC-SA 2.0,https://creativecommons.org/licenses/by-nc-sa/2.0/,https://www.flickr.com/photos/77449230@N06/17012197462
f_46468616414,Joey0124,2019年2月24號 茉莉日常美如花😂💓 #catsofinstagram #cat #catlove #lovecat #catstagram #cats_of_instagram #longhaircat #ragdolllovers #ragdoll #ragdollworld #ragdollkitten #ragdollcats #ragdollcat #pet #ilovecats #bestmeow #meow #dailycats #petstagram #貓,CC BY-NC-SA 2.0,https://creativecommons.org/licenses/by-nc-sa/2.0/,https://www.flickr.com/photos/135600475@N08/46468616414
f_6638823029,LollypopFarm,"Pet of the Week: Beethoven, 12084847",CC BY-NC-SA 2.0,https://creativecommons.org/licenses/by-nc-sa/2.0/,https://www.flickr.com/photos/21889861@N04/6638823029
f_3763912574,InfinitelyDigital,Zimmer Pet Pics,CC BY 2.0,https://creativecommons.org/licenses/by/2.0/,https://www.flickr.com/photos/25829755@N00/3763912574
f_221238656,Muffet,PET scan,CC BY 2.0,https://creativecommons.org/licenses/by/2.0/,https://www.flickr.com/photos/53133240@N00/221238656
f_7151479079,USAG-Humphreys,"Pet Fest - U.S. Army Garrison Humphreys, South Korea - 5 May 2012",CC BY 2.0,https://creativecommons.org/licenses/by/2.0/,https://www.flickr.com/photos/31687107@N07/7151479079
f_7005484308,USAG-Humphreys,"Pet Fest - U.S. Army Garrison Humphreys, South Korea - 5 May 2012",CC BY 2.0,https://creativecommons.org/licenses/by/2.0/,https://www.flickr.com/photos/31687107@N07/7005484308
f_7005603890,USAG-Humphreys,"Pet Fest - U.S. Army Garrison Humphreys, South Korea - 5 May 2012",CC BY 2.0,https://creativecommons.org/licenses/by/2.0/,https://www.flickr.com/photos/31687107@N07/7005603890
f_7005608052,USAG-Humphreys,"Pet Fest - U.S. Army Garrison Humphreys, South Korea - 5 May 2012",CC BY 2.0,https://creativecommons.org/licenses/by/2.0/,https://www.flickr.com/photos/31687107@N07/7005608052
f_7005389006,USAG-Humphreys,"Pet Fest - U.S. Army Garrison Humphreys, South Korea - 5 May 2012",CC BY 2.0,https://creativecommons.org/licenses/by/2.0/,https://www.flickr.com/photos/31687107@N07/7005389006
f_7005398622,USAG-Humphreys,"Pet Fest - U.S. Army Garrison Humphreys, South Korea - 5 May 2012",CC BY 2.0,https://creativecommons.org/licenses/by/2.0/,https://www.flickr.com/photos/31687107@N07/7005398622
f_7151668227,USAG-Humphreys,"Pet Fest - U.S. Army Garrison Humphreys, South Korea - 5 May 2012",CC BY 2.0,https://creativecommons.org/licenses/by/2.0/,https://www.flickr.com/photos/31687107@N07/7151668227
f_7005429894,USAG-Humphreys,"Pet Fest - U.S. Army Garrison Humphreys, South Korea - 5 May 2012",CC BY 2.0,https://creativecommons.org/licenses/by/2.0/,https://www.flickr.com/photos/31687107@N07/7005429894
f_10744716945,Ivan Radic,Young woman petting a ginger cat,CC BY 2.0,https://creativecommons.org/licenses/by/2.0/,https://www.flickr.com/photos/26344495@N05/10744716945
f_6677003839,Chris Hunkeler,Petting Sherman,CC BY-SA 2.0,https://creativecommons.org/licenses/by-sa/2.0/,https://www.flickr.com/photos/14913305@N00/6677003839
f_6866627177,ShardsOfBlue,"Las Vegas Pet Expo 2012, Cashman Center",CC BY-SA 2.0,https://creativecommons.org/licenses/by-sa/2.0/,https://www.flickr.com/photos/9350569@N08/6866627177
f_226626299,Pak Gwei,Pets,CC BY-NC-SA 2.0,https://creativecommons.org/licenses/by-nc-sa/2.0/,https://www.flickr.com/photos/44124410076@N01/226626299
f_4047292002,e³°°°,Girl with pet,CC BY-SA 2.0,https://creativecommons.org/licenses/by-sa/2.0/,https://www.flickr.com/photos/23566085@N00/4047292002
f_11903260294,Bryan Doane Photography,Pet Portraits,CC BY 2.0,https://creativecommons.org/licenses/by/2.0/,https://www.flickr.com/photos/49271919@N07/11903260294
f_3487120706,4nitsirk,Computer screen garden (2),CC BY-SA 2.0,https://creativecommons.org/licenses/by-sa/2.0/,https://www.flickr.com/photos/26223114@N02/3487120706
f_4449586891,UGArdener,"Sheffield Park, a National Trust Garden in East Sussex",CC BY-NC 2.0,https://creativecommons.org/licenses/by-nc/2.0/,https://www.flickr.com/photos/22834654@N04/4449586891
f_7269483794,tejvanphotos,Garden,CC BY 2.0,https://creativecommons.org/licenses/by/2.0/,https://www.flickr.com/photos/30801973@N04/7269483794
f_3507303760,Leimenide,"The Rock Garden, Leonardslee Gardens",CC BY 2.0,https://creativecommons.org/licenses/by/2.0/,https://www.flickr.com/photos/24350382@N07/3507303760
f_17198643097,antonychammond,Making Merry at Merriments Gardens!,CC BY-NC-SA 2.0,https://creativecommons.org/licenses/by-nc-sa/2.0/,https://www.flickr.com/photos/8525214@N06/17198643097
f_41143909882,antonychammond,Sissinghurst Castle and Garden - The Famous White Garden,CC BY-NC-SA 2.0,https://creativecommons.org/licenses/by-nc-sa/2.0/,https://www.flickr.com/photos/8525214@N06/41143909882
f_9847273603,tdlucas5000,"Allerton Garden, Kauai",CC BY-SA 2.0,https://creativecommons.org/licenses/by-sa/2.0/,https://www.flickr.com/photos/27656017@N02/9847273603
f_321739247,mharrsch,Model of the Hanging Gardens of Babylon,CC BY-NC-SA 2.0,https://creativecommons.org/licenses/by-nc-sa/2.0/,https://www.flickr.com/photos/44124324682@N01/321739247
f_5245543784,Prayitno / Thank you for (12 millions +) view,Japanese Garden,CC BY 2.0,https://creativecommons.org/licenses/by/2.0/,https://www.flickr.com/photos/34128007@N04/5245543784
f_7138157357,naotakem,Japanese Garden,CC BY 2.0,https://creativecommons.org/licenses/by/2.0/,https://www.flickr.com/photos/12832970@N00/7138157357
f_11245604903,Joe Parks,"Garden of Eden, Arches National Park [Explore 12/06/13]",CC BY-NC 2.0,https://creativecommons.org/licenses/by-nc/2.0/,https://www.flickr.com/photos/34450190@N08/11245604903
f_19620399,**Mary**,"Star Pond,Butchart Gardens, Victoria, B.C.",CC BY-NC-SA 2.0,https://creativecommons.org/licenses/by-nc-sa/2.0/,https://www.flickr.com/photos/79477324@N00/19620399
f_48121415291,antonychammond,Sissinghurst Castle & Garden - Bordering on Beauty in the Famous White Garden,CC BY-NC-SA 2.0,https://creativecommons.org/licenses/by-nc-sa/2.0/,https://www.flickr.com/photos/8525214@N06/48121415291
f_5518057205,Gareth1953 All Right Now,Wych Cross Garden Centre - June 2010 - Talking of Garden Gnomes,CC BY 2.0,https://creativecommons.org/licenses/by/2.0/,https://www.flickr.com/photos/40837632@N05/5518057205
f_2595433144,Jim Linwood,"Medieval Herb Garden, Ypres Tower, Rye, East Sussex.",CC BY 2.0,https://creativecommons.org/licenses/by/2.0/,https://www.flickr.com/photos/54238124@N00/2595433144
f_15016074948,ell brown,The gardens at Haddon Hall,CC BY-SA 2.0,https://creativecommons.org/licenses/by-sa/2.0/,https://www.flickr.com/photos/39415781@N06/15016074948
f_15016018357,ell brown,The gardens at Haddon Hall - The Chapel,CC BY-SA 2.0,https://creativecommons.org/licenses/by-sa/2.0/,https://www.flickr.com/photos/39415781@N06/15016018357
f_1549164636,EssjayNZ,the flower gardens,CC BY-NC-SA 2.0,https://creativecommons.org/licenses/by-nc-sa/2.0/,https://www.flickr.com/photos/19387816@N00/1549164636
f_14250355448,skyseeker,Tea Garden Resort,CC BY 2.0,https://creativecommons.org/licenses/by/2.0/,https://www.flickr.com/photos/40422902@N00/14250355448
f_8496328126,Thomas Leth-Olsen,secret garden,CC BY-SA 2.0,https://creativecommons.org/licenses/by-sa/2.0/,https://www.flickr.com/photos/54712044@N03/8496328126
f_2475749283,hodgers,new kitchen floor,CC BY-SA 2.0,https://creativecommons.org/licenses/by-sa/2.0/,https://www.flickr.com/photos/35468147887@N01/2475749283
f_3119068272,Carosaurus,Kitchen,CC BY-NC-SA 2.0,https://creativecommons.org/licenses/by-nc-sa/2.0/,https://www.flickr.com/photos/71946868@N00/3119068272
f_4631796774,Bods,New Kitchen,CC BY-SA 2.0,https://creativecommons.org/licenses/by-sa/2.0/,https://www.flickr.com/photos/54741099@N00/4631796774
f_8220942184,rambleonsylvie,kitchen,CC BY-NC-SA 2.0,https://creativecommons.org/licenses/by-nc-sa/2.0/,https://www.flickr.com/photos/90973130@N00/8220942184
f_2247747598,tornatore,"Kitchen, Remodeled",CC BY-SA 2.0,https://creativecommons.org/licenses/by-sa/2.0/,https://www.flickr.com/photos/60153610@N00/2247747598
f_5232340364,Ryan Howerter,Victorian Style IV | The Kitchen,CC BY-NC-SA 2.0,https://creativecommons.org/licenses/by-nc-sa/2.0/,https://www.flickr.com/photos/29797859@N08/5232340364
f_15606512391,Jeremy Levine Design,Sustainable Kitchen,CC BY 2.0,https://creativecommons.org/licenses/by/2.0/,https://www.flickr.com/photos/25186605@N04/15606512391
f_9244783591,✄♥Ladyfroufrou♥★SparkleSparkle!☆★,Kitchen update.,CC BY-SA 2.0,https://creativecommons.org/licenses/by-sa/2.0/,https://www.flickr.com/photos/56558327@N08/9244783591
f_2699551032,Editor B,Kitchen,CC BY 2.0,https://creativecommons.org/licenses/by/2.0/,https://www.flickr.com/photos/11018968@N00/2699551032
f_5328898227,mkroepfl77,Kitchen,CC BY 2.0,https://creativecommons.org/licenses/by/2.0/,https://www.flickr.com/photos/22695964@N00/5328898227
f_8286394616,GLdesignBuild,"Kitchen Remodeling @ Centreville, VA",CC BY 2.0,https://creativecommons.org/licenses/by/2.0/,https://www.flickr.com/photos/90832744@N05/8286394616
f_259865571,Telstar Logistics,Kitchen Safety Begins at Home,CC BY-NC 2.0,https://creativecommons.org/licenses/by-nc/2.0/,https://www.flickr.com/photos/49502995517@N01/259865571
f_8285340421,GLdesignBuild,"Kitchen Remodeling @ Centreville, VA",CC BY 2.0,https://creativecommons.org/licenses/by/2.0/,https://www.flickr.com/photos/90832744@N05/8285340421
f_425272884,Rsms,My Kitchen,CC BY-NC 2.0,https://creativecommons.org/licenses/by-nc/2.0/,https://www.flickr.com/photos/12281432@N00/425272884
f_2277727606,johncarljohnson,Kitchen,CC BY 2.0,https://creativecommons.org/licenses/by/2.0/,https://www.flickr.com/photos/20968794@N00/2277727606
f_5411084528,williamskitchenbath,Designed by Williams Kitchen & Bath,CC BY 2.0,https://creativecommons.org/licenses/by/2.0/,https://www.flickr.com/photos/56473047@N05/5411084528
f_2336288488,j l t,kitchen remodel: 1927 Mission Revival bungalow,CC BY-NC-SA 2.0,https://creativecommons.org/licenses/by-nc-sa/2.0/,https://www.flickr.com/photos/37996580657@N01/2336288488
f_15281588850,Images George Rex,Balfron Tower / kitchen,CC BY-SA 2.0,https://creativecommons.org/licenses/by-sa/2.0/,https://www.flickr.com/photos/36692623@N06/15281588850
f_5955140654,Seattle Municipal Archives,"Woman in kitchen, circa 1930s",CC BY 2.0,https://creativecommons.org/licenses/by/2.0/,https://www.flickr.com/photos/24256351@N04/5955140654
f_4253642491,granite-charlotte,Kitchen Granite with Tile Backsplash,CC BY 2.0,https://creativecommons.org/licenses/by/2.0/,https://www.flickr.com/photos/46317749@N02/4253642491
f_6623637109,Mind on Fire Photography,Office Desk,CC BY-SA 2.0,https://creativecommons.org/licenses/by-sa/2.0/,https://www.flickr.com/photos/55284268@N05/6623637109
f_5720595132,nSeika,Office desk,CC BY 2.0,https://creativecommons.org/licenses/by/2.0/,https://www.flickr.com/photos/33542052@N07/5720595132
f_546319408,Jeroen Sangers,Office desk,CC BY-SA 2.0,https://creativecommons.org/licenses/by-sa/2.0/,https://www.flickr.com/photos/34404257@N00/546319408
f_8642935003,slworking2,Lunch break at my desk. #work #geek #office #nerd #programmer #workflow #office #desk #cubicle,CC BY-NC-SA 2.0,https://creativecommons.org/licenses/by-nc-sa/2.0/,https://www.flickr.com/photos/18548283@N00/8642935003
f_3369416007,hansbrastad,my tidy office desk 2,CC BY 2.0,https://creativecommons.org/licenses/by/2.0/,https://www.flickr.com/photos/31300715@N06/3369416007
f_8982740008,slworking2,"Happy National Donut Day, n00bs.Geek at work. #work #geek #officelife #nerd #programmer #workflow #office #desk #cubicle #workflow #cubical",CC BY-NC-SA 2.0,https://creativecommons.org/licenses/by-nc-sa/2.0/,https://www.flickr.com/photos/18548283@N00/8982740008
f_3075265456,crazytales562,The office desk downstairs,CC BY 2.0,https://creativecommons.org/licenses/by/2.0/,https://www.flickr.com/photos/73798453@N00/3075265456
f_8057926269,slworking2,Defending my cubicle from geek zombie attacks #nerf #nerfwar #cubicle #office #desk #cubical #geek #geeks #workflow #hardatwork #hardlyworking #programmer #nerd #IT #office,CC BY-NC-SA 2.0,https://creativecommons.org/licenses/by-nc-sa/2.0/,https://www.flickr.com/photos/18548283@N00/8057926269
f_8806723399,slworking2,"My lunch. Need to hurry up and test something, but now I need to wait for the system to be brought back online. Geek at work. #work #geek #officelife #nerd #programmer #workflow #office #desk #cubicle #workflow #cubical",CC BY-NC-SA 2.0,https://creativecommons.org/licenses/by-nc-sa/2.0/,https://www.flickr.com/photos/18548283@N00/8806723399
f_8676346133,slworking2,All done! Time to go home. It's release night - deploying a new version of our software - and working late. Geek at work. #work #geek #officelife #nerd #programmer #workflow #office #desk #cubicle #workflow,CC BY-NC-SA 2.0,https://creativecommons.org/licenses/by-nc-sa/2.0/,https://www.flickr.com/photos/18548283@N00/8676346133
f_8675990497,slworking2,Mmmm... pizza. It's release night - deploying a new version of our software - and we'll be working late. Geek at work. #work #geek #officelife #nerd #programmer #workflow #office #desk #cubicle #workflow,CC BY-NC-SA 2.0,https://creativecommons.org/licenses/by-nc-sa/2.0/,https://www.flickr.com/photos/18548283@N00/8675990497
f_19928653864,Daniel M. Hendricks,"My office desk, with IKEA leaf shade",CC BY-SA 2.0,https://creativecommons.org/licenses/by-sa/2.0/,https://www.flickr.com/photos/86636033@N00/19928653864
f_8892102013,slworking2,About to drink my breakfast. Geek at work. #work #geek #officelife #nerd #programmer #workflow #office #desk #cubicle #workflow #cubical,CC BY-NC-SA 2.0,https://creativecommons.org/licenses/by-nc-sa/2.0/,https://www.flickr.com/photos/18548283@N00/8892102013
f_8960538147,slworking2,Geek at work. #work #geek #officelife #nerd #programmer #workflow #office #desk #cubicle #workflow #cubical,CC BY-NC-SA 2.0,https://creativecommons.org/licenses/by-nc-sa/2.0/,https://www.flickr.com/photos/18548283@N00/8960538147
f_8735665269,slworking2,I need da drink of caffeine. Geek at work. #work #geek #officelife #nerd #programmer #workflow #office #desk #cubicle #workflow #cubical,CC BY-NC-SA 2.0,https://creativecommons.org/licenses/by-nc-sa/2.0/,https://www.flickr.com/photos/18548283@N00/8735665269
f_9036680917,slworking2,Packing up my desk. Saying goodbye to my cubicle tonight. San Diego office is closing and I'll be permanently working from home beginning Friday. #work #geek #officelife #nerd #programmer #workflow #office #desk #cubicle #workflow #cubical,CC BY-NC-SA 2.0,https://creativecommons.org/licenses/by-nc-sa/2.0/,https://www.flickr.com/photos/18548283@N00/9036680917
f_9036791071,slworking2,Packing up my desk. Saying goodbye to my cubicle tonight. San Diego office is closing and I'll be permanently working from home beginning Friday. #work #geek #officelife #nerd #programmer #workflow #office #desk #cubicle #workflow #cubical,CC BY-NC-SA 2.0,https://creativecommons.org/licenses/by-nc-sa/2.0/,https://www.flickr.com/photos/18548283@N00/9036791071
f_5279661654,jremick,Office desk (fisheye),CC BY 2.0,https://creativecommons.org/licenses/by/2.0/,https://www.flickr.com/photos/48772523@N08/5279661654
f_16916258456,anantal,Office Desk Computer PC Laptop Setup,CC BY 2.0,https://creativecommons.org/licenses/by/2.0/,https://www.flickr.com/photos/33088287@N00/16916258456
f_8653528418,slworking2,Pi and pie. Geek at work. #pi #pizza #work #geek #office #nerd #programmer #workflow #office #desk #cubicle #workflow #pi,CC BY-NC-SA 2.0,https://creativecommons.org/licenses/by-nc-sa/2.0/,https://www.flickr.com/photos/18548283@N00/8653528418
f_3550741931,seier+seier,"jean nouvel, danish radio concert hall, 2002-2009",CC BY 2.0,https://creativecommons.org/licenses/by/2.0/,https://www.flickr.com/photos/94852245@N00/3550741931
f_3842687379,Claire CJS,20061222 - Voltaire concert - Zombie Prostitute cover (autographed),CC BY-NC-SA 2.0,https://creativecommons.org/licenses/by-nc-sa/2.0/,https://www.flickr.com/photos/31355686@N00/3842687379
f_2292254139,Phillip Ritz,Frank O. Gehry & Partners Walt Disney Concert Hall,CC BY-NC-SA 2.0,https://creativecommons.org/licenses/by-nc-sa/2.0/,https://www.flickr.com/photos/82193492@N00/2292254139
f_133308141,sean dreilinger,punk rock girls - post-strokes-concert - dscf6878,CC BY-NC-SA 2.0,https://creativecommons.org/licenses/by-nc-sa/2.0/,https://www.flickr.com/photos/43927576@N00/133308141
f_9440044730,Montgomery County Planning Commission,Concert,CC BY-SA 2.0,https://creativecommons.org/licenses/by-sa/2.0/,https://www.flickr.com/photos/75012107@N05/9440044730
f_26239175911,Giuseppe Milo (www.pixael.com),"Walt Disney concert hall - Los Angeles, United States - Abstract photography",CC BY 2.0,https://creativecommons.org/licenses/by/2.0/,https://www.flickr.com/photos/87690240@N03/26239175911
f_989887014,franz88,The Police concert in Montreal 2007,CC BY-NC-SA 2.0,https://creativecommons.org/licenses/by-nc-sa/2.0/,https://www.flickr.com/photos/29314071@N00/989887014
f_14919880753,vickysandoval22,Fall Music Concert,CC BY 2.0,https://creativecommons.org/licenses/by/2.0/,https://www.flickr.com/photos/115327016@N06/14919880753
f_8388623869,Faisal Akram Ether,Tri Nation Mega Concert : Sonu Nigam,CC BY-SA 2.0,https://creativecommons.org/licenses/by-sa/2.0/,https://www.flickr.com/photos/72847119@N00/8388623869
f_8657919101,ChrisPerello,Concert,CC BY-NC-SA 2.0,https://creativecommons.org/licenses/by-nc-sa/2.0/,https://www.flickr.com/photos/86199124@N05/8657919101
f_3878231068,Anirudh Koul,Franz Ferdinand Concert Stage Lighting,CC BY-NC 2.0,https://creativecommons.org/licenses/by-nc/2.0/,https://www.flickr.com/photos/84856173@N00/3878231068
f_7514066478,youngrobv,Madonna MDNA Concert Live _D7C32096,CC BY-NC 2.0,https://creativecommons.org/licenses/by-nc/2.0/,https://www.flickr.com/photos/7388060@N08/7514066478
f_7406721864,youngrobv,Madonna MDNA Concert Live _D7C31354,CC BY-NC 2.0,https://creativecommons.org/licenses/by-nc/2.0/,https://www.flickr.com/photos/7388060@N08/7406721864
f_14110704700,pabak sarkar,Summer concert,CC BY 2.0,https://creativecommons.org/licenses/by/2.0/,https://www.flickr.com/photos/122393034@N04/14110704700
f_5482718682,Anirudh Koul,"Lady Gaga Concert - Lady Gaga, meet Baby Gaga",CC BY-NC 2.0,https://creativecommons.org/licenses/by-nc/2.0/,https://www.flickr.com/photos/84856173@N00/5482718682
f_5831608187,Nationaal Historisch Museum,Publiek tijdens het Nationaal Concert 2011,CC BY-SA 2.0,https://creativecommons.org/licenses/by-sa/2.0/,https://www.flickr.com/photos/38566524@N04/5831608187
f_5831625263,Nationaal Historisch Museum,Bezoekers van het Nationaal Concert 2011,CC BY-SA 2.0,https://creativecommons.org/licenses/by-sa/2.0/,https://www.flickr.com/photos/38566524@N04/5831625263
f_5832166528,Nationaal Historisch Museum,Bezoekers van het Nationaal Concert 2011,CC BY-SA 2.0,https://creativecommons.org/licenses/by-sa/2.0/,https://www.flickr.com/photos/38566524@N04/5832166528
f_2406188038,Kingstonist.com,"Avril Lavigne Concert, Kingston ON",CC BY-NC-SA 2.0,https://creativecommons.org/licenses/by-nc-sa/2.0/,https://www.flickr.com/photos/24733738@N02/2406188038
f_2878446829,Kristine016,Concert tshirt quilt,CC BY-NC-SA 2.0,https://creativecommons.org/licenses/by-nc-sa/2.0/,https://www.flickr.com/photos/49225078@N00/2878446829
f_4869390774,shaggy359,The wedding guests,CC BY-NC-SA 2.0,https://creativecommons.org/licenses/by-nc-sa/2.0/,https://www.flickr.com/photos/12495774@N02/4869390774
f_5154054521,☺ Lee J Haywood,Wedding guests,CC BY-SA 2.0,https://creativecommons.org/licenses/by-sa/2.0/,https://www.flickr.com/photos/45034206@N06/5154054521
f_16479547032,nparekhcards,Best Dresses & Accessories For Wedding Guests,CC BY-SA 2.0,https://creativecommons.org/licenses/by-sa/2.0/,https://www.flickr.com/photos/125349110@N05/16479547032
f_4221367251,☺ Lee J Haywood,Wedding guests,CC BY-SA 2.0,https://creativecommons.org/licenses/by-sa/2.0/,https://www.flickr.com/photos/45034206@N06/4221367251
f_22110044074,Can Pac Swire,Faces of Holland: Wedding guests,CC BY-NC 2.0,https://creativecommons.org/licenses/by-nc/2.0/,https://www.flickr.com/photos/18378305@N00/22110044074
f_32218699194,nparekhcards,Ladylike Laws: Wedding Guest Etiquette,CC BY-SA 2.0,https://creativecommons.org/licenses/by-sa/2.0/,https://www.flickr.com/photos/125349110@N05/32218699194
f_4218609617,☺ Lee J Haywood,Wedding guests take pictures,CC BY-SA 2.0,https://creativecommons.org/licenses/by-sa/2.0/,https://www.flickr.com/photos/45034206@N06/4218609617
f_4222188638,☺ Lee J Haywood,Wedding guests,CC BY-SA 2.0,https://creativecommons.org/licenses/by-sa/2.0/,https://www.flickr.com/photos/45034206@N06/4222188638
f_4221444291,☺ Lee J Haywood,Wedding guests,CC BY-SA 2.0,https://creativecommons.org/licenses/by-sa/2.0/,https://www.flickr.com/photos/45034206@N06/4221444291
f_1663192494,gwilmore,Young wedding guest,CC BY-NC-SA 2.0,https://creativecommons.org/licenses/by-nc-sa/2.0/,https://www.flickr.com/photos/86013963@N00/1663192494
f_873175576,pixn8tr,"bench, archway & wedding guest",CC BY-NC-SA 2.0,https://creativecommons.org/licenses/by-nc-sa/2.0/,https://www.flickr.com/photos/58946690@N00/873175576
f_3488419,In Memoriam: PhillipC,Wedding guests on Palm Beach,CC BY 2.0,https://creativecommons.org/licenses/by/2.0/,https://www.flickr.com/photos/42033648@N00/3488419
f_4220583820,whatsthatpicture,"Wedding guests, Christs Hospital School",CC BY-NC 2.0,https://creativecommons.org/licenses/by-nc/2.0/,https://www.flickr.com/photos/24469639@N00/4220583820
f_7171210719,CraigShipp.com Photos - Events / People / Places,RCS_3099 - Beautiful Wedding Guest,CC BY-SA 2.0,https://creativecommons.org/licenses/by-sa/2.0/,https://www.flickr.com/photos/86537757@N00/7171210719
f_4221717999,☺ Lee J Haywood,Wedding guests,CC BY-SA 2.0,https://creativecommons.org/licenses/by-sa/2.0/,https://www.flickr.com/photos/45034206@N06/4221717999
f_44134194,Photocapy,Wedding guest,CC BY-SA 2.0,https://creativecommons.org/licenses/by-sa/2.0/,https://www.flickr.com/photos/81635051@N00/44134194
f_4222450816,☺ Lee J Haywood,Wedding guest,CC BY-SA 2.0,https://creativecommons.org/licenses/by-sa/2.0/,https://www.flickr.com/photos/45034206@N06/4222450816
f_4222423104,☺ Lee J Haywood,Wedding guest,CC BY-SA 2.0,https://creativecommons.org/licenses/by-sa/2.0/,https://www.flickr.com/photos/45034206@N06/4222423104
f_4222188654,☺ Lee J Haywood,Wedding guests,CC BY-SA 2.0,https://creativecommons.org/licenses/by-sa/2.0/,https://www.flickr.com/photos/45034206@N06/4222188654
f_8315751023,Photos by Portland_Mike,wolfgirl and dracula wedding guests,CC BY 2.0,https://creativecommons.org/licenses/by/2.0/,https://www.flickr.com/photos/42941459@N00/8315751023
f_17360163511,dcanprice,Jack in the Green Festival Hastings,CC BY-SA 2.0,https://creativecommons.org/licenses/by-sa/2.0/,https://www.flickr.com/photos/132952433@N02/17360163511
f_17358867061,dcanprice,Jack in the Green Festival Hastings,CC BY-SA 2.0,https://creativecommons.org/licenses/by-sa/2.0/,https://www.flickr.com/photos/132952433@N02/17358867061
f_17334297696,dcanprice,Jack in the Green Festival Hastings,CC BY-SA 2.0,https://creativecommons.org/licenses/by-sa/2.0/,https://www.flickr.com/photos/132952433@N02/17334297696
f_17334194256,dcanprice,Jack in the Green Festival Hastings,CC BY-SA 2.0,https://creativecommons.org/licenses/by-sa/2.0/,https://www.flickr.com/photos/132952433@N02/17334194256
f_17173650989,dcanprice,Jack in the Green Festival Hastings,CC BY-SA 2.0,https://creativecommons.org/licenses/by-sa/2.0/,https://www.flickr.com/photos/132952433@N02/17173650989
f_17171868708,dcanprice,Jack in the Green Festival Hastings,CC BY-SA 2.0,https://creativecommons.org/licenses/by-sa/2.0/,https://www.flickr.com/photos/132952433@N02/17171868708
f_17174699069,dcanprice,Jack in the Green Festival Hastings,CC BY-SA 2.0,https://creativecommons.org/licenses/by-sa/2.0/,https://www.flickr.com/photos/132952433@N02/17174699069
f_17333942616,dcanprice,Jack in the Green Festival Hastings,CC BY-SA 2.0,https://creativecommons.org/licenses/by-sa/2.0/,https://www.flickr.com/photos/132952433@N02/17333942616
f_17334816816,dcanprice,Jack in the Green Festival Hastings,CC BY-SA 2.0,https://creativecommons.org/licenses/by-sa/2.0/,https://www.flickr.com/photos/132952433@N02/17334816816
f_17173075498,dcanprice,Jack in the Green Festival Hastings,CC BY-SA 2.0,https://creativecommons.org/licenses/by-sa/2.0/,https://www.flickr.com/photos/132952433@N02/17173075498
f_17357506902,dcanprice,Jack in the Green Festival Hastings,CC BY-SA 2.0,https://creativecommons.org/licenses/by-sa/2.0/,https://www.flickr.com/photos/132952433@N02/17357506902
f_52494837829,MDGovpics,Easton Waterfowl Festival,CC BY 2.0,https://creativecommons.org/licenses/by/2.0/,https://www.flickr.com/photos/64018555@N03/52494837829
f_16739461843,dcanprice,Jack in the Green Festival Hastings,CC BY-SA 2.0,https://creativecommons.org/licenses/by-sa/2.0/,https://www.flickr.com/photos/132952433@N02/16739461843
f_17359257375,dcanprice,Jack in the Green Festival Hastings,CC BY-SA 2.0,https://creativecommons.org/licenses/by-sa/2.0/,https://www.flickr.com/photos/132952433@N02/17359257375
f_17173068450,dcanprice,Jack in the Green Festival Hastings,CC BY-SA 2.0,https://creativecommons.org/licenses/by-sa/2.0/,https://www.flickr.com/photos/132952433@N02/17173068450
f_17358356442,dcanprice,Jack in the Green Festival Hastings,CC BY-SA 2.0,https://creativecommons.org/licenses/by-sa/2.0/,https://www.flickr.com/photos/132952433@N02/17358356442
f_17172974900,dcanprice,Jack in the Green Festival Hastings,CC BY-SA 2.0,https://creativecommons.org/licenses/by-sa/2.0/,https://www.flickr.com/photos/132952433@N02/17172974900
f_17333477596,dcanprice,Jack in the Green Festival Hastings,CC BY-SA 2.0,https://creativecommons.org/licenses/by-sa/2.0/,https://www.flickr.com/photos/132952433@N02/17333477596
f_17171825080,dcanprice,Jack in the Green Festival Hastings,CC BY-SA 2.0,https://creativecommons.org/licenses/by-sa/2.0/,https://www.flickr.com/photos/132952433@N02/17171825080
f_17359986425,dcanprice,Jack in the Green Festival Hastings,CC BY-SA 2.0,https://creativecommons.org/licenses/by-sa/2.0/,https://www.flickr.com/photos/132952433@N02/17359986425
f_3102448546,CharlesFred,An afternoon's train journey from Grenoble to Amsterdam,CC BY-NC-SA 2.0,https://creativecommons.org/licenses/by-nc-sa/2.0/,https://www.flickr.com/photos/40279823@N00/3102448546
f_3102447264,CharlesFred,An afternoon's train journey from Grenoble to Amsterdam,CC BY-NC-SA 2.0,https://creativecommons.org/licenses/by-nc-sa/2.0/,https://www.flickr.com/photos/40279823@N00/3102447264
f_3101615697,CharlesFred,An afternoon's train journey from Grenoble to Amsterdam,CC BY-NC-SA 2.0,https://creativecommons.org/licenses/by-nc-sa/2.0/,https://www.flickr.com/photos/40279823@N00/3101615697
f_4457804879,dichohecho,A nice train journey,CC BY 2.0,https://creativecommons.org/licenses/by/2.0/,https://www.flickr.com/photos/8978957@N07/4457804879
f_14820170172,Damian Bere,endless train journeys,CC BY-NC-SA 2.0,https://creativecommons.org/licenses/by-nc-sa/2.0/,https://www.flickr.com/photos/49605795@N05/14820170172
f_2203044093,Leo Reynolds,I-SPY - ON A TRAIN JOURNEY No 4,CC BY-NC-SA 2.0,https://creativecommons.org/licenses/by-nc-sa/2.0/,https://www.flickr.com/photos/49968232@N00/2203044093
f_2203841384,Leo Reynolds,I-SPY - ON A TRAIN JOURNEY No 4,CC BY-NC-SA 2.0,https://creativecommons.org/licenses/by-nc-sa/2.0/,https://www.flickr.com/photos/49968232@N00/2203841384
f_2098271313,tiexano,Train journey Osnabrück - Basel: Train No. 1,CC BY-NC-SA 2.0,https://creativecommons.org/licenses/by-nc-sa/2.0/,https://www.flickr.com/photos/20799701@N00/2098271313
f_3102438210,CharlesFred,An afternoon's train journey from Grenoble to Amsterdam,CC BY-NC-SA 2.0,https://creativecommons.org/licenses/by-nc-sa/2.0/,https://www.flickr.com/photos/40279823@N00/3102438210
f_2147433930,tiexano,The train journey home: Train # 2.5,CC BY-NC-SA 2.0,https://creativecommons.org/licenses/by-nc-sa/2.0/,https://www.flickr.com/photos/20799701@N00/2147433930
f_31406772,D & D,Topical train journey reading,CC BY-NC 2.0,https://creativecommons.org/licenses/by-nc/2.0/,https://www.flickr.com/photos/93623263@N00/31406772
f_38056288482,Dai Lygad,The UK's longest train journey: Aberdeen to Penzance,CC BY 2.0,https://creativecommons.org/licenses/by/2.0/,https://www.flickr.com/photos/126337928@N05/38056288482
f_3102439872,CharlesFred,An afternoon's train journey from Grenoble to Amsterdam,CC BY-NC-SA 2.0,https://creativecommons.org/licenses/by-nc-sa/2.0/,https://www.flickr.com/photos/40279823@N00/3102439872
f_15163429101,Bods,Can there be a finer train journey in Britain?,CC BY-SA 2.0,https://creativecommons.org/licenses/by-sa/2.0/,https://www.flickr.com/photos/54741099@N00/15163429101
f_2098272511,tiexano,Train journey Osnabrück - Basel: Train No. 3,CC BY-NC-SA 2.0,https://creativecommons.org/licenses/by-nc-sa/2.0/,https://www.flickr.com/photos/20799701@N00/2098272511
f_31720075501,Jorge Lascar,Flåmsbana - Crowned the most beautiful train journey in the world,CC BY 2.0,https://creativecommons.org/licenses/by/2.0/,https://www.flickr.com/photos/8721758@N06/31720075501
f_14574380052,Nick Kenrick..,Steam train journey from Bombay to Udaipur . 1987,CC BY 2.0,https://creativecommons.org/licenses/by/2.0/,https://www.flickr.com/photos/33363480@N05/14574380052
f_40226303401,Vishwas Krishna,Advantages of train journey :),CC BY 2.0,https://creativecommons.org/licenses/by/2.0/,https://www.flickr.com/photos/34157399@N00/40226303401
f_7671599850,horrigans,Train journey dreams,CC BY-NC 2.0,https://creativecommons.org/licenses/by-nc/2.0/,https://www.flickr.com/photos/8495857@N04/7671599850
f_5573429633,Rishu83,The Train Journey,CC BY-SA 2.0,https://creativecommons.org/licenses/by-sa/2.0/,https://www.flickr.com/photos/9126603@N05/5573429633
f_2783753471,Claire CJS,20080807 - Family Dinner at Bethany Beach - 163-6368 - Dad - breaking crab leg,CC BY-NC-SA 2.0,https://creativecommons.org/licenses/by-nc-sa/2.0/,https://www.flickr.com/photos/31355686@N00/2783753471
f_2783761859,Claire CJS,"20080807 - Family Dinner at Bethany Beach - 163-6360 - Tracy, Ireland, Priscilla, Tassos, Tassos' mom, Isabella",CC BY-NC-SA 2.0,https://creativecommons.org/licenses/by-nc-sa/2.0/,https://www.flickr.com/photos/31355686@N00/2783761859
f_2783774049,Claire CJS,20080807 - Family Dinner at Bethany Beach - 163-6347 - Jordan & Frank,CC BY-NC-SA 2.0,https://creativecommons.org/licenses/by-nc-sa/2.0/,https://www.flickr.com/photos/31355686@N00/2783774049
f_5173243668,Claire CJS,20101101 - family dinner - group picture - (by Dad),CC BY-NC-SA 2.0,https://creativecommons.org/licenses/by-nc-sa/2.0/,https://www.flickr.com/photos/31355686@N00/5173243668
f_11017363906,Abby Leigh photos,family dinner,CC BY-NC 2.0,https://creativecommons.org/licenses/by-nc/2.0/,https://www.flickr.com/photos/108260245@N04/11017363906
f_301922802,Andy Ciordia,Family Dinner: Chocolate Souffle Dessert,CC BY-NC 2.0,https://creativecommons.org/licenses/by-nc/2.0/,https://www.flickr.com/photos/30231516@N00/301922802
f_4958011218,Claire CJS,"20100806 1955 - Cape Cod - family dinner - Jonny, Kim, Olivia - IMG_2107",CC BY-NC-SA 2.0,https://creativecommons.org/licenses/by-nc-sa/2.0/,https://www.flickr.com/photos/31355686@N00/4958011218
f_8885162988,Mandajuice,My Soilent Green! I love family dinners.,CC BY-NC-SA 2.0,https://creativecommons.org/licenses/by-nc-sa/2.0/,https://www.flickr.com/photos/60449310@N00/8885162988
f_2784617026,Claire CJS,"20080807 - Family Dinner at Bethany Beach - 163-6358 - Jonny, Melanie (bg), Lisa, Tim, Stavos, Kyle",CC BY-NC-SA 2.0,https://creativecommons.org/licenses/by-nc-sa/2.0/,https://www.flickr.com/photos/31355686@N00/2784617026
f_7775250696,Claire CJS,20120726 1847 - Bethany Beach trip - Family Dinner - blacklight fish - IMG_4738,CC BY-NC-SA 2.0,https://creativecommons.org/licenses/by-nc-sa/2.0/,https://www.flickr.com/photos/31355686@N00/7775250696
f_2783772335,Claire CJS,"20080807 - Family Dinner at Bethany Beach - 163-6349 - Steve, Grandma, Julie, Sam, Nick",CC BY-NC-SA 2.0,https://creativecommons.org/licenses/by-nc-sa/2.0/,https://www.flickr.com/photos/31355686@N00/2783772335
f_2783766845,Claire CJS,"20080807 - Family Dinner at Bethany Beach - 163-6354 - Dave, Ethan, Kevin, Jennifer",CC BY-NC-SA 2.0,https://creativecommons.org/licenses/by-nc-sa/2.0/,https://www.flickr.com/photos/31355686@N00/2783766845
f_3196949419,Claire CJS,"20080807 - Family Dinner at Bethany Beach - Lowell, Anne, Carolyn, Clint - (by Jordan) - 2867134958_406a43eb71_o",CC BY-NC-SA 2.0,https://creativecommons.org/licenses/by-nc-sa/2.0/,https://www.flickr.com/photos/31355686@N00/3196949419
f_5663702686,cmun_Project,3-Family Dinner,CC BY 2.0,https://creativecommons.org/licenses/by/2.0/,https://www.flickr.com/photos/62274237@N06/5663702686
f_2783740685,Claire CJS,"20080807 - Family Dinner at Bethany Beach - 164-6402 - Jonny, Priscilla, Margaretha, Julie, Steve, Mark, Timmy",CC BY-NC-SA 2.0,https://creativecommons.org/licenses/by-nc-sa/2.0/,https://www.flickr.com/photos/31355686@N00/2783740685
f_2783765717,Claire CJS,"20080807 - Family Dinner at Bethany Beach - 163-6356 - Steve, Grandma, Julie, Sam, Carolyn, Nick",CC BY-NC-SA 2.0,https://creativecommons.org/licenses/by-nc-sa/2.0/,https://www.flickr.com/photos/31355686@N00/2783765717
f_2784597624,Claire CJS,"20080807 - Family Dinner at Bethany Beach - 163-6395 - Jonny, Lowell, Priscilla, Julie, Steve, Mark, Timmy - laughing",CC BY-NC-SA 2.0,https://creativecommons.org/licenses/by-nc-sa/2.0/,https://www.flickr.com/photos/31355686@N00/2784597624
f_6582739741,Mario A. P.,Family dinner,CC BY-SA 2.0,https://creativecommons.org/licenses/by-sa/2.0/,https://www.flickr.com/photos/99058495@N00/6582739741
f_3144208233,nyxie,Giada's family dinners,CC BY-NC-SA 2.0,https://creativecommons.org/licenses/by-nc-sa/2.0/,https://www.flickr.com/photos/19128855@N00/3144208233
f_16014404532,wwilliamm,Family Dinner,CC BY-NC 2.0,https://creativecommons.org/licenses/by-nc/2.0/,https://www.flickr.com/photos/62356115@N00/16014404532
f_4065989076,robotika,old NU friends @ party,CC BY-NC 2.0,https://creativecommons.org/licenses/by-nc/2.0/,https://www.flickr.com/photos/26421235@N00/4065989076
f_28079497964,@brunoemociones,La mente trabaja con imágenes. Las imágenes afectan a la imagen del yo y ésta afecta al modo en que uno siente y actúa. #betterknowit photographer: Giulia Bartra﻿ #cute #memories #friends #party #bestfriends #best #besties #bestfriend #goodfriends #bf #f,CC BY 2.0,https://creativecommons.org/licenses/by/2.0/,https://www.flickr.com/photos/107663843@N07/28079497964
f_13918791426,The moment perfect,Elegante. Nos fuimos ;) ya tamos yaaaa #saturday #sabado #friends #party #fiesta #amigos,CC BY-NC 2.0,https://creativecommons.org/licenses/by-nc/2.0/,https://www.flickr.com/photos/22108628@N05/13918791426
f_21935269404,Miriella,Bestest geekiest friends party ever. #littlebits #electroninks,CC BY-NC-SA 2.0,https://creativecommons.org/licenses/by-nc-sa/2.0/,https://www.flickr.com/photos/10700761@N08/21935269404
f_2119974937,Nodame,12.15.07 Gingerbread house at friend's party,CC BY-NC-SA 2.0,https://creativecommons.org/licenses/by-nc-sa/2.0/,https://www.flickr.com/photos/70243028@N00/2119974937
f_5999415014,CAHairyBear,Party,CC BY-NC-SA 2.0,https://creativecommons.org/licenses/by-nc-sa/2.0/,https://www.flickr.com/photos/91173606@N00/5999415014
f_5998859833,CAHairyBear,Party,CC BY-NC-SA 2.0,https://creativecommons.org/licenses/by-nc-sa/2.0/,https://www.flickr.com/photos/91173606@N00/5998859833
f_5999412636,CAHairyBear,Party,CC BY-NC-SA 2.0,https://creativecommons.org/licenses/by-nc-sa/2.0/,https://www.flickr.com/photos/91173606@N00/5999412636
f_5998868457,CAHairyBear,Party,CC BY-NC-SA 2.0,https://creativecommons.org/licenses/by-nc-sa/2.0/,https://www.flickr.com/photos/91173606@N00/5998868457
f_2113042567,Greg Walters,Friends,CC BY 2.0,https://creativecommons.org/licenses/by/2.0/,https://www.flickr.com/photos/21485255@N00/2113042567
f_2113852388,Greg Walters,Friends,CC BY 2.0,https://creativecommons.org/licenses/by/2.0/,https://www.flickr.com/photos/21485255@N00/2113852388
f_510826762,Gh0stman,Cachacaria da Ilha,CC BY 2.0,https://creativecommons.org/licenses/by/2.0/,https://www.flickr.com/photos/24516929@N00/510826762
f_34092168,monkeyatlarge,Party,CC BY 2.0,https://creativecommons.org/licenses/by/2.0/,https://www.flickr.com/photos/46114007@N00/34092168
f_5999416700,CAHairyBear,Party,CC BY-NC-SA 2.0,https://creativecommons.org/licenses/by-nc-sa/2.0/,https://www.flickr.com/photos/91173606@N00/5999416700
f_8466035,lorisgirl,among friends,CC BY-NC-SA 2.0,https://creativecommons.org/licenses/by-nc-sa/2.0/,https://www.flickr.com/photos/16601865@N00/8466035
f_296717734,kjmatthews,"Pre-party drunk, passed out Dave",CC BY-NC-SA 2.0,https://creativecommons.org/licenses/by-nc-sa/2.0/,https://www.flickr.com/photos/31898226@N00/296717734
f_6572328233,jessevaughan,serious friends,CC BY-NC 2.0,https://creativecommons.org/licenses/by-nc/2.0/,https://www.flickr.com/photos/37825748@N03/6572328233
f_492040255,Gh0stman,Formatura Sheila,CC BY 2.0,https://creativecommons.org/licenses/by/2.0/,https://www.flickr.com/photos/24516929@N00/492040255
f_2113852522,Greg Walters,Friends,CC BY 2.0,https://creativecommons.org/licenses/by/2.0/,https://www.flickr.com/photos/21485255@N00/2113852522
f_107058438,bookishpiglet,"Never speak of this again! Lions and tigers and lesbianism, oh my!",CC BY-NC 2.0,https://creativecommons.org/licenses/by-nc/2.0/,https://www.flickr.com/photos/44215635@N00/107058438
f_52437783205,Ted's photos - Stand With Ukraine - Returns early,2022 - Road Trip - BC-AB-BC - 11,CC BY-NC-SA 2.0,https://creativecommons.org/licenses/by-nc-sa/2.0/,https://www.flickr.com/photos/90955804@N04/52437783205
f_3052865294,kevin dooley,Road trip,CC BY 2.0,https://creativecommons.org/licenses/by/2.0/,https://www.flickr.com/photos/12836528@N00/3052865294
f_150162015,kurros,Cars Road Trip - Truck,CC BY-NC-SA 2.0,https://creativecommons.org/licenses/by-nc-sa/2.0/,https://www.flickr.com/photos/49961268@N00/150162015
f_181766401,Stig Nygaard,Eriks airconditioned road trip car,CC BY 2.0,https://creativecommons.org/licenses/by/2.0/,https://www.flickr.com/photos/10259776@N00/181766401
f_52440974965,Ted's photos - Stand With Ukraine,2022 - Road Trip - BC-AB-BC - 45,CC BY-NC-SA 2.0,https://creativecommons.org/licenses/by-nc-sa/2.0/,https://www.flickr.com/photos/90955804@N04/52440974965
f_32832395943,AnEyeForTexas,Road Trip in Big Bend Ranch State Park,CC BY-NC 2.0,https://creativecommons.org/licenses/by-nc/2.0/,https://www.flickr.com/photos/12762458@N00/32832395943
f_41250916014,"Globetrotteur17... Ici, là-bas ou ailleurs...",Une série sur notre 'Road Trip' en Nouvelle-Zélande- Cardrona- Nouvelle- Zélande.,CC BY-SA 2.0,https://creativecommons.org/licenses/by-sa/2.0/,https://www.flickr.com/photos/91701539@N03/41250916014
f_23731238541,rougisardina aka Benachenhou,road trip Algeria sahara,CC BY-NC-SA 2.0,https://creativecommons.org/licenses/by-nc-sa/2.0/,https://www.flickr.com/photos/137784936@N03/23731238541
f_4656610652,kayadams.com,New Zealand Road Trip,CC BY 2.0,https://creativecommons.org/licenses/by/2.0/,https://www.flickr.com/photos/29326506@N04/4656610652
f_4359854401,Aih.,Road-trip,CC BY 2.0,https://creativecommons.org/licenses/by/2.0/,https://www.flickr.com/photos/9483737@N05/4359854401
f_75335811,hwat,road trip,CC BY 2.0,https://creativecommons.org/licenses/by/2.0/,https://www.flickr.com/photos/66433743@N00/75335811
f_5812957097,vishpool,Road Trip to Annapolis,CC BY 2.0,https://creativecommons.org/licenses/by/2.0/,https://www.flickr.com/photos/39209951@N00/5812957097
f_5812964433,vishpool,Road Trip to Annapolis,CC BY 2.0,https://creativecommons.org/licenses/by/2.0/,https://www.flickr.com/photos/39209951@N00/5812964433
f_8687595728,kevin dooley,Road trip to Buckeye: Long Branch Saloon,CC BY 2.0,https://creativecommons.org/licenses/by/2.0/,https://www.flickr.com/photos/12836528@N00/8687595728
f_150161544,kurros,Cars Road Trip,CC BY-NC-SA 2.0,https://creativecommons.org/licenses/by-nc-sa/2.0/,https://www.flickr.com/photos/49961268@N00/150161544
f_53922369288,Janos Kerekes,Over edited photo from a road trip to Norway,CC BY-NC-SA 2.0,https://creativecommons.org/licenses/by-nc-sa/2.0/,https://www.flickr.com/photos/30420396@N03/53922369288
f_8687594486,kevin dooley,Road trip to Buckeye: Entropy in Buckeye,CC BY 2.0,https://creativecommons.org/licenses/by/2.0/,https://www.flickr.com/photos/12836528@N00/8687594486
f_14840898319,bguilas21,Late night drive (CA to TX road trip),CC BY-NC-SA 2.0,https://creativecommons.org/licenses/by-nc-sa/2.0/,https://www.flickr.com/photos/34580964@N08/14840898319
f_181766402,Stig Nygaard,Eriks airconditioned road trip car,CC BY 2.0,https://creativecommons.org/licenses/by/2.0/,https://www.flickr.com/photos/10259776@N00/181766402
f_14995594841,bguilas21,Marcus (CA to TX road trip),CC BY-NC-SA 2.0,https://creativecommons.org/licenses/by-nc-sa/2.0/,https://www.flickr.com/photos/34580964@N08/14995594841
f_331578106,mastermaq,Cars Driving,CC BY-SA 2.0,https://creativecommons.org/licenses/by-sa/2.0/,https://www.flickr.com/photos/24311648@N00/331578106
f_2327901757,thomasrdotorg,Timo Glock Rally Car Drive 050,CC BY 2.0,https://creativecommons.org/licenses/by/2.0/,https://www.flickr.com/photos/28135215@N00/2327901757
f_4165778882,Wonderlane,"School of fish cars, drive-through, signed by artist CisKo 2003, La Paz, Mexico",CC BY 2.0,https://creativecommons.org/licenses/by/2.0/,https://www.flickr.com/photos/71401718@N00/4165778882
f_2586932515,Houston Marsh,It was scary to find cars driving on the right side of the road again - Taipei,CC BY-NC 2.0,https://creativecommons.org/licenses/by-nc/2.0/,https://www.flickr.com/photos/7667534@N04/2586932515
f_14319012266,Ruth and Dave,Cars driving down Lombard Street,CC BY 2.0,https://creativecommons.org/licenses/by/2.0/,https://www.flickr.com/photos/95142644@N00/14319012266
f_2328719094,thomasrdotorg,Timo Glock Rally Car Drive 045,CC BY 2.0,https://creativecommons.org/licenses/by/2.0/,https://www.flickr.com/photos/28135215@N00/2328719094
f_52240037109,KowaFuwa,Late car driving lessons,CC BY 2.0,https://creativecommons.org/licenses/by/2.0/,https://www.flickr.com/photos/196065966@N04/52240037109
f_2327895195,thomasrdotorg,Timo Glock Rally Car Drive 003,CC BY 2.0,https://creativecommons.org/licenses/by/2.0/,https://www.flickr.com/photos/28135215@N00/2327895195
f_3976252432,slash__,7 hour car driving from Puerto Ordaz to Santa Elena,CC BY 2.0,https://creativecommons.org/licenses/by/2.0/,https://www.flickr.com/photos/51035675101@N01/3976252432
f_2327895375,thomasrdotorg,Timo Glock Rally Car Drive 004,CC BY 2.0,https://creativecommons.org/licenses/by/2.0/,https://www.flickr.com/photos/28135215@N00/2327895375
f_49820075923,"49,000 photos incl private",TOM tells me car drive time-2=,CC BY-SA 2.0,https://creativecommons.org/licenses/by-sa/2.0/,https://www.flickr.com/photos/34534185@N00/49820075923
f_23016509355,Raam Dev,"After 10 hours strapped in the car driving from New Hampshire to Virginia, several hours waiting in train stations to board and to then get our car, 16 hours on an overnight Auto Train train from Virginia to Florida, and then another few hours driving to",CC BY-NC-SA 2.0,https://creativecommons.org/licenses/by-nc-sa/2.0/,https://www.flickr.com/photos/89743353@N00/23016509355
f_4711334546,bradleygee,cars driving on the same road we were driving on,CC BY 2.0,https://creativecommons.org/licenses/by/2.0/,https://www.flickr.com/photos/13951072@N00/4711334546
f_6327927022,NIST School Shared Account,Car driving through floods,CC BY-SA 2.0,https://creativecommons.org/licenses/by-sa/2.0/,https://www.flickr.com/photos/62642923@N07/6327927022
f_22784698054,winecountrymedia,Cars driving down highway between vineyards,CC BY 2.0,https://creativecommons.org/licenses/by/2.0/,https://www.flickr.com/photos/136394702@N02/22784698054
f_3628097862,Wildcat Dunny,Cars driving off the Bainbridge Island ferry,CC BY 2.0,https://creativecommons.org/licenses/by/2.0/,https://www.flickr.com/photos/88837718@N00/3628097862
f_4280160734,bradleygee,car driving,CC BY 2.0,https://creativecommons.org/licenses/by/2.0/,https://www.flickr.com/photos/13951072@N00/4280160734
f_2327901869,thomasrdotorg,Timo Glock Rally Car Drive 051,CC BY 2.0,https://creativecommons.org/licenses/by/2.0/,https://www.flickr.com/photos/28135215@N00/2327901869
f_3419050758,getgood,Car drives through Northfield Ford on River Rea trail,CC BY-NC-SA 2.0,https://creativecommons.org/licenses/by-nc-sa/2.0/,https://www.flickr.com/photos/27763307@N00/3419050758
f_5246765079,Joe Shlabotnik,A Classic Car Drives By,CC BY-NC-SA 2.0,https://creativecommons.org/licenses/by-nc-sa/2.0/,https://www.flickr.com/photos/40646519@N00/5246765079
f_3828024192,.Larry Page,A Bookshelf,CC BY 2.0,https://creativecommons.org/licenses/by/2.0/,https://www.flickr.com/photos/96029422@N00/3828024192
f_266220468,fleurione,Bookshelf (filled),CC BY-SA 2.0,https://creativecommons.org/licenses/by-sa/2.0/,https://www.flickr.com/photos/88704699@N00/266220468
f_3692856545,TheCreativePenn,Bookshelf 2,CC BY 2.0,https://creativecommons.org/licenses/by/2.0/,https://www.flickr.com/photos/38314728@N08/3692856545
f_6970360220,docguy,Bookshelf,CC BY 2.0,https://creativecommons.org/licenses/by/2.0/,https://www.flickr.com/photos/61012494@N00/6970360220
f_2378024664,punkrockscience,Office Bookshelf,CC BY-NC-SA 2.0,https://creativecommons.org/licenses/by-nc-sa/2.0/,https://www.flickr.com/photos/42248367@N00/2378024664
f_23361539579,Adam Purves (S3ISOR),Office Bookshelf - Star Wars Update,CC BY 2.0,https://creativecommons.org/licenses/by/2.0/,https://www.flickr.com/photos/59263516@N08/23361539579
f_632197,jddunn,My Philosophy Bookshelf(bottom),CC BY-NC-SA 2.0,https://creativecommons.org/licenses/by-nc-sa/2.0/,https://www.flickr.com/photos/35468149174@N01/632197
f_2618462966,elvissa,Bookshelf,CC BY 2.0,https://creativecommons.org/licenses/by/2.0/,https://www.flickr.com/photos/56739839@N00/2618462966
f_24041156,heipei,Bookshelf,CC BY-SA 2.0,https://creativecommons.org/licenses/by-sa/2.0/,https://www.flickr.com/photos/97859317@N00/24041156
f_15292483742,moiggi.interactive,Bookshelf,CC BY-NC 2.0,https://creativecommons.org/licenses/by-nc/2.0/,https://www.flickr.com/photos/127107506@N02/15292483742
f_6977047957,twechy,Library Bookshelf,CC BY 2.0,https://creativecommons.org/licenses/by/2.0/,https://www.flickr.com/photos/77877011@N07/6977047957
f_2426856011,Guwashi999,Bookshelf,CC BY 2.0,https://creativecommons.org/licenses/by/2.0/,https://www.flickr.com/photos/16877319@N07/2426856011
f_3900593354,E.Drake,Bookshelf,CC BY 2.0,https://creativecommons.org/licenses/by/2.0/,https://www.flickr.com/photos/34627658@N07/3900593354
f_6758821099,julesjulesjules m,Bookshelf Porn,CC BY 2.0,https://creativecommons.org/licenses/by/2.0/,https://www.flickr.com/photos/66419320@N00/6758821099
f_13349681555,bonheureux,Bookshelf of Colors,CC BY 2.0,https://creativecommons.org/licenses/by/2.0/,https://www.flickr.com/photos/59967504@N03/13349681555
f_8971043,neco,Bookshelf(2005APR.),CC BY 2.0,https://creativecommons.org/licenses/by/2.0/,https://www.flickr.com/photos/60568024@N00/8971043
f_6014091906,shingo,bookshelf 2011,CC BY-NC 2.0,https://creativecommons.org/licenses/by-nc/2.0/,https://www.flickr.com/photos/68146852@N00/6014091906
f_6123631594,nist6ss,Bookshelf- Tamanna,CC BY-SA 2.0,https://creativecommons.org/licenses/by-sa/2.0/,https://www.flickr.com/photos/53771866@N05/6123631594
f_8510904103,Chiot's Run,On My Bookshelf,CC BY-NC 2.0,https://creativecommons.org/licenses/by-nc/2.0/,https://www.flickr.com/photos/34912142@N03/8510904103
f_438159337,nappa,"My Bookshelf, Now",CC BY 2.0,https://creativecommons.org/licenses/by/2.0/,https://www.flickr.com/photos/98762858@N00/438159337
f_3935122273,Al_HikesAZ,US Army WW2 Harley-Davidson motorcycle with rifle,CC BY-NC 2.0,https://creativecommons.org/licenses/by-nc/2.0/,https://www.flickr.com/photos/7202153@N03/3935122273
f_4083773495,columnfive,How Dangerous Are Motorcycles?,CC BY-NC-SA 2.0,https://creativecommons.org/licenses/by-nc-sa/2.0/,https://www.flickr.com/photos/35221084@N08/4083773495
f_3537933787,ronsaunders47,HONDA CBR 1000F MOTORCYCLE.,CC BY-SA 2.0,https://creativecommons.org/licenses/by-sa/2.0/,https://www.flickr.com/photos/46781500@N00/3537933787
f_10350582754,driver Photographer,Motorcycle tour Alps Austria.,CC BY-SA 2.0,https://creativecommons.org/licenses/by-sa/2.0/,https://www.flickr.com/photos/72334647@N03/10350582754
f_3538120597,ronsaunders47,SUNBEAM MOTORCYCLE. S MODEL.,CC BY-SA 2.0,https://creativecommons.org/licenses/by-sa/2.0/,https://www.flickr.com/photos/46781500@N00/3538120597
f_3900836224,Ian Fuller,Bangkok Motorcycle Taxi License Plate,CC BY-NC 2.0,https://creativecommons.org/licenses/by-nc/2.0/,https://www.flickr.com/photos/18684820@N00/3900836224
f_6222936861,Arian Zwegers,"Hanoi, motorcycle parking",CC BY 2.0,https://creativecommons.org/licenses/by/2.0/,https://www.flickr.com/photos/67769030@N07/6222936861
f_14179374741,driver Photographer,Motorcycle two fight,CC BY-SA 2.0,https://creativecommons.org/licenses/by-sa/2.0/,https://www.flickr.com/photos/72334647@N03/14179374741
f_10730998114,driver Photographer,Motorcycle guy on the sea.,CC BY-SA 2.0,https://creativecommons.org/licenses/by-sa/2.0/,https://www.flickr.com/photos/72334647@N03/10730998114
f_2593474282,Sou'wester,035-1 BMW Police Motorcycle,CC BY-NC 2.0,https://creativecommons.org/licenses/by-nc/2.0/,https://www.flickr.com/photos/23511776@N08/2593474282
f_8866011867,"Archives Branch, USMC History Division","Earl Wilson on Motorcycle, 1942",CC BY 2.0,https://creativecommons.org/licenses/by/2.0/,https://www.flickr.com/photos/60868061@N04/8866011867
f_5953872348,ronsaunders47,THE CLASSIC WESTLAKE SPEEDWAY MOTORCYCLE.,CC BY-SA 2.0,https://creativecommons.org/licenses/by-sa/2.0/,https://www.flickr.com/photos/46781500@N00/5953872348
f_3965088635,Ian Fuller,Yamaha Police Escort Motorcycle,CC BY-NC 2.0,https://creativecommons.org/licenses/by-nc/2.0/,https://www.flickr.com/photos/18684820@N00/3965088635
f_5980343195,ronsaunders47,A METISSE MOTOCROSS MOTORCYCLE.,CC BY-SA 2.0,https://creativecommons.org/licenses/by-sa/2.0/,https://www.flickr.com/photos/46781500@N00/5980343195
f_8569104706,conner395,Northern Constabulary Ford Granada and motorcycle,CC BY 2.0,https://creativecommons.org/licenses/by/2.0/,https://www.flickr.com/photos/91779914@N00/8569104706
f_7064352517,Tri Nguyen | P h o t o g r a p h y,Bác xe ôm ở Chợ lớn Sài gòn (Explored #38) A Motorcycle Taxi rider in Chinatown Sai gon Viet Nam,CC BY 2.0,https://creativecommons.org/licenses/by/2.0/,https://www.flickr.com/photos/47615229@N06/7064352517
f_34579693224,driver Photographer,Motorcycle trip,CC BY-SA 2.0,https://creativecommons.org/licenses/by-sa/2.0/,https://www.flickr.com/photos/72334647@N03/34579693224
f_3889113151,ronsaunders47,BSA .GOLD STAR. CLASSIC BRITISH MOTORCYCLE.,CC BY-SA 2.0,https://creativecommons.org/licenses/by-sa/2.0/,https://www.flickr.com/photos/46781500@N00/3889113151
f_2825558364,driver1998,Motorcycle driver,CC BY-SA 2.0,https://creativecommons.org/licenses/by-sa/2.0/,https://www.flickr.com/photos/25593194@N04/2825558364
f_34792069471,dluders,Lego 88516 vs 11957 Motorcycle Tire,CC BY-SA 2.0,https://creativecommons.org/licenses/by-sa/2.0/,https://www.flickr.com/photos/42988571@N08/34792069471
f_8111832272,StateofIsrael,Street Food Festival,CC BY-SA 2.0,https://creativecommons.org/licenses/by-sa/2.0/,https://www.flickr.com/photos/86083886@N02/8111832272
f_18745236748,*rboed*,Copenhagen Street Food,CC BY 2.0,https://creativecommons.org/licenses/by/2.0/,https://www.flickr.com/photos/92082510@N04/18745236748
f_2273915398,jungmoon,street food,CC BY-NC 2.0,https://creativecommons.org/licenses/by-nc/2.0/,https://www.flickr.com/photos/71356865@N00/2273915398
f_8111842300,StateofIsrael,Street Food Festival,CC BY-SA 2.0,https://creativecommons.org/licenses/by-sa/2.0/,https://www.flickr.com/photos/86083886@N02/8111842300
f_43276310840,Rod Waddington,Street Food,CC BY-SA 2.0,https://creativecommons.org/licenses/by-sa/2.0/,https://www.flickr.com/photos/64607715@N05/43276310840
f_8111832979,StateofIsrael,Street Food Festival,CC BY-SA 2.0,https://creativecommons.org/licenses/by-sa/2.0/,https://www.flickr.com/photos/86083886@N02/8111832979
f_8111839912,StateofIsrael,Street Food Festival,CC BY-SA 2.0,https://creativecommons.org/licenses/by-sa/2.0/,https://www.flickr.com/photos/86083886@N02/8111839912
f_8111841562,StateofIsrael,Street Food Festival,CC BY-SA 2.0,https://creativecommons.org/licenses/by-sa/2.0/,https://www.flickr.com/photos/86083886@N02/8111841562
f_6040425735,Keith Williamson,Street food Project 365(3) Day 193,CC BY 2.0,https://creativecommons.org/licenses/by/2.0/,https://www.flickr.com/photos/34673186@N03/6040425735
f_31260800257,corinne glaziou,Street food,CC BY-NC-SA 2.0,https://creativecommons.org/licenses/by-nc-sa/2.0/,https://www.flickr.com/photos/101295391@N07/31260800257
f_9279429209,david_shankbone,Creepy Street Food Vendor in New York Fiend Hot Dogs,CC BY 2.0,https://creativecommons.org/licenses/by/2.0/,https://www.flickr.com/photos/27865228@N06/9279429209
f_5271201636,thomaswanhoff,Street food,CC BY-SA 2.0,https://creativecommons.org/licenses/by-sa/2.0/,https://www.flickr.com/photos/51035727839@N01/5271201636
f_9162454024,Thorbard,Street Food 0233,CC BY-NC-SA 2.0,https://creativecommons.org/licenses/by-nc-sa/2.0/,https://www.flickr.com/photos/72281766@N00/9162454024
f_6072046720,Gary Soup,Monday Afternoon Panel at Street Food Conference,CC BY 2.0,https://creativecommons.org/licenses/by/2.0/,https://www.flickr.com/photos/87117631@N00/6072046720
f_12619934315,La Citta Vita,"Street food, Shoreditch",CC BY-SA 2.0,https://creativecommons.org/licenses/by-sa/2.0/,https://www.flickr.com/photos/49539505@N04/12619934315
f_3674511104,Pondspider,A banquet of street food!,CC BY-NC 2.0,https://creativecommons.org/licenses/by-nc/2.0/,https://www.flickr.com/photos/72987657@N00/3674511104
f_33686417342,byronv2,street food 02,CC BY-NC 2.0,https://creativecommons.org/licenses/by-nc/2.0/,https://www.flickr.com/photos/7512717@N06/33686417342
f_38658380834,A_Peach,Beijing Street Food,CC BY 2.0,https://creativecommons.org/licenses/by/2.0/,https://www.flickr.com/photos/67947877@N06/38658380834
f_27703586967,ROSS HONG KONG,Street Food,CC BY-NC-SA 2.0,https://creativecommons.org/licenses/by-nc-sa/2.0/,https://www.flickr.com/photos/27302727@N03/27703586967
f_3166267884,j l t,"street food vendors, Korea",CC BY-NC-SA 2.0,https://creativecommons.org/licenses/by-nc-sa/2.0/,https://www.flickr.com/photos/37996580657@N01/3166267884
f_6303181626,DocGeek,Home Cooking: Chiles en Nogada,CC BY-NC-SA 2.0,https://creativecommons.org/licenses/by-nc-sa/2.0/,https://www.flickr.com/photos/52193831@N07/6303181626
f_3416779885,eekim,A Home-Cooked Meal,CC BY 2.0,https://creativecommons.org/licenses/by/2.0/,https://www.flickr.com/photos/63669472@N00/3416779885
f_31496943574,Johnny Silvercloud,Another Home-cooked Breakfast,CC BY-SA 2.0,https://creativecommons.org/licenses/by-sa/2.0/,https://www.flickr.com/photos/116193477@N08/31496943574
f_2867910928,erix!,Home Cooking 4,CC BY 2.0,https://creativecommons.org/licenses/by/2.0/,https://www.flickr.com/photos/68387408@N00/2867910928
f_52381958634,outdoorPDK,Home Cooked Dinner,CC BY-NC-SA 2.0,https://creativecommons.org/licenses/by-nc-sa/2.0/,https://www.flickr.com/photos/21202718@N00/52381958634
f_2660764814,Nicole Lee,Home cooking,CC BY-NC-SA 2.0,https://creativecommons.org/licenses/by-nc-sa/2.0/,https://www.flickr.com/photos/44124434485@N01/2660764814
f_5080140734,ramblingrovers,'Home cooking?',CC BY-NC-SA 2.0,https://creativecommons.org/licenses/by-nc-sa/2.0/,https://www.flickr.com/photos/8405665@N08/5080140734
f_3894188869,LexnGer,Food Bloggers - Death Of The Home Cook,CC BY-NC 2.0,https://creativecommons.org/licenses/by-nc/2.0/,https://www.flickr.com/photos/46602640@N00/3894188869
f_11164313063,Kai Hendry,Home cooked dinner with white wine!,CC BY 2.0,https://creativecommons.org/licenses/by/2.0/,https://www.flickr.com/photos/16105436@N00/11164313063
f_16228778479,Matt Biddulph,"home-cooked sous vide pork chop, roasted cherry tomatoes and pine nuts.",CC BY-SA 2.0,https://creativecommons.org/licenses/by-sa/2.0/,https://www.flickr.com/photos/51035707449@N01/16228778479
f_9753870306,tobo,Home cooking,CC BY-SA 2.0,https://creativecommons.org/licenses/by-sa/2.0/,https://www.flickr.com/photos/71239428@N00/9753870306
f_162820029,Mr Miyagi,(New) home-cooked food,CC BY-NC-SA 2.0,https://creativecommons.org/licenses/by-nc-sa/2.0/,https://www.flickr.com/photos/48889054224@N01/162820029
f_3894188731,LexnGer,Food Bloggers - Death Of The Home Cook,CC BY-NC 2.0,https://creativecommons.org/licenses/by-nc/2.0/,https://www.flickr.com/photos/46602640@N00/3894188731
f_9264201211,turn off your computer and go outside,"vintage diner sign Corner Cafe Home Cooking - Monroe, WI",CC BY-NC-SA 2.0,https://creativecommons.org/licenses/by-nc-sa/2.0/,https://www.flickr.com/photos/43424851@N08/9264201211
f_4104121954,Woody Collins,Getting A Home-Cooked Meal When You Are Sick,CC BY-NC-SA 2.0,https://creativecommons.org/licenses/by-nc-sa/2.0/,https://www.flickr.com/photos/24647935@N06/4104121954
f_3894189317,LexnGer,Death Of The Home Cook Panel,CC BY-NC 2.0,https://creativecommons.org/licenses/by-nc/2.0/,https://www.flickr.com/photos/46602640@N00/3894189317
f_3128876149,Andrew Currie,Home-Cooked Meal,CC BY 2.0,https://creativecommons.org/licenses/by/2.0/,https://www.flickr.com/photos/54329815@N00/3128876149
f_15884143378,debbietingzon,•Beef with Celery• Home-cooked meal for dinner! Thanks mum! 😋🍜😚🍛🙆,CC BY 2.0,https://creativecommons.org/licenses/by/2.0/,https://www.flickr.com/photos/32031278@N03/15884143378
f_8464606175,gadgetdan,Home cooking,CC BY-NC 2.0,https://creativecommons.org/licenses/by-nc/2.0/,https://www.flickr.com/photos/35187642@N00/8464606175
f_6271916770,[ a r e z ],"Home cooked Frittata by my bunny wifey. Slow cooked eggs over medium heat, add corn beef and top with edam & cheddar cheese. Add shredded seaweed as garnish. Finished it in less than 5 mins. 1 more please ",CC BY 2.0,https://creativecommons.org/licenses/by/2.0/,https://www.flickr.com/photos/85407002@N00/6271916770
f_9350178656,rdmarsh,Beach day,CC BY 2.0,https://creativecommons.org/licenses/by/2.0/,https://www.flickr.com/photos/57018633@N04/9350178656
f_20299616804,mmeida,Beach days,CC BY-NC-SA 2.0,https://creativecommons.org/licenses/by-nc-sa/2.0/,https://www.flickr.com/photos/15455230@N00/20299616804
f_127466264,scriptingnews,It's a beach day... somewhere!,CC BY-SA 2.0,https://creativecommons.org/licenses/by-sa/2.0/,https://www.flickr.com/photos/22221172@N00/127466264
f_3017670123,craigCloutier,beach day,CC BY-SA 2.0,https://creativecommons.org/licenses/by-sa/2.0/,https://www.flickr.com/photos/23656277@N00/3017670123
f_4916921002,zilverbat.,Beach days are over....,CC BY-NC 2.0,https://creativecommons.org/licenses/by-nc/2.0/,https://www.flickr.com/photos/25228175@N08/4916921002
f_5916993565,xlordashx,Lazy beach day,CC BY 2.0,https://creativecommons.org/licenses/by/2.0/,https://www.flickr.com/photos/42199279@N00/5916993565
f_38555528745,Erik Schepers,Windy Beach Day,CC BY-NC 2.0,https://creativecommons.org/licenses/by-nc/2.0/,https://www.flickr.com/photos/47423064@N00/38555528745
f_11161765004,daveynin,Silent beach day,CC BY 2.0,https://creativecommons.org/licenses/by/2.0/,https://www.flickr.com/photos/44124370018@N01/11161765004
f_43938351491,rlonpine,Beach Day with Flying Girl,CC BY-NC 2.0,https://creativecommons.org/licenses/by-nc/2.0/,https://www.flickr.com/photos/70539834@N00/43938351491
f_38186011395,Leo P. Hidalgo (@yompyz),Free beach day,CC BY-NC-SA 2.0,https://creativecommons.org/licenses/by-nc-sa/2.0/,https://www.flickr.com/photos/69474058@N03/38186011395
f_37662731366,MiriaGrunick,Beach day,CC BY-NC-SA 2.0,https://creativecommons.org/licenses/by-nc-sa/2.0/,https://www.flickr.com/photos/73386525@N06/37662731366
f_3807456323,lakewentworth,Beach Day Revisited,CC BY-NC 2.0,https://creativecommons.org/licenses/by-nc/2.0/,https://www.flickr.com/photos/50619629@N00/3807456323
f_51818308804,Andres Bertens,Hermoso día de playa / beautiful beach day ;-),CC BY-NC-SA 2.0,https://creativecommons.org/licenses/by-nc-sa/2.0/,https://www.flickr.com/photos/146065760@N04/51818308804
f_52168689838,Eric.Parker,School Beach Day - DSC_1144_ep,CC BY-NC 2.0,https://creativecommons.org/licenses/by-nc/2.0/,https://www.flickr.com/photos/13484951@N00/52168689838
f_40084843821,nosha,Beach day,CC BY-SA 2.0,https://creativecommons.org/licenses/by-sa/2.0/,https://www.flickr.com/photos/77316550@N00/40084843821
f_25936252663,dfuster74,beach day,CC BY 2.0,https://creativecommons.org/licenses/by/2.0/,https://www.flickr.com/photos/43093732@N05/25936252663
f_6112836273,Joakim Johansson (Alendri),Beach day if I ever saw one,CC BY-NC-SA 2.0,https://creativecommons.org/licenses/by-nc-sa/2.0/,https://www.flickr.com/photos/48772841@N02/6112836273
f_3546111967,Kentucky Country Day,Kindergarten beach day,CC BY-NC 2.0,https://creativecommons.org/licenses/by-nc/2.0/,https://www.flickr.com/photos/37665914@N08/3546111967
f_48125647821,rlonpine,"Beach Day | Plum Island, Massachusetts",CC BY-NC 2.0,https://creativecommons.org/licenses/by-nc/2.0/,https://www.flickr.com/photos/70539834@N00/48125647821
f_6359837965,Phillip Pessar,Stormy South Beach Day,CC BY 2.0,https://creativecommons.org/licenses/by/2.0/,https://www.flickr.com/photos/25955895@N03/6359837965
f_3626870945,clevercupcakes,Pretty Birthday Cupcakes,CC BY 2.0,https://creativecommons.org/licenses/by/2.0/,https://www.flickr.com/photos/12803689@N02/3626870945
f_13085174494,Muffet,birthday bouquet,CC BY 2.0,https://creativecommons.org/licenses/by/2.0/,https://www.flickr.com/photos/53133240@N00/13085174494
f_28060758979,DaPuglet,Happy 14th Birthday Bailey Puggins!,CC BY-SA 2.0,https://creativecommons.org/licenses/by-sa/2.0/,https://www.flickr.com/photos/43810158@N07/28060758979
f_388499939,Noël Zia Lee,"Happy Birthday, Linda",CC BY 2.0,https://creativecommons.org/licenses/by/2.0/,https://www.flickr.com/photos/36899742@N00/388499939
f_43872870665,jjjj56cp,0220ex Birthday bouquet---Coolpix P1000 **Explore**,CC BY-NC-SA 2.0,https://creativecommons.org/licenses/by-nc-sa/2.0/,https://www.flickr.com/photos/25171569@N02/43872870665
f_14611611158,MikeLau_,Birthday,CC BY-NC-SA 2.0,https://creativecommons.org/licenses/by-nc-sa/2.0/,https://www.flickr.com/photos/70642595@N05/14611611158
f_6195550378,viralbus,Pirate ship birthday cake,CC BY-SA 2.0,https://creativecommons.org/licenses/by-sa/2.0/,https://www.flickr.com/photos/19414697@N00/6195550378
f_4833825041,Rusty Sheriff,'Happy Birthday Big Tits!',CC BY-NC 2.0,https://creativecommons.org/licenses/by-nc/2.0/,https://www.flickr.com/photos/25242931@N02/4833825041
f_2656467632,jessica.diamond,Birthday Cake - Candles,CC BY-SA 2.0,https://creativecommons.org/licenses/by-sa/2.0/,https://www.flickr.com/photos/22272408@N07/2656467632
f_9285436366,DoES Liverpool,DoES 2nd Birthday Party,CC BY-SA 2.0,https://creativecommons.org/licenses/by-sa/2.0/,https://www.flickr.com/photos/65853146@N06/9285436366
f_5086004910,HatM,Birthday cake 2010,CC BY-NC-SA 2.0,https://creativecommons.org/licenses/by-nc-sa/2.0/,https://www.flickr.com/photos/14993459@N08/5086004910
f_2295547909,chidorian,Birthday Cake,CC BY-SA 2.0,https://creativecommons.org/licenses/by-sa/2.0/,https://www.flickr.com/photos/21518596@N00/2295547909
f_149731833,MShades,Birthday cake 01,CC BY 2.0,https://creativecommons.org/licenses/by/2.0/,https://www.flickr.com/photos/23054755@N00/149731833
f_41403945125,DaPuglet,Happy Birthday Boo Lefou!,CC BY-SA 2.0,https://creativecommons.org/licenses/by-sa/2.0/,https://www.flickr.com/photos/43810158@N07/41403945125
f_357704217,Claire CJS,20070113 - Clint's 33rd birthday party - Jess - legs - (by Glen) - 356966917_e0e834b7f7_o,CC BY-NC-SA 2.0,https://creativecommons.org/licenses/by-nc-sa/2.0/,https://www.flickr.com/photos/31355686@N00/357704217
f_14698558560,Theen ...,Happy Birthday Lucas,CC BY-NC-SA 2.0,https://creativecommons.org/licenses/by-nc-sa/2.0/,https://www.flickr.com/photos/57768536@N05/14698558560
f_2683856353,_dorothy_,Birthday Card,CC BY-NC-SA 2.0,https://creativecommons.org/licenses/by-nc-sa/2.0/,https://www.flickr.com/photos/27556082@N00/2683856353
f_4760184811,VinothChandar,Happy Birthday America! (Explored!),CC BY 2.0,https://creativecommons.org/licenses/by/2.0/,https://www.flickr.com/photos/44345361@N06/4760184811
f_1497670455,mark.groves,Birthday candles,CC BY-SA 2.0,https://creativecommons.org/licenses/by-sa/2.0/,https://www.flickr.com/photos/67074858@N00/1497670455
f_1503278372,eddiejdf,happy 2nd birthday amber,CC BY-NC-SA 2.0,https://creativecommons.org/licenses/by-nc-sa/2.0/,https://www.flickr.com/photos/15765164@N00/1503278372
f_18538901960,Bautz Adventure,#hiking #fitness #outdoors #adventure,CC BY 2.0,https://creativecommons.org/licenses/by/2.0/,https://www.flickr.com/photos/130811041@N04/18538901960
f_17917661948,mypubliclands,American Hiking Society Instagram Takeover,CC BY 2.0,https://creativecommons.org/licenses/by/2.0/,https://www.flickr.com/photos/91981596@N06/17917661948
f_51878907835,Onasill - Bill Badzo - 149 Million Views - Thank Y,Iceland ~ Landmannalaugar Route ~ Ultramarathon is held on the route each July ~ Hiking from Camp,CC BY-NC-SA 2.0,https://creativecommons.org/licenses/by-nc-sa/2.0/,https://www.flickr.com/photos/7156765@N05/51878907835
f_4116944974,Trey Ratcliff,And then I hiked through the Autumn Trees to find the Glacier,CC BY-NC-SA 2.0,https://creativecommons.org/licenses/by-nc-sa/2.0/,https://www.flickr.com/photos/95572727@N00/4116944974
f_4770820579,The Forest History Society,Hiking.,CC BY-NC 2.0,https://creativecommons.org/licenses/by-nc/2.0/,https://www.flickr.com/photos/39875827@N08/4770820579
f_51931423912,Onasill - Bill Badzo - 149 Million Views - Thank Y,Iceland ~ Landmannalaugar Route ~ Ultramarathon is held on the route each July ~ Hiking to New Camp Site - Hot Spring,CC BY-NC-SA 2.0,https://creativecommons.org/licenses/by-nc-sa/2.0/,https://www.flickr.com/photos/7156765@N05/51931423912
f_31537153913,Onasill - Bill Badzo - 149 Million Views - Thank Y,Iceland ~ Landmannalaugar Route ~ Ultramarathon Hike is held on the route each July ~ Multiple Waterfalls,CC BY-NC-SA 2.0,https://creativecommons.org/licenses/by-nc-sa/2.0/,https://www.flickr.com/photos/7156765@N05/31537153913
f_51323491909,Onasill - Bill Badzo - 149 Million Views - Thank Y,Iceland ~ Landmannalaugar Route ~ Ultramarathon is held on the route each July ~ Hiking from Camp,CC BY-NC-SA 2.0,https://creativecommons.org/licenses/by-nc-sa/2.0/,https://www.flickr.com/photos/7156765@N05/51323491909
f_32755466175,Onasill - Bill Badzo - 149 Million Views - Thank Y,Iceland Republic ~ Lava Bed Rock ~ Landmannalaugar Route ~ Ultramarathon is held on the route each July ~ Hiking from Camp,CC BY-NC-SA 2.0,https://creativecommons.org/licenses/by-nc-sa/2.0/,https://www.flickr.com/photos/7156765@N05/32755466175
f_11142087665,Nicholas_T,Golden Eagle Trail (Full Hike) (10),CC BY 2.0,https://creativecommons.org/licenses/by/2.0/,https://www.flickr.com/photos/14922165@N00/11142087665
f_5840203303,andyarthur,Hiking,CC BY 2.0,https://creativecommons.org/licenses/by/2.0/,https://www.flickr.com/photos/45846171@N04/5840203303
f_5462154144,brewbooks,A Nice February hike,CC BY-SA 2.0,https://creativecommons.org/licenses/by-sa/2.0/,https://www.flickr.com/photos/93452909@N00/5462154144
f_39734386681,Onasill ~ Bill,Iceland ~ Landmannalaugar Route ~ Ultramarathon Hike is held on the route each July ~ Rapids,CC BY-NC-SA 2.0,https://creativecommons.org/licenses/by-nc-sa/2.0/,https://www.flickr.com/photos/7156765@N05/39734386681
f_51872632133,Onasill - Bill Badzo - 149 Million Views - Thank Y,Iceland Republic - Lava Hard Bedrock - View from our Trail Hike,CC BY-NC-SA 2.0,https://creativecommons.org/licenses/by-nc-sa/2.0/,https://www.flickr.com/photos/7156765@N05/51872632133
f_38600965426,Onasill ~ Bill,Iceland ~ Landmannalaugar Route ~ Ultramarathon is held on the route each July ~ Hiking from Camp,CC BY-NC-SA 2.0,https://creativecommons.org/licenses/by-nc-sa/2.0/,https://www.flickr.com/photos/7156765@N05/38600965426
f_29408333458,Onasill ~ Bill- 81M views,Iceland ~ Landmannalaugar Route ~ Ultramarathon is held on the route each July ~ Hiking from Camp - Lava,CC BY-NC-SA 2.0,https://creativecommons.org/licenses/by-nc-sa/2.0/,https://www.flickr.com/photos/7156765@N05/29408333458
f_5289678354,brewbooks,Harvey Butchart's hiking map,CC BY-SA 2.0,https://creativecommons.org/licenses/by-sa/2.0/,https://www.flickr.com/photos/93452909@N00/5289678354
f_5773417047,brewbooks,Harvey Butchart's hiking map,CC BY-SA 2.0,https://creativecommons.org/licenses/by-sa/2.0/,https://www.flickr.com/photos/93452909@N00/5773417047
f_5289075773,brewbooks,Harvey Butchart's hiking map,CC BY-SA 2.0,https://creativecommons.org/licenses/by-sa/2.0/,https://www.flickr.com/photos/93452909@N00/5289075773
f_4465317181,GuideGunnar - Arctic Norway,"Hiking, Tromso",CC BY-SA 2.0,https://creativecommons.org/licenses/by-sa/2.0/,https://www.flickr.com/photos/48746111@N04/4465317181
f_8494428320,BrickinNick,City Street (13),CC BY-NC 2.0,https://creativecommons.org/licenses/by-nc/2.0/,https://www.flickr.com/photos/21134226@N06/8494428320
f_8494427814,BrickinNick,City Street (12),CC BY-NC 2.0,https://creativecommons.org/licenses/by-nc/2.0/,https://www.flickr.com/photos/21134226@N06/8494427814
f_4539011576,thejourney1972 (South America addicted),Peru's main cities (street maps) - mapa calles principales ciudades del Perú (01),CC BY 2.0,https://creativecommons.org/licenses/by/2.0/,https://www.flickr.com/photos/50694521@N00/4539011576
f_6180156183,Gandalf's Gallery,Oskar Conrad Kleineh - City Street with a Procession [1871],CC BY-NC-SA 2.0,https://creativecommons.org/licenses/by-nc-sa/2.0/,https://www.flickr.com/photos/45482849@N03/6180156183
f_48967477922,Ivan Radic,Horses with riders on the city streets,CC BY 2.0,https://creativecommons.org/licenses/by/2.0/,https://www.flickr.com/photos/26344495@N05/48967477922
f_8493324301,BrickinNick,City Street (6),CC BY-NC 2.0,https://creativecommons.org/licenses/by-nc/2.0/,https://www.flickr.com/photos/21134226@N06/8493324301
f_50633757447,r.a. paterson,city street with bus stop,CC BY-NC-SA 2.0,https://creativecommons.org/licenses/by-nc-sa/2.0/,https://www.flickr.com/photos/35667267@N00/50633757447
f_8493322731,BrickinNick,City Street (2),CC BY-NC 2.0,https://creativecommons.org/licenses/by-nc/2.0/,https://www.flickr.com/photos/21134226@N06/8493322731
f_38300838495,r.a. paterson,city street with bus stop,CC BY-NC-SA 2.0,https://creativecommons.org/licenses/by-nc-sa/2.0/,https://www.flickr.com/photos/35667267@N00/38300838495
f_49084404352,Ivan Radic,Riders in colorful garb riding through the city streets,CC BY 2.0,https://creativecommons.org/licenses/by/2.0/,https://www.flickr.com/photos/26344495@N05/49084404352
f_8494425728,BrickinNick,City Street (8),CC BY-NC 2.0,https://creativecommons.org/licenses/by-nc/2.0/,https://www.flickr.com/photos/21134226@N06/8494425728
f_8494425188,BrickinNick,City Street (7),CC BY-NC 2.0,https://creativecommons.org/licenses/by-nc/2.0/,https://www.flickr.com/photos/21134226@N06/8494425188
f_8494426228,BrickinNick,City Street (9),CC BY-NC 2.0,https://creativecommons.org/licenses/by-nc/2.0/,https://www.flickr.com/photos/21134226@N06/8494426228
f_8494423480,BrickinNick,City Street (3),CC BY-NC 2.0,https://creativecommons.org/licenses/by-nc/2.0/,https://www.flickr.com/photos/21134226@N06/8494423480
f_4056051897,Mr Thinktank,"City Streets on a rainy day in Dunedin, New Zealand",CC BY 2.0,https://creativecommons.org/licenses/by/2.0/,https://www.flickr.com/photos/34621580@N00/4056051897
f_30812013320,Keith Vaughton,City Streets.,CC BY 2.0,https://creativecommons.org/licenses/by/2.0/,https://www.flickr.com/photos/135933278@N03/30812013320
f_5701694629,infomatique,Belfast City - Street Entertainer,CC BY-SA 2.0,https://creativecommons.org/licenses/by-sa/2.0/,https://www.flickr.com/photos/80824546@N00/5701694629
f_18250064015,Steven Pisano,New York City Street Scenes - Two Princesses Sleeping on the Subway,CC BY 2.0,https://creativecommons.org/licenses/by/2.0/,https://www.flickr.com/photos/45776673@N04/18250064015
f_27499751392,Kool Cats Photography over 14 Million Views,City Street,CC BY-NC 2.0,https://creativecommons.org/licenses/by-nc/2.0/,https://www.flickr.com/photos/40775084@N05/27499751392
f_14578762916,Steven Pisano,New York City Street Scenes,CC BY 2.0,https://creativecommons.org/licenses/by/2.0/,https://www.flickr.com/photos/45776673@N04/14578762916
f_11903361764,Bryan Doane Photography,Pet Portraits,CC BY 2.0,https://creativecommons.org/licenses/by/2.0/,https://www.flickr.com/photos/49271919@N07/11903361764
f_15903042439,darkday.,Pet Food Mill,CC BY 2.0,https://creativecommons.org/licenses/by/2.0/,https://www.flickr.com/photos/99649389@N02/15903042439
f_8429524669,Lee Bennett,PET computer at National Geographic Museum,CC BY-NC-SA 2.0,https://creativecommons.org/licenses/by-nc-sa/2.0/,https://www.flickr.com/photos/55455788@N00/8429524669
f_14655737012,bradleysiefert,"Our Pet Bearded Dragon, Richard Parker #monomonday",CC BY-NC-SA 2.0,https://creativecommons.org/licenses/by-nc-sa/2.0/,https://www.flickr.com/photos/7406619@N03/14655737012
f_8446365166,Shreveport-Bossier: Louisiana's Other Side,"Krewe of Barkus and Meoux Pet Parade, Shreveport, LA",CC BY 2.0,https://creativecommons.org/licenses/by/2.0/,https://www.flickr.com/photos/57902140@N08/8446365166
f_52419098341,erintheredmc,Pet Shop Boys - The Armory - 10/2/2022,CC BY 2.0,https://creativecommons.org/licenses/by/2.0/,https://www.flickr.com/photos/7979599@N05/52419098341
f_52419098221,erintheredmc,Pet Shop Boys - The Armory - 10/2/2022,CC BY 2.0,https://creativecommons.org/licenses/by/2.0/,https://www.flickr.com/photos/7979599@N05/52419098221
f_2287816055,Martin LaBar,Three-year old grandson admiring his pet snail,CC BY-NC 2.0,https://creativecommons.org/licenses/by-nc/2.0/,https://www.flickr.com/photos/32454422@N00/2287816055
f_9250240500,Patti's Pet Perfection,Patti's Pet perfection,CC BY-SA 2.0,https://creativecommons.org/licenses/by-sa/2.0/,https://www.flickr.com/photos/95289683@N06/9250240500
f_9247429951,Patti's Pet Perfection,Patti's Pet perfection,CC BY-SA 2.0,https://creativecommons.org/licenses/by-sa/2.0/,https://www.flickr.com/photos/95289683@N06/9247429951
f_9250202674,Patti's Pet Perfection,Patti's Pet perfection,CC BY-SA 2.0,https://creativecommons.org/licenses/by-sa/2.0/,https://www.flickr.com/photos/95289683@N06/9250202674
f_9250233794,Patti's Pet Perfection,Patti's Pet perfection,CC BY-SA 2.0,https://creativecommons.org/licenses/by-sa/2.0/,https://www.flickr.com/photos/95289683@N06/9250233794
f_9247452247,Patti's Pet Perfection,Patti's Pet perfection,CC BY-SA 2.0,https://creativecommons.org/licenses/by-sa/2.0/,https://www.flickr.com/photos/95289683@N06/9247452247
f_9247428801,Patti's Pet Perfection,Patti's Pet perfection,CC BY-SA 2.0,https://creativecommons.org/licenses/by-sa/2.0/,https://www.flickr.com/photos/95289683@N06/9247428801
f_9247427623,Patti's Pet Perfection,Patti's Pet perfection,CC BY-SA 2.0,https://creativecommons.org/licenses/by-sa/2.0/,https://www.flickr.com/photos/95289683@N06/9247427623
f_2730154554,flickrsven,Commodore PET 2001 with hi-fi system,CC BY 2.0,https://creativecommons.org/licenses/by/2.0/,https://www.flickr.com/photos/9665215@N02/2730154554
f_9250806770,Kerri Lee Smith,My neighbor's pet,CC BY-NC-SA 2.0,https://creativecommons.org/licenses/by-nc-sa/2.0/,https://www.flickr.com/photos/77654185@N07/9250806770
f_5528998,cenz,Lucy's Pet Fox,CC BY-NC-SA 2.0,https://creativecommons.org/licenses/by-nc-sa/2.0/,https://www.flickr.com/photos/47627202@N00/5528998
f_8419515669,Robiwan_Kenobi,Stephanie and her lovely pet,CC BY-NC 2.0,https://creativecommons.org/licenses/by-nc/2.0/,https://www.flickr.com/photos/49432626@N08/8419515669
f_81411394,Sick Sad M!kE,pet,CC BY-NC-SA 2.0,https://creativecommons.org/licenses/by-nc-sa/2.0/,https://www.flickr.com/photos/49348226@N00/81411394
f_19306663,**Mary**,"Butchart Gardens, Victoria, B.C.",CC BY-NC-SA 2.0,https://creativecommons.org/licenses/by-nc-sa/2.0/,https://www.flickr.com/photos/79477324@N00/19306663
f_44319231432,antonychammond,When You Look After Your Garden Everything Tends to Come up Rosy!,CC BY-NC-SA 2.0,https://creativecommons.org/licenses/by-nc-sa/2.0/,https://www.flickr.com/photos/8525214@N06/44319231432
f_3333752088,antonychammond,The Beth Chatto Gardens - On Reflection,CC BY-NC-SA 2.0,https://creativecommons.org/licenses/by-nc-sa/2.0/,https://www.flickr.com/photos/8525214@N06/3333752088
f_51420012738,Onasill - Bill Badzo - 149 Million Views - Thank Y,Sonnenberg Gardens & Mansion Historic Park ~ Canandaigua NY,CC BY-NC-SA 2.0,https://creativecommons.org/licenses/by-nc-sa/2.0/,https://www.flickr.com/photos/7156765@N05/51420012738
f_51726716197,Onasill - Bill Badzo - 149 Million Views - Thank Y,Frederik Meijer Gardens & Sculpture Park | Grand Rapids - Michigan - Lena Meijer Tropical Conservatory,CC BY-NC-SA 2.0,https://creativecommons.org/licenses/by-nc-sa/2.0/,https://www.flickr.com/photos/7156765@N05/51726716197
f_14483092529,cindy richardson,In the garden (IMG_7899),CC BY 2.0,https://creativecommons.org/licenses/by/2.0/,https://www.flickr.com/photos/99275457@N00/14483092529
f_48303240416,Onasill ~ Bill,Frederik Meijer Gardens & Sculpture Park | Grand Rapids - Michigan - Attractions,CC BY-NC-SA 2.0,https://creativecommons.org/licenses/by-nc-sa/2.0/,https://www.flickr.com/photos/7156765@N05/48303240416
f_211710348,Lincolnian (Brian),"The Italian Garden, Orangery & Church, Belton House, Belton, Lincolnshire",CC BY-SA 2.0,https://creativecommons.org/licenses/by-sa/2.0/,https://www.flickr.com/photos/79727841@N00/211710348
f_15400888325,Gareth1953 All Right Now,Helmsley - Sept 2014 - Back Garden - Scarecrows with Bicycle,CC BY 2.0,https://creativecommons.org/licenses/by/2.0/,https://www.flickr.com/photos/40837632@N05/15400888325
f_1196848877,Fr Antunes,House Garden,CC BY 2.0,https://creativecommons.org/licenses/by/2.0/,https://www.flickr.com/photos/12285897@N00/1196848877
f_6669937329,ell brown,"Lichfield Old Grammar School - St John Street, Lichfield - garden and old school building",CC BY 2.0,https://creativecommons.org/licenses/by/2.0/,https://www.flickr.com/photos/39415781@N06/6669937329
f_2381791019,vgm8383,Japanese Rock Garden,CC BY-NC 2.0,https://creativecommons.org/licenses/by-nc/2.0/,https://www.flickr.com/photos/9147703@N03/2381791019
f_11288599234,normanack,raised bed vegetable garden,CC BY 2.0,https://creativecommons.org/licenses/by/2.0/,https://www.flickr.com/photos/29278394@N00/11288599234
f_19762795,**Mary**,"Japanese Garden, Butchart Gardens.Victoria, B.C.",CC BY-NC-SA 2.0,https://creativecommons.org/licenses/by-nc-sa/2.0/,https://www.flickr.com/photos/79477324@N00/19762795
f_12045763846,pellethepoet,Melbourne. Fitzroy Gardens - Western Avenue (c.1904),CC BY 2.0,https://creativecommons.org/licenses/by/2.0/,https://www.flickr.com/photos/47201412@N02/12045763846
f_464791157,Randy Son Of Robert,Magic Garden,CC BY-SA 2.0,https://creativecommons.org/licenses/by-sa/2.0/,https://www.flickr.com/photos/46042146@N00/464791157
f_9497120328,Dave Catchpole,Hidcote Manor Garden (NT),CC BY 2.0,https://creativecommons.org/licenses/by/2.0/,https://www.flickr.com/photos/52957117@N04/9497120328
f_5405403890,williamskitchenbath,Designed by Williams Kitchen & Bath,CC BY 2.0,https://creativecommons.org/licenses/by/2.0/,https://www.flickr.com/photos/56473047@N05/5405403890
f_2336304602,j l t,kitchen remodel: 1927 Mission Revival bungalow,CC BY-NC-SA 2.0,https://creativecommons.org/licenses/by-nc-sa/2.0/,https://www.flickr.com/photos/37996580657@N01/2336304602
f_700790272,kevinmarsh,Kitchen,CC BY 2.0,https://creativecommons.org/licenses/by/2.0/,https://www.flickr.com/photos/68287856@N00/700790272
f_2237024765,littlestar19,Kitchen,CC BY-NC 2.0,https://creativecommons.org/licenses/by-nc/2.0/,https://www.flickr.com/photos/37754464@N00/2237024765
f_407504525,TSalon,Kitchen,CC BY-NC 2.0,https://creativecommons.org/licenses/by-nc/2.0/,https://www.flickr.com/photos/49503058070@N01/407504525
f_6544336039,Martin Cathrae,Kitchen,CC BY-SA 2.0,https://creativecommons.org/licenses/by-sa/2.0/,https://www.flickr.com/photos/34067077@N00/6544336039
f_6332067642,AndyRobertsPhotos,Pomodoro Kitchen Timer for Action Logging,CC BY 2.0,https://creativecommons.org/licenses/by/2.0/,https://www.flickr.com/photos/21372046@N00/6332067642
f_4519266074,Jan Charles Linus Ekenstam,"27' iMac in Kitchen, Update",CC BY-NC-SA 2.0,https://creativecommons.org/licenses/by-nc-sa/2.0/,https://www.flickr.com/photos/18842120@N04/4519266074
f_121747718,kellinahandbasket,For Sale: IKEA FAKTUM Stat Weiss Kitchen,CC BY 2.0,https://creativecommons.org/licenses/by/2.0/,https://www.flickr.com/photos/29482491@N00/121747718
f_2188916496,bossco,"Kitchen with new stove, microwave and dishwasher installed",CC BY-SA 2.0,https://creativecommons.org/licenses/by-sa/2.0/,https://www.flickr.com/photos/43521640@N00/2188916496
f_8706914062,Metal Sheets Limited,2 - Stuart Holt Kitchen Island in Bronzed Brass,CC BY-NC-SA 2.0,https://creativecommons.org/licenses/by-nc-sa/2.0/,https://www.flickr.com/photos/90928791@N04/8706914062
f_2779382381,Dru Bloomfield - At Home in Scottsdale,My Kitchen,CC BY 2.0,https://creativecommons.org/licenses/by/2.0/,https://www.flickr.com/photos/14544437@N07/2779382381
f_5100328549,Polygon Homes,Kensal Walk - Kitchen,CC BY-NC 2.0,https://creativecommons.org/licenses/by-nc/2.0/,https://www.flickr.com/photos/36773529@N02/5100328549
f_2948330522,aka_lusi,kitchen with pumpkins,CC BY-NC-SA 2.0,https://creativecommons.org/licenses/by-nc-sa/2.0/,https://www.flickr.com/photos/73069365@N00/2948330522
f_4280444310,ellenm1,Pre-war kitchen (1920s-30s),CC BY-NC 2.0,https://creativecommons.org/licenses/by-nc/2.0/,https://www.flickr.com/photos/47051377@N00/4280444310
f_2829415216,colorblindPICASO,"Sarah up on the kitchen counter is a pretty common site in our home. With a short girlfriend, it's good that only things like decorative candles and never used Christmas wine glasses are stored up there.",CC BY-NC 2.0,https://creativecommons.org/licenses/by-nc/2.0/,https://www.flickr.com/photos/45842803@N00/2829415216
f_4253649357,granite-charlotte,Kitchen Cabinets and Tan Brown Granite Countertops,CC BY 2.0,https://creativecommons.org/licenses/by/2.0/,https://www.flickr.com/photos/46317749@N02/4253649357
f_4091151261,The Year of Mud,ccc-lindahouse-kitchen,CC BY-NC 2.0,https://creativecommons.org/licenses/by-nc/2.0/,https://www.flickr.com/photos/66509211@N00/4091151261
f_16060665247,Orchids love rainwater,Red hot... Messing about in the kitchen and on the phone :),CC BY 2.0,https://creativecommons.org/licenses/by/2.0/,https://www.flickr.com/photos/37072378@N08/16060665247
f_2336280730,j l t,kitchen remodel: 1927 Mission Revival bungalow,CC BY-NC-SA 2.0,https://creativecommons.org/licenses/by-nc-sa/2.0/,https://www.flickr.com/photos/37996580657@N01/2336280730
f_8610393445,slworking2,I see food pixels. #work #geek #office #nerd #programmer #workflow #office #desk #cubicle #desktoys #officelife,CC BY-NC-SA 2.0,https://creativecommons.org/licenses/by-nc-sa/2.0/,https://www.flickr.com/photos/18548283@N00/8610393445
f_8673016708,slworking2,Geek at work. #work #geek #officelife #nerd #programmer #workflow #office #desk #cubicle #workflow,CC BY-NC-SA 2.0,https://creativecommons.org/licenses/by-nc-sa/2.0/,https://www.flickr.com/photos/18548283@N00/8673016708
f_8640202697,slworking2,Lunch break at my desk. #work #geek #office #nerd #programmer #workflow #office #desk #cubicle #desktoys #officelife,CC BY-NC-SA 2.0,https://creativecommons.org/licenses/by-nc-sa/2.0/,https://www.flickr.com/photos/18548283@N00/8640202697
f_8696909228,slworking2,Taco Tuesday. Geek at work. #work #geek #officelife #nerd #programmer #workflow #office #desk #cubicle #workflow #cubical #TacoTuesday,CC BY-NC-SA 2.0,https://creativecommons.org/licenses/by-nc-sa/2.0/,https://www.flickr.com/photos/18548283@N00/8696909228
f_4998715384,FDR Presidential Library & Museum,FDR's Oval Office Desk,CC BY 2.0,https://creativecommons.org/licenses/by/2.0/,https://www.flickr.com/photos/54078784@N08/4998715384
f_4545781879,savs,My office desk,CC BY-NC-SA 2.0,https://creativecommons.org/licenses/by-nc-sa/2.0/,https://www.flickr.com/photos/59356239@N00/4545781879
f_4596687760,djsmiley2k,Office. Desk showing laptop.,CC BY-SA 2.0,https://creativecommons.org/licenses/by-sa/2.0/,https://www.flickr.com/photos/21170187@N04/4596687760
f_8773079526,slworking2,Code Monkey codes. Geek at work. #work #geek #officelife #nerd #programmer #workflow #office #desk #cubicle #workflow #cubical,CC BY-NC-SA 2.0,https://creativecommons.org/licenses/by-nc-sa/2.0/,https://www.flickr.com/photos/18548283@N00/8773079526
f_8971082958,slworking2,Corporate caffeine delivery system. #caffeine Geek at work. #work #geek #officelife #nerd #programmer #workflow #office #desk #cubicle #workflow #cubical,CC BY-NC-SA 2.0,https://creativecommons.org/licenses/by-nc-sa/2.0/,https://www.flickr.com/photos/18548283@N00/8971082958
f_9027458612,slworking2,Saying goodbye to my cubicle in a couple days. San Diego office is closing and I'll be permanently working from home beginning Friday. Geek at work. #work #geek #office #desk #cubicle #workflow #cubical,CC BY-NC-SA 2.0,https://creativecommons.org/licenses/by-nc-sa/2.0/,https://www.flickr.com/photos/18548283@N00/9027458612
f_4546678829,TheLivingRoominKenmore,"FLOWN: Large, office desk by DesignCraft. Basic pneumatic office chair.",CC BY 2.0,https://creativecommons.org/licenses/by/2.0/,https://www.flickr.com/photos/36910487@N07/4546678829
f_9025165147,slworking2,Saying goodbye to my cubicle in a couple days. San Diego office is closing and I'll be permanently working from home beginning Friday. Geek at work. #office #desk #cubicle #cubical,CC BY-NC-SA 2.0,https://creativecommons.org/licenses/by-nc-sa/2.0/,https://www.flickr.com/photos/18548283@N00/9025165147
f_9038835144,slworking2,Goodbye wizard stick. Packing up my desk. Saying goodbye to my cubicle tonight. San Diego office is closing and I'll be permanently working from home beginning Friday. #work #geek #officelife #nerd #programmer #workflow #office #desk #cubicle #workflow #,CC BY-NC-SA 2.0,https://creativecommons.org/licenses/by-nc-sa/2.0/,https://www.flickr.com/photos/18548283@N00/9038835144
f_8736459602,slworking2,Taco Monday. I couldn't wait until Tuesday. #work #geek #officelife #nerd #programmer #workflow #office #desk #cubicle #workflow #cubical,CC BY-NC-SA 2.0,https://creativecommons.org/licenses/by-nc-sa/2.0/,https://www.flickr.com/photos/18548283@N00/8736459602
f_9036598993,slworking2,Packing up my desk. Saying goodbye to my cubicle tonight. San Diego office is closing and I'll be permanently working from home beginning Friday. #work #geek #officelife #nerd #programmer #workflow #office #desk #cubicle #workflow #cubical,CC BY-NC-SA 2.0,https://creativecommons.org/licenses/by-nc-sa/2.0/,https://www.flickr.com/photos/18548283@N00/9036598993
f_11893291293,Sean MacEntee,Home Office Desk,CC BY 2.0,https://creativecommons.org/licenses/by/2.0/,https://www.flickr.com/photos/18090920@N07/11893291293
f_25920395056,simpleinsomnia,Doctor at his office desk,CC BY 2.0,https://creativecommons.org/licenses/by/2.0/,https://www.flickr.com/photos/95329455@N02/25920395056
f_3342174559,koalazymonkey,Whats on the office desk on 10 mar 09,CC BY 2.0,https://creativecommons.org/licenses/by/2.0/,https://www.flickr.com/photos/9544998@N04/3342174559
f_8657899111,slworking2,Nom nom nom. Lunch break. Geek at work. #work #geek #office #nerd #programmer #workflow #office #desk #cubicle #workflow,CC BY-NC-SA 2.0,https://creativecommons.org/licenses/by-nc-sa/2.0/,https://www.flickr.com/photos/18548283@N00/8657899111
f_8631667297,slworking2,Geek at work. #work #geek #office #nerd #programmer #workflow #office #desk #cubicle #desktoys #officelife,CC BY-NC-SA 2.0,https://creativecommons.org/licenses/by-nc-sa/2.0/,https://www.flickr.com/photos/18548283@N00/8631667297
f_3877433817,Anirudh Koul,Franz Ferdinand Concert - Nicholas McCarthy,CC BY-NC 2.0,https://creativecommons.org/licenses/by-nc/2.0/,https://www.flickr.com/photos/84856173@N00/3877433817
f_10838430745,Fraser Mummery,Depeche Mode in Concert,CC BY 2.0,https://creativecommons.org/licenses/by/2.0/,https://www.flickr.com/photos/73014677@N05/10838430745
f_7567218224,kewl,Concert,CC BY 2.0,https://creativecommons.org/licenses/by/2.0/,https://www.flickr.com/photos/58411470@N00/7567218224
f_14487694934,youngrobv,Pearl Jam Lighting Bolt Concert _D7C35047,CC BY-NC 2.0,https://creativecommons.org/licenses/by-nc/2.0/,https://www.flickr.com/photos/7388060@N08/14487694934
f_8027971895,dalbera,Concert de musique chinoise Nanguan (Auditorium du musée Guimet),CC BY 2.0,https://creativecommons.org/licenses/by/2.0/,https://www.flickr.com/photos/72746018@N00/8027971895
f_4793307619,styeb,Japan Expo 2010 - Concert Noriyuki Iwadare - Day1 - P1440676,CC BY-SA 2.0,https://creativecommons.org/licenses/by-sa/2.0/,https://www.flickr.com/photos/22789397@N05/4793307619
f_3725122425,Anirudh Koul,KISS Concert - Paul Stanley with KISS Army crowd,CC BY-NC 2.0,https://creativecommons.org/licenses/by-nc/2.0/,https://www.flickr.com/photos/84856173@N00/3725122425
f_2459534903,marfis75,in Concert - blue ( #cc ),CC BY 2.0,https://creativecommons.org/licenses/by/2.0/,https://www.flickr.com/photos/45409431@N00/2459534903
f_13578676784,Matiinu,Paragita Concert 1024px47,CC BY-SA 2.0,https://creativecommons.org/licenses/by-sa/2.0/,https://www.flickr.com/photos/51245972@N00/13578676784
f_7622854588,ToGa Wanderings,Concert Crowd,CC BY 2.0,https://creativecommons.org/licenses/by/2.0/,https://www.flickr.com/photos/69031678@N00/7622854588
f_52016471989,HendersonStateU,NuFusion Concert,CC BY-NC 2.0,https://creativecommons.org/licenses/by-nc/2.0/,https://www.flickr.com/photos/36321616@N06/52016471989
f_6090918016,haglundc,concert crowd - taste of Blue Ash,CC BY-NC 2.0,https://creativecommons.org/licenses/by-nc/2.0/,https://www.flickr.com/photos/86676407@N00/6090918016
f_3725127569,Anirudh Koul,KISS Concert - Flying Drums with Rocket Jets,CC BY-NC 2.0,https://creativecommons.org/licenses/by-nc/2.0/,https://www.flickr.com/photos/84856173@N00/3725127569
f_3784186351,Anirudh Koul,"Rufus Wainwright Concert - Osheaga 2009, Montreal",CC BY-NC 2.0,https://creativecommons.org/licenses/by-nc/2.0/,https://www.flickr.com/photos/84856173@N00/3784186351
f_2293542900,Jiaren Lau,Hillsong United Concert,CC BY 2.0,https://creativecommons.org/licenses/by/2.0/,https://www.flickr.com/photos/84983518@N00/2293542900
f_3735168518,Anirudh Koul,Green Day Concert - Hello Kitty Ears,CC BY 2.0,https://creativecommons.org/licenses/by/2.0/,https://www.flickr.com/photos/84856173@N00/3735168518
f_7718369212,esby.photo,Concert FLOW - Japan Expo - SoundLicious - 2012-0706- P1410346,CC BY-SA 2.0,https://creativecommons.org/licenses/by-sa/2.0/,https://www.flickr.com/photos/22789397@N05/7718369212
f_7718906184,esby.photo,Concert FLOW - Japan Expo - SoundLicious - 2012-0706- P1410598,CC BY-SA 2.0,https://creativecommons.org/licenses/by-sa/2.0/,https://www.flickr.com/photos/22789397@N05/7718906184
f_3517142947,Anirudh Koul,Yanni Voices Concert - Welcoming Montreal,CC BY-NC 2.0,https://creativecommons.org/licenses/by-nc/2.0/,https://www.flickr.com/photos/84856173@N00/3517142947
f_5482123619,Anirudh Koul,Lady Gaga Concert (Pittsburgh) - Lady Gaga with the Piano Limo,CC BY-NC 2.0,https://creativecommons.org/licenses/by-nc/2.0/,https://www.flickr.com/photos/84856173@N00/5482123619
f_180503446,todbot,wedding guests,CC BY-NC 2.0,https://creativecommons.org/licenses/by-nc/2.0/,https://www.flickr.com/photos/35034345966@N01/180503446
f_4221825887,☺ Lee J Haywood,Wedding guests,CC BY-SA 2.0,https://creativecommons.org/licenses/by-sa/2.0/,https://www.flickr.com/photos/45034206@N06/4221825887
f_51365418719,Mike Sherman Michigan Artist,82 year old Grandmother Greeting Wedding Guests,CC BY 2.0,https://creativecommons.org/licenses/by/2.0/,https://www.flickr.com/photos/24359172@N02/51365418719
f_4222569176,☺ Lee J Haywood,Wedding guest,CC BY-SA 2.0,https://creativecommons.org/licenses/by-sa/2.0/,https://www.flickr.com/photos/45034206@N06/4222569176
f_3603875493,tomylees,Wedding guests 010,CC BY-NC-SA 2.0,https://creativecommons.org/licenses/by-nc-sa/2.0/,https://www.flickr.com/photos/71256895@N00/3603875493
f_4222450840,☺ Lee J Haywood,Wedding guests,CC BY-SA 2.0,https://creativecommons.org/licenses/by-sa/2.0/,https://www.flickr.com/photos/45034206@N06/4222450840
f_7871749946,eltpics,Euromilions ticket for the wedding guests,CC BY-NC 2.0,https://creativecommons.org/licenses/by-nc/2.0/,https://www.flickr.com/photos/54942754@N02/7871749946
f_4221367249,☺ Lee J Haywood,Wedding guest,CC BY-SA 2.0,https://creativecommons.org/licenses/by-sa/2.0/,https://www.flickr.com/photos/45034206@N06/4221367249
f_4222188650,☺ Lee J Haywood,Wedding guests,CC BY-SA 2.0,https://creativecommons.org/licenses/by-sa/2.0/,https://www.flickr.com/photos/45034206@N06/4222188650
f_15532957239,Szfery,a wedding guest,CC BY-NC 2.0,https://creativecommons.org/licenses/by-nc/2.0/,https://www.flickr.com/photos/49656040@N00/15532957239
f_1167838,mamamusings,Yarmulke on Dancing Wedding Guest,CC BY-SA 2.0,https://creativecommons.org/licenses/by-sa/2.0/,https://www.flickr.com/photos/30281826058@N01/1167838
f_4222423106,☺ Lee J Haywood,Wedding guest,CC BY-SA 2.0,https://creativecommons.org/licenses/by-sa/2.0/,https://www.flickr.com/photos/45034206@N06/4222423106
f_4222450834,☺ Lee J Haywood,Wedding guests,CC BY-SA 2.0,https://creativecommons.org/licenses/by-sa/2.0/,https://www.flickr.com/photos/45034206@N06/4222450834
f_7155763928,Joe Shlabotnik,Wedding Guests,CC BY-NC-SA 2.0,https://creativecommons.org/licenses/by-nc-sa/2.0/,https://www.flickr.com/photos/40646519@N00/7155763928
f_4231428001,vincelaconte,wedding guests,CC BY-SA 2.0,https://creativecommons.org/licenses/by-sa/2.0/,https://www.flickr.com/photos/26913872@N00/4231428001
f_4068336086,rabanito,wedding guest,CC BY 2.0,https://creativecommons.org/licenses/by/2.0/,https://www.flickr.com/photos/8787706@N04/4068336086
f_16301820270,Boobook48,Wedding guests,CC BY-NC-SA 2.0,https://creativecommons.org/licenses/by-nc-sa/2.0/,https://www.flickr.com/photos/31400835@N03/16301820270
f_4221717985,☺ Lee J Haywood,Wedding guests,CC BY-SA 2.0,https://creativecommons.org/licenses/by-sa/2.0/,https://www.flickr.com/photos/45034206@N06/4221717985
f_4221717989,☺ Lee J Haywood,Wedding guests,CC BY-SA 2.0,https://creativecommons.org/licenses/by-sa/2.0/,https://www.flickr.com/photos/45034206@N06/4221717989
f_4222450806,☺ Lee J Haywood,Wedding guests,CC BY-SA 2.0,https://creativecommons.org/licenses/by-sa/2.0/,https://www.flickr.com/photos/45034206@N06/4222450806
f_16738386004,dcanprice,Jack in the Green Festival Hastings,CC BY-SA 2.0,https://creativecommons.org/licenses/by-sa/2.0/,https://www.flickr.com/photos/132952433@N02/16738386004
f_17172562440,dcanprice,Jack in the Green Festival Hastings,CC BY-SA 2.0,https://creativecommons.org/licenses/by-sa/2.0/,https://www.flickr.com/photos/132952433@N02/17172562440
f_17333238716,dcanprice,Jack in the Green Festival Hastings,CC BY-SA 2.0,https://creativecommons.org/licenses/by-sa/2.0/,https://www.flickr.com/photos/132952433@N02/17333238716
f_17153042737,dcanprice,Jack in the Green Festival Hastings,CC BY-SA 2.0,https://creativecommons.org/licenses/by-sa/2.0/,https://www.flickr.com/photos/132952433@N02/17153042737
f_16736812284,dcanprice,Jack in the Green Festival Hastings,CC BY-SA 2.0,https://creativecommons.org/licenses/by-sa/2.0/,https://www.flickr.com/photos/132952433@N02/16736812284
f_17360270941,dcanprice,Jack in the Green Festival Hastings,CC BY-SA 2.0,https://creativecommons.org/licenses/by-sa/2.0/,https://www.flickr.com/photos/132952433@N02/17360270941
f_17173435189,dcanprice,Jack in the Green Festival Hastings,CC BY-SA 2.0,https://creativecommons.org/licenses/by-sa/2.0/,https://www.flickr.com/photos/132952433@N02/17173435189
f_2739771096,Nine Inch Nails Official,"Nine Inch Nails Live @ Pemberton Festival - Pemberton, BC, 7.25.08",CC BY-NC-SA 2.0,https://creativecommons.org/licenses/by-nc-sa/2.0/,https://www.flickr.com/photos/24299512@N03/2739771096
f_887707228,DG Jones,"Amanda Seyfried reading Ron Carlson's short story 'Keith', Wordtheatre, Literary Tent, Latitude Festival 2007",CC BY-NC 2.0,https://creativecommons.org/licenses/by-nc/2.0/,https://www.flickr.com/photos/46258685@N00/887707228
f_17151787197,dcanprice,Jack in the Green Festival Hastings,CC BY-SA 2.0,https://creativecommons.org/licenses/by-sa/2.0/,https://www.flickr.com/photos/132952433@N02/17151787197
f_2722442348,Jamiecat *,Country Music Festival de Mirande - 14/07/2008,CC BY 2.0,https://creativecommons.org/licenses/by/2.0/,https://www.flickr.com/photos/27330325@N08/2722442348
f_2721617713,Jamiecat *,Country Music Festival de Mirande - 14/07/2008,CC BY 2.0,https://creativecommons.org/licenses/by/2.0/,https://www.flickr.com/photos/27330325@N08/2721617713
f_2722387472,Jamiecat *,Country Music Festival de Mirande - 14/07/2008,CC BY 2.0,https://creativecommons.org/licenses/by/2.0/,https://www.flickr.com/photos/27330325@N08/2722387472
f_2722442570,Jamiecat *,Country Music Festival de Mirande - 14/07/2008,CC BY 2.0,https://creativecommons.org/licenses/by/2.0/,https://www.flickr.com/photos/27330325@N08/2722442570
f_9464148371,¡arturii!,European Balloon Festival.,CC BY-NC-SA 2.0,https://creativecommons.org/licenses/by-nc-sa/2.0/,https://www.flickr.com/photos/7617410@N02/9464148371
f_2721369905,Jamiecat *,Country Music Festival de Mirande - 14/07/2008,CC BY 2.0,https://creativecommons.org/licenses/by/2.0/,https://www.flickr.com/photos/27330325@N08/2721369905
f_19089927499,byronv2,Edinburgh Canal Festival 2015 - belly dancers 07,CC BY-NC 2.0,https://creativecommons.org/licenses/by-nc/2.0/,https://www.flickr.com/photos/7512717@N06/19089927499
f_15181437537,Street matt,Post festival disarray,CC BY 2.0,https://creativecommons.org/licenses/by/2.0/,https://www.flickr.com/photos/119760624@N05/15181437537
f_2306471027,TW Chang,Lantern Festival,CC BY 2.0,https://creativecommons.org/licenses/by/2.0/,https://www.flickr.com/photos/61816398@N00/2306471027
f_19706596608,byronv2,Edinburgh Festival Carnival 2015 018,CC BY-NC 2.0,https://creativecommons.org/licenses/by-nc/2.0/,https://www.flickr.com/photos/7512717@N06/19706596608
f_15000563499,Monika Kostera (urbanlegend),The Station: The Albanian train journey (1),CC BY-SA 2.0,https://creativecommons.org/licenses/by-sa/2.0/,https://www.flickr.com/photos/17989497@N00/15000563499
f_2203837178,Leo Reynolds,I-SPY - ON A TRAIN JOURNEY No 4,CC BY-NC-SA 2.0,https://creativecommons.org/licenses/by-nc-sa/2.0/,https://www.flickr.com/photos/49968232@N00/2203837178
f_11136417653,unukorno,Train journey in Peru,CC BY-SA 2.0,https://creativecommons.org/licenses/by-sa/2.0/,https://www.flickr.com/photos/82622112@N00/11136417653
f_4397693272,Ranjith Shenoy,Mumbai Kerala Train Journey,CC BY-NC-SA 2.0,https://creativecommons.org/licenses/by-nc-sa/2.0/,https://www.flickr.com/photos/39179900@N04/4397693272
f_40202321471,Vishwas Krishna,Advantages of Train Journey,CC BY 2.0,https://creativecommons.org/licenses/by/2.0/,https://www.flickr.com/photos/34157399@N00/40202321471
f_2214960486,ifranz,Survival Package For A Train Journey,CC BY-NC 2.0,https://creativecommons.org/licenses/by-nc/2.0/,https://www.flickr.com/photos/26145276@N00/2214960486
f_15164326306,Monika Kostera (urbanlegend),Views: The Albanian train journey (1),CC BY-SA 2.0,https://creativecommons.org/licenses/by-sa/2.0/,https://www.flickr.com/photos/17989497@N00/15164326306
f_32060580125,Jorge Lascar,Flåmsbana - Crowned the most beautiful train journey in the world,CC BY 2.0,https://creativecommons.org/licenses/by/2.0/,https://www.flickr.com/photos/8721758@N06/32060580125
f_32060595855,Jorge Lascar,Flåmsbana - Crowned the most beautiful train journey in the world,CC BY 2.0,https://creativecommons.org/licenses/by/2.0/,https://www.flickr.com/photos/8721758@N06/32060595855
f_206772624,Mahatma4711,Train journey,CC BY 2.0,https://creativecommons.org/licenses/by/2.0/,https://www.flickr.com/photos/80928729@N00/206772624
f_31912345232,Jorge Lascar,Flåmsbana - Crowned the most beautiful train journey in the world,CC BY 2.0,https://creativecommons.org/licenses/by/2.0/,https://www.flickr.com/photos/8721758@N06/31912345232
f_13064850604,Roo Reynolds,My train journey home,CC BY-NC 2.0,https://creativecommons.org/licenses/by-nc/2.0/,https://www.flickr.com/photos/85429509@N00/13064850604
f_2147430786,tiexano,The train journey home: Train # 1,CC BY-NC-SA 2.0,https://creativecommons.org/licenses/by-nc-sa/2.0/,https://www.flickr.com/photos/20799701@N00/2147430786
f_11136587893,unukorno,"Train journey in Peru, estación La Raya",CC BY-SA 2.0,https://creativecommons.org/licenses/by-sa/2.0/,https://www.flickr.com/photos/82622112@N00/11136587893
f_31942676101,Jorge Lascar,Flåmsbana - Crowned the most beautiful train journey in the world,CC BY 2.0,https://creativecommons.org/licenses/by/2.0/,https://www.flickr.com/photos/8721758@N06/31942676101
f_15000547529,Monika Kostera (urbanlegend),Views: The Albanian train journey (2),CC BY-SA 2.0,https://creativecommons.org/licenses/by-sa/2.0/,https://www.flickr.com/photos/17989497@N00/15000547529
f_3338949344,Olivier Riché,Coleraine-Derry train journey,CC BY-NC 2.0,https://creativecommons.org/licenses/by-nc/2.0/,https://www.flickr.com/photos/74719059@N00/3338949344
f_28251804742,donald judge,16.7.16 2 Tabor to Pisek Train Journey 8,CC BY 2.0,https://creativecommons.org/licenses/by/2.0/,https://www.flickr.com/photos/27911027@N00/28251804742
f_31219340314,Jorge Lascar,"Panorama - On my way to Flåmsbana, crowned the most beautiful train journey of the world",CC BY 2.0,https://creativecommons.org/licenses/by/2.0/,https://www.flickr.com/photos/8721758@N06/31219340314
f_220863516,zimpenfish,Train journey icons,CC BY-SA 2.0,https://creativecommons.org/licenses/by-sa/2.0/,https://www.flickr.com/photos/12708857@N00/220863516
f_7774799390,Claire CJS,"20120726 2013 - Bethany Beach trip - Family Dinner - Mya, Maisie, Bill, Aunt Carolyn, Jonathan, Tom, Margaretha, Carolyn (bg), Priscilla (bg), Margaretha, Julie - IMG_4746",CC BY-NC-SA 2.0,https://creativecommons.org/licenses/by-nc-sa/2.0/,https://www.flickr.com/photos/31355686@N00/7774799390
f_8030659143,MDGovpics,1st Lady hosts military families dinner,CC BY 2.0,https://creativecommons.org/licenses/by/2.0/,https://www.flickr.com/photos/64018555@N03/8030659143
f_3785098426,dpstyles™,Family dinner. 6 lobsters to eat (3 chilling in the fridge for lobster rolls) + HeatherD's signature seafood paella (cooked in my brand new paella pan!),CC BY 2.0,https://creativecommons.org/licenses/by/2.0/,https://www.flickr.com/photos/77725780@N00/3785098426
f_4759323494,newsboys,Family Dinner,CC BY-NC 2.0,https://creativecommons.org/licenses/by-nc/2.0/,https://www.flickr.com/photos/32019252@N04/4759323494
f_32910339850,Forsaken Fotos,Family Dinner,CC BY 2.0,https://creativecommons.org/licenses/by/2.0/,https://www.flickr.com/photos/55229469@N07/32910339850
f_3865559880,Claire CJS,20090806 - Bethany Beach trip - 3 - Family Dinner - Frank - hit in groin - 3805883289_e3e78a2a21_o - diptych - Frank speaks - (by Vicky) - 3805931591_9149df4d4f_o,CC BY-NC-SA 2.0,https://creativecommons.org/licenses/by-nc-sa/2.0/,https://www.flickr.com/photos/31355686@N00/3865559880
f_2783734043,Claire CJS,"20080807 - Family Dinner at Bethany Beach - 164-6427 - Lisa, Brent, Ireland",CC BY-NC-SA 2.0,https://creativecommons.org/licenses/by-nc-sa/2.0/,https://www.flickr.com/photos/31355686@N00/2783734043
f_2784600240,Claire CJS,20080807 - Family Dinner at Bethany Beach - 163-6389 - Frank & Melanie,CC BY-NC-SA 2.0,https://creativecommons.org/licenses/by-nc-sa/2.0/,https://www.flickr.com/photos/31355686@N00/2784600240
f_2783771393,Claire CJS,"20080807 - Family Dinner at Bethany Beach - 163-6350 - Frank, Dave, Kevin, Jennifer, Carolyn (bg), Lowell (bg)",CC BY-NC-SA 2.0,https://creativecommons.org/licenses/by-nc-sa/2.0/,https://www.flickr.com/photos/31355686@N00/2783771393
f_8030745106,MDGovpics,1st Lady hosts military families dinner,CC BY 2.0,https://creativecommons.org/licenses/by/2.0/,https://www.flickr.com/photos/64018555@N03/8030745106
f_8030557633,MDGovpics,1st Lady hosts military families dinner,CC BY 2.0,https://creativecommons.org/licenses/by/2.0/,https://www.flickr.com/photos/64018555@N03/8030557633
f_8030767377,MDGovpics,1st Lady hosts military families dinner,CC BY 2.0,https://creativecommons.org/licenses/by/2.0/,https://www.flickr.com/photos/64018555@N03/8030767377
f_8030757275,MDGovpics,1st Lady hosts military families dinner,CC BY 2.0,https://creativecommons.org/licenses/by/2.0/,https://www.flickr.com/photos/64018555@N03/8030757275
f_8030743442,MDGovpics,1st Lady hosts military families dinner,CC BY 2.0,https://creativecommons.org/licenses/by/2.0/,https://www.flickr.com/photos/64018555@N03/8030743442
f_8030673858,MDGovpics,1st Lady hosts military families dinner,CC BY 2.0,https://creativecommons.org/licenses/by/2.0/,https://www.flickr.com/photos/64018555@N03/8030673858
f_8030754866,MDGovpics,1st Lady hosts military families dinner,CC BY 2.0,https://creativecommons.org/licenses/by/2.0/,https://www.flickr.com/photos/64018555@N03/8030754866
f_2784603890,Claire CJS,"20080807 - Family Dinner at Bethany Beach - 163-6374 - Liz, Chase, Kim, Clint - shrimp in hair - bad idea",CC BY-NC-SA 2.0,https://creativecommons.org/licenses/by-nc-sa/2.0/,https://www.flickr.com/photos/31355686@N00/2784603890
f_2784621608,Claire CJS,"20080807 - Family Dinner at Bethany Beach - 163-6353 - Denise, Anne, Carolyn, Lowell",CC BY-NC-SA 2.0,https://creativecommons.org/licenses/by-nc-sa/2.0/,https://www.flickr.com/photos/31355686@N00/2784621608
f_2783751441,Claire CJS,"20080807 - Family Dinner at Bethany Beach - 163-6373 - Frank laughing, Carolyn shocked",CC BY-NC-SA 2.0,https://creativecommons.org/licenses/by-nc-sa/2.0/,https://www.flickr.com/photos/31355686@N00/2783751441
f_2784592068,Claire CJS,"20080807 - Family Dinner at Bethany Beach - 164-6407 - Isabella, Anne, Carolyn",CC BY-NC-SA 2.0,https://creativecommons.org/licenses/by-nc-sa/2.0/,https://www.flickr.com/photos/31355686@N00/2784592068
f_5329603274,Janis Behan,DSC_5512,CC BY-NC-SA 2.0,https://creativecommons.org/licenses/by-nc-sa/2.0/,https://www.flickr.com/photos/91364793@N00/5329603274
f_1976903924,armisteadbooker,Pete Wentz Tattoos,CC BY-NC 2.0,https://creativecommons.org/licenses/by-nc/2.0/,https://www.flickr.com/photos/78493611@N00/1976903924
f_5329601320,Janis Behan,DSC_5475,CC BY-NC-SA 2.0,https://creativecommons.org/licenses/by-nc-sa/2.0/,https://www.flickr.com/photos/91364793@N00/5329601320
f_99464580,feastoffun.com,Ann Coulter pisses off Fausto when she sits on the Feast of Fools cake!,CC BY-NC-SA 2.0,https://creativecommons.org/licenses/by-nc-sa/2.0/,https://www.flickr.com/photos/34601587@N00/99464580
f_6572334101,jessevaughan,best hallway friends,CC BY-NC 2.0,https://creativecommons.org/licenses/by-nc/2.0/,https://www.flickr.com/photos/37825748@N03/6572334101
f_39409999221,DaPuglet,Happy New Year! Bonne Année Mes Amis!,CC BY-SA 2.0,https://creativecommons.org/licenses/by-sa/2.0/,https://www.flickr.com/photos/43810158@N07/39409999221
f_2113852684,Greg Walters,Friends,CC BY 2.0,https://creativecommons.org/licenses/by/2.0/,https://www.flickr.com/photos/21485255@N00/2113852684
f_5329600706,Janis Behan,DSC_5456,CC BY-NC-SA 2.0,https://creativecommons.org/licenses/by-nc-sa/2.0/,https://www.flickr.com/photos/91364793@N00/5329600706
f_352982231,whatnot,homecoming | prom,CC BY-NC-SA 2.0,https://creativecommons.org/licenses/by-nc-sa/2.0/,https://www.flickr.com/photos/58588822@N00/352982231
f_5328743229,Janis Behan,DSC_4889,CC BY-NC-SA 2.0,https://creativecommons.org/licenses/by-nc-sa/2.0/,https://www.flickr.com/photos/91364793@N00/5328743229
f_1332351,brosner,New Friends at CU,CC BY 2.0,https://creativecommons.org/licenses/by/2.0/,https://www.flickr.com/photos/99462541@N00/1332351
f_2489183930,reverendlukewarm,Last Night at Silver Lion/ Lori's Going Away Party / 5.12/13.08,CC BY-SA 2.0,https://creativecommons.org/licenses/by-sa/2.0/,https://www.flickr.com/photos/67167594@N00/2489183930
f_9547811256,Zach Dischner,"Vegas, Baby!",CC BY 2.0,https://creativecommons.org/licenses/by/2.0/,https://www.flickr.com/photos/35557234@N07/9547811256
f_87143518,Auntie P,Glamour Bling and Swing Party,CC BY-NC-SA 2.0,https://creativecommons.org/licenses/by-nc-sa/2.0/,https://www.flickr.com/photos/32625013@N00/87143518
f_4232014287,faith goble,Happy New Year!!!,CC BY 2.0,https://creativecommons.org/licenses/by/2.0/,https://www.flickr.com/photos/24420613@N08/4232014287
f_283326652,Wanda Wisdom,Spread Too Thin!,CC BY-NC-SA 2.0,https://creativecommons.org/licenses/by-nc-sa/2.0/,https://www.flickr.com/photos/27086465@N00/283326652
f_5078733242,Arne Hendriks,Kids Robot Build Party,CC BY 2.0,https://creativecommons.org/licenses/by/2.0/,https://www.flickr.com/photos/31774856@N00/5078733242
f_11488079996,Mixtribe Photo,Tomorrowworld2013 - Rave crowd girl - fish eye photo snap,CC BY 2.0,https://creativecommons.org/licenses/by/2.0/,https://www.flickr.com/photos/24279287@N03/11488079996
f_36281851,befuddle,Magaluf hen and stag party,CC BY-NC-SA 2.0,https://creativecommons.org/licenses/by-nc-sa/2.0/,https://www.flickr.com/photos/44073171@N00/36281851
f_3379496689,Whiskeygonebad,57th ST Block Party Brooklyn px1 1977 70s,CC BY-NC-SA 2.0,https://creativecommons.org/licenses/by-nc-sa/2.0/,https://www.flickr.com/photos/84387357@N00/3379496689
f_4558725288,jrandallc,Colorado Bend State Park Camping/Road Trip,CC BY-SA 2.0,https://creativecommons.org/licenses/by-sa/2.0/,https://www.flickr.com/photos/29697878@N00/4558725288
f_14868420560,bguilas21,Mirror mirror (CA to TX road trip),CC BY-NC-SA 2.0,https://creativecommons.org/licenses/by-nc-sa/2.0/,https://www.flickr.com/photos/34580964@N08/14868420560
f_49580414751,Zugrocker,Road trip,CC BY-NC-SA 2.0,https://creativecommons.org/licenses/by-nc-sa/2.0/,https://www.flickr.com/photos/78113112@N06/49580414751
f_4465826060,LauraLA2008,Blythe Travel Tip #1 -- Take a Friend When You're on a Road Trip,CC BY-NC 2.0,https://creativecommons.org/licenses/by-nc/2.0/,https://www.flickr.com/photos/24038696@N07/4465826060
f_38931848841,Trey Ratcliff,Antarctica Road Trip,CC BY-NC-SA 2.0,https://creativecommons.org/licenses/by-nc-sa/2.0/,https://www.flickr.com/photos/95572727@N00/38931848841
f_50492150702,Ted's photos - For Me & You,2020 - BC-AB Road Trip - 30 of 214 - Revelstoke Railway Museum,CC BY-NC-SA 2.0,https://creativecommons.org/licenses/by-nc-sa/2.0/,https://www.flickr.com/photos/90955804@N04/50492150702
f_15008615755,bguilas21,Window Watching (CA to TX road trip),CC BY-NC-SA 2.0,https://creativecommons.org/licenses/by-nc-sa/2.0/,https://www.flickr.com/photos/34580964@N08/15008615755
f_21670241,striatic,road trip day one ~ ants on the wall,CC BY 2.0,https://creativecommons.org/licenses/by/2.0/,https://www.flickr.com/photos/34427466731@N01/21670241
f_2099544373,road_less_trvled,We begin our Saturday road trip here: Historic White Horse Tavern: 1762,CC BY-NC 2.0,https://creativecommons.org/licenses/by-nc/2.0/,https://www.flickr.com/photos/7984969@N04/2099544373
f_19222294841,Claudia Regina CC,road trip por argentina,CC BY-SA 2.0,https://creativecommons.org/licenses/by-sa/2.0/,https://www.flickr.com/photos/93331158@N03/19222294841
f_36267603665,Ted's photos - For Me For You,2017 - Road Trip - Winnipeg - Oodena Celebration Circle,CC BY-NC-SA 2.0,https://creativecommons.org/licenses/by-nc-sa/2.0/,https://www.flickr.com/photos/90955804@N04/36267603665
f_8733700378,ArtofVisuals,Beyond Your Imagination - A Road Trip,CC BY-NC-SA 2.0,https://creativecommons.org/licenses/by-nc-sa/2.0/,https://www.flickr.com/photos/63349090@N08/8733700378
f_3631576754,jayRaz,More scenes from an unintended road trip,CC BY-NC-SA 2.0,https://creativecommons.org/licenses/by-nc-sa/2.0/,https://www.flickr.com/photos/24174433@N04/3631576754
f_5812964283,vishpool,Road Trip to Annapolis,CC BY 2.0,https://creativecommons.org/licenses/by/2.0/,https://www.flickr.com/photos/39209951@N00/5812964283
f_5812964677,vishpool,Road Trip to Annapolis,CC BY 2.0,https://creativecommons.org/licenses/by/2.0/,https://www.flickr.com/photos/39209951@N00/5812964677
f_18515629613,mypubliclands,My Public Lands Road Trip: Yaquina Head Outstanding Natural Area in Oregon,CC BY 2.0,https://creativecommons.org/licenses/by/2.0/,https://www.flickr.com/photos/91981596@N06/18515629613
f_8006998961,Heart of Oak,the Few & Far Road Trip video!,CC BY 2.0,https://creativecommons.org/licenses/by/2.0/,https://www.flickr.com/photos/67149635@N00/8006998961
f_11731697645,Mayastar,Road Trip Poland #1,CC BY-SA 2.0,https://creativecommons.org/licenses/by-sa/2.0/,https://www.flickr.com/photos/8947691@N02/11731697645
f_21884920240,Ted's photos - For Me & You,2015 - Kamloops-Lillooet Road Trip - 4 of 9 - Family Swim,CC BY-NC-SA 2.0,https://creativecommons.org/licenses/by-nc-sa/2.0/,https://www.flickr.com/photos/90955804@N04/21884920240
f_15627806207,Thomas Hawk,"Breakfast with @danielkrieger at Habaneros in Las Cruces, NM. One of the things about road trips with smoothdude is that you always eat very, very well",CC BY-NC 2.0,https://creativecommons.org/licenses/by-nc/2.0/,https://www.flickr.com/photos/51035555243@N01/15627806207
f_2328715946,thomasrdotorg,Timo Glock Rally Car Drive 023,CC BY 2.0,https://creativecommons.org/licenses/by/2.0/,https://www.flickr.com/photos/28135215@N00/2328715946
f_2327899637,thomasrdotorg,Timo Glock Rally Car Drive 035,CC BY 2.0,https://creativecommons.org/licenses/by/2.0/,https://www.flickr.com/photos/28135215@N00/2327899637
f_2328715480,thomasrdotorg,Timo Glock Rally Car Drive 020,CC BY 2.0,https://creativecommons.org/licenses/by/2.0/,https://www.flickr.com/photos/28135215@N00/2328715480
f_50539522633,Duncan Rawlinson - Duncan.co,Cars Driving in the Rain at Intersection,CC BY-NC 2.0,https://creativecommons.org/licenses/by-nc/2.0/,https://www.flickr.com/photos/44124400268@N01/50539522633
f_186743806,pajp,Cars driving onto the ferry,CC BY-SA 2.0,https://creativecommons.org/licenses/by-sa/2.0/,https://www.flickr.com/photos/20662811@N00/186743806
f_2327895883,thomasrdotorg,Timo Glock Rally Car Drive 008,CC BY 2.0,https://creativecommons.org/licenses/by/2.0/,https://www.flickr.com/photos/28135215@N00/2327895883
f_2327899481,thomasrdotorg,Timo Glock Rally Car Drive 034,CC BY 2.0,https://creativecommons.org/licenses/by/2.0/,https://www.flickr.com/photos/28135215@N00/2327899481
f_2327896615,thomasrdotorg,Timo Glock Rally Car Drive 013,CC BY 2.0,https://creativecommons.org/licenses/by/2.0/,https://www.flickr.com/photos/28135215@N00/2327896615
f_2328714656,thomasrdotorg,Timo Glock Rally Car Drive 014,CC BY 2.0,https://creativecommons.org/licenses/by/2.0/,https://www.flickr.com/photos/28135215@N00/2328714656
f_2327899339,thomasrdotorg,Timo Glock Rally Car Drive 033,CC BY 2.0,https://creativecommons.org/licenses/by/2.0/,https://www.flickr.com/photos/28135215@N00/2327899339
f_51380724288,denniselzinga,RAC - Car driving for beginners,CC BY 2.0,https://creativecommons.org/licenses/by/2.0/,https://www.flickr.com/photos/97202111@N03/51380724288
f_8338596138,NCDOTcommunications,Cars driving by as crews continue work,CC BY 2.0,https://creativecommons.org/licenses/by/2.0/,https://www.flickr.com/photos/39320593@N03/8338596138
f_3976252366,slash__,7 hour car driving from Puerto Ordaz to Santa Elena,CC BY 2.0,https://creativecommons.org/licenses/by/2.0/,https://www.flickr.com/photos/51035675101@N01/3976252366
f_16473150075,johnrobertshepherd,Car Driving For Beginners,CC BY 2.0,https://creativecommons.org/licenses/by/2.0/,https://www.flickr.com/photos/96092756@N00/16473150075
f_8458737788,VictorCamera,Car driving in the snow,CC BY-SA 2.0,https://creativecommons.org/licenses/by-sa/2.0/,https://www.flickr.com/photos/57612247@N06/8458737788
f_2327900445,thomasrdotorg,Timo Glock Rally Car Drive 041,CC BY 2.0,https://creativecommons.org/licenses/by/2.0/,https://www.flickr.com/photos/28135215@N00/2327900445
f_2328715046,thomasrdotorg,Timo Glock Rally Car Drive 017,CC BY 2.0,https://creativecommons.org/licenses/by/2.0/,https://www.flickr.com/photos/28135215@N00/2328715046
f_2328715392,thomasrdotorg,Timo Glock Rally Car Drive 019,CC BY 2.0,https://creativecommons.org/licenses/by/2.0/,https://www.flickr.com/photos/28135215@N00/2328715392
f_2327901603,thomasrdotorg,Timo Glock Rally Car Drive 049,CC BY 2.0,https://creativecommons.org/licenses/by/2.0/,https://www.flickr.com/photos/28135215@N00/2327901603
f_2328715804,thomasrdotorg,Timo Glock Rally Car Drive 022,CC BY 2.0,https://creativecommons.org/licenses/by/2.0/,https://www.flickr.com/photos/28135215@N00/2328715804
f_2394019856,curium,Bookshelf @ Sunset,CC BY-NC-SA 2.0,https://creativecommons.org/licenses/by-nc-sa/2.0/,https://www.flickr.com/photos/64766122@N00/2394019856
f_4147698694,Ken_Mayer,bookshelf,CC BY 2.0,https://creativecommons.org/licenses/by/2.0/,https://www.flickr.com/photos/14529688@N08/4147698694
f_5084673229,The Booklight,The Truth About Search Engine Optimization (Rebecca Lieb) - Blogging Bookshelf,CC BY 2.0,https://creativecommons.org/licenses/by/2.0/,https://www.flickr.com/photos/54878399@N04/5084673229
f_369596068,David Leo Veksler,Bookshelf 2006,CC BY 2.0,https://creativecommons.org/licenses/by/2.0/,https://www.flickr.com/photos/45856998@N00/369596068
f_3264734019,BarelyFitz,Bookshelf,CC BY 2.0,https://creativecommons.org/licenses/by/2.0/,https://www.flickr.com/photos/43935390809@N01/3264734019
f_4146942307,Ken_Mayer,bookshelf,CC BY 2.0,https://creativecommons.org/licenses/by/2.0/,https://www.flickr.com/photos/14529688@N08/4146942307
f_6829994078,twechy,Library Bookshelf,CC BY 2.0,https://creativecommons.org/licenses/by/2.0/,https://www.flickr.com/photos/77877011@N07/6829994078
f_5488745328,barbourians,Old books gathering dust on a bookshelf,CC BY-SA 2.0,https://creativecommons.org/licenses/by-sa/2.0/,https://www.flickr.com/photos/51607907@N03/5488745328
f_124228846,eclecticlibrarian,bookshelf,CC BY-NC-SA 2.0,https://creativecommons.org/licenses/by-nc-sa/2.0/,https://www.flickr.com/photos/51035792846@N01/124228846
f_124236108,eclecticlibrarian,bookshelf,CC BY-NC-SA 2.0,https://creativecommons.org/licenses/by-nc-sa/2.0/,https://www.flickr.com/photos/51035792846@N01/124236108
f_3468288081,Wonderlane,"Wood bookshelf with old wood radio, status, lamp, piggy bank, wood human model, photo, globe, painted frames for mirrors, Arcelio Barbero Gomez, home, Zona Centro, Guadalajara, Mexico",CC BY 2.0,https://creativecommons.org/licenses/by/2.0/,https://www.flickr.com/photos/71401718@N00/3468288081
f_8510905975,Chiot's Run,On My Bookshelf,CC BY-NC 2.0,https://creativecommons.org/licenses/by-nc/2.0/,https://www.flickr.com/photos/34912142@N03/8510905975
f_3256567295,chronographia,The Bookshelf,CC BY-NC-SA 2.0,https://creativecommons.org/licenses/by-nc-sa/2.0/,https://www.flickr.com/photos/9265827@N07/3256567295
f_5535287995,osde8info,ios ipad bookshelf app,CC BY-SA 2.0,https://creativecommons.org/licenses/by-sa/2.0/,https://www.flickr.com/photos/8764442@N07/5535287995
f_556126063,Alexandre Dulaunoy,Bookshelf at home,CC BY-SA 2.0,https://creativecommons.org/licenses/by-sa/2.0/,https://www.flickr.com/photos/31797858@N00/556126063
f_3440684157,Arenamontanus,My bookshelf,CC BY 2.0,https://creativecommons.org/licenses/by/2.0/,https://www.flickr.com/photos/87547772@N00/3440684157
f_523345188,Roo Reynolds,My bookshelf at work,CC BY-NC 2.0,https://creativecommons.org/licenses/by-nc/2.0/,https://www.flickr.com/photos/85429509@N00/523345188
f_6231525082,gwilmore,Bookshelf,CC BY-NC-SA 2.0,https://creativecommons.org/licenses/by-nc-sa/2.0/,https://www.flickr.com/photos/86013963@N00/6231525082
f_5343310006,OU Platform,Scott's bookshelf,CC BY-NC 2.0,https://creativecommons.org/licenses/by-nc/2.0/,https://www.flickr.com/photos/58190160@N08/5343310006
f_5600462339,peteoshea,Bookshelf,CC BY 2.0,https://creativecommons.org/licenses/by/2.0/,https://www.flickr.com/photos/59668110@N04/5600462339
f_2187645828,Picture Esk,"Motorcycle sand racing at Leasowe, 1966.",CC BY-NC 2.0,https://creativecommons.org/licenses/by-nc/2.0/,https://www.flickr.com/photos/22081583@N06/2187645828
f_625558689,Doug Waldron,Police Motorcycle,CC BY-SA 2.0,https://creativecommons.org/licenses/by-sa/2.0/,https://www.flickr.com/photos/96713863@N00/625558689
f_2284213251,thirstycactus,Police Motorcycle,CC BY-NC-SA 2.0,https://creativecommons.org/licenses/by-nc-sa/2.0/,https://www.flickr.com/photos/70025002@N00/2284213251
f_7538437526,Charles SEGUY photography,Smiths (from a BSA motorcycle),CC BY-NC-SA 2.0,https://creativecommons.org/licenses/by-nc-sa/2.0/,https://www.flickr.com/photos/68557373@N08/7538437526
f_4114926145,Seattle Municipal Archives,"Motorcycles and riders, circa 1980s",CC BY 2.0,https://creativecommons.org/licenses/by/2.0/,https://www.flickr.com/photos/24256351@N04/4114926145
f_3935122289,Al_HikesAZ,US Army WWII Harley-Davidson Motorcycle with sidecar and rifles - Harley-Davidson Museum,CC BY-NC 2.0,https://creativecommons.org/licenses/by-nc/2.0/,https://www.flickr.com/photos/7202153@N03/3935122289
f_4972380071,woody1778a,"MOTORCYCLE PLATES ---DISPLAY BOARD #2, FOREIGN PLATES",CC BY-SA 2.0,https://creativecommons.org/licenses/by-sa/2.0/,https://www.flickr.com/photos/9816248@N03/4972380071
f_2704851058,txinkman,My first motorcycle,CC BY-NC 2.0,https://creativecommons.org/licenses/by-nc/2.0/,https://www.flickr.com/photos/26012426@N08/2704851058
f_6095771927,ronsaunders47,THE METISSE MOTORCYCLE,CC BY-SA 2.0,https://creativecommons.org/licenses/by-sa/2.0/,https://www.flickr.com/photos/46781500@N00/6095771927
f_5059044104,Trey Ratcliff,Indian Family on Motorcycle,CC BY-NC-SA 2.0,https://creativecommons.org/licenses/by-nc-sa/2.0/,https://www.flickr.com/photos/95572727@N00/5059044104
f_3407891589,Kaptain Kobold,03/04/2009 - (Day 3.93) - The Awesome Bunny Rides An Invisible Motorcycle. This Is The Kind Of Bunny Your Mother Warned You About.,CC BY-NC-SA 2.0,https://creativecommons.org/licenses/by-nc-sa/2.0/,https://www.flickr.com/photos/95492938@N00/3407891589
f_10408538934,driver Photographer,Motorcycle trip in the sunshine,CC BY-SA 2.0,https://creativecommons.org/licenses/by-sa/2.0/,https://www.flickr.com/photos/72334647@N03/10408538934
f_13447791724,driver Photographer,Motorcycle trip to the sea,CC BY-SA 2.0,https://creativecommons.org/licenses/by-sa/2.0/,https://www.flickr.com/photos/72334647@N03/13447791724
f_10652137073,driver Photographer,Motorcycle guy on the sea,CC BY-SA 2.0,https://creativecommons.org/licenses/by-sa/2.0/,https://www.flickr.com/photos/72334647@N03/10652137073
f_3418196974,The Postal Museum,BSA Bantam motorcycle (1965) - Side view,CC BY-SA 2.0,https://creativecommons.org/licenses/by-sa/2.0/,https://www.flickr.com/photos/35141800@N08/3418196974
f_21519867324,mripp,Motorcycles and Teenagers,CC BY 2.0,https://creativecommons.org/licenses/by/2.0/,https://www.flickr.com/photos/56218409@N03/21519867324
f_12403417985,driver Photographer,Motorcycling in Italy.,CC BY-SA 2.0,https://creativecommons.org/licenses/by-sa/2.0/,https://www.flickr.com/photos/72334647@N03/12403417985
f_965268857,K@ja,motorcycle,CC BY-NC 2.0,https://creativecommons.org/licenses/by-nc/2.0/,https://www.flickr.com/photos/36567853@N00/965268857
f_3543064268,ronsaunders47,JAMES CAPTAIN. BRITISH MOTORCYCLE.,CC BY-SA 2.0,https://creativecommons.org/licenses/by-sa/2.0/,https://www.flickr.com/photos/46781500@N00/3543064268
f_3532672857,ronsaunders47,AJS 7R CLASSIC BRITISH RACING MOTORCYCLE.,CC BY-SA 2.0,https://creativecommons.org/licenses/by-sa/2.0/,https://www.flickr.com/photos/46781500@N00/3532672857
f_39386174964,Rod Waddington,Malagasy Street Food,CC BY-SA 2.0,https://creativecommons.org/licenses/by-sa/2.0/,https://www.flickr.com/photos/64607715@N05/39386174964
f_8111843288,StateofIsrael,Street Food Festival,CC BY-SA 2.0,https://creativecommons.org/licenses/by-sa/2.0/,https://www.flickr.com/photos/86083886@N02/8111843288
f_7268241020,fabulousfabs,Hanoi Street Food Cooking Class Results,CC BY-NC 2.0,https://creativecommons.org/licenses/by-nc/2.0/,https://www.flickr.com/photos/14315427@N00/7268241020
f_3381799009,MIT-Libraries,"Washington Street, Avery Street to West Street, Food Store",CC BY-NC 2.0,https://creativecommons.org/licenses/by-nc/2.0/,https://www.flickr.com/photos/8057117@N03/3381799009
f_8880393326,axlright,"Street food vendor, Bangkok, Thailand.",CC BY-NC 2.0,https://creativecommons.org/licenses/by-nc/2.0/,https://www.flickr.com/photos/55319586@N04/8880393326
f_8111841196,StateofIsrael,Street Food Festival,CC BY-SA 2.0,https://creativecommons.org/licenses/by-sa/2.0/,https://www.flickr.com/photos/86083886@N02/8111841196
f_8111833385,StateofIsrael,Street Food Festival,CC BY-SA 2.0,https://creativecommons.org/licenses/by-sa/2.0/,https://www.flickr.com/photos/86083886@N02/8111833385
f_8111824705,StateofIsrael,Street Food Festival,CC BY-SA 2.0,https://creativecommons.org/licenses/by-sa/2.0/,https://www.flickr.com/photos/86083886@N02/8111824705
f_8111822953,StateofIsrael,Street Food Festival,CC BY-SA 2.0,https://creativecommons.org/licenses/by-sa/2.0/,https://www.flickr.com/photos/86083886@N02/8111822953
f_20594668822,cyclingshepherd,Street food,CC BY-NC-SA 2.0,https://creativecommons.org/licenses/by-nc-sa/2.0/,https://www.flickr.com/photos/59692385@N00/20594668822
f_137428700,Mark Hodson Photos,"Travel: Street food, Pakistan",CC BY 2.0,https://creativecommons.org/licenses/by/2.0/,https://www.flickr.com/photos/20538653@N00/137428700
f_48012131172,Ministry of Foreign Affairs of the Republic of Pol,"Street food in Warsaw / Uliczne restauracje, Warszawa",CC BY-NC 2.0,https://creativecommons.org/licenses/by-nc/2.0/,https://www.flickr.com/photos/38246185@N08/48012131172
f_48012049758,Ministry of Foreign Affairs of the Republic of Pol,"Street food in Warsaw / Uliczne restauracje, Warszawa",CC BY-NC 2.0,https://creativecommons.org/licenses/by-nc/2.0/,https://www.flickr.com/photos/38246185@N08/48012049758
f_478715702,daimoneklund,Unusual street food,CC BY-NC 2.0,https://creativecommons.org/licenses/by-nc/2.0/,https://www.flickr.com/photos/27217020@N00/478715702
f_46329541241,infomatique,ASAHI ASIAN STREET FOOD [CHARLEMONT STREET DUBLIN - NEXT DOOR TO THE NEW CLAYTON HOTEL]-146286,CC BY-SA 2.0,https://creativecommons.org/licenses/by-sa/2.0/,https://www.flickr.com/photos/80824546@N00/46329541241
f_26401094453,Gunn Shots !,Street Food,CC BY 2.0,https://creativecommons.org/licenses/by/2.0/,https://www.flickr.com/photos/22592971@N04/26401094453
f_7090587149,David McKelvey,"Morning Glory Street Food Restaurant and Cooking School, Hoi An, Vietnam",CC BY 2.0,https://creativecommons.org/licenses/by/2.0/,https://www.flickr.com/photos/94735786@N00/7090587149
f_3927862691,OMINO71,Roma Street Food intervista Marco About,CC BY-NC 2.0,https://creativecommons.org/licenses/by-nc/2.0/,https://www.flickr.com/photos/14348099@N08/3927862691
f_8416234275,Jirka Matousek,"Street Food at Wangfujing Street (王府井), Beijing, China",CC BY 2.0,https://creativecommons.org/licenses/by/2.0/,https://www.flickr.com/photos/28415633@N00/8416234275
f_9033191145,Andrew Bartram (WarboysSnapper),"Street Food, Hanoi",CC BY-NC 2.0,https://creativecommons.org/licenses/by-nc/2.0/,https://www.flickr.com/photos/29964558@N03/9033191145
f_2296397364,Earthworm,Home Cooked Thai Food,CC BY-NC-SA 2.0,https://creativecommons.org/licenses/by-nc-sa/2.0/,https://www.flickr.com/photos/20734950@N00/2296397364
f_3774461485,Jeffrey_Allen,"Home Cooking Asian: Soba Noodles, Snap Peas, Onions",CC BY 2.0,https://creativecommons.org/licenses/by/2.0/,https://www.flickr.com/photos/41092497@N00/3774461485
f_6981930174,liewcf,Home cook tuna flakes pasta with tomato sauce (cheese on top),CC BY-SA 2.0,https://creativecommons.org/licenses/by-sa/2.0/,https://www.flickr.com/photos/34353636@N00/6981930174
f_6324777696,DocGeek,Home Cooking: Shrimp Bisque,CC BY-NC-SA 2.0,https://creativecommons.org/licenses/by-nc-sa/2.0/,https://www.flickr.com/photos/52193831@N07/6324777696
f_6358723365,DocGeek,Home Cooking: Gift Basket,CC BY-NC-SA 2.0,https://creativecommons.org/licenses/by-nc-sa/2.0/,https://www.flickr.com/photos/52193831@N07/6358723365
f_6448684595,DocGeek,Home Cooking: Spaghetti Bolognese,CC BY-NC-SA 2.0,https://creativecommons.org/licenses/by-nc-sa/2.0/,https://www.flickr.com/photos/52193831@N07/6448684595
f_33045383483,Oregon State University,home cooking,CC BY-SA 2.0,https://creativecommons.org/licenses/by-sa/2.0/,https://www.flickr.com/photos/33247428@N08/33045383483
f_7810374450,NinaIngenkamp,Our first home-cooked meal!,CC BY 2.0,https://creativecommons.org/licenses/by/2.0/,https://www.flickr.com/photos/41217014@N00/7810374450
f_23812976819,lazy fri13th,home cooking,CC BY-NC-SA 2.0,https://creativecommons.org/licenses/by-nc-sa/2.0/,https://www.flickr.com/photos/73479994@N00/23812976819
f_2867910936,erix!,Home Cooking 3,CC BY 2.0,https://creativecommons.org/licenses/by/2.0/,https://www.flickr.com/photos/68387408@N00/2867910936
f_159652881,thefuturistics,scandinavian home cooking could get on your nerves,CC BY 2.0,https://creativecommons.org/licenses/by/2.0/,https://www.flickr.com/photos/20383131@N00/159652881
f_15011242145,megnut,Home-cooked in Amaterdam. Ignore the oddly curdled cream on the potatoes. #nailedit,CC BY-NC 2.0,https://creativecommons.org/licenses/by-nc/2.0/,https://www.flickr.com/photos/30355834691@N01/15011242145
f_5079547643,ramblingrovers,Home cooking!,CC BY-NC-SA 2.0,https://creativecommons.org/licenses/by-nc-sa/2.0/,https://www.flickr.com/photos/8405665@N08/5079547643
f_2867910938,erix!,Home Cooking 2,CC BY 2.0,https://creativecommons.org/licenses/by/2.0/,https://www.flickr.com/photos/68387408@N00/2867910938
f_7069133029,David McKelvey,"Home cooked meal, Hanoi",CC BY 2.0,https://creativecommons.org/licenses/by/2.0/,https://www.flickr.com/photos/94735786@N00/7069133029
f_2130953992,sunday driver,home cooking for winter solstice - braised amidori abalone with goose web,CC BY-NC-SA 2.0,https://creativecommons.org/licenses/by-nc-sa/2.0/,https://www.flickr.com/photos/10705048@N00/2130953992
f_29400648563,wellnesswildflower,Home Cooked Meals,CC BY 2.0,https://creativecommons.org/licenses/by/2.0/,https://www.flickr.com/photos/145591593@N06/29400648563
f_4241435950,MaryMakesDinner,Chinese Home Cooking Class: Ingredients,CC BY-NC-SA 2.0,https://creativecommons.org/licenses/by-nc-sa/2.0/,https://www.flickr.com/photos/11557559@N04/4241435950
f_4240680113,MaryMakesDinner,Chinese Home Cooking Class: Sliced Pork with Vegetables & Fungus,CC BY-NC-SA 2.0,https://creativecommons.org/licenses/by-nc-sa/2.0/,https://www.flickr.com/photos/11557559@N04/4240680113
f_16116066462,Dirk Dallas,A beautiful winter beach day,CC BY-NC 2.0,https://creativecommons.org/licenses/by-nc/2.0/,https://www.flickr.com/photos/43433634@N05/16116066462
f_36992434035,AirHaake,Beach Day,CC BY 2.0,https://creativecommons.org/licenses/by/2.0/,https://www.flickr.com/photos/80519348@N02/36992434035
f_12492128695,emilykneeter,beach day selfie,CC BY 2.0,https://creativecommons.org/licenses/by/2.0/,https://www.flickr.com/photos/34773377@N02/12492128695
f_537389121,Mediatejack,"12th May, 2007, Beach Day with the Pollard",CC BY 2.0,https://creativecommons.org/licenses/by/2.0/,https://www.flickr.com/photos/24223872@N00/537389121
f_8135367578,madreaper,Clear beach day,CC BY-SA 2.0,https://creativecommons.org/licenses/by-sa/2.0/,https://www.flickr.com/photos/62062326@N00/8135367578
f_5095164464,Phillip Pessar,Beautiful Beach Day,CC BY 2.0,https://creativecommons.org/licenses/by/2.0/,https://www.flickr.com/photos/25955895@N03/5095164464
f_87795654,dsevilla,Winter Beach Day -- Día de invierno en la playa,CC BY-NC 2.0,https://creativecommons.org/licenses/by-nc/2.0/,https://www.flickr.com/photos/49014237@N00/87795654
f_5659835173,SurFeRGiRL30,Beach Day!!!,CC BY 2.0,https://creativecommons.org/licenses/by/2.0/,https://www.flickr.com/photos/33143245@N02/5659835173
f_36217395670,Roberrific,"Jolie Swimwear and Bathing Belle Swimwear on Snappy Towels at Bluffer's Point - Miss Teen Canada, Beach Day, 10 Aug 2017",CC BY-NC 2.0,https://creativecommons.org/licenses/by-nc/2.0/,https://www.flickr.com/photos/17683992@N06/36217395670
f_36857365735,Bernal Saborio G. (berkuspic),beach day,CC BY-SA 2.0,https://creativecommons.org/licenses/by-sa/2.0/,https://www.flickr.com/photos/44073224@N04/36857365735
f_16829295675,lakewentworth,Beach Day,CC BY-NC 2.0,https://creativecommons.org/licenses/by-nc/2.0/,https://www.flickr.com/photos/50619629@N00/16829295675
f_51871890267,Marcus Grbac,Tallow Beach Day,CC BY 2.0,https://creativecommons.org/licenses/by/2.0/,https://www.flickr.com/photos/7876549@N07/51871890267
f_46653431084,rlonpine,Beach day | Hipsta Series,CC BY-NC 2.0,https://creativecommons.org/licenses/by-nc/2.0/,https://www.flickr.com/photos/70539834@N00/46653431084
f_5576044624,Lel4nd,Beach Day,CC BY 2.0,https://creativecommons.org/licenses/by/2.0/,https://www.flickr.com/photos/22779530@N02/5576044624
f_50156110473,marfis75,Beach day.,CC BY 2.0,https://creativecommons.org/licenses/by/2.0/,https://www.flickr.com/photos/45409431@N00/50156110473
f_2127500655,puroticorico,Dominican Relaxation Beach Day,CC BY 2.0,https://creativecommons.org/licenses/by/2.0/,https://www.flickr.com/photos/10058483@N00/2127500655
f_30792743144,Dirk Dallas,Beach day in December 🙌 #fromwhereidrone,CC BY-NC 2.0,https://creativecommons.org/licenses/by-nc/2.0/,https://www.flickr.com/photos/43433634@N05/30792743144
f_5058559808,Phillip Pessar,Windy Beach Day,CC BY 2.0,https://creativecommons.org/licenses/by/2.0/,https://www.flickr.com/photos/25955895@N03/5058559808
f_52168689368,Eric.Parker,School Beach Day - DSC_1109_ep,CC BY-NC 2.0,https://creativecommons.org/licenses/by-nc/2.0/,https://www.flickr.com/photos/13484951@N00/52168689368
f_6845019585,daryl_mitchell,Beach Day 2,CC BY-SA 2.0,https://creativecommons.org/licenses/by-sa/2.0/,https://www.flickr.com/photos/49169223@N00/6845019585
f_2158571575,wfabry,Birthday Cake,CC BY 2.0,https://creativecommons.org/licenses/by/2.0/,https://www.flickr.com/photos/22388938@N06/2158571575
f_5997899383,DetroitMommy,Ponyo Birthday Cake,CC BY-NC 2.0,https://creativecommons.org/licenses/by-nc/2.0/,https://www.flickr.com/photos/64300040@N03/5997899383
f_5686683374,Jkadavoor (Jee),"Say ‘Happy Birthday’ to me, my dear friends!",CC BY-NC-SA 2.0,https://creativecommons.org/licenses/by-nc-sa/2.0/,https://www.flickr.com/photos/9643110@N08/5686683374
f_2552812882,Claire CJS,20070901 - Greg Z's birthday party - Nicole - new tattoo - the more you know - (by AE) - 1306312142_8cf5b6332e o,CC BY-NC-SA 2.0,https://creativecommons.org/licenses/by-nc-sa/2.0/,https://www.flickr.com/photos/31355686@N00/2552812882
f_2554820752,Claire CJS,"20070901 - Greg Z's birthday party - IMG_3443 - Carolyn, Casey, Nicole - blonde, brunette, redhead",CC BY-NC-SA 2.0,https://creativecommons.org/licenses/by-nc-sa/2.0/,https://www.flickr.com/photos/31355686@N00/2554820752
f_4103068880,gamene,birthday boy bento,CC BY 2.0,https://creativecommons.org/licenses/by/2.0/,https://www.flickr.com/photos/12670507@N02/4103068880
f_9447071887,jurvetson,Happy Birthday Neil Armstrong,CC BY 2.0,https://creativecommons.org/licenses/by/2.0/,https://www.flickr.com/photos/44124348109@N01/9447071887
f_3842509936,Sam Ilić,Its My Birthday! Party Wooo! ( also TGIF ),CC BY-NC 2.0,https://creativecommons.org/licenses/by-nc/2.0/,https://www.flickr.com/photos/40195741@N00/3842509936
f_49424452993,DaPuglet,Happy Birthday Sweet Sixteen!,CC BY-SA 2.0,https://creativecommons.org/licenses/by-sa/2.0/,https://www.flickr.com/photos/43810158@N07/49424452993
f_17420418506,eevblog,Bananas In Pajamas Birthday Cake,CC BY 2.0,https://creativecommons.org/licenses/by/2.0/,https://www.flickr.com/photos/58072483@N02/17420418506
f_3461670206,rabble,Camilo's 2nd Birthday party,CC BY-SA 2.0,https://creativecommons.org/licenses/by-sa/2.0/,https://www.flickr.com/photos/24709029@N00/3461670206
f_3460856067,rabble,Camilo's 2nd Birthday party,CC BY-SA 2.0,https://creativecommons.org/licenses/by-sa/2.0/,https://www.flickr.com/photos/24709029@N00/3460856067
f_3044659300,Ashelia,Left 4 Dead Birthday Cake,CC BY-NC 2.0,https://creativecommons.org/licenses/by-nc/2.0/,https://www.flickr.com/photos/7684800@N06/3044659300
f_3152484249,dixieroadrash,Birthday Cake!,CC BY-NC-SA 2.0,https://creativecommons.org/licenses/by-nc-sa/2.0/,https://www.flickr.com/photos/26707655@N03/3152484249
f_2655639205,jessica.diamond,Birthday Cake - Icing,CC BY-SA 2.0,https://creativecommons.org/licenses/by-sa/2.0/,https://www.flickr.com/photos/22272408@N07/2655639205
f_3461672344,rabble,Camilo's 2nd Birthday party,CC BY-SA 2.0,https://creativecommons.org/licenses/by-sa/2.0/,https://www.flickr.com/photos/24709029@N00/3461672344
f_5503613726,nairnmcwilliams,Birthday Cake,CC BY-NC-SA 2.0,https://creativecommons.org/licenses/by-nc-sa/2.0/,https://www.flickr.com/photos/7493156@N03/5503613726
f_51813575725,minka6,Birthday selfies,CC BY 2.0,https://creativecommons.org/licenses/by/2.0/,https://www.flickr.com/photos/61178002@N00/51813575725
f_47925027771,DaPuglet,Happy Birthday Boo Lefou!,CC BY-SA 2.0,https://creativecommons.org/licenses/by-sa/2.0/,https://www.flickr.com/photos/43810158@N07/47925027771
f_564819621,Hamed Saber,Happy Our Birthday :),CC BY 2.0,https://creativecommons.org/licenses/by/2.0/,https://www.flickr.com/photos/44124425616@N01/564819621
f_52411310215,Onasill - Bill Badzo - 149 Million Views - Thank Y,Iceland ~ Seljalandsfoss ~ Waterfalls ~ Side trip after our hiking trip,CC BY-NC-SA 2.0,https://creativecommons.org/licenses/by-nc-sa/2.0/,https://www.flickr.com/photos/7156765@N05/52411310215
f_2126356672,mlhradio,"Beginning of the hike, looking up Rock Creek with the Little Lakes Valley and Sierra Mountains in the background (mono04xy)",CC BY-NC 2.0,https://creativecommons.org/licenses/by-nc/2.0/,https://www.flickr.com/photos/16268809@N04/2126356672
f_2125593745,mlhradio,Hiking into the High Sierras along the Mono Pass Trail - mono20,CC BY-NC 2.0,https://creativecommons.org/licenses/by-nc/2.0/,https://www.flickr.com/photos/16268809@N04/2125593745
f_2125592909,mlhradio,"Hiking near the treeline along the Sierra Crest, above the Little Lakes Valley (mono19x)",CC BY-NC 2.0,https://creativecommons.org/licenses/by-nc/2.0/,https://www.flickr.com/photos/16268809@N04/2125592909
f_2455534975,obscure allusion,Desert hiking,CC BY-SA 2.0,https://creativecommons.org/licenses/by-sa/2.0/,https://www.flickr.com/photos/26158205@N04/2455534975
f_4466093934,GuideGunnar - Arctic Norway,"Hiking, Tromso",CC BY-SA 2.0,https://creativecommons.org/licenses/by-sa/2.0/,https://www.flickr.com/photos/48746111@N04/4466093934
f_780113865,OneEighteen,Towpath Hiking,CC BY-NC 2.0,https://creativecommons.org/licenses/by-nc/2.0/,https://www.flickr.com/photos/72511036@N00/780113865
f_12094787046,Grand Canyon NPS,Grand Canyon National Park: Ranger Guided Hike To Cedar Ridge - 0239,CC BY 2.0,https://creativecommons.org/licenses/by/2.0/,https://www.flickr.com/photos/50693818@N08/12094787046
f_49837509978,Stanley Zimny (Thank You for 53 Million views),Hiking at Kauai,CC BY-NC 2.0,https://creativecommons.org/licenses/by-nc/2.0/,https://www.flickr.com/photos/82256086@N00/49837509978
f_49672049928,Stanley Zimny (Thank You for 53 Million views),Scary Hike in Kauai,CC BY-NC 2.0,https://creativecommons.org/licenses/by-nc/2.0/,https://www.flickr.com/photos/82256086@N00/49672049928
f_8735555383,ray_explores,View from Top of Upper Yosemite Falls #yosemite #hiking,CC BY 2.0,https://creativecommons.org/licenses/by/2.0/,https://www.flickr.com/photos/66801522@N00/8735555383
f_2263270531,gregor_y,"James Peak Hike - Roosevelt National Forest, Colorado",CC BY-SA 2.0,https://creativecommons.org/licenses/by-sa/2.0/,https://www.flickr.com/photos/96552722@N00/2263270531
f_21108879633,kevin dooley,Hike,CC BY 2.0,https://creativecommons.org/licenses/by/2.0/,https://www.flickr.com/photos/12836528@N00/21108879633
f_7010804417,Rod Waddington,Tigray Hiking Lodge,CC BY-SA 2.0,https://creativecommons.org/licenses/by-sa/2.0/,https://www.flickr.com/photos/64607715@N05/7010804417
f_15675010381,moonjazz,Acadia National Park Hike,CC BY-NC 2.0,https://creativecommons.org/licenses/by-nc/2.0/,https://www.flickr.com/photos/8398907@N02/15675010381
f_7304332760,jurvetson,Hiking Meteor Crater with Rusty Schweickart of Apollo 9,CC BY 2.0,https://creativecommons.org/licenses/by/2.0/,https://www.flickr.com/photos/44124348109@N01/7304332760
f_42260832401,blavandmaster,Sunday hiking,CC BY-NC-SA 2.0,https://creativecommons.org/licenses/by-nc-sa/2.0/,https://www.flickr.com/photos/38134034@N04/42260832401
f_4175426593,TRAILSOURCE.COM,"Hiking The Milford Track, Milford, New Zealand",CC BY 2.0,https://creativecommons.org/licenses/by/2.0/,https://www.flickr.com/photos/69742158@N00/4175426593
f_40482173041,blavandmaster,Winter Hiking,CC BY-NC-SA 2.0,https://creativecommons.org/licenses/by-nc-sa/2.0/,https://www.flickr.com/photos/38134034@N04/40482173041
f_52416823477,heatheronhertravels,Hiking in Garonjay National park La Gomera,CC BY-NC 2.0,https://creativecommons.org/licenses/by-nc/2.0/,https://www.flickr.com/photos/22446827@N02/52416823477
f_543669395,LonelyBob,City Street Landscape,CC BY-NC-SA 2.0,https://creativecommons.org/licenses/by-nc-sa/2.0/,https://www.flickr.com/photos/66517351@N00/543669395
f_39939427864,Leo P. Hidalgo (@yompyz),London City streets,CC BY-NC-SA 2.0,https://creativecommons.org/licenses/by-nc-sa/2.0/,https://www.flickr.com/photos/69474058@N03/39939427864
f_19378231344,Steven Pisano,New York City Street Scenes - Woman with Face Visor in Chinatown,CC BY 2.0,https://creativecommons.org/licenses/by/2.0/,https://www.flickr.com/photos/45776673@N04/19378231344
f_4882926600,Boston Public Library,Busy city street,CC BY 2.0,https://creativecommons.org/licenses/by/2.0/,https://www.flickr.com/photos/24029425@N06/4882926600
f_4591102816,mrbill78636,CITY STREET ...,CC BY 2.0,https://creativecommons.org/licenses/by/2.0/,https://www.flickr.com/photos/88611824@N00/4591102816
f_6193664979,elias_daniel,Fruit selection from shop on Amsterdam city street,CC BY 2.0,https://creativecommons.org/licenses/by/2.0/,https://www.flickr.com/photos/58853173@N00/6193664979
f_51835980180,J. Tewell,"Los Baños, Philippines, city street 'Coconut Grove' near campus University of the Philippines, Laguna province, 1932-1933",CC BY-NC 2.0,https://creativecommons.org/licenses/by-nc/2.0/,https://www.flickr.com/photos/9406236@N02/51835980180
f_4475085954,Doug Kline,Raleigh Studios city street backlot,CC BY-NC 2.0,https://creativecommons.org/licenses/by-nc/2.0/,https://www.flickr.com/photos/26728047@N05/4475085954
f_19990356821,Steven Pisano,New York City Street Scenes - Man in Straw Hat and Seersucker Jacket on Subway,CC BY 2.0,https://creativecommons.org/licenses/by/2.0/,https://www.flickr.com/photos/45776673@N04/19990356821
f_26509002155,danielfoster437,City Streets,CC BY-NC-SA 2.0,https://creativecommons.org/licenses/by-nc-sa/2.0/,https://www.flickr.com/photos/17423713@N03/26509002155
f_41541549692,Ted's photos - For Me & You,2018 - Mexico City - Street Sales,CC BY-NC-SA 2.0,https://creativecommons.org/licenses/by-nc-sa/2.0/,https://www.flickr.com/photos/90955804@N04/41541549692
f_6920048974,Robbie Biller,City streets at night,CC BY 2.0,https://creativecommons.org/licenses/by/2.0/,https://www.flickr.com/photos/51178005@N03/6920048974
f_8483961181,Hammerhead27,City street,CC BY-NC-SA 2.0,https://creativecommons.org/licenses/by-nc-sa/2.0/,https://www.flickr.com/photos/48926370@N04/8483961181
f_2769122534,Claudio.Ar,"Antwerp, Belgium 114 - City Street - 'Comic style' tribute",CC BY-NC-SA 2.0,https://creativecommons.org/licenses/by-nc-sa/2.0/,https://www.flickr.com/photos/8991878@N08/2769122534
f_8494426798,BrickinNick,City Street (10),CC BY-NC 2.0,https://creativecommons.org/licenses/by-nc/2.0/,https://www.flickr.com/photos/21134226@N06/8494426798
f_8493318935,BrickinNick,City Street (16),CC BY-NC 2.0,https://creativecommons.org/licenses/by-nc/2.0/,https://www.flickr.com/photos/21134226@N06/8493318935
f_8493321603,BrickinNick,City Street (15),CC BY-NC 2.0,https://creativecommons.org/licenses/by-nc/2.0/,https://www.flickr.com/photos/21134226@N06/8493321603
f_5284968660,dlofink,City Street after Rain,CC BY 2.0,https://creativecommons.org/licenses/by/2.0/,https://www.flickr.com/photos/7259030@N07/5284968660
f_9596641489,simpleinsomnia,Double Exposure: City street and trees,CC BY 2.0,https://creativecommons.org/licenses/by/2.0/,https://www.flickr.com/photos/95329455@N02/9596641489
f_33576750176,NathalieSt,Early in the City Street,CC BY 2.0,https://creativecommons.org/licenses/by/2.0/,https://www.flickr.com/photos/79148003@N00/33576750176
f_7460450568,Department of Environmental Protection Recycling a,"Tubs and lids, #1 PET plastic, accepted effective June 2012",CC BY 2.0,https://creativecommons.org/licenses/by/2.0/,https://www.flickr.com/photos/24222570@N05/7460450568
f_8408785873,ccPixs.com,Retail Pet Smart,CC BY 2.0,https://creativecommons.org/licenses/by/2.0/,https://www.flickr.com/photos/86530412@N02/8408785873
f_3870856650,Anirudh Koul,Pet Shop Boys Concert - Cubeheads dancing,CC BY-NC 2.0,https://creativecommons.org/licenses/by-nc/2.0/,https://www.flickr.com/photos/84856173@N00/3870856650
f_7637125258,Pursuit.Photography,Mourning the passing of pets,CC BY 2.0,https://creativecommons.org/licenses/by/2.0/,https://www.flickr.com/photos/80589379@N04/7637125258
f_4275273287,eddie.welker,Instrument Petting Zoo,CC BY 2.0,https://creativecommons.org/licenses/by/2.0/,https://www.flickr.com/photos/72923429@N00/4275273287
f_3563989697,Ed Yourdon,We really do ignore our pets when we use our cellphone,CC BY-NC-SA 2.0,https://creativecommons.org/licenses/by-nc-sa/2.0/,https://www.flickr.com/photos/72098626@N00/3563989697
f_3145006341,FUXICOS DA GLÁUCIA,Anéis garrafa PET,CC BY-NC-SA 2.0,https://creativecommons.org/licenses/by-nc-sa/2.0/,https://www.flickr.com/photos/29228963@N03/3145006341
f_7309926658,thecmn,Polly the Pet Parrot,CC BY-NC 2.0,https://creativecommons.org/licenses/by-nc/2.0/,https://www.flickr.com/photos/97947597@N00/7309926658
f_8242002430,Boston Public Library,"Baby llamas. Low fences permit the children to feed and pet the animals at the Children's Zoo, Belle Isle -- Detroit, Michigan.",CC BY 2.0,https://creativecommons.org/licenses/by/2.0/,https://www.flickr.com/photos/24029425@N06/8242002430
f_5237333618,AlexanderY,"A Beauty, not a beast (pet pig)",CC BY-SA 2.0,https://creativecommons.org/licenses/by-sa/2.0/,https://www.flickr.com/photos/52621783@N04/5237333618
f_7657757366,barkpetcare,Bark Pet Care Dog Walker Victoria BC Dog Walking Cat Sitting,CC BY 2.0,https://creativecommons.org/licenses/by/2.0/,https://www.flickr.com/photos/83701551@N08/7657757366
f_11321038296,peterned,eat play pet sleep,CC BY-NC-SA 2.0,https://creativecommons.org/licenses/by-nc-sa/2.0/,https://www.flickr.com/photos/76007934@N00/11321038296
f_4884013399,honor the gift,If I had a pet I would name it Dreams. I would take very good care of it.,CC BY-NC 2.0,https://creativecommons.org/licenses/by-nc/2.0/,https://www.flickr.com/photos/10954014@N00/4884013399
f_12474422135,Pets4Dawn,Cognac at Pet Photography Workshop #2,CC BY 2.0,https://creativecommons.org/licenses/by/2.0/,https://www.flickr.com/photos/38621030@N07/12474422135
f_5490413146,Thirteen Of Clubs,Siemens Biograph TruePoint PET-CT,CC BY-SA 2.0,https://creativecommons.org/licenses/by-sa/2.0/,https://www.flickr.com/photos/74163253@N00/5490413146
f_14756868969,MarkScottAustinTX,Austin Pet Expo 2014,CC BY-SA 2.0,https://creativecommons.org/licenses/by-sa/2.0/,https://www.flickr.com/photos/57185608@N00/14756868969
f_20326923164,Antimidia,'A little discipline; for my pet genius; my head is like a lettuce; go on and dig your thumbs in; I cannot stop giving; I'm thirty-something!',CC BY-NC-SA 2.0,https://creativecommons.org/licenses/by-nc-sa/2.0/,https://www.flickr.com/photos/44008918@N04/20326923164
f_4151058553,Major Nelson,pets 4,CC BY 2.0,https://creativecommons.org/licenses/by/2.0/,https://www.flickr.com/photos/49503033361@N01/4151058553
f_13886428699,gruntzooki,"LOST PET PIGEON sign, Dufferin Street, Parkdale, Toronto, Ontario, Canada",CC BY-SA 2.0,https://creativecommons.org/licenses/by-sa/2.0/,https://www.flickr.com/photos/37996580417@N01/13886428699
f_16106078968,BellaGaia,selfies in cars.... one of my pet peeves,CC BY-NC-SA 2.0,https://creativecommons.org/licenses/by-nc-sa/2.0/,https://www.flickr.com/photos/35116063@N00/16106078968
f_5310138080,jimg944,"DSC27347, Sculpterra Winery and Sculpture Garden, Paso Robles, California, USA",CC BY 2.0,https://creativecommons.org/licenses/by/2.0/,https://www.flickr.com/photos/21203533@N00/5310138080
f_10518060693,Onasill ~ Bill,Sonnenberg Gardens & Mansion Historic Park ~ Canandaigua NY,CC BY-NC-SA 2.0,https://creativecommons.org/licenses/by-nc-sa/2.0/,https://www.flickr.com/photos/7156765@N05/10518060693
f_3462919393,hortulus,morning in the garden . . .,CC BY 2.0,https://creativecommons.org/licenses/by/2.0/,https://www.flickr.com/photos/15845498@N00/3462919393
f_3201323926,antonychammond,Leading you Down the Garden Path at Hidcote Manor Garden!,CC BY-NC-SA 2.0,https://creativecommons.org/licenses/by-nc-sa/2.0/,https://www.flickr.com/photos/8525214@N06/3201323926
f_30048666157,Gareth1953 All Right Now,Redhill Garden - Aug 2018 - Bill & Ben (The Flower Pot Men),CC BY 2.0,https://creativecommons.org/licenses/by/2.0/,https://www.flickr.com/photos/40837632@N05/30048666157
f_3822868229,UGArdener,Summer Garden Scene at Hardwick Hall in Derbyshire,CC BY-NC 2.0,https://creativecommons.org/licenses/by-nc/2.0/,https://www.flickr.com/photos/22834654@N04/3822868229
f_2443767203,brewbooks,Palm Jungle - Hawaii Tropical Botanical Garden,CC BY-SA 2.0,https://creativecommons.org/licenses/by-sa/2.0/,https://www.flickr.com/photos/93452909@N00/2443767203
f_5162316422,seier+seier,"the smithsons, garden building, st. hilda's college, oxford 1967-1970",CC BY 2.0,https://creativecommons.org/licenses/by/2.0/,https://www.flickr.com/photos/94852245@N00/5162316422
f_9556155847,Dave Catchpole,Hidcote Manor Garden (NT),CC BY 2.0,https://creativecommons.org/licenses/by/2.0/,https://www.flickr.com/photos/52957117@N04/9556155847
f_3466078916,Luminis Kanto,Garden Dissolution,CC BY-NC-SA 2.0,https://creativecommons.org/licenses/by-nc-sa/2.0/,https://www.flickr.com/photos/12609729@N07/3466078916
f_51318885457,Onasill - Bill Badzo - 149 Million Views - Thank Y,Fergus Ontario ~ Canada ~ Temphen Gardens ~ Heritage,CC BY-SA 2.0,https://creativecommons.org/licenses/by-sa/2.0/,https://www.flickr.com/photos/7156765@N05/51318885457
f_4601491840,williamcho,Singapore Botanic Gardens,CC BY-SA 2.0,https://creativecommons.org/licenses/by-sa/2.0/,https://www.flickr.com/photos/84493444@N00/4601491840
f_51341860089,Onasill - Bill Badzo - 149 Million Views - Thank Y,Sonnenberg Gardens & Mansion Historic Park ~ Canandaigua NY,CC BY-NC-SA 2.0,https://creativecommons.org/licenses/by-nc-sa/2.0/,https://www.flickr.com/photos/7156765@N05/51341860089
f_13105016133,UweBKK (α 77 on ),"Gardens by the Bay with Supertree Grove, Flower Dome and Cloud Forest seen from the roof of the Marina Bay Sands Hotel, Singapore",CC BY-NC-SA 2.0,https://creativecommons.org/licenses/by-nc-sa/2.0/,https://www.flickr.com/photos/8136604@N05/13105016133
f_3506495489,Leimenide,"Through Top Walk, Leonardslee Gardens",CC BY 2.0,https://creativecommons.org/licenses/by/2.0/,https://www.flickr.com/photos/24350382@N07/3506495489
f_3662558333,Seattle Municipal Archives,"Kids at Kubota Garden, 2003",CC BY 2.0,https://creativecommons.org/licenses/by/2.0/,https://www.flickr.com/photos/24256351@N04/3662558333
f_6106940726,Robert Bejil Productions,Antoinettes Yoga Garden,CC BY 2.0,https://creativecommons.org/licenses/by/2.0/,https://www.flickr.com/photos/28618109@N05/6106940726
f_6106400407,Robert Bejil Productions,Antoinettes Yoga Garden,CC BY 2.0,https://creativecommons.org/licenses/by/2.0/,https://www.flickr.com/photos/28618109@N05/6106400407
f_6106958350,Robert Bejil Productions,Antoinettes Yoga Garden,CC BY 2.0,https://creativecommons.org/licenses/by/2.0/,https://www.flickr.com/photos/28618109@N05/6106958350
f_4248020336,ginnerobot,in the kitchen,CC BY-SA 2.0,https://creativecommons.org/licenses/by-sa/2.0/,https://www.flickr.com/photos/78011127@N00/4248020336
f_35552192262,NuCastiel,In the kitchen,CC BY 2.0,https://creativecommons.org/licenses/by/2.0/,https://www.flickr.com/photos/156097806@N07/35552192262
f_10991958303,VinothChandar,Hot Kitchen!,CC BY 2.0,https://creativecommons.org/licenses/by/2.0/,https://www.flickr.com/photos/44345361@N06/10991958303
f_51341298682,Onasill - Bill Badzo - 149 Million Views - Thank Y,Victoria Park - Kitchener - Ontario- Canada,CC BY-NC-SA 2.0,https://creativecommons.org/licenses/by-nc-sa/2.0/,https://www.flickr.com/photos/7156765@N05/51341298682
f_13904012123,amy_buthod,kitchen,CC BY-NC-SA 2.0,https://creativecommons.org/licenses/by-nc-sa/2.0/,https://www.flickr.com/photos/37738908@N00/13904012123
f_5902822389,mitchell3417,Kitchen,CC BY 2.0,https://creativecommons.org/licenses/by/2.0/,https://www.flickr.com/photos/10157840@N03/5902822389
f_4822480470,camknows,The Kitchen,CC BY-NC-SA 2.0,https://creativecommons.org/licenses/by-nc-sa/2.0/,https://www.flickr.com/photos/13101664@N03/4822480470
f_212936846,wirawan0,Amish house: kitchen,CC BY-SA 2.0,https://creativecommons.org/licenses/by-sa/2.0/,https://www.flickr.com/photos/13347269@N00/212936846
f_16494097345,Seattle Municipal Archives,"Kitchen at Fort Lawton, 1937",CC BY 2.0,https://creativecommons.org/licenses/by/2.0/,https://www.flickr.com/photos/24256351@N04/16494097345
f_3172180022,Lars Plougmann,Busy people in the kitchen at the Saltgrass steakhouse,CC BY-SA 2.0,https://creativecommons.org/licenses/by-sa/2.0/,https://www.flickr.com/photos/75062596@N00/3172180022
f_1405308685,Merelymel13,Kitchen Organization,CC BY-SA 2.0,https://creativecommons.org/licenses/by-sa/2.0/,https://www.flickr.com/photos/62967061@N00/1405308685
f_5622104990,Mirage floors,Red Oak Graphite [kitchen],CC BY 2.0,https://creativecommons.org/licenses/by/2.0/,https://www.flickr.com/photos/74783045@N00/5622104990
f_4371901808,therichardlife,Foster Kitchen Design-Mechanical Plan,CC BY-SA 2.0,https://creativecommons.org/licenses/by-sa/2.0/,https://www.flickr.com/photos/22967797@N06/4371901808
f_41041694371,SeeMidTN.com (aka Brent),"Southern Kitchen Restaurant - New Market, VA",CC BY-NC 2.0,https://creativecommons.org/licenses/by-nc/2.0/,https://www.flickr.com/photos/94502827@N00/41041694371
f_17527225642,PeterThoeny,In the kitchen - one person's trash is another person's treasure,CC BY-NC-SA 2.0,https://creativecommons.org/licenses/by-nc-sa/2.0/,https://www.flickr.com/photos/98786299@N00/17527225642
f_13712347603,www.audio-luci-store.it,Nice female manager posing with the staff in a modern kitchen catering,CC BY 2.0,https://creativecommons.org/licenses/by/2.0/,https://www.flickr.com/photos/65304769@N05/13712347603
f_3964216010,litlnemo,Kitchen progress: the new 'island' is in!,CC BY-NC-SA 2.0,https://creativecommons.org/licenses/by-nc-sa/2.0/,https://www.flickr.com/photos/31794493@N00/3964216010
f_15681675888,BettaLivingUK,Kitchen in elegant Washington Cream,CC BY-NC 2.0,https://creativecommons.org/licenses/by-nc/2.0/,https://www.flickr.com/photos/128763078@N04/15681675888
f_4560791880,Bods,Operation Kitchen-Make-Nicer - Before,CC BY-SA 2.0,https://creativecommons.org/licenses/by-sa/2.0/,https://www.flickr.com/photos/54741099@N00/4560791880
f_6698185807,aottl2k62006,Kitchen windows,CC BY 2.0,https://creativecommons.org/licenses/by/2.0/,https://www.flickr.com/photos/9742203@N06/6698185807
f_8692482109,slworking2,Geek at work. #work #geek #officelife #nerd #programmer #workflow #office #desk #cubicle #workflow #cubical,CC BY-NC-SA 2.0,https://creativecommons.org/licenses/by-nc-sa/2.0/,https://www.flickr.com/photos/18548283@N00/8692482109
f_8702734614,slworking2,Geek at work. #work #geek #officelife #nerd #programmer #workflow #office #desk #cubicle #workflow #cubical,CC BY-NC-SA 2.0,https://creativecommons.org/licenses/by-nc-sa/2.0/,https://www.flickr.com/photos/18548283@N00/8702734614
f_8619804757,slworking2,Domo face. Geek at work. #work #geek #office #nerd #programmer #workflow #office #desk #cubicle #desktoys #officelife,CC BY-NC-SA 2.0,https://creativecommons.org/licenses/by-nc-sa/2.0/,https://www.flickr.com/photos/18548283@N00/8619804757
f_8635513396,slworking2,Office Nerf war. Geek at work. #nerf #work #geek #office #nerd #programmer #workflow #office #desk #cubicle #desktoys #officelife,CC BY-NC-SA 2.0,https://creativecommons.org/licenses/by-nc-sa/2.0/,https://www.flickr.com/photos/18548283@N00/8635513396
f_8677317582,slworking2,Working late. It's release night - deploying a new version of our software - and working late. Geek at work. #work #geek #officelife #nerd #programmer #workflow #office #desk #cubicle #workflow,CC BY-NC-SA 2.0,https://creativecommons.org/licenses/by-nc-sa/2.0/,https://www.flickr.com/photos/18548283@N00/8677317582
f_8615156318,slworking2,Jamba Juice break in my cubicle.#work #geek #office #nerd #programmer #workflow #office #desk #cubicle #desktoys #officelife,CC BY-NC-SA 2.0,https://creativecommons.org/licenses/by-nc-sa/2.0/,https://www.flickr.com/photos/18548283@N00/8615156318
f_21857372126,simpleinsomnia,A man's bedroom office desk,CC BY 2.0,https://creativecommons.org/licenses/by/2.0/,https://www.flickr.com/photos/95329455@N02/21857372126
f_4546678777,TheLivingRoominKenmore,FLOWN: Retro office desk of unusual size by DesignCraft,CC BY 2.0,https://creativecommons.org/licenses/by/2.0/,https://www.flickr.com/photos/36910487@N07/4546678777
f_8148596365,slworking2,Code monkey coding. #geek #programmer #cubicle #work #workflow #office #desk,CC BY-NC-SA 2.0,https://creativecommons.org/licenses/by-nc-sa/2.0/,https://www.flickr.com/photos/18548283@N00/8148596365
f_8717388995,slworking2,Taco Tuesday. #tacotuesday Geek at work. #work #geek #officelife #nerd #programmer #workflow #office #desk #cubicle #workflow #cubical,CC BY-NC-SA 2.0,https://creativecommons.org/licenses/by-nc-sa/2.0/,https://www.flickr.com/photos/18548283@N00/8717388995
f_8817651426,slworking2,"Mmmm... donut. My lunch. Need to hurry up and test something, but now I need to wait for the system to be brought back online. Geek at work. #work #geek #officelife #nerd #programmer #workflow #office #desk #cubicle #workflow #cubical",CC BY-NC-SA 2.0,https://creativecommons.org/licenses/by-nc-sa/2.0/,https://www.flickr.com/photos/18548283@N00/8817651426
f_8869415736,slworking2,Monday office grind. Geek at work. #work #geek #officelife #nerd #programmer #workflow #office #desk #cubicle #workflow #cubical,CC BY-NC-SA 2.0,https://creativecommons.org/licenses/by-nc-sa/2.0/,https://www.flickr.com/photos/18548283@N00/8869415736
f_9027379326,slworking2,Saying goodbye to my cubicle in a couple days. San Diego office is closing and I'll be permanently working from home beginning Friday. Geek at work. #office #desk #cubicle,CC BY-NC-SA 2.0,https://creativecommons.org/licenses/by-nc-sa/2.0/,https://www.flickr.com/photos/18548283@N00/9027379326
f_8973689781,slworking2,Sick geek. Have a cold or the flu. Working late. #work #geek #officelife #nerd #programmer #workflow #office #desk #cubicle #workflow #cubical,CC BY-NC-SA 2.0,https://creativecommons.org/licenses/by-nc-sa/2.0/,https://www.flickr.com/photos/18548283@N00/8973689781
f_8895473677,slworking2,Very late lunch. Domo likes Taco Thursday. Geek at work. #work #geek #officelife #nerd #programmer #workflow #office #desk #cubicle #workflow #cubical,CC BY-NC-SA 2.0,https://creativecommons.org/licenses/by-nc-sa/2.0/,https://www.flickr.com/photos/18548283@N00/8895473677
f_8698543207,slworking2,Wearing shades of grey on a grey day in San Diego. Geek at work. #work #geek #officelife #nerd #programmer #workflow #office #desk #cubicle #workflow #cubical,CC BY-NC-SA 2.0,https://creativecommons.org/licenses/by-nc-sa/2.0/,https://www.flickr.com/photos/18548283@N00/8698543207
f_8634800701,slworking2,If Food.IsTaco = True And DayOfWeek = 'Tuesday' Then TacoTuesday() Taco.Eat() End If Geek at work #work #geek #office #nerd #programmer #workflow #office #desk #cubicle #desktoys #officelife,CC BY-NC-SA 2.0,https://creativecommons.org/licenses/by-nc-sa/2.0/,https://www.flickr.com/photos/18548283@N00/8634800701
f_8654907573,slworking2,Shooting a time lapse in my cubicle. I need to hook this webcam up to an Emotimo. Geek at work. #work #geek #office #nerd #programmer #workflow #office #desk #cubicle #workflow,CC BY-NC-SA 2.0,https://creativecommons.org/licenses/by-nc-sa/2.0/,https://www.flickr.com/photos/18548283@N00/8654907573
f_8664403696,slworking2,Domo face. Geek at work. #casualfriday #work #geek #officelife #nerd #programmer #workflow #office #desk #cubicle #workflow,CC BY-NC-SA 2.0,https://creativecommons.org/licenses/by-nc-sa/2.0/,https://www.flickr.com/photos/18548283@N00/8664403696
f_8660222487,slworking2,'Have you tried turning it off and on again?' Geek at work. #moss #itcrowd #work #geek #officelife #nerd #programmer #workflow #office #desk #cubicle #workflow,CC BY-NC-SA 2.0,https://creativecommons.org/licenses/by-nc-sa/2.0/,https://www.flickr.com/photos/18548283@N00/8660222487
f_3550565021,seier+seier,"jean nouvel, danish radio concert hall, 2002-2009",CC BY 2.0,https://creativecommons.org/licenses/by/2.0/,https://www.flickr.com/photos/94852245@N00/3550565021
f_4830359759,youngrobv,Norah Jones - The Fall Concert _D7C24229,CC BY-NC 2.0,https://creativecommons.org/licenses/by-nc/2.0/,https://www.flickr.com/photos/7388060@N08/4830359759
f_10838503476,Fraser Mummery,Depeche Mode in Concert,CC BY 2.0,https://creativecommons.org/licenses/by/2.0/,https://www.flickr.com/photos/73014677@N05/10838503476
f_8551366261,~BC~,"11 Mar 2013; Phoenix, ARIZONA.. Concert Report",CC BY-NC 2.0,https://creativecommons.org/licenses/by-nc/2.0/,https://www.flickr.com/photos/39870411@N02/8551366261
f_3553660726,seier+seier,"jean nouvel, danish radio concert hall, 2002-2009",CC BY 2.0,https://creativecommons.org/licenses/by/2.0/,https://www.flickr.com/photos/94852245@N00/3553660726
f_3550672371,seier+seier,"jean nouvel, danish radio concert hall, 2002-2009",CC BY 2.0,https://creativecommons.org/licenses/by/2.0/,https://www.flickr.com/photos/94852245@N00/3550672371
f_5592139283,szeke,"Walt Disney Concert Hall, Los Angeles",CC BY-NC-SA 2.0,https://creativecommons.org/licenses/by-nc-sa/2.0/,https://www.flickr.com/photos/43355249@N00/5592139283
f_5773936970,TJ Sengel,"Lady GAGA, GMA Concert, Lady GAGA, GMA Concert, Lady GAGA GMA Concert,",CC BY 2.0,https://creativecommons.org/licenses/by/2.0/,https://www.flickr.com/photos/10363713@N08/5773936970
f_4384960279,Whiskeygonebad,1977 Led Zeppelin - Jimmy Page - Robert Plant #1 70s Rock Concert,CC BY-NC-SA 2.0,https://creativecommons.org/licenses/by-nc-sa/2.0/,https://www.flickr.com/photos/84387357@N00/4384960279
f_15211646703,Johnragai-Moment Catcher,SIC Mandarin Music Ministry | Welcoming Christ Concert,CC BY 2.0,https://creativecommons.org/licenses/by/2.0/,https://www.flickr.com/photos/40642065@N06/15211646703
f_2632880868,Anirudh Koul,Montreal Jazz Festival - Bran Van 3000 Concert Crowd,CC BY-NC 2.0,https://creativecommons.org/licenses/by-nc/2.0/,https://www.flickr.com/photos/84856173@N00/2632880868
f_1609904186,paul bica,Walt Disney Concert Hall,CC BY 2.0,https://creativecommons.org/licenses/by/2.0/,https://www.flickr.com/photos/99771506@N00/1609904186
f_9345756780,Lunchbox LP,Watch Selena Gomez Bring New Album 'Stars Dance' to Walmart Soundcheck Concert!,CC BY 2.0,https://creativecommons.org/licenses/by/2.0/,https://www.flickr.com/photos/40007445@N05/9345756780
f_15646246250,Johnragai-Moment Catcher,SIC Mandarin Music Ministry | Welcoming Christ Concert,CC BY 2.0,https://creativecommons.org/licenses/by/2.0/,https://www.flickr.com/photos/40642065@N06/15646246250
f_6418071527,Anirudh Koul,Jay-Z & Kanye West Concert - Watch The Throne (Pittsburgh),CC BY-NC 2.0,https://creativecommons.org/licenses/by-nc/2.0/,https://www.flickr.com/photos/84856173@N00/6418071527
f_2814947478,Anirudh Koul,Celine Dion Concert - Singing 'Taking Chances',CC BY-NC 2.0,https://creativecommons.org/licenses/by-nc/2.0/,https://www.flickr.com/photos/84856173@N00/2814947478
f_3517144189,Anirudh Koul,Yanni Voices Concert - 'In The Mirror',CC BY-NC 2.0,https://creativecommons.org/licenses/by-nc/2.0/,https://www.flickr.com/photos/84856173@N00/3517144189
f_8786592477,Arati Kumar-Rao,"Moonlight Manganiars concert at Mehrangarh Fort, Jodhpur",CC BY-NC-SA 2.0,https://creativecommons.org/licenses/by-nc-sa/2.0/,https://www.flickr.com/photos/97062255@N00/8786592477
f_10838505426,Fraser Mummery,Depeche Mode in Concert,CC BY 2.0,https://creativecommons.org/licenses/by/2.0/,https://www.flickr.com/photos/73014677@N05/10838505426
f_3804548088,Anirudh Koul,AC DC Concert (Montreal) - Rock n Roll Train,CC BY-NC 2.0,https://creativecommons.org/licenses/by-nc/2.0/,https://www.flickr.com/photos/84856173@N00/3804548088
f_4222450828,☺ Lee J Haywood,Wedding guests,CC BY-SA 2.0,https://creativecommons.org/licenses/by-sa/2.0/,https://www.flickr.com/photos/45034206@N06/4222450828
f_4221717987,☺ Lee J Haywood,Wedding guests,CC BY-SA 2.0,https://creativecommons.org/licenses/by-sa/2.0/,https://www.flickr.com/photos/45034206@N06/4221717987
f_15625998241,GSofV,1094 Pete and Val's wedding guests (4),CC BY 2.0,https://creativecommons.org/licenses/by/2.0/,https://www.flickr.com/photos/93003266@N04/15625998241
f_152086075,darcyandkat,Wedding guests at the Ethics in Business workshop,CC BY-NC-SA 2.0,https://creativecommons.org/licenses/by-nc-sa/2.0/,https://www.flickr.com/photos/10117477@N00/152086075
f_152086074,darcyandkat,Wedding guests at the Ethics in Business workshop,CC BY-NC-SA 2.0,https://creativecommons.org/licenses/by-nc-sa/2.0/,https://www.flickr.com/photos/10117477@N00/152086074
f_15099462933,Szfery,a wedding guest,CC BY-NC 2.0,https://creativecommons.org/licenses/by-nc/2.0/,https://www.flickr.com/photos/49656040@N00/15099462933
f_9687427,sensedatum,Wedding guests - 4,CC BY-NC-SA 2.0,https://creativecommons.org/licenses/by-nc-sa/2.0/,https://www.flickr.com/photos/79097322@N00/9687427
f_5198011891,FredMikeRudy,Breakfast with the Hopson Wedding Guests,CC BY-SA 2.0,https://creativecommons.org/licenses/by-sa/2.0/,https://www.flickr.com/photos/40133188@N00/5198011891
f_6893498753,Abaraphobia,Wedding Guests,CC BY-SA 2.0,https://creativecommons.org/licenses/by-sa/2.0/,https://www.flickr.com/photos/52585175@N07/6893498753
f_9143612665,travfotos,"Wedding Guests, Monument to the Heroic Defenders of Leningrad, Russia,1990",CC BY-NC 2.0,https://creativecommons.org/licenses/by-nc/2.0/,https://www.flickr.com/photos/60204143@N00/9143612665
f_19108231211,Joe Shlabotnik,Wedding Guests On The Dock,CC BY-NC-SA 2.0,https://creativecommons.org/licenses/by-nc-sa/2.0/,https://www.flickr.com/photos/40646519@N00/19108231211
f_11978408264,hugovk,Sami wedding guests,CC BY-NC-SA 2.0,https://creativecommons.org/licenses/by-nc-sa/2.0/,https://www.flickr.com/photos/44124404848@N01/11978408264
f_68468555,Klara Kim,Jason y Veronica y random wedding guest,CC BY-NC-SA 2.0,https://creativecommons.org/licenses/by-nc-sa/2.0/,https://www.flickr.com/photos/35468136000@N01/68468555
f_9581085021,samsaundersbristol,Wedding Guests Boarding The Lowdekka,CC BY-SA 2.0,https://creativecommons.org/licenses/by-sa/2.0/,https://www.flickr.com/photos/59993138@N00/9581085021
f_3845594849,dhslit,Wedding Guest,CC BY-SA 2.0,https://creativecommons.org/licenses/by-sa/2.0/,https://www.flickr.com/photos/38874331@N00/3845594849
f_8030633605,mikecogh,Wedding Guests and Onlooker,CC BY-SA 2.0,https://creativecommons.org/licenses/by-sa/2.0/,https://www.flickr.com/photos/89165847@N00/8030633605
f_3296221824,Auntie P,Wedding Guest Candid,CC BY-NC-SA 2.0,https://creativecommons.org/licenses/by-nc-sa/2.0/,https://www.flickr.com/photos/32625013@N00/3296221824
f_152086076,darcyandkat,Wedding guests at the Ethics in Business workshop,CC BY-NC-SA 2.0,https://creativecommons.org/licenses/by-nc-sa/2.0/,https://www.flickr.com/photos/10117477@N00/152086076
f_4221367255,☺ Lee J Haywood,Wedding guests,CC BY-SA 2.0,https://creativecommons.org/licenses/by-sa/2.0/,https://www.flickr.com/photos/45034206@N06/4221367255
f_18663121784,Joe Shlabotnik,Wedding Guests By The Pool,CC BY-NC-SA 2.0,https://creativecommons.org/licenses/by-nc-sa/2.0/,https://www.flickr.com/photos/40646519@N00/18663121784
f_2773527177,Glenn Waters ぐれんin Japan.,"Neputa Festival Hirosaki Japan Over 40,000 visits to this photo. (Explored). © Glenn Waters",CC BY 2.0,https://creativecommons.org/licenses/by/2.0/,https://www.flickr.com/photos/23893265@N08/2773527177
f_4225449328,Alias 0591,"China festival of lights, dragon",CC BY 2.0,https://creativecommons.org/licenses/by/2.0/,https://www.flickr.com/photos/44206268@N07/4225449328
f_7504670576,Al_HikesAZ,Kachinas - Hopi Festival - Museum of Northern Arizona,CC BY-NC 2.0,https://creativecommons.org/licenses/by-nc/2.0/,https://www.flickr.com/photos/7202153@N03/7504670576
f_10321570353,Dominic's pics,The Fortune Cats 招き猫 - Brighton Japan Festival and Matsuri ブライ卜ン曰本フェステイバル祭,CC BY 2.0,https://creativecommons.org/licenses/by/2.0/,https://www.flickr.com/photos/64097751@N00/10321570353
f_16739194433,dcanprice,Jack in the Green Festival Hastings,CC BY-SA 2.0,https://creativecommons.org/licenses/by-sa/2.0/,https://www.flickr.com/photos/132952433@N02/16739194433
f_18655548253,byronv2,Edinburgh Canal Festival 2015 - belly dancers 03,CC BY-NC 2.0,https://creativecommons.org/licenses/by-nc/2.0/,https://www.flickr.com/photos/7512717@N06/18655548253
f_48125921298,THIS IS WRONG owner,Pride Festival 2019 starts tomorrow!,CC BY-NC-SA 2.0,https://creativecommons.org/licenses/by-nc-sa/2.0/,https://www.flickr.com/photos/142007505@N03/48125921298
f_4069906084,Haags Uitburo,Holland Dance Festival 2009 - Dansparade,CC BY 2.0,https://creativecommons.org/licenses/by/2.0/,https://www.flickr.com/photos/8816624@N08/4069906084
f_47268004131,THIS IS WRONG owner,Pride Festival 2019,CC BY-NC-SA 2.0,https://creativecommons.org/licenses/by-nc-sa/2.0/,https://www.flickr.com/photos/142007505@N03/47268004131
f_9226910462,byronv2,Edinburgh Canal Festival 2013 059,CC BY-NC 2.0,https://creativecommons.org/licenses/by-nc/2.0/,https://www.flickr.com/photos/7512717@N06/9226910462
f_2721371117,Jamiecat *,Country Music Festival de Mirande - 14/07/2008,CC BY 2.0,https://creativecommons.org/licenses/by/2.0/,https://www.flickr.com/photos/27330325@N08/2721371117
f_12431208905,Jirka Matousek,Pingxi Sky Lantern Festival 2014 in Taiwan,CC BY 2.0,https://creativecommons.org/licenses/by/2.0/,https://www.flickr.com/photos/28415633@N00/12431208905
f_2722197378,Jamiecat *,Country Music Festival de Mirande - 14/07/2008,CC BY 2.0,https://creativecommons.org/licenses/by/2.0/,https://www.flickr.com/photos/27330325@N08/2722197378
f_807484441,Stig Nygaard,Roskilde Festival 2007,CC BY 2.0,https://creativecommons.org/licenses/by/2.0/,https://www.flickr.com/photos/10259776@N00/807484441
f_19279972281,byronv2,Edinburgh Canal Festival 2015 - belly dancers 05,CC BY-NC 2.0,https://creativecommons.org/licenses/by-nc/2.0/,https://www.flickr.com/photos/7512717@N06/19279972281
f_10321439854,Dominic's pics,The Fortune Cats 招き猫 - Brighton Japan Festival and Matsuri ブライ卜ン曰本フェステイバル祭,CC BY 2.0,https://creativecommons.org/licenses/by/2.0/,https://www.flickr.com/photos/64097751@N00/10321439854
f_5521824144,Eva Rinaldi Celebrity Photographer,Future Music Festival,CC BY-SA 2.0,https://creativecommons.org/licenses/by-sa/2.0/,https://www.flickr.com/photos/58820009@N05/5521824144
f_5521221227,Eva Rinaldi Celebrity Photographer,Future Music Festival,CC BY-SA 2.0,https://creativecommons.org/licenses/by-sa/2.0/,https://www.flickr.com/photos/58820009@N05/5521221227
f_4831319533,HK-DMZ,Wonder Festival 2010 Summer [Cosplay],CC BY-NC-SA 2.0,https://creativecommons.org/licenses/by-nc-sa/2.0/,https://www.flickr.com/photos/21936537@N03/4831319533
f_7805049782,abdallahh,Festival Ford Racing sur Crescent,CC BY-NC 2.0,https://creativecommons.org/licenses/by-nc/2.0/,https://www.flickr.com/photos/22168167@N00/7805049782
f_2231112379,Claire_Sambrook,The Train Journey was not too boring,CC BY-NC 2.0,https://creativecommons.org/licenses/by-nc/2.0/,https://www.flickr.com/photos/18432246@N00/2231112379
f_3614956414,scrappy annie,Long train journey,CC BY-NC 2.0,https://creativecommons.org/licenses/by-nc/2.0/,https://www.flickr.com/photos/14903992@N08/3614956414
f_18972254806,micrypt,Routine quick sketch from another train journey.,CC BY 2.0,https://creativecommons.org/licenses/by/2.0/,https://www.flickr.com/photos/47974285@N05/18972254806
f_206772625,Mahatma4711,Train journey,CC BY 2.0,https://creativecommons.org/licenses/by/2.0/,https://www.flickr.com/photos/80928729@N00/206772625
f_15000699930,Monika Kostera (urbanlegend),The Station: The Albanian train journey (4),CC BY-SA 2.0,https://creativecommons.org/licenses/by-sa/2.0/,https://www.flickr.com/photos/17989497@N00/15000699930
f_31219397394,Jorge Lascar,Flåmsbana - Crowned the most beautiful train journey in the world,CC BY 2.0,https://creativecommons.org/licenses/by/2.0/,https://www.flickr.com/photos/8721758@N06/31219397394
f_31219413114,Jorge Lascar,Flåmsbana - Crowned the most beautiful train journey in the world,CC BY 2.0,https://creativecommons.org/licenses/by/2.0/,https://www.flickr.com/photos/8721758@N06/31219413114
f_15934585945,Anup Shah,"View from the train journey from Bergen to Oslo, across the Norwegian countryside",CC BY-SA 2.0,https://creativecommons.org/licenses/by-sa/2.0/,https://www.flickr.com/photos/79544062@N00/15934585945
f_32060587585,Jorge Lascar,Flåmsbana - Crowned the most beautiful train journey in the world,CC BY 2.0,https://creativecommons.org/licenses/by/2.0/,https://www.flickr.com/photos/8721758@N06/32060587585
f_31250368383,Jorge Lascar,Flåmsbana - Crowned the most beautiful train journey in the world,CC BY 2.0,https://creativecommons.org/licenses/by/2.0/,https://www.flickr.com/photos/8721758@N06/31250368383
f_52752833612,Cederskjold Photo,18 - From a particularly extended train journey from Berlin to Hamburg on 8 November 2022. Note that photos 3 to 18 are photographed out of the train windows - Hamburg Hbf - Hamburg - 16:48,CC BY-SA 2.0,https://creativecommons.org/licenses/by-sa/2.0/,https://www.flickr.com/photos/184898381@N07/52752833612
f_15187350005,Monika Kostera (urbanlegend),The Station: The Albanian train journey (2),CC BY-SA 2.0,https://creativecommons.org/licenses/by-sa/2.0/,https://www.flickr.com/photos/17989497@N00/15187350005
f_2099050814,tiexano,Train journey Osnabrück - Basel: Train No. 2,CC BY-NC-SA 2.0,https://creativecommons.org/licenses/by-nc-sa/2.0/,https://www.flickr.com/photos/20799701@N00/2099050814
f_32022037726,Jorge Lascar,Panorama of Flåmsbana - Crowned the most beautiful train journey in the world,CC BY 2.0,https://creativecommons.org/licenses/by/2.0/,https://www.flickr.com/photos/8721758@N06/32022037726
f_31912636242,Jorge Lascar,Flåmsbana - Crowned the most beautiful train journey in the world,CC BY 2.0,https://creativecommons.org/licenses/by/2.0/,https://www.flickr.com/photos/8721758@N06/31912636242
f_31912658822,Jorge Lascar,Flåmsbana - Crowned the most beautiful train journey in the world,CC BY 2.0,https://creativecommons.org/licenses/by/2.0/,https://www.flickr.com/photos/8721758@N06/31912658822
f_51894740142,WolfgangPichler,After a long night train journey,CC BY-NC-SA 2.0,https://creativecommons.org/licenses/by-nc-sa/2.0/,https://www.flickr.com/photos/10623250@N03/51894740142
f_2211521557,Leo Reynolds,I-SPY - ON A TRAIN JOURNEY No 4,CC BY-NC-SA 2.0,https://creativecommons.org/licenses/by-nc-sa/2.0/,https://www.flickr.com/photos/49968232@N00/2211521557
f_31250591633,Jorge Lascar,Flåmsbana - Crowned the most beautiful train journey in the world,CC BY 2.0,https://creativecommons.org/licenses/by/2.0/,https://www.flickr.com/photos/8721758@N06/31250591633
f_32060863575,Jorge Lascar,Flåmsbana - Crowned the most beautiful train journey in the world,CC BY 2.0,https://creativecommons.org/licenses/by/2.0/,https://www.flickr.com/photos/8721758@N06/32060863575
f_2783770545,Claire CJS,"20080807 - Family Dinner at Bethany Beach - 163-6351 - Maria, Jordan, Frank - talking",CC BY-NC-SA 2.0,https://creativecommons.org/licenses/by-nc-sa/2.0/,https://www.flickr.com/photos/31355686@N00/2783770545
f_8030754939,MDGovpics,1st Lady hosts military families dinner,CC BY 2.0,https://creativecommons.org/licenses/by/2.0/,https://www.flickr.com/photos/64018555@N03/8030754939
f_2784593048,Claire CJS,"20080807 - Family Dinner at Bethany Beach - 164-6404 - Jonny, Priscilla, Margaretha, Julie, Steve, Mark, Timmy, Lowell",CC BY-NC-SA 2.0,https://creativecommons.org/licenses/by-nc-sa/2.0/,https://www.flickr.com/photos/31355686@N00/2784593048
f_2783743273,Claire CJS,"20080807 - Family Dinner at Bethany Beach - 163-6397 - Jonny, Lowell, Priscilla, Julie, Steve, Mark, Timmy",CC BY-NC-SA 2.0,https://creativecommons.org/licenses/by-nc-sa/2.0/,https://www.flickr.com/photos/31355686@N00/2783743273
f_2783755741,Claire CJS,20080807 - Family Dinner at Bethany Beach - 163-6366 - Caisson & Jonny,CC BY-NC-SA 2.0,https://creativecommons.org/licenses/by-nc-sa/2.0/,https://www.flickr.com/photos/31355686@N00/2783755741
f_2783752511,Claire CJS,"20080807 - Family Dinner at Bethany Beach - 163-6370 - Carolyn, Frank, Jordan",CC BY-NC-SA 2.0,https://creativecommons.org/licenses/by-nc-sa/2.0/,https://www.flickr.com/photos/31355686@N00/2783752511
f_28620751864,Felip1,Family dinner,CC BY-NC 2.0,https://creativecommons.org/licenses/by-nc/2.0/,https://www.flickr.com/photos/72041338@N00/28620751864
f_2918635885,Elmira College,Family Dinner,CC BY 2.0,https://creativecommons.org/licenses/by/2.0/,https://www.flickr.com/photos/29236410@N07/2918635885
f_2919487316,Elmira College,Family Dinner,CC BY 2.0,https://creativecommons.org/licenses/by/2.0/,https://www.flickr.com/photos/29236410@N07/2919487316
f_301918083,Andy Ciordia,Family Dinner: Butternut Squash Soup,CC BY-NC 2.0,https://creativecommons.org/licenses/by-nc/2.0/,https://www.flickr.com/photos/30231516@N00/301918083
f_8030700738,MDGovpics,1st Lady hosts military families dinner,CC BY 2.0,https://creativecommons.org/licenses/by/2.0/,https://www.flickr.com/photos/64018555@N03/8030700738
f_8030574142,MDGovpics,1st Lady hosts military families dinner,CC BY 2.0,https://creativecommons.org/licenses/by/2.0/,https://www.flickr.com/photos/64018555@N03/8030574142
f_8030578118,MDGovpics,1st Lady hosts military families dinner,CC BY 2.0,https://creativecommons.org/licenses/by/2.0/,https://www.flickr.com/photos/64018555@N03/8030578118
f_8030666400,MDGovpics,1st Lady hosts military families dinner,CC BY 2.0,https://creativecommons.org/licenses/by/2.0/,https://www.flickr.com/photos/64018555@N03/8030666400
f_8030699579,MDGovpics,1st Lady hosts military families dinner,CC BY 2.0,https://creativecommons.org/licenses/by/2.0/,https://www.flickr.com/photos/64018555@N03/8030699579
f_8030564570,MDGovpics,1st Lady hosts military families dinner,CC BY 2.0,https://creativecommons.org/licenses/by/2.0/,https://www.flickr.com/photos/64018555@N03/8030564570
f_8030539699,MDGovpics,1st Lady hosts military families dinner,CC BY 2.0,https://creativecommons.org/licenses/by/2.0/,https://www.flickr.com/photos/64018555@N03/8030539699
f_8030666323,MDGovpics,1st Lady hosts military families dinner,CC BY 2.0,https://creativecommons.org/licenses/by/2.0/,https://www.flickr.com/photos/64018555@N03/8030666323
f_8030588429,MDGovpics,1st Lady hosts military families dinner,CC BY 2.0,https://creativecommons.org/licenses/by/2.0/,https://www.flickr.com/photos/64018555@N03/8030588429
f_8030658384,MDGovpics,1st Lady hosts military families dinner,CC BY 2.0,https://creativecommons.org/licenses/by/2.0/,https://www.flickr.com/photos/64018555@N03/8030658384
f_6294476210,GollyGforce - Living My Worst Nightmare,Halloween Party,CC BY 2.0,https://creativecommons.org/licenses/by/2.0/,https://www.flickr.com/photos/20581458@N00/6294476210
f_2286540344,Wonderlane,"Many headed Chenrezig Bodhisattva of Compassion tattooed on her back, professional party dancer and meditator, John Forbes birthday party, Capital Hill, Seattle, Washington, USA",CC BY 2.0,https://creativecommons.org/licenses/by/2.0/,https://www.flickr.com/photos/71401718@N00/2286540344
f_57629984,fabbio,Japanish,CC BY-SA 2.0,https://creativecommons.org/licenses/by-sa/2.0/,https://www.flickr.com/photos/96679304@N00/57629984
f_292116925,WhatDaveSees,playing doctor,CC BY-NC-SA 2.0,https://creativecommons.org/licenses/by-nc-sa/2.0/,https://www.flickr.com/photos/60506910@N00/292116925
f_15970873098,theirhistory,The Case of the Bulging Rear,CC BY-NC-SA 2.0,https://creativecommons.org/licenses/by-nc-sa/2.0/,https://www.flickr.com/photos/22326055@N06/15970873098
f_2067171646,Peter Hellberg,Party,CC BY-SA 2.0,https://creativecommons.org/licenses/by-sa/2.0/,https://www.flickr.com/photos/75489014@N00/2067171646
f_51582629487,#Sacho#,Forest path / Waldweg (in Explore! ⭐),CC BY-NC-SA 2.0,https://creativecommons.org/licenses/by-nc-sa/2.0/,https://www.flickr.com/photos/189108616@N08/51582629487
f_992547455,slava,Making friends,CC BY 2.0,https://creativecommons.org/licenses/by/2.0/,https://www.flickr.com/photos/67096379@N00/992547455
f_2489182742,reverendlukewarm,Last Night at Silver Lion/ Lori's Going Away Party / 5.12/13.08,CC BY-SA 2.0,https://creativecommons.org/licenses/by-sa/2.0/,https://www.flickr.com/photos/67167594@N00/2489182742
f_14470639002,mripp,Talk Talk,CC BY 2.0,https://creativecommons.org/licenses/by/2.0/,https://www.flickr.com/photos/56218409@N03/14470639002
f_319324511,Open Up My Head,Painted faces,CC BY-NC-SA 2.0,https://creativecommons.org/licenses/by-nc-sa/2.0/,https://www.flickr.com/photos/11337669@N00/319324511
f_11137161423,jurvetson,Rocket Propellant Disposal Party – we melted the metal fire pit!,CC BY 2.0,https://creativecommons.org/licenses/by/2.0/,https://www.flickr.com/photos/44124348109@N01/11137161423
f_2347290530,mark sebastian,The Look of Love (#41035),CC BY-SA 2.0,https://creativecommons.org/licenses/by-sa/2.0/,https://www.flickr.com/photos/71865026@N00/2347290530
f_3342768365,eytonz,Huge dancy party,CC BY-NC-SA 2.0,https://creativecommons.org/licenses/by-nc-sa/2.0/,https://www.flickr.com/photos/33909090@N00/3342768365
f_1541256366,pepe50,Lunch atop a skyscraper,CC BY-NC-SA 2.0,https://creativecommons.org/licenses/by-nc-sa/2.0/,https://www.flickr.com/photos/12215612@N06/1541256366
f_7245538130,eilonwy77,Pool deck interior shot -- for Anu,CC BY-SA 2.0,https://creativecommons.org/licenses/by-sa/2.0/,https://www.flickr.com/photos/41322510@N00/7245538130
f_1085594547,illogico,Clio & Mamma Meri,CC BY-NC-SA 2.0,https://creativecommons.org/licenses/by-nc-sa/2.0/,https://www.flickr.com/photos/10478050@N04/1085594547
f_22552604933,Luna Jubilee / !bang poses,Amatorum Promotion Party,CC BY 2.0,https://creativecommons.org/licenses/by/2.0/,https://www.flickr.com/photos/13959690@N05/22552604933
f_22262282221,giulian.frisoni,Road Trip In Mexico,CC BY 2.0,https://creativecommons.org/licenses/by/2.0/,https://www.flickr.com/photos/130922869@N07/22262282221
f_14860431060,bguilas21,The Arizona blue sky (CA to TX road trip),CC BY-NC-SA 2.0,https://creativecommons.org/licenses/by-nc-sa/2.0/,https://www.flickr.com/photos/34580964@N08/14860431060
f_5394933625,Gary Simmons,Road Trip!!!,CC BY-NC-SA 2.0,https://creativecommons.org/licenses/by-nc-sa/2.0/,https://www.flickr.com/photos/93159879@N00/5394933625
f_130912241,nikoretro,Road Trip Sing -a- long,CC BY-SA 2.0,https://creativecommons.org/licenses/by-sa/2.0/,https://www.flickr.com/photos/22768390@N00/130912241
f_4168497556,Hugo-90,REO - Jack of Arts Road Trip,CC BY 2.0,https://creativecommons.org/licenses/by/2.0/,https://www.flickr.com/photos/32109282@N00/4168497556
f_14891843308,bguilas21,Welcome to Texas (CA to TX road trip),CC BY-NC-SA 2.0,https://creativecommons.org/licenses/by-nc-sa/2.0/,https://www.flickr.com/photos/34580964@N08/14891843308
f_50094495773,PeterThoeny,A perfect day for a road trip over the Swiss Alps,CC BY-NC-SA 2.0,https://creativecommons.org/licenses/by-nc-sa/2.0/,https://www.flickr.com/photos/98786299@N00/50094495773
f_35996187720,Ted's photos - Returns in December,2017 - Road Trip - Cranbrook - CPR 4090,CC BY-NC-SA 2.0,https://creativecommons.org/licenses/by-nc-sa/2.0/,https://www.flickr.com/photos/90955804@N04/35996187720
f_21984820350,Ted's photos - For Me & You,2015 - Kamloops-Lillooet Road Trip - 8 of 9 - Seton Lake Viewpoint,CC BY-NC-SA 2.0,https://creativecommons.org/licenses/by-nc-sa/2.0/,https://www.flickr.com/photos/90955804@N04/21984820350
f_35420837683,Ted's photos - Returns in December,2017 - Road Trip - Crimson Lake Ab - Deep in the Forest,CC BY-NC-SA 2.0,https://creativecommons.org/licenses/by-nc-sa/2.0/,https://www.flickr.com/photos/90955804@N04/35420837683
f_12659526474,arbyreed,Road Trip Food!,CC BY-NC-SA 2.0,https://creativecommons.org/licenses/by-nc-sa/2.0/,https://www.flickr.com/photos/19779889@N00/12659526474
f_36179569116,Ted's photos - Returns in December,2017 - Road Trip - Crimson Lake Ab,CC BY-NC-SA 2.0,https://creativecommons.org/licenses/by-nc-sa/2.0/,https://www.flickr.com/photos/90955804@N04/36179569116
f_15065638652,bguilas21,You are now leaving NM (CA to TX road trip),CC BY-NC-SA 2.0,https://creativecommons.org/licenses/by-nc-sa/2.0/,https://www.flickr.com/photos/34580964@N08/15065638652
f_14783449439,bguilas21,Texas bound (CA to TX road trip),CC BY-NC-SA 2.0,https://creativecommons.org/licenses/by-nc-sa/2.0/,https://www.flickr.com/photos/34580964@N08/14783449439
f_21866527218,Ted's photos - For Me & You,2015 - Kamloops-Lillooet Road Trip - 3 of 9 - Tracked,CC BY-NC-SA 2.0,https://creativecommons.org/licenses/by-nc-sa/2.0/,https://www.flickr.com/photos/90955804@N04/21866527218
f_27756789000,Ted's photos - For Me & You,2016 - Road Trip - 3 Valley Gap BC,CC BY-NC-SA 2.0,https://creativecommons.org/licenses/by-nc-sa/2.0/,https://www.flickr.com/photos/90955804@N04/27756789000
f_33153013824,Reiterlied,Going on a road trip... to one of the most beautiful places on Earth?,CC BY-NC-SA 2.0,https://creativecommons.org/licenses/by-nc-sa/2.0/,https://www.flickr.com/photos/126661502@N05/33153013824
f_11453414996,Doeki,Road Trip,CC BY-NC 2.0,https://creativecommons.org/licenses/by-nc/2.0/,https://www.flickr.com/photos/10464429@N05/11453414996
f_7192711576,Ninithedreamer,Part 1/8: Ralph went on a road trip today in the little pink car,CC BY-NC-SA 2.0,https://creativecommons.org/licenses/by-nc-sa/2.0/,https://www.flickr.com/photos/44192293@N02/7192711576
f_14814879247,bguilas21,Arizona gas station (CA to TX road trip),CC BY-NC-SA 2.0,https://creativecommons.org/licenses/by-nc-sa/2.0/,https://www.flickr.com/photos/34580964@N08/14814879247
f_2327899787,thomasrdotorg,Timo Glock Rally Car Drive 036,CC BY 2.0,https://creativecommons.org/licenses/by/2.0/,https://www.flickr.com/photos/28135215@N00/2327899787
f_341924121,christianeager,These cars drive on water.,CC BY-SA 2.0,https://creativecommons.org/licenses/by-sa/2.0/,https://www.flickr.com/photos/14453029@N00/341924121
f_6309255614,osseous,"October 29, 2011 rented car drive",CC BY 2.0,https://creativecommons.org/licenses/by/2.0/,https://www.flickr.com/photos/10787737@N02/6309255614
f_4859199336,Calles De Mexico,faster than cars drive.,CC BY-NC-SA 2.0,https://creativecommons.org/licenses/by-nc-sa/2.0/,https://www.flickr.com/photos/87441638@N00/4859199336
f_2327898047,thomasrdotorg,Timo Glock Rally Car Drive 024,CC BY 2.0,https://creativecommons.org/licenses/by/2.0/,https://www.flickr.com/photos/28135215@N00/2327898047
f_9474965059,meccanohig,Steam car driving gear Henry Porter,CC BY-NC-SA 2.0,https://creativecommons.org/licenses/by-nc-sa/2.0/,https://www.flickr.com/photos/9593528@N08/9474965059
f_37379311491,daveynin,Line of cars driving on Going-to-the-Sun Road,CC BY 2.0,https://creativecommons.org/licenses/by/2.0/,https://www.flickr.com/photos/44124370018@N01/37379311491
f_2328714058,thomasrdotorg,Timo Glock Rally Car Drive 010,CC BY 2.0,https://creativecommons.org/licenses/by/2.0/,https://www.flickr.com/photos/28135215@N00/2328714058
f_2328712850,thomasrdotorg,Timo Glock Rally Car Drive 002,CC BY 2.0,https://creativecommons.org/licenses/by/2.0/,https://www.flickr.com/photos/28135215@N00/2328712850
f_6309214080,osseous,"October 29, 2011 rented car drive",CC BY 2.0,https://creativecommons.org/licenses/by/2.0/,https://www.flickr.com/photos/10787737@N02/6309214080
f_14432897259,qubodup,Car Driving Onto Centerpoint Ferry 4,CC BY 2.0,https://creativecommons.org/licenses/by/2.0/,https://www.flickr.com/photos/21051491@N02/14432897259
f_2327899201,thomasrdotorg,Timo Glock Rally Car Drive 032,CC BY 2.0,https://creativecommons.org/licenses/by/2.0/,https://www.flickr.com/photos/28135215@N00/2327899201
f_17745351310,intelligentcarleasing,Cars Driving on the Motorway UK,CC BY 2.0,https://creativecommons.org/licenses/by/2.0/,https://www.flickr.com/photos/133306120@N03/17745351310
f_6308734997,osseous,"October 29, 2011 rented car drive",CC BY 2.0,https://creativecommons.org/licenses/by/2.0/,https://www.flickr.com/photos/10787737@N02/6308734997
f_2328714146,thomasrdotorg,Timo Glock Rally Car Drive 011,CC BY 2.0,https://creativecommons.org/licenses/by/2.0/,https://www.flickr.com/photos/28135215@N00/2328714146
f_2327900843,thomasrdotorg,Timo Glock Rally Car Drive 044,CC BY 2.0,https://creativecommons.org/licenses/by/2.0/,https://www.flickr.com/photos/28135215@N00/2327900843
f_2328718330,thomasrdotorg,Timo Glock Rally Car Drive 039,CC BY 2.0,https://creativecommons.org/licenses/by/2.0/,https://www.flickr.com/photos/28135215@N00/2328718330
f_3976254174,slash__,7 hour car driving from Puerto Ordaz to Santa Elena,CC BY 2.0,https://creativecommons.org/licenses/by/2.0/,https://www.flickr.com/photos/51035675101@N01/3976254174
f_20261193610,donjd2,Cars Driving Over Bixby Bridge,CC BY 2.0,https://creativecommons.org/licenses/by/2.0/,https://www.flickr.com/photos/28156071@N00/20261193610
f_2327900049,thomasrdotorg,Timo Glock Rally Car Drive 038,CC BY 2.0,https://creativecommons.org/licenses/by/2.0/,https://www.flickr.com/photos/28135215@N00/2327900049
f_4806400368,Wonderlane,"Living room, blue sofas, pillows, wood floor, 1950's metal coffee table, fabric bowl, bookshelf, books, lamp, chair, Wedgwood, Seattle, Washington, USA",CC BY 2.0,https://creativecommons.org/licenses/by/2.0/,https://www.flickr.com/photos/71401718@N00/4806400368
f_5398040177,l . e . o,bookshelf,CC BY 2.0,https://creativecommons.org/licenses/by/2.0/,https://www.flickr.com/photos/39534066@N00/5398040177
f_4349134804,ao5357,Custom Bookshelf,CC BY-SA 2.0,https://creativecommons.org/licenses/by-sa/2.0/,https://www.flickr.com/photos/45555266@N00/4349134804
f_8248782632,andessurvivor,Barthelme bookshelf,CC BY 2.0,https://creativecommons.org/licenses/by/2.0/,https://www.flickr.com/photos/66163349@N05/8248782632
f_4146942077,Ken_Mayer,bookshelf,CC BY 2.0,https://creativecommons.org/licenses/by/2.0/,https://www.flickr.com/photos/14529688@N08/4146942077
f_4045344672,MikeVC,Antique Spanish period bookshelf,CC BY-NC-SA 2.0,https://creativecommons.org/licenses/by-nc-sa/2.0/,https://www.flickr.com/photos/24444656@N05/4045344672
f_2840299043,EvelynGiggles,rainbow bookshelf,CC BY 2.0,https://creativecommons.org/licenses/by/2.0/,https://www.flickr.com/photos/23797059@N02/2840299043
f_3807007875,jafro77,Bookshelf,CC BY-NC-SA 2.0,https://creativecommons.org/licenses/by-nc-sa/2.0/,https://www.flickr.com/photos/21457748@N03/3807007875
f_5085268980,The Booklight,Think and Grow Rich (Napoleon Hill) - Blogging Bookshelf,CC BY 2.0,https://creativecommons.org/licenses/by/2.0/,https://www.flickr.com/photos/54878399@N04/5085268980
f_3456752150,agitprop,Bookshelf,CC BY 2.0,https://creativecommons.org/licenses/by/2.0/,https://www.flickr.com/photos/30223854@N00/3456752150
f_3455932653,agitprop,Bookshelf,CC BY 2.0,https://creativecommons.org/licenses/by/2.0/,https://www.flickr.com/photos/30223854@N00/3455932653
f_470024419,pdinnen,Work bookshelf,CC BY-SA 2.0,https://creativecommons.org/licenses/by-sa/2.0/,https://www.flickr.com/photos/49689051@N00/470024419
f_7625067980,Elsie esq.,Christopher's bookshelf 1,CC BY 2.0,https://creativecommons.org/licenses/by/2.0/,https://www.flickr.com/photos/61132483@N00/7625067980
f_6337568141,N Stjerna,Bookshelf Spectrum,CC BY 2.0,https://creativecommons.org/licenses/by/2.0/,https://www.flickr.com/photos/24005067@N06/6337568141
f_10880103334,Logos: The Art of Photography,Bookshelf: The End of the Old - Nikon D70 with Nikkor 35-80 mm 1:4-5.6 Zoom,CC BY-NC-SA 2.0,https://creativecommons.org/licenses/by-nc-sa/2.0/,https://www.flickr.com/photos/63463553@N07/10880103334
f_337113356,¡Viva la Cynthia!,Bookshelf 1,CC BY-NC 2.0,https://creativecommons.org/licenses/by-nc/2.0/,https://www.flickr.com/photos/70108536@N00/337113356
f_12623768935,France1978,"Vintage Eico Stereo Multiplex Autodaptor, Model MX99, 6 Vacuum Tubes, Metal Cabinet, Bookshelf Unit, Inital Price = 39.00 USD, Made In USA, Circa 1961",CC BY 2.0,https://creativecommons.org/licenses/by/2.0/,https://www.flickr.com/photos/51764518@N02/12623768935
f_70455654,Bruno Girin,Travel bookshelf,CC BY-SA 2.0,https://creativecommons.org/licenses/by-sa/2.0/,https://www.flickr.com/photos/16405999@N00/70455654
f_6699426021,emmamccleary,Bookshelf vignette,CC BY 2.0,https://creativecommons.org/licenses/by/2.0/,https://www.flickr.com/photos/98603452@N00/6699426021
f_124230960,eclecticlibrarian,bookshelf,CC BY-NC-SA 2.0,https://creativecommons.org/licenses/by-nc-sa/2.0/,https://www.flickr.com/photos/51035792846@N01/124230960
f_10778803514,driver Photographer,Two hot motorcycle girls in the forest.,CC BY-SA 2.0,https://creativecommons.org/licenses/by-sa/2.0/,https://www.flickr.com/photos/72334647@N03/10778803514
f_11295240834,driver Photographer,Motorcycle roads meeting,CC BY-SA 2.0,https://creativecommons.org/licenses/by-sa/2.0/,https://www.flickr.com/photos/72334647@N03/11295240834
f_11054831816,driver Photographer,Two motorcycle friends,CC BY-SA 2.0,https://creativecommons.org/licenses/by-sa/2.0/,https://www.flickr.com/photos/72334647@N03/11054831816
f_3555860319,p4nc0np4n,Motorcycle,CC BY-NC-SA 2.0,https://creativecommons.org/licenses/by-nc-sa/2.0/,https://www.flickr.com/photos/11519081@N04/3555860319
f_3471625436,SliceofNYC,Hells Angels Member on a Motorcycle,CC BY 2.0,https://creativecommons.org/licenses/by/2.0/,https://www.flickr.com/photos/20158323@N04/3471625436
f_15028492322,driver Photographer,Motorcycling early evening.,CC BY-SA 2.0,https://creativecommons.org/licenses/by-sa/2.0/,https://www.flickr.com/photos/72334647@N03/15028492322
f_14831297559,driver Photographer,Motorcycling early evening.,CC BY-SA 2.0,https://creativecommons.org/licenses/by-sa/2.0/,https://www.flickr.com/photos/72334647@N03/14831297559
f_29592922,Thomas Hawk,Motorcycle Cop,CC BY-NC 2.0,https://creativecommons.org/licenses/by-nc/2.0/,https://www.flickr.com/photos/51035555243@N01/29592922
f_24962910715,Seattle Municipal Archives,"Police motorcycles at Westlake, circa 1975",CC BY 2.0,https://creativecommons.org/licenses/by/2.0/,https://www.flickr.com/photos/24256351@N04/24962910715
f_15504967110,Ed Yourdon,New York women are not impressed by fancy red BMW motorcyclles,CC BY-NC-SA 2.0,https://creativecommons.org/licenses/by-nc-sa/2.0/,https://www.flickr.com/photos/72098626@N00/15504967110
f_1485561399,twm1340,Honda Motorcycles,CC BY-SA 2.0,https://creativecommons.org/licenses/by-sa/2.0/,https://www.flickr.com/photos/89093669@N00/1485561399
f_208545734,j3net,Motorcycle,CC BY-NC 2.0,https://creativecommons.org/licenses/by-nc/2.0/,https://www.flickr.com/photos/10799299@N00/208545734
f_5546814476,ronsaunders47,HONDA CR110. 1963. 50cc RACING MOTORCYCLE.,CC BY-SA 2.0,https://creativecommons.org/licenses/by-sa/2.0/,https://www.flickr.com/photos/46781500@N00/5546814476
f_13965845497,driver Photographer,Cross Motorcycle,CC BY-SA 2.0,https://creativecommons.org/licenses/by-sa/2.0/,https://www.flickr.com/photos/72334647@N03/13965845497
f_12679353973,driver Photographer,Motorcycle seaside holiday.,CC BY-SA 2.0,https://creativecommons.org/licenses/by-sa/2.0/,https://www.flickr.com/photos/72334647@N03/12679353973
f_31827300958,sponki25,NYPD Motorcycle,CC BY 2.0,https://creativecommons.org/licenses/by/2.0/,https://www.flickr.com/photos/147079914@N03/31827300958
f_15264110893,jfantenb,Family on a motorcycle,CC BY-SA 2.0,https://creativecommons.org/licenses/by-sa/2.0/,https://www.flickr.com/photos/83633366@N00/15264110893
f_8284202371,arbyreed,Extreme Motorcycling,CC BY-NC-SA 2.0,https://creativecommons.org/licenses/by-nc-sa/2.0/,https://www.flickr.com/photos/19779889@N00/8284202371
f_10504690644,Thomas Hawk,Motorcycle,CC BY-NC 2.0,https://creativecommons.org/licenses/by-nc/2.0/,https://www.flickr.com/photos/51035555243@N01/10504690644
f_14125769963,Bruno_Caimi,Travel Motorcycle,CC BY 2.0,https://creativecommons.org/licenses/by/2.0/,https://www.flickr.com/photos/28591409@N06/14125769963
f_5499497465,The Foodie Gift Hunter,Hong Kong Street Food,CC BY-SA 2.0,https://creativecommons.org/licenses/by-sa/2.0/,https://www.flickr.com/photos/40688791@N05/5499497465
f_4655646367,Prince Roy,Chongqing Street Food,CC BY 2.0,https://creativecommons.org/licenses/by/2.0/,https://www.flickr.com/photos/17352537@N00/4655646367
f_6906955762,David McKelvey,"Street food, Bangkok Bicycle Tour",CC BY 2.0,https://creativecommons.org/licenses/by/2.0/,https://www.flickr.com/photos/94735786@N00/6906955762
f_7376381858,Dominic's pics,Now Open 'Carlito - Burrito' Mexican Street Food @ The Wood Store,CC BY 2.0,https://creativecommons.org/licenses/by/2.0/,https://www.flickr.com/photos/64097751@N00/7376381858
f_190419084,Elizabeth Thomsen,Street food in Dalian,CC BY-NC-SA 2.0,https://creativecommons.org/licenses/by-nc-sa/2.0/,https://www.flickr.com/photos/92987904@N00/190419084
f_4826664282,BinaryApe,Indian Street Food's Green Van,CC BY 2.0,https://creativecommons.org/licenses/by/2.0/,https://www.flickr.com/photos/93001633@N00/4826664282
f_10585825486,travel oriented,Street Food - Goguma (sweet potato) fries,CC BY-SA 2.0,https://creativecommons.org/licenses/by-sa/2.0/,https://www.flickr.com/photos/99958070@N02/10585825486
f_10585851494,travel oriented,Street Food,CC BY-SA 2.0,https://creativecommons.org/licenses/by-sa/2.0/,https://www.flickr.com/photos/99958070@N02/10585851494
f_10585854544,travel oriented,Street Food - odeng/oemuk (fishcake),CC BY-SA 2.0,https://creativecommons.org/licenses/by-sa/2.0/,https://www.flickr.com/photos/99958070@N02/10585854544
f_11303239935,khengsiong,Street Food in Saigon,CC BY-NC 2.0,https://creativecommons.org/licenses/by-nc/2.0/,https://www.flickr.com/photos/75931719@N00/11303239935
f_2696454910,calvinbasti,Street food in Bangkok,CC BY 2.0,https://creativecommons.org/licenses/by/2.0/,https://www.flickr.com/photos/82444358@N00/2696454910
f_14557036560,RussBowling,Guanajuato Street Food,CC BY 2.0,https://creativecommons.org/licenses/by/2.0/,https://www.flickr.com/photos/15979571@N00/14557036560
f_45095841841,Rod Waddington,Street Food,CC BY-SA 2.0,https://creativecommons.org/licenses/by-sa/2.0/,https://www.flickr.com/photos/64607715@N05/45095841841
f_6103867324,wbaiv,"Indian street food - water (a multitude of flavors- mint, others) in a little fried ball…",CC BY-SA 2.0,https://creativecommons.org/licenses/by-sa/2.0/,https://www.flickr.com/photos/9998127@N06/6103867324
f_8111829357,StateofIsrael,Street Food Festival,CC BY-SA 2.0,https://creativecommons.org/licenses/by-sa/2.0/,https://www.flickr.com/photos/86083886@N02/8111829357
f_7090599139,David McKelvey,"Morning Glory Street Food Restaurant and Cooking School, Hoi An, Vietnam",CC BY 2.0,https://creativecommons.org/licenses/by/2.0/,https://www.flickr.com/photos/94735786@N00/7090599139
f_8111834645,StateofIsrael,Street Food Festival,CC BY-SA 2.0,https://creativecommons.org/licenses/by-sa/2.0/,https://www.flickr.com/photos/86083886@N02/8111834645
f_8111827613,StateofIsrael,Street Food Festival,CC BY-SA 2.0,https://creativecommons.org/licenses/by-sa/2.0/,https://www.flickr.com/photos/86083886@N02/8111827613
f_4900695807,kenpower,Street Food,CC BY-NC-SA 2.0,https://creativecommons.org/licenses/by-nc-sa/2.0/,https://www.flickr.com/photos/70831453@N00/4900695807
f_5382843839,nist6dh,Street food Joy,CC BY-SA 2.0,https://creativecommons.org/licenses/by-sa/2.0/,https://www.flickr.com/photos/53801255@N07/5382843839
f_3151351700,Tacos Por Vida,Not tacos: Big pot of home-cooked jambalaya,CC BY-NC 2.0,https://creativecommons.org/licenses/by-nc/2.0/,https://www.flickr.com/photos/33593400@N04/3151351700
f_8421320748,Stefan Geens,"Home cooking, Stockholm",CC BY-NC-SA 2.0,https://creativecommons.org/licenses/by-nc-sa/2.0/,https://www.flickr.com/photos/41072040@N00/8421320748
f_11317796165,Gary Soup,Home-cooked zha jiang misn by Ju Ju,CC BY 2.0,https://creativecommons.org/licenses/by/2.0/,https://www.flickr.com/photos/87117631@N00/11317796165
f_207127460,Ben30,A home cooked meal,CC BY-SA 2.0,https://creativecommons.org/licenses/by-sa/2.0/,https://www.flickr.com/photos/76134071@N00/207127460
f_8131883731,In Memoriam: Wystan,"Advertisement in the Michigan Handbook for the Linda Vista boarding house, 216 South Ingalls -- 'Home Cooking.' 'Exclusively for Students.' 'The Only Real Dining Hall in Ann Arbor.'",CC BY-SA 2.0,https://creativecommons.org/licenses/by-sa/2.0/,https://www.flickr.com/photos/70251312@N00/8131883731
f_23552580454,lazy fri13th,home cooking,CC BY-NC-SA 2.0,https://creativecommons.org/licenses/by-nc-sa/2.0/,https://www.flickr.com/photos/73479994@N00/23552580454
f_3496282190,crd!,Home Cooked Pre-Marathon Dinner,CC BY-SA 2.0,https://creativecommons.org/licenses/by-sa/2.0/,https://www.flickr.com/photos/61324768@N00/3496282190
f_6090332027,pasa47,Homes @ Cook and Pendleton,CC BY 2.0,https://creativecommons.org/licenses/by/2.0/,https://www.flickr.com/photos/53301297@N00/6090332027
f_5440985794,earthlightbooks,Home Cook Secrets of Walla Walla,CC BY 2.0,https://creativecommons.org/licenses/by/2.0/,https://www.flickr.com/photos/55641292@N03/5440985794
f_3116468582,arbyreed,Home Cooking Neon,CC BY-NC-SA 2.0,https://creativecommons.org/licenses/by-nc-sa/2.0/,https://www.flickr.com/photos/19779889@N00/3116468582
f_4267279108,purpaboo,"Home cooked duck breast in red wine sauce, cambazola mash and roasted broccoli and cauliflower.",CC BY 2.0,https://creativecommons.org/licenses/by/2.0/,https://www.flickr.com/photos/82904227@N00/4267279108
f_4314984198,jessica mullen,Mr natural was like home cooked vegan food I didn't have to prepare! (full disclosure: bavarian cream scone has honey),CC BY 2.0,https://creativecommons.org/licenses/by/2.0/,https://www.flickr.com/photos/94348950@N00/4314984198
f_2055844181,lastmodified,Home-Cooked Lunches,CC BY-NC-SA 2.0,https://creativecommons.org/licenses/by-nc-sa/2.0/,https://www.flickr.com/photos/97963100@N00/2055844181
f_6020189535,Phil Denton,Home cooking,CC BY-SA 2.0,https://creativecommons.org/licenses/by-sa/2.0/,https://www.flickr.com/photos/37475039@N04/6020189535
f_13272024585,L.A. Foodie,Home #cooking discovery! #Chinese Five Spice Powder is pretty much the best #steak rub ever. Thanks to Blue Apron for the tip ;) #DIYTakeout,CC BY 2.0,https://creativecommons.org/licenses/by/2.0/,https://www.flickr.com/photos/67839741@N06/13272024585
f_7069133835,David McKelvey,"Home cooked meal, Hanoi",CC BY 2.0,https://creativecommons.org/licenses/by/2.0/,https://www.flickr.com/photos/94735786@N00/7069133835
f_4241459790,MaryMakesDinner,"Chinese Home Cooking Class: My Teacher, Carrie",CC BY-NC-SA 2.0,https://creativecommons.org/licenses/by-nc-sa/2.0/,https://www.flickr.com/photos/11557559@N04/4241459790
f_4266536563,purpaboo,"Home cooked medallions of pork loin in a white wine sauce, mash and roasted broccoli and cauliflower.",CC BY 2.0,https://creativecommons.org/licenses/by/2.0/,https://www.flickr.com/photos/82904227@N00/4266536563
f_32138846486,Dirk Dallas,Winter beach day @fromwhereidrone,CC BY-NC 2.0,https://creativecommons.org/licenses/by-nc/2.0/,https://www.flickr.com/photos/43433634@N05/32138846486
f_3822456320,calilily,Tahoe Beach Day,CC BY-NC 2.0,https://creativecommons.org/licenses/by-nc/2.0/,https://www.flickr.com/photos/63967571@N00/3822456320
f_52744985362,alobos life,Beach day,CC BY-NC 2.0,https://creativecommons.org/licenses/by-nc/2.0/,https://www.flickr.com/photos/80487073@N00/52744985362
f_13572419594,Elaine of Lotus Land,Beach Day,CC BY-NC 2.0,https://creativecommons.org/licenses/by-nc/2.0/,https://www.flickr.com/photos/20778782@N00/13572419594
f_6114329521,terren in Virginia,Beach Day,CC BY 2.0,https://creativecommons.org/licenses/by/2.0/,https://www.flickr.com/photos/8136496@N05/6114329521
f_22741032247,K a P p Y,Beach day,CC BY-NC-SA 2.0,https://creativecommons.org/licenses/by-nc-sa/2.0/,https://www.flickr.com/photos/50687568@N05/22741032247
f_7176621758,VFW Kids,Beach day 2012,CC BY 2.0,https://creativecommons.org/licenses/by/2.0/,https://www.flickr.com/photos/51635569@N07/7176621758
f_36788238206,Leo P. Hidalgo (@yompyz),Beach day for Pitia,CC BY-NC-SA 2.0,https://creativecommons.org/licenses/by-nc-sa/2.0/,https://www.flickr.com/photos/69474058@N03/36788238206
f_5916610773,Exit Festival,"Paradise Beach, Day 2 #EXIT2011",CC BY-NC-SA 2.0,https://creativecommons.org/licenses/by-nc-sa/2.0/,https://www.flickr.com/photos/48584875@N05/5916610773
f_36171991374,WOWS_,A esta niña le encanta la playa... como a su madre. Se lo ha pasado pipa ¡¡Hasta mañana bonitos!! Beaching day with little Vera #bebe #bebes #bebé,CC BY-NC-SA 2.0,https://creativecommons.org/licenses/by-nc-sa/2.0/,https://www.flickr.com/photos/82157118@N05/36171991374
f_8349316951,sailn1,Perfect beach day,CC BY 2.0,https://creativecommons.org/licenses/by/2.0/,https://www.flickr.com/photos/23941628@N02/8349316951
f_26932165536,Baron Reznik,Penguin Beach Day,CC BY-NC-SA 2.0,https://creativecommons.org/licenses/by-nc-sa/2.0/,https://www.flickr.com/photos/56077632@N00/26932165536
f_13915303902,lakewentworth,beach day,CC BY-NC 2.0,https://creativecommons.org/licenses/by-nc/2.0/,https://www.flickr.com/photos/50619629@N00/13915303902
f_40155605,megnut,Second to last beach day,CC BY-NC 2.0,https://creativecommons.org/licenses/by-nc/2.0/,https://www.flickr.com/photos/30355834691@N01/40155605
f_14745996417,jchristin,Beach Day: Blue,CC BY 2.0,https://creativecommons.org/licenses/by/2.0/,https://www.flickr.com/photos/43205168@N06/14745996417
f_36694505096,vastateparksstaff,busy beach day swimming Fairy Stone State Park,CC BY 2.0,https://creativecommons.org/licenses/by/2.0/,https://www.flickr.com/photos/37922399@N05/36694505096
f_4780217304,SG_Design,beach day,CC BY 2.0,https://creativecommons.org/licenses/by/2.0/,https://www.flickr.com/photos/47445613@N04/4780217304
f_5094566289,Phillip Pessar,Beautiful Beach Day,CC BY 2.0,https://creativecommons.org/licenses/by/2.0/,https://www.flickr.com/photos/25955895@N03/5094566289
f_7675781290,kirainet,Kamakura beach day,CC BY-NC-SA 2.0,https://creativecommons.org/licenses/by-nc-sa/2.0/,https://www.flickr.com/photos/69078600@N00/7675781290
f_400636804,ahisgett,Fanabe beach Day 6 Sunset 2,CC BY 2.0,https://creativecommons.org/licenses/by/2.0/,https://www.flickr.com/photos/37804979@N00/400636804
f_3504974859,norhafydzahmahfodz™,Happy Belated Birthday =),CC BY 2.0,https://creativecommons.org/licenses/by/2.0/,https://www.flickr.com/photos/13149471@N08/3504974859
f_19570429,Michael Cory,Birthday,CC BY-NC 2.0,https://creativecommons.org/licenses/by-nc/2.0/,https://www.flickr.com/photos/80044857@N00/19570429
f_293714811,Hamed Saber,Happy Birthday Soudeh :),CC BY 2.0,https://creativecommons.org/licenses/by/2.0/,https://www.flickr.com/photos/44124425616@N01/293714811
f_2655639837,jessica.diamond,Birthday Cake - Candles,CC BY-SA 2.0,https://creativecommons.org/licenses/by-sa/2.0/,https://www.flickr.com/photos/22272408@N07/2655639837
f_6793181344,© Stranger,Happy Birthday To ME!,CC BY 2.0,https://creativecommons.org/licenses/by/2.0/,https://www.flickr.com/photos/8994848@N05/6793181344
f_2122307192,SaltyGrease,Birthday,CC BY-NC-SA 2.0,https://creativecommons.org/licenses/by-nc-sa/2.0/,https://www.flickr.com/photos/67619594@N00/2122307192
f_2762069286,Cayusa,The Birthday Girl,CC BY-NC 2.0,https://creativecommons.org/licenses/by-nc/2.0/,https://www.flickr.com/photos/17731548@N00/2762069286
f_2656467048,jessica.diamond,Birthday Cake - Balloons,CC BY-SA 2.0,https://creativecommons.org/licenses/by-sa/2.0/,https://www.flickr.com/photos/22272408@N07/2656467048
f_2234785053,barriebarrie,Happy Birthday SuperVet!,CC BY-NC-SA 2.0,https://creativecommons.org/licenses/by-nc-sa/2.0/,https://www.flickr.com/photos/72694998@N00/2234785053
f_11402031013,♥ jules,birthday cake,CC BY-SA 2.0,https://creativecommons.org/licenses/by-sa/2.0/,https://www.flickr.com/photos/73175123@N02/11402031013
f_16672721092,foilman,Skiing Birthday Cake,CC BY-SA 2.0,https://creativecommons.org/licenses/by-sa/2.0/,https://www.flickr.com/photos/24484507@N00/16672721092
f_2786096781,andrewmalone,Birthday Cake,CC BY 2.0,https://creativecommons.org/licenses/by/2.0/,https://www.flickr.com/photos/41894170049@N01/2786096781
f_4855259422,Alia Holle,Happy Birthday!,CC BY-NC 2.0,https://creativecommons.org/licenses/by-nc/2.0/,https://www.flickr.com/photos/23407779@N03/4855259422
f_2733207555,lokate366,raul's birthday cake,CC BY-SA 2.0,https://creativecommons.org/licenses/by-sa/2.0/,https://www.flickr.com/photos/22334306@N02/2733207555
f_4244325898,parramitta,happy birthday,CC BY 2.0,https://creativecommons.org/licenses/by/2.0/,https://www.flickr.com/photos/8312925@N04/4244325898
f_2616852524,theirhistory,Birthday in a Children's Home,CC BY-NC-SA 2.0,https://creativecommons.org/licenses/by-nc-sa/2.0/,https://www.flickr.com/photos/22326055@N06/2616852524
f_6756342081,Scott McLeod,14 candles on birthday cake,CC BY 2.0,https://creativecommons.org/licenses/by/2.0/,https://www.flickr.com/photos/93393982@N00/6756342081
f_2751750887,The Pug Father,Birthday Cake,CC BY 2.0,https://creativecommons.org/licenses/by/2.0/,https://www.flickr.com/photos/76929828@N00/2751750887
f_2385047360,Hamed Saber,Happy Birthday Little Mamma :*,CC BY 2.0,https://creativecommons.org/licenses/by/2.0/,https://www.flickr.com/photos/44124425616@N01/2385047360
f_3268982338,Tony Fischer Photography,"Happy 200th Birthday, Mr. Lincoln (Text of Gettysburg Address)",CC BY 2.0,https://creativecommons.org/licenses/by/2.0/,https://www.flickr.com/photos/22714323@N06/3268982338
f_8114589892,Zach Dischner,Midnight Hike,CC BY 2.0,https://creativecommons.org/licenses/by/2.0/,https://www.flickr.com/photos/35557234@N07/8114589892
f_15121563452,jfl1066,hiking Dingmans Creek Area 2,CC BY 2.0,https://creativecommons.org/licenses/by/2.0/,https://www.flickr.com/photos/65047661@N00/15121563452
f_14422297627,OneEighteen,My Hiking Buddy,CC BY-NC 2.0,https://creativecommons.org/licenses/by-nc/2.0/,https://www.flickr.com/photos/72511036@N00/14422297627
f_51887532637,PeterThoeny,On a leisurely Sunday afternoon hike,CC BY-NC-SA 2.0,https://creativecommons.org/licenses/by-nc-sa/2.0/,https://www.flickr.com/photos/98786299@N00/51887532637
f_16218246352,mypubliclands,"BLM Winter Bucket List #14: Cache Creek Natural Area, California, for Eagle Hikes",CC BY 2.0,https://creativecommons.org/licenses/by/2.0/,https://www.flickr.com/photos/91981596@N06/16218246352
f_8733708152,ray_explores,277/365 ~ Upper Yosemite Falls Hike #hiking #california #yosemitenationalpark #halfdome #waterfall #yosemitefalls #iphone4s #panorama #landscape,CC BY 2.0,https://creativecommons.org/licenses/by/2.0/,https://www.flickr.com/photos/66801522@N00/8733708152
f_17043652682,Doug Scortegagna,Hiking,CC BY 2.0,https://creativecommons.org/licenses/by/2.0/,https://www.flickr.com/photos/56551021@N06/17043652682
f_12094397893,Grand Canyon NPS,Grand Canyon National Park: Ranger Guided Hike To Cedar Ridge - 0094,CC BY 2.0,https://creativecommons.org/licenses/by/2.0/,https://www.flickr.com/photos/50693818@N08/12094397893
f_8513108453,BDFX Photography,hiking,CC BY-NC-SA 2.0,https://creativecommons.org/licenses/by-nc-sa/2.0/,https://www.flickr.com/photos/47516279@N05/8513108453
f_42647011951,archer10 (Dennis),Berry Lighthouse Hike Adventure (story),CC BY-SA 2.0,https://creativecommons.org/licenses/by-sa/2.0/,https://www.flickr.com/photos/22490717@N02/42647011951
f_101204880,Trekking Rinjani,"Hiking, Climbing, Camping and Trekking Rinjani with Bohari Adventure",CC BY 2.0,https://creativecommons.org/licenses/by/2.0/,https://www.flickr.com/photos/30087136@N00/101204880
f_3702226797,Al_HikesAZ,Start of hike up National Canyon - Grand Canyon,CC BY-NC 2.0,https://creativecommons.org/licenses/by-nc/2.0/,https://www.flickr.com/photos/7202153@N03/3702226797
f_5258042901,halseike,Hiking to the top,CC BY 2.0,https://creativecommons.org/licenses/by/2.0/,https://www.flickr.com/photos/99624358@N00/5258042901
f_162847855,Trevor Manternach,Hiking,CC BY-NC 2.0,https://creativecommons.org/licenses/by-nc/2.0/,https://www.flickr.com/photos/77671916@N00/162847855
f_18659273934,Bautz Adventure,#hiking,CC BY 2.0,https://creativecommons.org/licenses/by/2.0/,https://www.flickr.com/photos/130811041@N04/18659273934
f_23868781635,archer10 (Dennis),Timberlea-0193 - Bluff Wilderness Hiking Trail,CC BY-SA 2.0,https://creativecommons.org/licenses/by-sa/2.0/,https://www.flickr.com/photos/22490717@N02/23868781635
f_23786301411,archer10 (Dennis),Timberlea-0195 - Bluff Wilderness Hiking Trail,CC BY-SA 2.0,https://creativecommons.org/licenses/by-sa/2.0/,https://www.flickr.com/photos/22490717@N02/23786301411
f_23242200263,archer10 (Dennis),Timberlea-0210 - Bluff Wilderness Hiking Trail,CC BY-SA 2.0,https://creativecommons.org/licenses/by-sa/2.0/,https://www.flickr.com/photos/22490717@N02/23242200263
f_4082806181,Ken Lund,"Hiking Between Scorpion Ranch and Cavern Point, Santa Cruz Island, Channel Islands National Park, California (7)",CC BY-SA 2.0,https://creativecommons.org/licenses/by-sa/2.0/,https://www.flickr.com/photos/75683070@N00/4082806181
f_86680869,Flickmor,Glacier hike under Cerro Torre,CC BY-NC 2.0,https://creativecommons.org/licenses/by-nc/2.0/,https://www.flickr.com/photos/44378953@N00/86680869
f_51396493501,René Hernández _ 0705,Botticelli Zone 15 - Guatemala City street view,CC BY-SA 2.0,https://creativecommons.org/licenses/by-sa/2.0/,https://www.flickr.com/photos/137253937@N05/51396493501
f_51395697277,René Hernández _ 0705,Zone 15 - Guatemala City street view,CC BY-SA 2.0,https://creativecommons.org/licenses/by-sa/2.0/,https://www.flickr.com/photos/137253937@N05/51395697277
f_20200515360,Steven Pisano,New York City Street Scenes - Woman Eating Ice Cream Cone on 23rd Street,CC BY 2.0,https://creativecommons.org/licenses/by/2.0/,https://www.flickr.com/photos/45776673@N04/20200515360
f_4056791602,Mr Thinktank,"City Streets on a rainy day in Dunedin, New Zealand",CC BY 2.0,https://creativecommons.org/licenses/by/2.0/,https://www.flickr.com/photos/34621580@N00/4056791602
f_3009626283,vauvau,New York City Street,CC BY 2.0,https://creativecommons.org/licenses/by/2.0/,https://www.flickr.com/photos/98193606@N00/3009626283
f_5279082757,"Kheel Center, Cornell University Library",Garment workers picket on New York City Streets during the Dressmakers' Strike of 1958.,CC BY 2.0,https://creativecommons.org/licenses/by/2.0/,https://www.flickr.com/photos/38445726@N04/5279082757
f_8613435041,CJ Sugg,New York City street,CC BY-SA 2.0,https://creativecommons.org/licenses/by-sa/2.0/,https://www.flickr.com/photos/40349635@N08/8613435041
f_5702387278,infomatique,Belfast City - Street Art,CC BY-SA 2.0,https://creativecommons.org/licenses/by-sa/2.0/,https://www.flickr.com/photos/80824546@N00/5702387278
f_6139419872,nancy_t3i,city street,CC BY 2.0,https://creativecommons.org/licenses/by/2.0/,https://www.flickr.com/photos/67402186@N05/6139419872
f_40210478975,One lucky guy,"City street in Toledo, Spain",CC BY-NC-SA 2.0,https://creativecommons.org/licenses/by-nc-sa/2.0/,https://www.flickr.com/photos/8765199@N07/40210478975
f_2264270713,David Paul Ohmer,Quebec City - Street Scene from Port St.Jean,CC BY 2.0,https://creativecommons.org/licenses/by/2.0/,https://www.flickr.com/photos/50965924@N00/2264270713
f_33823856078,Kool Cats Photography over 14 Million Views,Looking Down the City Street,CC BY-NC 2.0,https://creativecommons.org/licenses/by-nc/2.0/,https://www.flickr.com/photos/40775084@N05/33823856078
f_111231887,atomicshark,new york city street at night,CC BY-NC-SA 2.0,https://creativecommons.org/licenses/by-nc-sa/2.0/,https://www.flickr.com/photos/94507863@N00/111231887
f_26807000631,fernando butcher,The heart of the city street was beating.,CC BY 2.0,https://creativecommons.org/licenses/by/2.0/,https://www.flickr.com/photos/39678297@N04/26807000631
f_14565232261,State Library Victoria Collections,"Army men of the 7th Division as they march through city streets, crowds cheering them on",CC BY-NC 2.0,https://creativecommons.org/licenses/by-nc/2.0/,https://www.flickr.com/photos/60849810@N05/14565232261
f_18663801324,Steven Pisano,New York City Street Scenes - Woman in a Panama Hat,CC BY 2.0,https://creativecommons.org/licenses/by/2.0/,https://www.flickr.com/photos/45776673@N04/18663801324
f_51347712661,r.a. paterson,city street (cannabis shop),CC BY-NC-SA 2.0,https://creativecommons.org/licenses/by-nc-sa/2.0/,https://www.flickr.com/photos/35667267@N00/51347712661
f_20541649025,Steven Pisano,New York City Street Scenes - Two Women Talking on a Subway Train,CC BY 2.0,https://creativecommons.org/licenses/by/2.0/,https://www.flickr.com/photos/45776673@N04/20541649025
f_2479870766,St0rmz,Lego City Street,CC BY-SA 2.0,https://creativecommons.org/licenses/by-sa/2.0/,https://www.flickr.com/photos/80742119@N00/2479870766
f_20468623828,Steven Pisano,New York City Street Scenes - Tattooed Woman (Maybe Pregnant?) in Herald Square,CC BY 2.0,https://creativecommons.org/licenses/by/2.0/,https://www.flickr.com/photos/45776673@N04/20468623828
f_4151058573,Major Nelson,pets 5,CC BY 2.0,https://creativecommons.org/licenses/by/2.0/,https://www.flickr.com/photos/49503033361@N01/4151058573
f_9322728556,Movie-Fan,"Clark Gable (R) and Gig Young - in''Teacher's Pet'', 1958",CC BY-NC-SA 2.0,https://creativecommons.org/licenses/by-nc-sa/2.0/,https://www.flickr.com/photos/62100938@N02/9322728556
f_17812485120,Ed Yourdon,Practicing for Dave Letterman's 'Stupid Pet Tricks',CC BY-NC-SA 2.0,https://creativecommons.org/licenses/by-nc-sa/2.0/,https://www.flickr.com/photos/72098626@N00/17812485120
f_27349616878,Alzheimer1,My pet Lara (ara chloroptera X ara ararauna),CC BY-NC-SA 2.0,https://creativecommons.org/licenses/by-nc-sa/2.0/,https://www.flickr.com/photos/77449230@N06/27349616878
f_25394096968,alcides OTA,Pet Dog,CC BY-NC 2.0,https://creativecommons.org/licenses/by-nc/2.0/,https://www.flickr.com/photos/41032277@N07/25394096968
f_4310885752,x-ray delta one,... pet pineapple,CC BY-NC-SA 2.0,https://creativecommons.org/licenses/by-nc-sa/2.0/,https://www.flickr.com/photos/40143737@N02/4310885752
f_52650464520,Thomas Hawk,South Dakota Pet,CC BY-NC 2.0,https://creativecommons.org/licenses/by-nc/2.0/,https://www.flickr.com/photos/51035555243@N01/52650464520
f_9180505565,Buy 1/6th scale clothes from Hegemony77,Doll comparison - Little Dal Petite Blythe Littlest Pet Shop Blythe,CC BY-NC-SA 2.0,https://creativecommons.org/licenses/by-nc-sa/2.0/,https://www.flickr.com/photos/51433358@N04/9180505565
f_16921256066,Orange County Archives,"Petting Zoo, Camp Snoopy, Knott's Berry Farm",CC BY 2.0,https://creativecommons.org/licenses/by/2.0/,https://www.flickr.com/photos/30346812@N07/16921256066
f_15707055010,sofi01,"Karl Heilig (1863–1910), 'Troll with his pet frog meets two long tailed creatures'",CC BY-NC 2.0,https://creativecommons.org/licenses/by-nc/2.0/,https://www.flickr.com/photos/40842447@N08/15707055010
f_52397865853,Thomas Hawk,L.A. Pet Clinic,CC BY-NC 2.0,https://creativecommons.org/licenses/by-nc/2.0/,https://www.flickr.com/photos/51035555243@N01/52397865853
f_4011240700,alcides OTA,Pet propellers,CC BY-NC 2.0,https://creativecommons.org/licenses/by-nc/2.0/,https://www.flickr.com/photos/41032277@N07/4011240700
f_94550832,silvertongued_wench,Master Harouns Pet,CC BY 2.0,https://creativecommons.org/licenses/by/2.0/,https://www.flickr.com/photos/19345388@N00/94550832
f_15665197689,Muffet,PET scan,CC BY 2.0,https://creativecommons.org/licenses/by/2.0/,https://www.flickr.com/photos/53133240@N00/15665197689
f_6518338921,LollypopFarm,"Pet of the Week: Kaiser, 7717666",CC BY-NC-SA 2.0,https://creativecommons.org/licenses/by-nc-sa/2.0/,https://www.flickr.com/photos/21889861@N04/6518338921
f_6352344050,LollypopFarm,"Pet of the Week: Ruby, 14082467",CC BY-NC-SA 2.0,https://creativecommons.org/licenses/by-nc-sa/2.0/,https://www.flickr.com/photos/21889861@N04/6352344050
f_6351601653,LollypopFarm,"Pet of the Week: Pickle, 13184929",CC BY-NC-SA 2.0,https://creativecommons.org/licenses/by-nc-sa/2.0/,https://www.flickr.com/photos/21889861@N04/6351601653
f_6285835426,LollypopFarm,"Pet of the Weeek: Lucy, 13420984",CC BY-NC-SA 2.0,https://creativecommons.org/licenses/by-nc-sa/2.0/,https://www.flickr.com/photos/21889861@N04/6285835426
f_6147660166,LollypopFarm,"Pet of the Week: Casper, 1063798",CC BY-NC-SA 2.0,https://creativecommons.org/licenses/by-nc-sa/2.0/,https://www.flickr.com/photos/21889861@N04/6147660166
f_2502253885,Gabriela Ruellan,Pet mollusk,CC BY-NC 2.0,https://creativecommons.org/licenses/by-nc/2.0/,https://www.flickr.com/photos/56823778@N00/2502253885
f_51851105078,Onasill - Bill Badzo - 149 Million Views - Thank Y,Sonnenberg Gardens & Mansion Historic Park ~ Canandaigua - New York,CC BY-NC-SA 2.0,https://creativecommons.org/licenses/by-nc-sa/2.0/,https://www.flickr.com/photos/7156765@N05/51851105078
f_9519013456,Dave Catchpole,Hidcote Manor Garden (NT),CC BY 2.0,https://creativecommons.org/licenses/by/2.0/,https://www.flickr.com/photos/52957117@N04/9519013456
f_9519022870,Dave Catchpole,Hidcote Manor Garden (NT),CC BY 2.0,https://creativecommons.org/licenses/by/2.0/,https://www.flickr.com/photos/52957117@N04/9519022870
f_9504756798,Dave Catchpole,Hidcote Manor Garden (NT),CC BY 2.0,https://creativecommons.org/licenses/by/2.0/,https://www.flickr.com/photos/52957117@N04/9504756798
f_11607217045,Onasill - Bill Badzo - 149 Million Views - Thank Y,Sonnenberg Gardens & Mansion ~ Historic Park ~ Canandaigua NY,CC BY-NC-SA 2.0,https://creativecommons.org/licenses/by-nc-sa/2.0/,https://www.flickr.com/photos/7156765@N05/11607217045
f_7167415241,Ruth and Dave,Vancouver Compost Demonstration Garden,CC BY 2.0,https://creativecommons.org/licenses/by/2.0/,https://www.flickr.com/photos/95142644@N00/7167415241
f_14441650787,Cuckooclock,Rooftop Garden,CC BY 2.0,https://creativecommons.org/licenses/by/2.0/,https://www.flickr.com/photos/33080104@N07/14441650787
f_6106936710,Robert Bejil Productions,Antoinettes Yoga Garden,CC BY 2.0,https://creativecommons.org/licenses/by/2.0/,https://www.flickr.com/photos/28618109@N05/6106936710
f_3343121371,antonychammond,The Beth Chatto Gardens - Living in the Shadows,CC BY-NC-SA 2.0,https://creativecommons.org/licenses/by-nc-sa/2.0/,https://www.flickr.com/photos/8525214@N06/3343121371
f_16538681939,D-Stanley,Company's Gardens,CC BY 2.0,https://creativecommons.org/licenses/by/2.0/,https://www.flickr.com/photos/79721788@N00/16538681939
f_2223130517,art_es_anna,Grandmother´s Flower Garden,CC BY 2.0,https://creativecommons.org/licenses/by/2.0/,https://www.flickr.com/photos/61219542@N00/2223130517
f_52159987024,Onasill - Bill Badzo - 149 Million Views - Thank Y,Sonnenberg Gardens & Mansion Historic Park ~ Canandaigua NY - Yellow Iris,CC BY-NC-SA 2.0,https://creativecommons.org/licenses/by-nc-sa/2.0/,https://www.flickr.com/photos/7156765@N05/52159987024
f_8674091394,lemonhalf,container garden,CC BY-SA 2.0,https://creativecommons.org/licenses/by-sa/2.0/,https://www.flickr.com/photos/7570076@N04/8674091394
f_51333206568,Onasill - Bill Badzo - 149 Million Views - Thank Y,Sculpture Garden at McMichael's Canadian Collection - Ontario - Canada,CC BY-SA 2.0,https://creativecommons.org/licenses/by-sa/2.0/,https://www.flickr.com/photos/7156765@N05/51333206568
f_42996526592,DaPuglet,A Little Chick In The Garden,CC BY-SA 2.0,https://creativecommons.org/licenses/by-sa/2.0/,https://www.flickr.com/photos/43810158@N07/42996526592
f_34021440415,@CarShowShooter,Biltmore Conservatory Biltmore Gardens Asheville,CC BY-NC-SA 2.0,https://creativecommons.org/licenses/by-nc-sa/2.0/,https://www.flickr.com/photos/77363333@N08/34021440415
f_4796737643,TANAKA Juuyoh (田中十洋),Japanese style garden / 日本庭園(にほんていえん),CC BY 2.0,https://creativecommons.org/licenses/by/2.0/,https://www.flickr.com/photos/13910409@N05/4796737643
f_52159714151,Onasill - Bill Badzo - 149 Million Views - Thank Y,Sonnenberg Gardens & Mansion ~ Historic Park ~ Canandaigua NY,CC BY-SA 2.0,https://creativecommons.org/licenses/by-sa/2.0/,https://www.flickr.com/photos/7156765@N05/52159714151
f_16765669203,@CarShowShooter,"Brookgreen Gardens (Murrells Inlet, South Carolina)",CC BY-NC-SA 2.0,https://creativecommons.org/licenses/by-nc-sa/2.0/,https://www.flickr.com/photos/77363333@N08/16765669203
f_6106388487,Robert Bejil Productions,Antoinettes Yoga Garden,CC BY 2.0,https://creativecommons.org/licenses/by/2.0/,https://www.flickr.com/photos/28618109@N05/6106388487
f_6156943108,Gareth1953 All Right Now,"Redhill Kitchen - Sept 2011 - Dad, You Can't Think I Did That",CC BY 2.0,https://creativecommons.org/licenses/by/2.0/,https://www.flickr.com/photos/40837632@N05/6156943108
f_2289453975,brianrlawson,20080224-Kitchen-03,CC BY-SA 2.0,https://creativecommons.org/licenses/by-sa/2.0/,https://www.flickr.com/photos/58436993@N00/2289453975
f_1720751612,redbeartx,Kitchen cabinets,CC BY-NC-SA 2.0,https://creativecommons.org/licenses/by-nc-sa/2.0/,https://www.flickr.com/photos/18517772@N00/1720751612
f_829408322,Kent Wang,Kitchen,CC BY-SA 2.0,https://creativecommons.org/licenses/by-sa/2.0/,https://www.flickr.com/photos/27454212@N00/829408322
f_2512854520,jjustinwilson,Kitchen,CC BY-NC 2.0,https://creativecommons.org/licenses/by-nc/2.0/,https://www.flickr.com/photos/78224322@N00/2512854520
f_2290246550,brianrlawson,20080224-Kitchen-02,CC BY-SA 2.0,https://creativecommons.org/licenses/by-sa/2.0/,https://www.flickr.com/photos/58436993@N00/2290246550
f_182643031,Haydn Blackey,Looking up the kitchen from the door,CC BY-SA 2.0,https://creativecommons.org/licenses/by-sa/2.0/,https://www.flickr.com/photos/54549113@N00/182643031
f_2299540120,jcwesley,Kitchen - LA apt,CC BY 2.0,https://creativecommons.org/licenses/by/2.0/,https://www.flickr.com/photos/84739685@N00/2299540120
f_7882614208,GSCSNJ,Woman and young girl in kitchen with laptop and paperwork smiling,CC BY-NC 2.0,https://creativecommons.org/licenses/by-nc/2.0/,https://www.flickr.com/photos/44102337@N03/7882614208
f_4826389499,SWIMPHOTO,Kitchen Renovation additions,CC BY 2.0,https://creativecommons.org/licenses/by/2.0/,https://www.flickr.com/photos/10091060@N06/4826389499
f_3312119849,smoMashup1,Kitchen (left view),CC BY 2.0,https://creativecommons.org/licenses/by/2.0/,https://www.flickr.com/photos/21015483@N02/3312119849
f_4799233255,Sorcyress,Kitchen,CC BY-NC 2.0,https://creativecommons.org/licenses/by-nc/2.0/,https://www.flickr.com/photos/88438917@N00/4799233255
f_8286394284,GLdesignBuild,"Kitchen Remodeling @ Centreville, VA",CC BY 2.0,https://creativecommons.org/licenses/by/2.0/,https://www.flickr.com/photos/90832744@N05/8286394284
f_4425983219,foodiesathome.com,Kitchen Setup,CC BY-NC-SA 2.0,https://creativecommons.org/licenses/by-nc-sa/2.0/,https://www.flickr.com/photos/26147512@N04/4425983219
f_3482662841,avlxyz,Open Kitchen - Hellenic Republic,CC BY-SA 2.0,https://creativecommons.org/licenses/by-sa/2.0/,https://www.flickr.com/photos/10559879@N00/3482662841
f_5729013960,espensorvik,Tap/Faucet in kitchen sink,CC BY 2.0,https://creativecommons.org/licenses/by/2.0/,https://www.flickr.com/photos/28478778@N05/5729013960
f_2335456679,j l t,kitchen remodel: 1927 Mission Revival bungalow,CC BY-NC-SA 2.0,https://creativecommons.org/licenses/by-nc-sa/2.0/,https://www.flickr.com/photos/37996580657@N01/2335456679
f_4273918578,Horia Varlan,Plain blue and pink polyurethane kitchen sponges,CC BY 2.0,https://creativecommons.org/licenses/by/2.0/,https://www.flickr.com/photos/10361931@N06/4273918578
f_15865734606,kohlmann.sascha,"Drink and Click № 4: Man in Restaurant Kitchen, candid",CC BY-SA 2.0,https://creativecommons.org/licenses/by-sa/2.0/,https://www.flickr.com/photos/96323831@N06/15865734606
f_15250523342,Gareth1953 All Right Now,Redhill Kitchen - May 2014 - Unsuccessful Maiden Flight,CC BY 2.0,https://creativecommons.org/licenses/by/2.0/,https://www.flickr.com/photos/40837632@N05/15250523342
f_8149338837,slworking2,Code monkey coding. #geek #programmer #cubicle #work #workflow #office #desk,CC BY-NC-SA 2.0,https://creativecommons.org/licenses/by-nc-sa/2.0/,https://www.flickr.com/photos/18548283@N00/8149338837
f_8655093387,slworking2,Taco Tuesday. Geek at work. #work #geek #office #nerd #programmer #workflow #office #desk #cubicle #workflow #TacoTuesday,CC BY-NC-SA 2.0,https://creativecommons.org/licenses/by-nc-sa/2.0/,https://www.flickr.com/photos/18548283@N00/8655093387
f_8616722907,slworking2,Supergeek. Late lunch. #work #geek #office #nerd #programmer #workflow #office #desk #cubicle #desktoys #officelife,CC BY-NC-SA 2.0,https://creativecommons.org/licenses/by-nc-sa/2.0/,https://www.flickr.com/photos/18548283@N00/8616722907
f_8643350027,slworking2,Sunflower seeds. Geek at work. #work #geek #office #nerd #programmer #workflow #office #desk #cubicle,CC BY-NC-SA 2.0,https://creativecommons.org/licenses/by-nc-sa/2.0/,https://www.flickr.com/photos/18548283@N00/8643350027
f_9028963508,slworking2,Saying goodbye to my cubicle in a couple days. San Diego office is closing and I'll be permanently working from home beginning Friday. Geek at work. #work #geek #office #desk #cubicle,CC BY-NC-SA 2.0,https://creativecommons.org/licenses/by-nc-sa/2.0/,https://www.flickr.com/photos/18548283@N00/9028963508
f_8725720089,slworking2,Thinking. Geek at work. #work #geek #officelife #nerd #programmer #workflow #office #desk #cubicle #workflow #cubical,CC BY-NC-SA 2.0,https://creativecommons.org/licenses/by-nc-sa/2.0/,https://www.flickr.com/photos/18548283@N00/8725720089
f_3635666853,schoschie,Office Desk,CC BY-SA 2.0,https://creativecommons.org/licenses/by-sa/2.0/,https://www.flickr.com/photos/87569910@N00/3635666853
f_11893288373,Sean MacEntee,Home Office Desk,CC BY 2.0,https://creativecommons.org/licenses/by/2.0/,https://www.flickr.com/photos/18090920@N07/11893288373
f_2104054726,zazie_,new office desk/new mobile/help me,CC BY-NC 2.0,https://creativecommons.org/licenses/by-nc/2.0/,https://www.flickr.com/photos/51295707@N00/2104054726
f_2655532300,Lars Plougmann,What is missing on this office desk?,CC BY-SA 2.0,https://creativecommons.org/licenses/by-sa/2.0/,https://www.flickr.com/photos/75062596@N00/2655532300
f_8651866359,slworking2,"I'm hungry for pi. Pizza pie, that is. Geek at work. #work #geek #office #nerd #programmer #workflow #office #desk #cubicle #workflow #pi",CC BY-NC-SA 2.0,https://creativecommons.org/licenses/by-nc-sa/2.0/,https://www.flickr.com/photos/18548283@N00/8651866359
f_7749059916,blakespot,the office desk,CC BY 2.0,https://creativecommons.org/licenses/by/2.0/,https://www.flickr.com/photos/35448539@N00/7749059916
f_8696678216,slworking2,Another day at the office. Geek at work. #work #geek #officelife #nerd #programmer #workflow #office #desk #cubicle #workflow #cubical,CC BY-NC-SA 2.0,https://creativecommons.org/licenses/by-nc-sa/2.0/,https://www.flickr.com/photos/18548283@N00/8696678216
f_8611316142,slworking2,And now back to work. #work #geek #office #nerd #programmer #workflow #office #desk #cubicle #desktoys #officelife,CC BY-NC-SA 2.0,https://creativecommons.org/licenses/by-nc-sa/2.0/,https://www.flickr.com/photos/18548283@N00/8611316142
f_8142211942,slworking2,Jamba Juice and $1 oatmeal special. Halloween at the office. #office #desk #desktoys #cubicle #Halloween #geek #software #developer #programmer,CC BY-NC-SA 2.0,https://creativecommons.org/licenses/by-nc-sa/2.0/,https://www.flickr.com/photos/18548283@N00/8142211942
f_8119997750,slworking2,"It's lunchtime, n00bs. #dork #programmer #cubicle #Halloween #work #office #desk #cubicle #geek #hardatwork",CC BY-NC-SA 2.0,https://creativecommons.org/licenses/by-nc-sa/2.0/,https://www.flickr.com/photos/18548283@N00/8119997750
f_13284435934,Sham Hardy,Office Desk,CC BY-SA 2.0,https://creativecommons.org/licenses/by-sa/2.0/,https://www.flickr.com/photos/33991563@N00/13284435934
f_3635667237,schoschie,Office Desk,CC BY-SA 2.0,https://creativecommons.org/licenses/by-sa/2.0/,https://www.flickr.com/photos/87569910@N00/3635667237
f_14971833437,byzantiumbooks,Dumbledore's Office desk and bookshelves,CC BY 2.0,https://creativecommons.org/licenses/by/2.0/,https://www.flickr.com/photos/10688882@N00/14971833437
f_8186285973,slworking2,Code monkey at work. #work #office #desk #cubicle #geek #coding #programmer #shirt,CC BY-NC-SA 2.0,https://creativecommons.org/licenses/by-nc-sa/2.0/,https://www.flickr.com/photos/18548283@N00/8186285973
f_3563194444,Anirudh Koul,"Kate Ryan Concert - Ella, Elle L’a",CC BY-NC 2.0,https://creativecommons.org/licenses/by-nc/2.0/,https://www.flickr.com/photos/84856173@N00/3563194444
f_3804551632,Anirudh Koul,"AC DC Concert Crowd (Montreal) - 53,000 and counting",CC BY-NC 2.0,https://creativecommons.org/licenses/by-nc/2.0/,https://www.flickr.com/photos/84856173@N00/3804551632
f_23424386461,Ronald Douglas Frazier,The great American ritual of the school holiday band concert,CC BY 2.0,https://creativecommons.org/licenses/by/2.0/,https://www.flickr.com/photos/56377701@N07/23424386461
f_3353835592,Anirudh Koul,Bryan Adams Concert - Summer Of '69,CC BY-NC 2.0,https://creativecommons.org/licenses/by-nc/2.0/,https://www.flickr.com/photos/84856173@N00/3353835592
f_3877439821,Anirudh Koul,Franz Ferdinand Concert (Montreal) - Jumping to Take Me Out,CC BY-NC 2.0,https://creativecommons.org/licenses/by-nc/2.0/,https://www.flickr.com/photos/84856173@N00/3877439821
f_3735171010,Anirudh Koul,Green Day Concert Stage (Montreal) - Green Day is Ever Green,CC BY 2.0,https://creativecommons.org/licenses/by/2.0/,https://www.flickr.com/photos/84856173@N00/3735171010
f_7068321057,Duke University Archives,"Concert at Cameron Indoor Stadium, April 12, 1978",CC BY-NC-SA 2.0,https://creativecommons.org/licenses/by-nc-sa/2.0/,https://www.flickr.com/photos/19219926@N04/7068321057
f_3505875247,Anirudh Koul,Britney Spears Concert - Womanizer,CC BY-NC 2.0,https://creativecommons.org/licenses/by-nc/2.0/,https://www.flickr.com/photos/84856173@N00/3505875247
f_3505872201,Anirudh Koul,Britney Spears Concert - You Want A Piece Of Me?,CC BY-NC 2.0,https://creativecommons.org/licenses/by-nc/2.0/,https://www.flickr.com/photos/84856173@N00/3505872201
f_1960164737,Anirudh Koul,Van Halen Concert - Jumping to 'Jump',CC BY-NC 2.0,https://creativecommons.org/licenses/by-nc/2.0/,https://www.flickr.com/photos/84856173@N00/1960164737
f_3725928708,Anirudh Koul,"KISS Concert - Gene Simmons, The Devil",CC BY-NC 2.0,https://creativecommons.org/licenses/by-nc/2.0/,https://www.flickr.com/photos/84856173@N00/3725928708
f_3695401461,Anirudh Koul,Kool & the Gang Concert @ Montreal Jazz Festival,CC BY-NC 2.0,https://creativecommons.org/licenses/by-nc/2.0/,https://www.flickr.com/photos/84856173@N00/3695401461
f_15530232059,Fraser Mummery,Paloma Faith Concert,CC BY 2.0,https://creativecommons.org/licenses/by/2.0/,https://www.flickr.com/photos/73014677@N05/15530232059
f_2058209644,JF Sebastian,Work ===> Concert - Day 221,CC BY-NC-SA 2.0,https://creativecommons.org/licenses/by-nc-sa/2.0/,https://www.flickr.com/photos/64636204@N00/2058209644
f_15096736823,Fraser Mummery,Paloma Faith Concert,CC BY 2.0,https://creativecommons.org/licenses/by/2.0/,https://www.flickr.com/photos/73014677@N05/15096736823
f_3780416237,Anirudh Koul,Coldplay Concert at Osheaga 2009 Montreal - Coldplay Certifies Montreal Crowd,CC BY-NC 2.0,https://creativecommons.org/licenses/by-nc/2.0/,https://www.flickr.com/photos/84856173@N00/3780416237
f_3013720785,Anirudh Koul,Madonna Concert - With Kanye West and Pharrell,CC BY-NC 2.0,https://creativecommons.org/licenses/by-nc/2.0/,https://www.flickr.com/photos/84856173@N00/3013720785
f_2814098677,Anirudh Koul,Celine Dion Concert - Singing 'A New Day Has Come',CC BY-NC 2.0,https://creativecommons.org/licenses/by-nc/2.0/,https://www.flickr.com/photos/84856173@N00/2814098677
f_2737975146,Anirudh Koul,Backstreet Boys Concert - 'Everybody' @ Montreal,CC BY-NC 2.0,https://creativecommons.org/licenses/by-nc/2.0/,https://www.flickr.com/photos/84856173@N00/2737975146
f_2814096195,Anirudh Koul,Celine Dion Concert - Singing 'Eyes on Me',CC BY-NC 2.0,https://creativecommons.org/licenses/by-nc/2.0/,https://www.flickr.com/photos/84856173@N00/2814096195
f_11978405204,hugovk,Sami wedding guests,CC BY-NC-SA 2.0,https://creativecommons.org/licenses/by-nc-sa/2.0/,https://www.flickr.com/photos/44124404848@N01/11978405204
f_2811271159,dawn_perry,Wedding Guests 3,CC BY-NC 2.0,https://creativecommons.org/licenses/by-nc/2.0/,https://www.flickr.com/photos/61569269@N00/2811271159
f_4222519918,☺ Lee J Haywood,Wedding guest,CC BY-SA 2.0,https://creativecommons.org/licenses/by-sa/2.0/,https://www.flickr.com/photos/45034206@N06/4222519918
f_2811271239,dawn_perry,Wedding Guests 4,CC BY-NC 2.0,https://creativecommons.org/licenses/by-nc/2.0/,https://www.flickr.com/photos/61569269@N00/2811271239
f_22454765506,Daily Look Ideas,Wedding Guest Hairband,CC BY-NC 2.0,https://creativecommons.org/licenses/by-nc/2.0/,https://www.flickr.com/photos/137240109@N03/22454765506
f_4536954424,Joe Shlabotnik,Happy Wedding Guests,CC BY-NC-SA 2.0,https://creativecommons.org/licenses/by-nc-sa/2.0/,https://www.flickr.com/photos/40646519@N00/4536954424
f_10503404445,emraps,0824: wedding guests,CC BY 2.0,https://creativecommons.org/licenses/by/2.0/,https://www.flickr.com/photos/31334148@N07/10503404445
f_5677391264,alf.melin,Wedding guest,CC BY-SA 2.0,https://creativecommons.org/licenses/by-sa/2.0/,https://www.flickr.com/photos/27412901@N04/5677391264
f_6802332742,skinnydiver,getting ready to make some delicious coffees for a few weddings guests,CC BY-SA 2.0,https://creativecommons.org/licenses/by-sa/2.0/,https://www.flickr.com/photos/53197929@N00/6802332742
f_4221639745,☺ Lee J Haywood,Wedding guest,CC BY-SA 2.0,https://creativecommons.org/licenses/by-sa/2.0/,https://www.flickr.com/photos/45034206@N06/4221639745
f_2811271061,dawn_perry,Wedding Guests 2,CC BY-NC 2.0,https://creativecommons.org/licenses/by-nc/2.0/,https://www.flickr.com/photos/61569269@N00/2811271061
f_2812117166,dawn_perry,Wedding Guests,CC BY-NC 2.0,https://creativecommons.org/licenses/by-nc/2.0/,https://www.flickr.com/photos/61569269@N00/2812117166
f_54431357814,Rod Waddington,Mosuo Tibetan Wedding Guests,CC BY-SA 2.0,https://creativecommons.org/licenses/by-sa/2.0/,https://www.flickr.com/photos/64607715@N05/54431357814
f_237381748,efleming,wedding guests,CC BY 2.0,https://creativecommons.org/licenses/by/2.0/,https://www.flickr.com/photos/68105231@N00/237381748
f_439006333,Joe Shlabotnik,Wedding Guests,CC BY 2.0,https://creativecommons.org/licenses/by/2.0/,https://www.flickr.com/photos/40646519@N00/439006333
f_7150924813,Joe Shlabotnik,Wedding Guests,CC BY-NC-SA 2.0,https://creativecommons.org/licenses/by-nc-sa/2.0/,https://www.flickr.com/photos/40646519@N00/7150924813
f_4942995514,Jason Pier in DC,Wedding Guests,CC BY-NC 2.0,https://creativecommons.org/licenses/by-nc/2.0/,https://www.flickr.com/photos/73184641@N00/4942995514
f_11931991194,hugovk,Arctic Cathedral wedding guests,CC BY-NC-SA 2.0,https://creativecommons.org/licenses/by-nc-sa/2.0/,https://www.flickr.com/photos/44124404848@N01/11931991194
f_8528991896,blmurch,Wedding guests at dinner,CC BY 2.0,https://creativecommons.org/licenses/by/2.0/,https://www.flickr.com/photos/82439748@N00/8528991896
f_7155769136,Joe Shlabotnik,Wedding Guests Across The Pool,CC BY-NC-SA 2.0,https://creativecommons.org/licenses/by-nc-sa/2.0/,https://www.flickr.com/photos/40646519@N00/7155769136
f_12431363923,Jirka Matousek,Pingxi Sky Lantern Festival 2014 in Taiwan,CC BY 2.0,https://creativecommons.org/licenses/by/2.0/,https://www.flickr.com/photos/28415633@N00/12431363923
f_5521692140,Eva Rinaldi Celebrity Photographer,Future Music Festival 2011,CC BY-SA 2.0,https://creativecommons.org/licenses/by-sa/2.0/,https://www.flickr.com/photos/58820009@N05/5521692140
f_3454041927,davidyuweb,Cherry Blossom Festival 2009,CC BY-NC 2.0,https://creativecommons.org/licenses/by-nc/2.0/,https://www.flickr.com/photos/55514420@N00/3454041927
f_5521129671,Eva Rinaldi Celebrity Photographer,Future Music Festival 2011,CC BY-SA 2.0,https://creativecommons.org/licenses/by-sa/2.0/,https://www.flickr.com/photos/58820009@N05/5521129671
f_5521692198,Eva Rinaldi Celebrity Photographer,Future Music Festival 2011,CC BY-SA 2.0,https://creativecommons.org/licenses/by-sa/2.0/,https://www.flickr.com/photos/58820009@N05/5521692198
f_8654475365,davidyuweb,Cherry Blossom Festival 2013,CC BY-NC 2.0,https://creativecommons.org/licenses/by-nc/2.0/,https://www.flickr.com/photos/55514420@N00/8654475365
f_5521692174,Eva Rinaldi Celebrity Photographer,Future Music Festival 2011,CC BY-SA 2.0,https://creativecommons.org/licenses/by-sa/2.0/,https://www.flickr.com/photos/58820009@N05/5521692174
f_3671666444,xdxd_vs_xdxd,"Feedback Festival, S.Casciano, June 2009",CC BY-SA 2.0,https://creativecommons.org/licenses/by-sa/2.0/,https://www.flickr.com/photos/85227565@N00/3671666444
f_5521730436,Eva Rinaldi Celebrity Photographer,Future Music Festival 2011,CC BY-SA 2.0,https://creativecommons.org/licenses/by-sa/2.0/,https://www.flickr.com/photos/58820009@N05/5521730436
f_5521664660,Eva Rinaldi Celebrity Photographer,Future Music Festival 2011,CC BY-SA 2.0,https://creativecommons.org/licenses/by-sa/2.0/,https://www.flickr.com/photos/58820009@N05/5521664660
f_3983055366,See-ming Lee (SML),Mixed Media Painting by Dean Russo / Dumbo Arts Center: Art Under the Bridge Festival 2009 / 20090926.10D.54890.P1.L1.CC / SML,CC BY-SA 2.0,https://creativecommons.org/licenses/by-sa/2.0/,https://www.flickr.com/photos/48973657@N00/3983055366
f_65452828,tarotastic,"Phaung Daw U Festival, Lake Inle, Burma",CC BY-NC 2.0,https://creativecommons.org/licenses/by-nc/2.0/,https://www.flickr.com/photos/30674396@N00/65452828
f_7805069120,abdallahh,Festival Ford Racing sur Crescent,CC BY-NC 2.0,https://creativecommons.org/licenses/by-nc/2.0/,https://www.flickr.com/photos/22168167@N00/7805069120
f_22898717774,UweBKK (α 77 on ),"Illuminated boat for the Loy Krathong 2015 festival on the Chao Phraya river in Bangkok, Thailand",CC BY-NC-SA 2.0,https://creativecommons.org/licenses/by-nc-sa/2.0/,https://www.flickr.com/photos/8136604@N05/22898717774
f_2100378139,Trey Ratcliff,The Festival of Lights in Lyon,CC BY-NC-SA 2.0,https://creativecommons.org/licenses/by-nc-sa/2.0/,https://www.flickr.com/photos/95572727@N00/2100378139
f_1248240546,Daniele Dalledonne,Ferrara Busker Festival,CC BY-SA 2.0,https://creativecommons.org/licenses/by-sa/2.0/,https://www.flickr.com/photos/36298220@N00/1248240546
f_8005510426,jl.cernadas,2861-XXVI Festival de Folclore da cidade da Coruña (Canto y Danza de Omsk-Rusia),CC BY 2.0,https://creativecommons.org/licenses/by/2.0/,https://www.flickr.com/photos/38035878@N07/8005510426
f_6505924911,yudha aria,Java Jazz Festival - 1,CC BY 2.0,https://creativecommons.org/licenses/by/2.0/,https://www.flickr.com/photos/71960670@N04/6505924911
f_2451567760,disavian,Georgia Renaissance Festival 2005 - 20,CC BY-SA 2.0,https://creativecommons.org/licenses/by-sa/2.0/,https://www.flickr.com/photos/66636832@N00/2451567760
f_793940933,paul+photos=moody,lantern festival,CC BY-NC 2.0,https://creativecommons.org/licenses/by-nc/2.0/,https://www.flickr.com/photos/11108455@N00/793940933
f_32060850445,Jorge Lascar,Flåmsbana - Crowned the most beautiful train journey in the world,CC BY 2.0,https://creativecommons.org/licenses/by/2.0/,https://www.flickr.com/photos/8721758@N06/32060850445
f_31912651252,Jorge Lascar,Flåmsbana - Crowned the most beautiful train journey in the world,CC BY 2.0,https://creativecommons.org/licenses/by/2.0/,https://www.flickr.com/photos/8721758@N06/31912651252
f_5574006812,Rishu83,The Train Journey,CC BY-SA 2.0,https://creativecommons.org/licenses/by-sa/2.0/,https://www.flickr.com/photos/9126603@N05/5574006812
f_8373265241,tomylees,On a train journey 2013-01-12_3,CC BY-NC-SA 2.0,https://creativecommons.org/licenses/by-nc-sa/2.0/,https://www.flickr.com/photos/71256895@N00/8373265241
f_32022218266,Jorge Lascar,Flåmsbana - Crowned the most beautiful train journey in the world,CC BY 2.0,https://creativecommons.org/licenses/by/2.0/,https://www.flickr.com/photos/8721758@N06/32022218266
f_31942949591,Jorge Lascar,Flåmsbana - Crowned the most beautiful train journey in the world,CC BY 2.0,https://creativecommons.org/licenses/by/2.0/,https://www.flickr.com/photos/8721758@N06/31942949591
f_31219933984,Jorge Lascar,Flåmsbana - Crowned the most beautiful train journey in the world,CC BY 2.0,https://creativecommons.org/licenses/by/2.0/,https://www.flickr.com/photos/8721758@N06/31219933984
f_15933947952,Anup Shah,"View from the train journey from Bergen to Oslo, across the Norwegian countryside",CC BY-SA 2.0,https://creativecommons.org/licenses/by-sa/2.0/,https://www.flickr.com/photos/79544062@N00/15933947952
f_32060844875,Jorge Lascar,Flåmsbana - Crowned the most beautiful train journey in the world,CC BY 2.0,https://creativecommons.org/licenses/by/2.0/,https://www.flickr.com/photos/8721758@N06/32060844875
f_11136362073,unukorno,Train journey in Peru,CC BY-SA 2.0,https://creativecommons.org/licenses/by-sa/2.0/,https://www.flickr.com/photos/82622112@N00/11136362073
f_6854016103,MIKI Yoshihito. (#mikiyoshihito),Train journey.,CC BY 2.0,https://creativecommons.org/licenses/by/2.0/,https://www.flickr.com/photos/7940758@N07/6854016103
f_31942939741,Jorge Lascar,Flåmsbana - Crowned the most beautiful train journey in the world,CC BY 2.0,https://creativecommons.org/licenses/by/2.0/,https://www.flickr.com/photos/8721758@N06/31942939741
f_31912982152,Jorge Lascar,Flåmsbana - Crowned the most beautiful train journey in the world,CC BY 2.0,https://creativecommons.org/licenses/by/2.0/,https://www.flickr.com/photos/8721758@N06/31912982152
f_31219993484,Jorge Lascar,Flåmsbana - Crowned the most beautiful train journey in the world,CC BY 2.0,https://creativecommons.org/licenses/by/2.0/,https://www.flickr.com/photos/8721758@N06/31219993484
f_31686107350,Jorge Lascar,Flåmsbana - Crowned the most beautiful train journey in the world,CC BY 2.0,https://creativecommons.org/licenses/by/2.0/,https://www.flickr.com/photos/8721758@N06/31686107350
f_31912986112,Jorge Lascar,Flåmsbana - Crowned the most beautiful train journey in the world,CC BY 2.0,https://creativecommons.org/licenses/by/2.0/,https://www.flickr.com/photos/8721758@N06/31912986112
f_31219988534,Jorge Lascar,Flåmsbana - Crowned the most beautiful train journey in the world,CC BY 2.0,https://creativecommons.org/licenses/by/2.0/,https://www.flickr.com/photos/8721758@N06/31219988534
f_15932631081,Anup Shah,"View from the train journey from Bergen to Oslo, across the Norwegian countryside",CC BY-SA 2.0,https://creativecommons.org/licenses/by-sa/2.0/,https://www.flickr.com/photos/79544062@N00/15932631081
f_32021608906,Jorge Lascar,Flåmsbana - Crowned the most beautiful train journey in the world,CC BY 2.0,https://creativecommons.org/licenses/by/2.0/,https://www.flickr.com/photos/8721758@N06/32021608906
f_31219968184,Jorge Lascar,Flåmsbana - Crowned the most beautiful train journey in the world,CC BY 2.0,https://creativecommons.org/licenses/by/2.0/,https://www.flickr.com/photos/8721758@N06/31219968184
f_8030566721,MDGovpics,1st Lady hosts military families dinner,CC BY 2.0,https://creativecommons.org/licenses/by/2.0/,https://www.flickr.com/photos/64018555@N03/8030566721
f_8030757068,MDGovpics,1st Lady hosts military families dinner,CC BY 2.0,https://creativecommons.org/licenses/by/2.0/,https://www.flickr.com/photos/64018555@N03/8030757068
f_8030761496,MDGovpics,1st Lady hosts military families dinner,CC BY 2.0,https://creativecommons.org/licenses/by/2.0/,https://www.flickr.com/photos/64018555@N03/8030761496
f_12036732456,ultraBobban,Family dinner,CC BY-NC 2.0,https://creativecommons.org/licenses/by-nc/2.0/,https://www.flickr.com/photos/8274291@N04/12036732456
f_2783773231,Claire CJS,20080807 - Family Dinner at Bethany Beach - 163-6348 - Frank & Maria,CC BY-NC-SA 2.0,https://creativecommons.org/licenses/by-nc-sa/2.0/,https://www.flickr.com/photos/31355686@N00/2783773231
f_5172639617,Claire CJS,"20101101 - family dinner - Mom, Chris, Britt, Clint, Carolyn, Tatiana - (by Dad)",CC BY-NC-SA 2.0,https://creativecommons.org/licenses/by-nc-sa/2.0/,https://www.flickr.com/photos/31355686@N00/5172639617
f_4957401179,Claire CJS,20100806 2017 - Cape Cod - family dinner - cousin group photo - IMG_2120,CC BY-NC-SA 2.0,https://creativecommons.org/licenses/by-nc-sa/2.0/,https://www.flickr.com/photos/31355686@N00/4957401179
f_8030747052,MDGovpics,1st Lady hosts military families dinner,CC BY 2.0,https://creativecommons.org/licenses/by/2.0/,https://www.flickr.com/photos/64018555@N03/8030747052
f_31057872102,Crawford Brian,Family Dinner,CC BY-SA 2.0,https://creativecommons.org/licenses/by-sa/2.0/,https://www.flickr.com/photos/78039748@N07/31057872102
f_8030664032,MDGovpics,1st Lady hosts military families dinner,CC BY 2.0,https://creativecommons.org/licenses/by/2.0/,https://www.flickr.com/photos/64018555@N03/8030664032
f_2918640693,Elmira College,Family Dinner,CC BY 2.0,https://creativecommons.org/licenses/by/2.0/,https://www.flickr.com/photos/29236410@N07/2918640693
f_2918637919,Elmira College,Family Dinner,CC BY 2.0,https://creativecommons.org/licenses/by/2.0/,https://www.flickr.com/photos/29236410@N07/2918637919
f_2918637321,Elmira College,Family Dinner,CC BY 2.0,https://creativecommons.org/licenses/by/2.0/,https://www.flickr.com/photos/29236410@N07/2918637321
f_16351590696,JenTravelsLife,"Taking a break from the blizzard to enjoy some pizza and octopus with our #Airbnb host, Michael. ❄️👭 #travel #NewYork #Brooklyn #weather #snow #family #dinner",CC BY 2.0,https://creativecommons.org/licenses/by/2.0/,https://www.flickr.com/photos/40648063@N06/16351590696
f_2784588164,Claire CJS,20080807 - Family Dinner at Bethany Beach - 164-6424 - Margaretha & Isabella,CC BY-NC-SA 2.0,https://creativecommons.org/licenses/by-nc-sa/2.0/,https://www.flickr.com/photos/31355686@N00/2784588164
f_2783746005,Claire CJS,20080807 - Family Dinner at Bethany Beach - 163-6392 - Anne,CC BY-NC-SA 2.0,https://creativecommons.org/licenses/by-nc-sa/2.0/,https://www.flickr.com/photos/31355686@N00/2783746005
f_8030594502,MDGovpics,1st Lady hosts military families dinner,CC BY 2.0,https://creativecommons.org/licenses/by/2.0/,https://www.flickr.com/photos/64018555@N03/8030594502
f_8030683600,MDGovpics,1st Lady hosts military families dinner,CC BY 2.0,https://creativecommons.org/licenses/by/2.0/,https://www.flickr.com/photos/64018555@N03/8030683600
f_8030770289,MDGovpics,1st Lady hosts military families dinner,CC BY 2.0,https://creativecommons.org/licenses/by/2.0/,https://www.flickr.com/photos/64018555@N03/8030770289
f_8030727649,MDGovpics,1st Lady hosts military families dinner,CC BY 2.0,https://creativecommons.org/licenses/by/2.0/,https://www.flickr.com/photos/64018555@N03/8030727649
f_1683406,jmcmichael,Party IV,CC BY-SA 2.0,https://creativecommons.org/licenses/by-sa/2.0/,https://www.flickr.com/photos/40365766@N00/1683406
f_3832530603,theirhistory,Group Outing,CC BY-NC-SA 2.0,https://creativecommons.org/licenses/by-nc-sa/2.0/,https://www.flickr.com/photos/22326055@N06/3832530603
f_3152684546,włodi,Happy New Year! Cheers!,CC BY-SA 2.0,https://creativecommons.org/licenses/by-sa/2.0/,https://www.flickr.com/photos/19716902@N00/3152684546
f_5653581409,Kettukusu,Party,CC BY-NC 2.0,https://creativecommons.org/licenses/by-nc/2.0/,https://www.flickr.com/photos/41828727@N00/5653581409
f_5179093041,Hammonton Photography,Great Day for a Party!,CC BY-NC 2.0,https://creativecommons.org/licenses/by-nc/2.0/,https://www.flickr.com/photos/25880282@N04/5179093041
f_35635145145,DaPuglet,Happy Canada Day!,CC BY-SA 2.0,https://creativecommons.org/licenses/by-sa/2.0/,https://www.flickr.com/photos/43810158@N07/35635145145
f_2466083177,Matthew Fang,20/20 DJ Victor,CC BY-SA 2.0,https://creativecommons.org/licenses/by-sa/2.0/,https://www.flickr.com/photos/76195812@N00/2466083177
f_2726358813,Constanza Volare,Salina Beach Party!!! (Summer),CC BY-NC 2.0,https://creativecommons.org/licenses/by-nc/2.0/,https://www.flickr.com/photos/24598598@N05/2726358813
f_3224389562,Scarleth Marie,4/52 movies are always fun,CC BY 2.0,https://creativecommons.org/licenses/by/2.0/,https://www.flickr.com/photos/23370075@N03/3224389562
f_3693233582,nickgraywfu,"Irene, Jamie, Ronaldo, Vivian",CC BY-SA 2.0,https://creativecommons.org/licenses/by-sa/2.0/,https://www.flickr.com/photos/35034365374@N01/3693233582
f_4748043421,Emiliano Grusovin,terrazzo lounge vol.2,CC BY-NC-SA 2.0,https://creativecommons.org/licenses/by-nc-sa/2.0/,https://www.flickr.com/photos/37182073@N06/4748043421
f_199259734,eschipul,It Is To Laugh,CC BY-SA 2.0,https://creativecommons.org/licenses/by-sa/2.0/,https://www.flickr.com/photos/16638697@N00/199259734
f_7934691530,drpavloff,Mermaid and Little Sailor,CC BY-NC 2.0,https://creativecommons.org/licenses/by-nc/2.0/,https://www.flickr.com/photos/43700165@N08/7934691530
f_3320305033,colorblindPICASO,Sarah calmly explains the details of Oan Power Batteries and the Green Lantern Corps. I don’t think anyone at these parties knows she is a geek. I mean... how would they know? Really?,CC BY-NC 2.0,https://creativecommons.org/licenses/by-nc/2.0/,https://www.flickr.com/photos/45842803@N00/3320305033
f_25088582,SoStark,Orgy of Friendship,CC BY-NC-SA 2.0,https://creativecommons.org/licenses/by-nc-sa/2.0/,https://www.flickr.com/photos/83763313@N00/25088582
f_492040199,Gh0stman,Formatura Sheila,CC BY 2.0,https://creativecommons.org/licenses/by/2.0/,https://www.flickr.com/photos/24516929@N00/492040199
f_7999697331,greensefa,Ban Fracking and shale gas in Europe before it is too late!,CC BY 2.0,https://creativecommons.org/licenses/by/2.0/,https://www.flickr.com/photos/21733269@N06/7999697331
f_16238578789,Southern Merlund guy,Annual Superbowl Eve backyard Bonfire party 2015,CC BY-NC-SA 2.0,https://creativecommons.org/licenses/by-nc-sa/2.0/,https://www.flickr.com/photos/116482453@N04/16238578789
f_2414391001,davidpbrown,80s Party,CC BY 2.0,https://creativecommons.org/licenses/by/2.0/,https://www.flickr.com/photos/19513617@N00/2414391001
f_3597472433,merfam,Graduation After-Party,CC BY 2.0,https://creativecommons.org/licenses/by/2.0/,https://www.flickr.com/photos/74288833@N00/3597472433
f_2511449050,Kradlum,The road trip starts,CC BY 2.0,https://creativecommons.org/licenses/by/2.0/,https://www.flickr.com/photos/95285833@N00/2511449050
f_4558646344,jrandallc,Colorado Bend State Park Camping/Road Trip,CC BY-SA 2.0,https://creativecommons.org/licenses/by-sa/2.0/,https://www.flickr.com/photos/29697878@N00/4558646344
f_14792466077,bguilas21,Homeless man and his dogs (CA to TX road trip),CC BY-NC-SA 2.0,https://creativecommons.org/licenses/by-nc-sa/2.0/,https://www.flickr.com/photos/34580964@N08/14792466077
f_4656741826,Emlyn Stokes,Road trip,CC BY 2.0,https://creativecommons.org/licenses/by/2.0/,https://www.flickr.com/photos/10147087@N06/4656741826
f_19338297448,h0lydevil,Road trip stop,CC BY-NC 2.0,https://creativecommons.org/licenses/by-nc/2.0/,https://www.flickr.com/photos/45516485@N00/19338297448
f_35436681253,Ted's photos - For Me For You,2017 - Road Trip - Saskatoon - Traffic Bridge,CC BY-NC-SA 2.0,https://creativecommons.org/licenses/by-nc-sa/2.0/,https://www.flickr.com/photos/90955804@N04/35436681253
f_21470332544,Ted's photos - For Me & You,2015 - Kamloops-Lillooet Road Trip - 5 of 9 - Pass the Ketchup Please.,CC BY-NC-SA 2.0,https://creativecommons.org/licenses/by-nc-sa/2.0/,https://www.flickr.com/photos/90955804@N04/21470332544
f_36097755172,Ted's photos - For Me For You,2017 - Road Trip - Winnipeg - Canadian Museum of Human Rights,CC BY-NC-SA 2.0,https://creativecommons.org/licenses/by-nc-sa/2.0/,https://www.flickr.com/photos/90955804@N04/36097755172
f_2833500294,Matt Hamm,Our European road trip in Google maps,CC BY-NC 2.0,https://creativecommons.org/licenses/by-nc/2.0/,https://www.flickr.com/photos/73532212@N00/2833500294
f_221814802,feastoffun.com,LotSix shows us how she massages herself on those long road trips on her motorcycle.,CC BY-NC-SA 2.0,https://creativecommons.org/licenses/by-nc-sa/2.0/,https://www.flickr.com/photos/34601587@N00/221814802
f_27936676182,Ted's photos - For Me & You,2016 - Road Trip - Crimson Lake Alberta - 2 of 2,CC BY-NC-SA 2.0,https://creativecommons.org/licenses/by-nc-sa/2.0/,https://www.flickr.com/photos/90955804@N04/27936676182
f_9180762833,Viktor_U_Cat,Road trip,CC BY 2.0,https://creativecommons.org/licenses/by/2.0/,https://www.flickr.com/photos/81017739@N04/9180762833
f_33101444,Kris Krug,road trip,CC BY-SA 2.0,https://creativecommons.org/licenses/by-sa/2.0/,https://www.flickr.com/photos/49503002894@N01/33101444
f_14792335999,bguilas21,A helping hand (CA to TX road trip),CC BY-NC-SA 2.0,https://creativecommons.org/licenses/by-nc-sa/2.0/,https://www.flickr.com/photos/34580964@N08/14792335999
f_7237734330,MarkScottAustinTX,Connecticut to Texas Road Trip 2012,CC BY-SA 2.0,https://creativecommons.org/licenses/by-sa/2.0/,https://www.flickr.com/photos/57185608@N00/7237734330
f_50563894997,Ted's photos - For Me & You,"2020 - BC-AB Road Trip - 146 of 214 - Kimberly, BC - 17 of 17 - Cominco Gardens Mule Deer",CC BY-NC-SA 2.0,https://creativecommons.org/licenses/by-nc-sa/2.0/,https://www.flickr.com/photos/90955804@N04/50563894997
f_2698182370,Chovee,"Road trip, no A.C.",CC BY 2.0,https://creativecommons.org/licenses/by/2.0/,https://www.flickr.com/photos/93635055@N00/2698182370
f_19218575325,Claudia Regina CC,road trip por argentina,CC BY-SA 2.0,https://creativecommons.org/licenses/by-sa/2.0/,https://www.flickr.com/photos/93331158@N03/19218575325
f_9349283926,GoodNCrazy,6 moms road trip 40th birthday universal starline tours,CC BY 2.0,https://creativecommons.org/licenses/by/2.0/,https://www.flickr.com/photos/40215657@N03/9349283926
f_26061272688,Duchess Flux,"Road Tripping Elves ~ Dell Rapids, South Dakota (Jan, 2018)",CC BY-NC 2.0,https://creativecommons.org/licenses/by-nc/2.0/,https://www.flickr.com/photos/47217049@N05/26061272688
f_3976253726,slash__,7 hour car driving from Puerto Ordaz to Santa Elena,CC BY 2.0,https://creativecommons.org/licenses/by/2.0/,https://www.flickr.com/photos/51035675101@N01/3976253726
f_3975490221,slash__,7 hour car driving from Puerto Ordaz to Santa Elena,CC BY 2.0,https://creativecommons.org/licenses/by/2.0/,https://www.flickr.com/photos/51035675101@N01/3975490221
f_2328719262,thomasrdotorg,Timo Glock Rally Car Drive 046,CC BY 2.0,https://creativecommons.org/licenses/by/2.0/,https://www.flickr.com/photos/28135215@N00/2328719262
f_2327901235,thomasrdotorg,Timo Glock Rally Car Drive 047,CC BY 2.0,https://creativecommons.org/licenses/by/2.0/,https://www.flickr.com/photos/28135215@N00/2327901235
f_2328718728,thomasrdotorg,Timo Glock Rally Car Drive 042,CC BY 2.0,https://creativecommons.org/licenses/by/2.0/,https://www.flickr.com/photos/28135215@N00/2328718728
f_2328714754,thomasrdotorg,Timo Glock Rally Car Drive 015,CC BY 2.0,https://creativecommons.org/licenses/by/2.0/,https://www.flickr.com/photos/28135215@N00/2328714754
f_6308690635,osseous,"October 29, 2011 rented car drive",CC BY 2.0,https://creativecommons.org/licenses/by/2.0/,https://www.flickr.com/photos/10787737@N02/6308690635
f_3975491657,slash__,7 hour car driving from Puerto Ordaz to Santa Elena,CC BY 2.0,https://creativecommons.org/licenses/by/2.0/,https://www.flickr.com/photos/51035675101@N01/3975491657
f_3567507519,dolescum,Old car & driving suit,CC BY-NC-SA 2.0,https://creativecommons.org/licenses/by-nc-sa/2.0/,https://www.flickr.com/photos/10778170@N07/3567507519
f_9727330071,andybullock77,Girl cowering from water as car drives through ford,CC BY 2.0,https://creativecommons.org/licenses/by/2.0/,https://www.flickr.com/photos/94549249@N00/9727330071
f_295128106,nep,Some Car Driving By,CC BY-NC 2.0,https://creativecommons.org/licenses/by-nc/2.0/,https://www.flickr.com/photos/36521981180@N01/295128106
f_6309223052,osseous,"October 29, 2011 rented car drive",CC BY 2.0,https://creativecommons.org/licenses/by/2.0/,https://www.flickr.com/photos/10787737@N02/6309223052
f_6309218298,osseous,"October 29, 2011 rented car drive",CC BY 2.0,https://creativecommons.org/licenses/by/2.0/,https://www.flickr.com/photos/10787737@N02/6309218298
f_2328713508,thomasrdotorg,Timo Glock Rally Car Drive 006,CC BY 2.0,https://creativecommons.org/licenses/by/2.0/,https://www.flickr.com/photos/28135215@N00/2328713508
f_2327901375,thomasrdotorg,Timo Glock Rally Car Drive 048,CC BY 2.0,https://creativecommons.org/licenses/by/2.0/,https://www.flickr.com/photos/28135215@N00/2327901375
f_2328715614,thomasrdotorg,Timo Glock Rally Car Drive 021,CC BY 2.0,https://creativecommons.org/licenses/by/2.0/,https://www.flickr.com/photos/28135215@N00/2328715614
f_2327896039,thomasrdotorg,Timo Glock Rally Car Drive 009,CC BY 2.0,https://creativecommons.org/licenses/by/2.0/,https://www.flickr.com/photos/28135215@N00/2327896039
f_6308691213,osseous,"October 29, 2011 rented car drive",CC BY 2.0,https://creativecommons.org/licenses/by/2.0/,https://www.flickr.com/photos/10787737@N02/6308691213
f_6308730327,osseous,"October 29, 2011 rented car drive",CC BY 2.0,https://creativecommons.org/licenses/by/2.0/,https://www.flickr.com/photos/10787737@N02/6308730327
f_26391206772,ell brown,"Beacon Street, Lichfield - Vintage car driving past",CC BY-SA 2.0,https://creativecommons.org/licenses/by-sa/2.0/,https://www.flickr.com/photos/39415781@N06/26391206772
f_4004346635,caren_ep,bookshelf.,CC BY-NC 2.0,https://creativecommons.org/licenses/by-nc/2.0/,https://www.flickr.com/photos/7745843@N03/4004346635
f_2199168092,Joming Lau,My bookshelf,CC BY-NC 2.0,https://creativecommons.org/licenses/by-nc/2.0/,https://www.flickr.com/photos/24084244@N00/2199168092
f_2798302122,anyjazz65,Bookshelf Auto-biography #2,CC BY-NC-SA 2.0,https://creativecommons.org/licenses/by-nc-sa/2.0/,https://www.flickr.com/photos/49024304@N00/2798302122
f_8064733099,Nick Kenrick..,Whats on your bookshelf ?,CC BY-NC-SA 2.0,https://creativecommons.org/licenses/by-nc-sa/2.0/,https://www.flickr.com/photos/33363480@N05/8064733099
f_375655361,jimmac,Tech-Bookshelf,CC BY-SA 2.0,https://creativecommons.org/licenses/by-sa/2.0/,https://www.flickr.com/photos/63781227@N00/375655361
f_283225358,Matatias 2,"bookshelf p0rn (ok, nem tanto)",CC BY-NC-SA 2.0,https://creativecommons.org/licenses/by-nc-sa/2.0/,https://www.flickr.com/photos/91604962@N00/283225358
f_3716704171,cathredfern,Bookshelf 4,CC BY-NC 2.0,https://creativecommons.org/licenses/by-nc/2.0/,https://www.flickr.com/photos/43499845@N00/3716704171
f_151663970,bcostin,The Bookshelf of Sherlock Holmes,CC BY-NC-SA 2.0,https://creativecommons.org/licenses/by-nc-sa/2.0/,https://www.flickr.com/photos/48441030@N00/151663970
f_16032619726,jaredpolin,Congratulations for surviving the great Instagram purge of 2014. Stephen and I spent two days filming all the new photo books I bought this year for the From My Bookshelf series. One of the major focuses for next year is to create series of content that,CC BY-NC-SA 2.0,https://creativecommons.org/licenses/by-nc-sa/2.0/,https://www.flickr.com/photos/28815288@N06/16032619726
f_4806045969,Wonderlane,"Dining room, faced south, dining room table (Canadian), Lane chair, art, Ikea laptop cabinet, lamps, bookshelf, wood floor, Tibetan door cover, Wedgwood, Seattle, Washington, USA",CC BY 2.0,https://creativecommons.org/licenses/by/2.0/,https://www.flickr.com/photos/71401718@N00/4806045969
f_4922191226,gwilmore,Part of my bookshelf,CC BY-NC-SA 2.0,https://creativecommons.org/licenses/by-nc-sa/2.0/,https://www.flickr.com/photos/86013963@N00/4922191226
f_3693663232,TheCreativePenn,Bookshelf 1,CC BY 2.0,https://creativecommons.org/licenses/by/2.0/,https://www.flickr.com/photos/38314728@N08/3693663232
f_137041560,Alexandra Roberts,BookShelf,CC BY-NC-SA 2.0,https://creativecommons.org/licenses/by-nc-sa/2.0/,https://www.flickr.com/photos/42857169@N00/137041560
f_32716813225,Pussreboots,bookshelf 20130130,CC BY 2.0,https://creativecommons.org/licenses/by/2.0/,https://www.flickr.com/photos/7706348@N04/32716813225
f_5844962864,Nesster,General Electric Bookshelf Speaker System G-501 1960,CC BY 2.0,https://creativecommons.org/licenses/by/2.0/,https://www.flickr.com/photos/80682954@N00/5844962864
f_9459872525,kirandulo,Bookshelf barrels,CC BY 2.0,https://creativecommons.org/licenses/by/2.0/,https://www.flickr.com/photos/24660880@N06/9459872525
f_2675686475,Digital Sextant,Bookshelf 3,CC BY-SA 2.0,https://creativecommons.org/licenses/by-sa/2.0/,https://www.flickr.com/photos/61098690@N00/2675686475
f_16243935746,Logos: The Art of Photography,Bookshelf: The Manual of Harmonics by Nichomachus the Pythagorean - Blackberry Passport,CC BY-NC-SA 2.0,https://creativecommons.org/licenses/by-nc-sa/2.0/,https://www.flickr.com/photos/63463553@N07/16243935746
f_16269035512,Logos: The Art of Photography,Bookshelf: The Two Cultures by C.P. Snow - Blackberry Passport,CC BY-NC-SA 2.0,https://creativecommons.org/licenses/by-nc-sa/2.0/,https://www.flickr.com/photos/63463553@N07/16269035512
f_7509061378,heipei,Bookshelf,CC BY-SA 2.0,https://creativecommons.org/licenses/by-sa/2.0/,https://www.flickr.com/photos/97859317@N00/7509061378
f_16626627425,driver Photographer,Motorcycle guy,CC BY-SA 2.0,https://creativecommons.org/licenses/by-sa/2.0/,https://www.flickr.com/photos/72334647@N03/16626627425
f_3545965071,ronsaunders47,VELOCETTE VENOM THRUXTON. MOTORCYCLE.,CC BY-SA 2.0,https://creativecommons.org/licenses/by-sa/2.0/,https://www.flickr.com/photos/46781500@N00/3545965071
f_3751353719,ronsaunders47,SPEEDWAY MOTORCYCLE. JAWA ENGINE.,CC BY-SA 2.0,https://creativecommons.org/licenses/by-sa/2.0/,https://www.flickr.com/photos/46781500@N00/3751353719
f_15524274247,archer10 (Dennis),France-001871 - Motorcycle Guys,CC BY-SA 2.0,https://creativecommons.org/licenses/by-sa/2.0/,https://www.flickr.com/photos/22490717@N02/15524274247
f_3436035902,deltaMike,BMW SLCPD Motorcycle,CC BY-NC-SA 2.0,https://creativecommons.org/licenses/by-nc-sa/2.0/,https://www.flickr.com/photos/86078640@N00/3436035902
f_4672242137,D H Wright,NUT Motorcycle,CC BY 2.0,https://creativecommons.org/licenses/by/2.0/,https://www.flickr.com/photos/59521130@N00/4672242137
f_7144543127,shankar s.,Motor-sais or motorcycle taxis wait for passengers outside the JEATH war museum,CC BY 2.0,https://creativecommons.org/licenses/by/2.0/,https://www.flickr.com/photos/77742560@N06/7144543127
f_3471625536,SliceofNYC,Hells Angels Members on Motorcycles,CC BY 2.0,https://creativecommons.org/licenses/by/2.0/,https://www.flickr.com/photos/20158323@N04/3471625536
f_14948295345,dibaer,BMW Motorcycle,CC BY-SA 2.0,https://creativecommons.org/licenses/by-sa/2.0/,https://www.flickr.com/photos/12940826@N02/14948295345
f_45649208372,sponki25,NYPD Motorcycle,CC BY 2.0,https://creativecommons.org/licenses/by/2.0/,https://www.flickr.com/photos/147079914@N03/45649208372
f_27355725994,@CarShowShooter,Antique Indian Motorcycle (2016 Schroader's Honda Bike Show),CC BY-NC-SA 2.0,https://creativecommons.org/licenses/by-nc-sa/2.0/,https://www.flickr.com/photos/77363333@N08/27355725994
f_5171089396,wisley,Indian motorcycle,CC BY 2.0,https://creativecommons.org/licenses/by/2.0/,https://www.flickr.com/photos/7196922@N02/5171089396
f_8866669917,"Archives Branch, USMC History Division","Marines with Motorcycles, Haiti, circa 1915",CC BY 2.0,https://creativecommons.org/licenses/by/2.0/,https://www.flickr.com/photos/60868061@N04/8866669917
f_7713629658,born1945,Portland Police Motorcycles,CC BY 2.0,https://creativecommons.org/licenses/by/2.0/,https://www.flickr.com/photos/12567713@N00/7713629658
f_2043910974,Paul Keller,Tehran motorcycle taxi,CC BY 2.0,https://creativecommons.org/licenses/by/2.0/,https://www.flickr.com/photos/18259771@N00/2043910974
f_309204057,Timm Williams,Star Trek Motorcycle 1,CC BY 2.0,https://creativecommons.org/licenses/by/2.0/,https://www.flickr.com/photos/40495074@N00/309204057
f_171347988,Handforged,Radial Motorcycle 3,CC BY-NC-SA 2.0,https://creativecommons.org/licenses/by-nc-sa/2.0/,https://www.flickr.com/photos/67211265@N00/171347988
f_3974485947,sludgegulper,"ИЖ 4-ый Юпитер IZH Jupiter 4 Motorcycle and Sidecar combinaton, Sfântu Gheorghe,Romania. June 1994.",CC BY-SA 2.0,https://creativecommons.org/licenses/by-sa/2.0/,https://www.flickr.com/photos/28179929@N08/3974485947
f_4421436110,Hugo-90,CZ 125 and 150 motorcycles 1953 brochure,CC BY 2.0,https://creativecommons.org/licenses/by/2.0/,https://www.flickr.com/photos/32109282@N00/4421436110
f_11493300164,driver Photographer,Motorcycle accident,CC BY-SA 2.0,https://creativecommons.org/licenses/by-sa/2.0/,https://www.flickr.com/photos/72334647@N03/11493300164
f_8111831355,StateofIsrael,Street Food Festival,CC BY-SA 2.0,https://creativecommons.org/licenses/by-sa/2.0/,https://www.flickr.com/photos/86083886@N02/8111831355
f_8111825881,StateofIsrael,Street Food Festival,CC BY-SA 2.0,https://creativecommons.org/licenses/by-sa/2.0/,https://www.flickr.com/photos/86083886@N02/8111825881
f_8111821869,StateofIsrael,Street Food Festival,CC BY-SA 2.0,https://creativecommons.org/licenses/by-sa/2.0/,https://www.flickr.com/photos/86083886@N02/8111821869
f_8111834348,StateofIsrael,Street Food Festival,CC BY-SA 2.0,https://creativecommons.org/licenses/by-sa/2.0/,https://www.flickr.com/photos/86083886@N02/8111834348
f_8111823173,StateofIsrael,Street Food Festival,CC BY-SA 2.0,https://creativecommons.org/licenses/by-sa/2.0/,https://www.flickr.com/photos/86083886@N02/8111823173
f_9536991000,Florian_Dré,"Drinks, street food and a little money is all we need by night",CC BY-NC-SA 2.0,https://creativecommons.org/licenses/by-nc-sa/2.0/,https://www.flickr.com/photos/95349614@N05/9536991000
f_42825160771,UweBKK (α 77 on ),"Street food trailer in Kufstein, Tyrol, Austria",CC BY-NC-SA 2.0,https://creativecommons.org/licenses/by-nc-sa/2.0/,https://www.flickr.com/photos/8136604@N05/42825160771
f_48012041526,Ministry of Foreign Affairs of the Republic of Pol,"Street food in Warsaw / Uliczne restauracje, Warszawa",CC BY-NC 2.0,https://creativecommons.org/licenses/by-nc/2.0/,https://www.flickr.com/photos/38246185@N08/48012041526
f_48012041646,Ministry of Foreign Affairs of the Republic of Pol,"Street food in Warsaw / Uliczne restauracje, Warszawa",CC BY-NC 2.0,https://creativecommons.org/licenses/by-nc/2.0/,https://www.flickr.com/photos/38246185@N08/48012041646
f_8111831044,StateofIsrael,Street Food Festival,CC BY-SA 2.0,https://creativecommons.org/licenses/by-sa/2.0/,https://www.flickr.com/photos/86083886@N02/8111831044
f_8111837046,StateofIsrael,Street Food Festival,CC BY-SA 2.0,https://creativecommons.org/licenses/by-sa/2.0/,https://www.flickr.com/photos/86083886@N02/8111837046
f_8111833703,StateofIsrael,Street Food Festival,CC BY-SA 2.0,https://creativecommons.org/licenses/by-sa/2.0/,https://www.flickr.com/photos/86083886@N02/8111833703
f_8111828809,StateofIsrael,Street Food Festival,CC BY-SA 2.0,https://creativecommons.org/licenses/by-sa/2.0/,https://www.flickr.com/photos/86083886@N02/8111828809
f_6643770119,Chris Kealy,Street Food,CC BY-NC-SA 2.0,https://creativecommons.org/licenses/by-nc-sa/2.0/,https://www.flickr.com/photos/68852079@N03/6643770119
f_26038256512,Immagini 2&3D,"Street food, Thanon Sukhumvit",CC BY-NC-SA 2.0,https://creativecommons.org/licenses/by-nc-sa/2.0/,https://www.flickr.com/photos/78678985@N04/26038256512
f_32037407953,www78,Night Market Street Food 2,CC BY-NC 2.0,https://creativecommons.org/licenses/by-nc/2.0/,https://www.flickr.com/photos/40243520@N02/32037407953
f_8111832094,StateofIsrael,Street Food Festival,CC BY-SA 2.0,https://creativecommons.org/licenses/by-sa/2.0/,https://www.flickr.com/photos/86083886@N02/8111832094
f_8416300431,Jirka Matousek,"Street Food at Wangfujing Street (王府井), Beijing, China",CC BY 2.0,https://creativecommons.org/licenses/by/2.0/,https://www.flickr.com/photos/28415633@N00/8416300431
f_32955527493,PiktourUK,Characterful lady street food sellers. Taken on an early morning walk to catch some of the street scenes in Yangon. We had a day to kill before our evening flight.,CC BY 2.0,https://creativecommons.org/licenses/by/2.0/,https://www.flickr.com/photos/69706441@N03/32955527493
f_10585856764,travel oriented,Street Food - Tornado Potato/ Spiral Potato,CC BY-SA 2.0,https://creativecommons.org/licenses/by-sa/2.0/,https://www.flickr.com/photos/99958070@N02/10585856764
f_7092435925,PhoenixREGuy,"First home cooked meal. And yes, my table is a cardboard box.",CC BY-SA 2.0,https://creativecommons.org/licenses/by-sa/2.0/,https://www.flickr.com/photos/12640453@N06/7092435925
f_4314984364,jessica mullen,Mr natural was like home cooked vegan food I didn't have to prepare! (full disclosure: bavarian cream scone has honey),CC BY 2.0,https://creativecommons.org/licenses/by/2.0/,https://www.flickr.com/photos/94348950@N00/4314984364
f_24072746642,lazy fri13th,home cooking,CC BY-NC-SA 2.0,https://creativecommons.org/licenses/by-nc-sa/2.0/,https://www.flickr.com/photos/73479994@N00/24072746642
f_2946832285,Buster Benson,8:36pm Checking out the fake David after walking off a home-cooked self-made Tuscan dinner.,CC BY-SA 2.0,https://creativecommons.org/licenses/by-sa/2.0/,https://www.flickr.com/photos/35034346886@N01/2946832285
f_8463385020,cherrylet,Xi'an home cooking,CC BY-NC-SA 2.0,https://creativecommons.org/licenses/by-nc-sa/2.0/,https://www.flickr.com/photos/85508296@N00/8463385020
f_4314248383,jessica mullen,Mr natural was like home cooked vegan food I didn't have to prepare! (full disclosure: bavarian cream scone has honey),CC BY 2.0,https://creativecommons.org/licenses/by/2.0/,https://www.flickr.com/photos/94348950@N00/4314248383
f_15919184942,ali eminov,Deniz enjoying a home-cooked Thanksgiving meal!,CC BY-NC 2.0,https://creativecommons.org/licenses/by-nc/2.0/,https://www.flickr.com/photos/27435717@N00/15919184942
f_42114904531,Victor Wong (sfe-co2),Home cooked Paella,CC BY-NC-SA 2.0,https://creativecommons.org/licenses/by-nc-sa/2.0/,https://www.flickr.com/photos/97403714@N02/42114904531
f_28507909772,Wes Modes,Nathaniel Chisolm of E&N Good Home Cooking in Triana. His wife Emma is the E in E&N. #shantyboat,CC BY-NC-SA 2.0,https://creativecommons.org/licenses/by-nc-sa/2.0/,https://www.flickr.com/photos/44128322@N00/28507909772
f_6504285019,Micah Sittig,Grandma's home cooking and wine,CC BY 2.0,https://creativecommons.org/licenses/by/2.0/,https://www.flickr.com/photos/35468134321@N01/6504285019
f_4267281794,purpaboo,"Home cooked medallions of pork loin in a white wine sauce, mash and roasted broccoli and cauliflower.",CC BY 2.0,https://creativecommons.org/licenses/by/2.0/,https://www.flickr.com/photos/82904227@N00/4267281794
f_7410934630,jolly_sonali,Home cooking with CSA veggies,CC BY-SA 2.0,https://creativecommons.org/licenses/by-sa/2.0/,https://www.flickr.com/photos/75161087@N00/7410934630
f_16245844979,jamiemonsteroo,"First home cooked meal at my new home. Tri colour pasta with a chicken, bacon and mixed pepper sauce. Salami, prosciutto and cheese to garnish. All made from scratch by me.",CC BY-NC-SA 2.0,https://creativecommons.org/licenses/by-nc-sa/2.0/,https://www.flickr.com/photos/48001787@N06/16245844979
f_8463384950,cherrylet,Xi'an home cooking,CC BY-NC-SA 2.0,https://creativecommons.org/licenses/by-nc-sa/2.0/,https://www.flickr.com/photos/85508296@N00/8463384950
f_8458395367,arielmeow,Home-cooked,CC BY-NC-SA 2.0,https://creativecommons.org/licenses/by-nc-sa/2.0/,https://www.flickr.com/photos/57683569@N00/8458395367
f_15616834571,▓▒░ TORLEY ░▒▓,BRITANNIA HOME COOKED MESH,CC BY-SA 2.0,https://creativecommons.org/licenses/by-sa/2.0/,https://www.flickr.com/photos/70285332@N00/15616834571
f_3019507190,MrGluSniffer,First home cooked meal,CC BY 2.0,https://creativecommons.org/licenses/by/2.0/,https://www.flickr.com/photos/40040710908@N01/3019507190
f_7157654526,Thomas Hawk,Home Cooking,CC BY-NC 2.0,https://creativecommons.org/licenses/by-nc/2.0/,https://www.flickr.com/photos/51035555243@N01/7157654526
f_2424579339,apc33,Yakisoba - Home Cooked,CC BY-NC-SA 2.0,https://creativecommons.org/licenses/by-nc-sa/2.0/,https://www.flickr.com/photos/35688754@N00/2424579339
f_6448698999,DocGeek,Home Cooking: Thanksgiving Plate,CC BY-NC-SA 2.0,https://creativecommons.org/licenses/by-nc-sa/2.0/,https://www.flickr.com/photos/52193831@N07/6448698999
f_3018498916,craigCloutier,beach day,CC BY-SA 2.0,https://creativecommons.org/licenses/by-sa/2.0/,https://www.flickr.com/photos/23656277@N00/3018498916
f_4959571749,Donald Lee Pardue,Another beach day is almost over,CC BY 2.0,https://creativecommons.org/licenses/by/2.0/,https://www.flickr.com/photos/37216036@N05/4959571749
f_50076333173,Sky Noir,Beach Day,CC BY-NC 2.0,https://creativecommons.org/licenses/by-nc/2.0/,https://www.flickr.com/photos/49788302@N00/50076333173
f_5095166154,Phillip Pessar,Beautiful Beach Day,CC BY 2.0,https://creativecommons.org/licenses/by/2.0/,https://www.flickr.com/photos/25955895@N03/5095166154
f_5693315404,Wayan Vota,A beautiful Coco Beach day in Dar es Salaam,CC BY-NC-SA 2.0,https://creativecommons.org/licenses/by-nc-sa/2.0/,https://www.flickr.com/photos/42925588@N00/5693315404
f_36961585806,WOWS_,"Todavía nos queda algún día de playa por aquí, así que hay que aprovecharlos 😎😎 Espero que vosotros también lo hayáis pasado muy bien Un besazo guapos Beaching day. I hope you had a great Sunday. Lots of love #bikini#beachday#beachli",CC BY-NC-SA 2.0,https://creativecommons.org/licenses/by-nc-sa/2.0/,https://www.flickr.com/photos/82157118@N05/36961585806
f_400638880,ahisgett,Fanabe beach Day 6 Sunset 5,CC BY 2.0,https://creativecommons.org/licenses/by/2.0/,https://www.flickr.com/photos/37804979@N00/400638880
f_400637497,ahisgett,Fanabe beach Day 6 Sunset 3,CC BY 2.0,https://creativecommons.org/licenses/by/2.0/,https://www.flickr.com/photos/37804979@N00/400637497
f_8934267040,Jonathan Leung / artofstance.com,Timmy Beach Day 12,CC BY 2.0,https://creativecommons.org/licenses/by/2.0/,https://www.flickr.com/photos/79330424@N03/8934267040
f_12916120664,Tradlands,It's still winter but we are dreaming of the beach days ahead. A look at our Farallon Islands short-sleeve button-down. Available in just a couple of weeks on our website. #tradlands #treateveryweeklikeitssharkweek,CC BY 2.0,https://creativecommons.org/licenses/by/2.0/,https://www.flickr.com/photos/87743767@N07/12916120664
f_5939440854,lunita lu,beach day,CC BY-NC 2.0,https://creativecommons.org/licenses/by-nc/2.0/,https://www.flickr.com/photos/50166674@N00/5939440854
f_14713800896,khakidoggy,Beach Day,CC BY 2.0,https://creativecommons.org/licenses/by/2.0/,https://www.flickr.com/photos/50693219@N00/14713800896
f_9266001354,rundenreisen.org,The beach after a busy beach day,CC BY 2.0,https://creativecommons.org/licenses/by/2.0/,https://www.flickr.com/photos/31715625@N00/9266001354
f_20186239151,randallblakegriffith,Beach Days,CC BY-NC-SA 2.0,https://creativecommons.org/licenses/by-nc-sa/2.0/,https://www.flickr.com/photos/125081935@N04/20186239151
f_2327411963,oc_layos,Beach Day,CC BY-NC-SA 2.0,https://creativecommons.org/licenses/by-nc-sa/2.0/,https://www.flickr.com/photos/19678015@N06/2327411963
f_52272726796,ohefin,Beach day,CC BY-SA 2.0,https://creativecommons.org/licenses/by-sa/2.0/,https://www.flickr.com/photos/47515486@N05/52272726796
f_3847956380,AllansBrain,beach day 2009,CC BY 2.0,https://creativecommons.org/licenses/by/2.0/,https://www.flickr.com/photos/41741566@N08/3847956380
f_49405051292,NSPaul,Every day is a beach day!,CC BY 2.0,https://creativecommons.org/licenses/by/2.0/,https://www.flickr.com/photos/66284982@N03/49405051292
f_8666016200,Thorbard,Beach Day 9121,CC BY-NC-SA 2.0,https://creativecommons.org/licenses/by-nc-sa/2.0/,https://www.flickr.com/photos/72281766@N00/8666016200
f_14160336779,Massachusetts Secretary of Education,It was 'beach' day at Wayland HS for the rising Seniors. Too bad the weather didn't cooperate.,CC BY-NC-SA 2.0,https://creativecommons.org/licenses/by-nc-sa/2.0/,https://www.flickr.com/photos/84375882@N02/14160336779
f_6052754041,Emily Rachel Poisel,Birthday,CC BY 2.0,https://creativecommons.org/licenses/by/2.0/,https://www.flickr.com/photos/59773112@N07/6052754041
f_6972533910,Claire CJS,20110402 2324 - Christie's Birthday Party - stickers on the pool table - (by the 8's) - GEDC5986,CC BY-NC-SA 2.0,https://creativecommons.org/licenses/by-nc-sa/2.0/,https://www.flickr.com/photos/31355686@N00/6972533910
f_10832604654,MarkScottAustinTX,Aaron's Birthday,CC BY-SA 2.0,https://creativecommons.org/licenses/by-sa/2.0/,https://www.flickr.com/photos/57185608@N00/10832604654
f_16791624925,MarkScottAustinTX,Jeremy's Birthday at Mavericks,CC BY-SA 2.0,https://creativecommons.org/licenses/by-sa/2.0/,https://www.flickr.com/photos/57185608@N00/16791624925
f_3856486366,ND Strupler,Birthday Party,CC BY 2.0,https://creativecommons.org/licenses/by/2.0/,https://www.flickr.com/photos/9650814@N04/3856486366
f_373644284,Lachlan Hardy,"Happy Birthday, Lisa!",CC BY 2.0,https://creativecommons.org/licenses/by/2.0/,https://www.flickr.com/photos/98983159@N00/373644284
f_14474266459,Trish Hamme,Happy Birthday Bailey !,CC BY 2.0,https://creativecommons.org/licenses/by/2.0/,https://www.flickr.com/photos/33152876@N08/14474266459
f_5805086591,CJ Isherwood,Cake-escape: Totoro Cake - 25th Birthday,CC BY-SA 2.0,https://creativecommons.org/licenses/by-sa/2.0/,https://www.flickr.com/photos/30528809@N02/5805086591
f_2393905511,kgroovy,Monkey birthday cake!,CC BY-SA 2.0,https://creativecommons.org/licenses/by-sa/2.0/,https://www.flickr.com/photos/89056228@N00/2393905511
f_5797638967,"Jim, the Photographer",Gabrielle's Birthday Cake,CC BY 2.0,https://creativecommons.org/licenses/by/2.0/,https://www.flickr.com/photos/72744295@N00/5797638967
f_3044659302,Ashelia,Left 4 Dead Birthday Cake,CC BY-NC 2.0,https://creativecommons.org/licenses/by-nc/2.0/,https://www.flickr.com/photos/7684800@N06/3044659302
f_8459720442,poppet with a camera,Finn the Human birthday cake,CC BY 2.0,https://creativecommons.org/licenses/by/2.0/,https://www.flickr.com/photos/30070299@N06/8459720442
f_7066409597,ShardsOfBlue,Julie's Pinterest Birthday Party,CC BY-SA 2.0,https://creativecommons.org/licenses/by-sa/2.0/,https://www.flickr.com/photos/9350569@N08/7066409597
f_7066410321,ShardsOfBlue,Julie's Pinterest Birthday Party,CC BY-SA 2.0,https://creativecommons.org/licenses/by-sa/2.0/,https://www.flickr.com/photos/9350569@N08/7066410321
f_4725163703,insidious_plots,Coffee for Wesley and I in my new birthday cups! :),CC BY 2.0,https://creativecommons.org/licenses/by/2.0/,https://www.flickr.com/photos/70928775@N00/4725163703
f_6005499949,t i g,18th Birthday,CC BY-NC-SA 2.0,https://creativecommons.org/licenses/by-nc-sa/2.0/,https://www.flickr.com/photos/82199457@N00/6005499949
f_22593380969,MarkScottAustinTX,Nikki's Birthday 2015,CC BY-SA 2.0,https://creativecommons.org/licenses/by-sa/2.0/,https://www.flickr.com/photos/57185608@N00/22593380969
f_22569023888,MarkScottAustinTX,Nikki's Birthday 2015,CC BY-SA 2.0,https://creativecommons.org/licenses/by-sa/2.0/,https://www.flickr.com/photos/57185608@N00/22569023888
f_4177554,karen.tkr,Birthday dog,CC BY 2.0,https://creativecommons.org/licenses/by/2.0/,https://www.flickr.com/photos/29159285@N00/4177554
f_2575879729,fd,Birthday cake / Frosted sugar bombs,CC BY-NC 2.0,https://creativecommons.org/licenses/by-nc/2.0/,https://www.flickr.com/photos/44124473190@N01/2575879729
f_11183120093,mckaysavage,Peru - Day-hiking Ollantaytambo to Inti Punku Sun Gate 46,CC BY 2.0,https://creativecommons.org/licenses/by/2.0/,https://www.flickr.com/photos/56796376@N00/11183120093
f_5186444469,Emiliano Grusovin,hitch-hiking,CC BY-NC-SA 2.0,https://creativecommons.org/licenses/by-nc-sa/2.0/,https://www.flickr.com/photos/37182073@N06/5186444469
f_15340429537,Thomas Shahan 3,"Tamolitch Pool Hike, OR",CC BY-NC 2.0,https://creativecommons.org/licenses/by-nc/2.0/,https://www.flickr.com/photos/49580580@N02/15340429537
f_14805903009,the little red house,hiking snacks // the little red house,CC BY 2.0,https://creativecommons.org/licenses/by/2.0/,https://www.flickr.com/photos/25965042@N03/14805903009
f_4059009577,Trey Ratcliff,After the Hike,CC BY-NC-SA 2.0,https://creativecommons.org/licenses/by-nc-sa/2.0/,https://www.flickr.com/photos/95572727@N00/4059009577
f_6105945009,DVIDSHUB,Go the distance: CLB-5 takes on 7-mile hike [Image 6 of 7],CC BY 2.0,https://creativecommons.org/licenses/by/2.0/,https://www.flickr.com/photos/28650594@N03/6105945009
f_2739812921,Trekking Rinjani,Hiking trekking climbing adventures volcanoes Rinjani Lombok island Indonesia,CC BY 2.0,https://creativecommons.org/licenses/by/2.0/,https://www.flickr.com/photos/30087136@N00/2739812921
f_15728495287,MSVG,Cougar Ridge Hiking Path,CC BY 2.0,https://creativecommons.org/licenses/by/2.0/,https://www.flickr.com/photos/13907834@N00/15728495287
f_16430383931,mypubliclands,"BLM Winter Bucket List #29: Dripping Springs Natural Area within the Organ Mountains-Desert Peaks National Monument, New Mexico, for Easy Hikes and Wildlife Viewing Year-Round",CC BY 2.0,https://creativecommons.org/licenses/by/2.0/,https://www.flickr.com/photos/91981596@N06/16430383931
f_28838873340,archer10 (Dennis),NS-01794 - Colpitt Hike,CC BY-SA 2.0,https://creativecommons.org/licenses/by-sa/2.0/,https://www.flickr.com/photos/22490717@N02/28838873340
f_9644124822,dibaer,Melchsee-Frutt - Hiking Trail,CC BY-SA 2.0,https://creativecommons.org/licenses/by-sa/2.0/,https://www.flickr.com/photos/12940826@N02/9644124822
f_5864678829,buzzbo,Hike,CC BY-NC-SA 2.0,https://creativecommons.org/licenses/by-nc-sa/2.0/,https://www.flickr.com/photos/48232840@N00/5864678829
f_365938513,TroyMasonPhotography,snowshoe hike at Mt. Rainier,CC BY-NC 2.0,https://creativecommons.org/licenses/by-nc/2.0/,https://www.flickr.com/photos/97333561@N00/365938513
f_10067193973,Daniele Zanni,Hiking,CC BY-NC-SA 2.0,https://creativecommons.org/licenses/by-nc-sa/2.0/,https://www.flickr.com/photos/22839921@N08/10067193973
f_8728651456,Robert Thomson,"A man hiking in a Scottish kilt on Hakken-zan mountain near Jozankei, Hokkaido, Japan",CC BY-SA 2.0,https://creativecommons.org/licenses/by-sa/2.0/,https://www.flickr.com/photos/92154034@N00/8728651456
f_16183356677,mypubliclands,"BLM Winter Bucket List #27: Sonoran Desert National Monument, Arizona, for Day Hikes Among the Saguaro",CC BY 2.0,https://creativecommons.org/licenses/by/2.0/,https://www.flickr.com/photos/91981596@N06/16183356677
f_4900705092,Horia Varlan,Hiking trail sign on green hill,CC BY 2.0,https://creativecommons.org/licenses/by/2.0/,https://www.flickr.com/photos/10361931@N06/4900705092
f_7873936480,moonjazz,"Hiking at Torrey Pines State Park, San Diego, California",CC BY-NC 2.0,https://creativecommons.org/licenses/by-nc/2.0/,https://www.flickr.com/photos/8398907@N02/7873936480
f_37374124124,VisitEstonia,hike with snowshoes in the bog,CC BY-NC-SA 2.0,https://creativecommons.org/licenses/by-nc-sa/2.0/,https://www.flickr.com/photos/78660462@N05/37374124124
f_16367502541,mypubliclands,"BLM Winter Bucket List #27: Sonoran Desert National Monument, Arizona, for Day Hikes Among the Saguaro",CC BY 2.0,https://creativecommons.org/licenses/by/2.0/,https://www.flickr.com/photos/91981596@N06/16367502541
f_6134915899,Sistak,Remembering 9/11 - NY City Streets,CC BY-SA 2.0,https://creativecommons.org/licenses/by-sa/2.0/,https://www.flickr.com/photos/94801434@N00/6134915899
f_3256640018,Wonderlane,"Dragon Dancers swoosh by the old White man and the lion on Seattle's city street, Washington State, USA",CC BY 2.0,https://creativecommons.org/licenses/by/2.0/,https://www.flickr.com/photos/71401718@N00/3256640018
f_1192478067,blupics,City Street at Night | San Francisco,CC BY 2.0,https://creativecommons.org/licenses/by/2.0/,https://www.flickr.com/photos/43007543@N00/1192478067
f_40784371554,Ted's photos - For Me & You,2018 - Mexico City - Street Art ?,CC BY-NC-SA 2.0,https://creativecommons.org/licenses/by-nc-sa/2.0/,https://www.flickr.com/photos/90955804@N04/40784371554
f_327413608,Trevor Butcher - Artist,Learn to paint on a city street,CC BY 2.0,https://creativecommons.org/licenses/by/2.0/,https://www.flickr.com/photos/27888428@N00/327413608
f_45239559322,Kool Cats Photography over 15 Million Views,Empty City Street,CC BY-NC 2.0,https://creativecommons.org/licenses/by-nc/2.0/,https://www.flickr.com/photos/40775084@N05/45239559322
f_7652542860,Jaime Olmo,New York City Streets,CC BY 2.0,https://creativecommons.org/licenses/by/2.0/,https://www.flickr.com/photos/54873598@N00/7652542860
f_19280040882,Steven Pisano,New York City Street Scenes - Man on Phone,CC BY 2.0,https://creativecommons.org/licenses/by/2.0/,https://www.flickr.com/photos/45776673@N04/19280040882
f_5794521207,infomatique,Limerick City - Street Art,CC BY-SA 2.0,https://creativecommons.org/licenses/by-sa/2.0/,https://www.flickr.com/photos/80824546@N00/5794521207
f_20280628858,Steven Pisano,"New York City Street Scenes - Young Girl Licking an Ice Cream Cone, on Fifth Avenue",CC BY 2.0,https://creativecommons.org/licenses/by/2.0/,https://www.flickr.com/photos/45776673@N04/20280628858
f_20605704865,Steven Pisano,New York City Street Scenes - Woman with Bandage Over Her Eye with an Unlit Cigarette in Her Mouth,CC BY 2.0,https://creativecommons.org/licenses/by/2.0/,https://www.flickr.com/photos/45776673@N04/20605704865
f_19182372375,Boston City Archives,Boston City Street Cars [Tremont Street],CC BY-SA 2.0,https://creativecommons.org/licenses/by-sa/2.0/,https://www.flickr.com/photos/48039697@N05/19182372375
f_19185957971,Boston City Archives,Boston City Street Cars [Tremont Street],CC BY-SA 2.0,https://creativecommons.org/licenses/by-sa/2.0/,https://www.flickr.com/photos/48039697@N05/19185957971
f_51396755653,René Hernández _ 0705,Botticelli Zone 15 - Guatemala City street view,CC BY-SA 2.0,https://creativecommons.org/licenses/by-sa/2.0/,https://www.flickr.com/photos/137253937@N05/51396755653
f_15252371550,Soumyadeep Paul,Soulless city streets.,CC BY 2.0,https://creativecommons.org/licenses/by/2.0/,https://www.flickr.com/photos/56933894@N07/15252371550
f_26093881,Nimrod Bar,Delhi - old city streets,CC BY-NC-SA 2.0,https://creativecommons.org/licenses/by-nc-sa/2.0/,https://www.flickr.com/photos/24116728@N00/26093881
f_4056796184,Mr Thinktank,"City Streets on a rainy day in Dunedin, New Zealand",CC BY 2.0,https://creativecommons.org/licenses/by/2.0/,https://www.flickr.com/photos/34621580@N00/4056796184
f_5702105393,infomatique,Belfast City - Street Art ( Love Buzz),CC BY-SA 2.0,https://creativecommons.org/licenses/by-sa/2.0/,https://www.flickr.com/photos/80824546@N00/5702105393
f_4056053877,Mr Thinktank,"City Streets on a rainy day in Dunedin, New Zealand",CC BY 2.0,https://creativecommons.org/licenses/by/2.0/,https://www.flickr.com/photos/34621580@N00/4056053877
f_19290368511,Steven Pisano,New York City Street Scenes - Man with Beard in Mexico Suspenders Holding an American Flag,CC BY 2.0,https://creativecommons.org/licenses/by/2.0/,https://www.flickr.com/photos/45776673@N04/19290368511
f_2860429373,FUXICOS DA GLÁUCIA,Puxa saco garrafa PET e crochet,CC BY-NC-SA 2.0,https://creativecommons.org/licenses/by-nc-sa/2.0/,https://www.flickr.com/photos/29228963@N03/2860429373
f_6977081713,'it was 3 a.m.',Some People Should Not Have Pets,CC BY 2.0,https://creativecommons.org/licenses/by/2.0/,https://www.flickr.com/photos/68512679@N03/6977081713
f_4545047,krazydad / jbum,Naked Chia Pet #2,CC BY-NC-SA 2.0,https://creativecommons.org/licenses/by-nc-sa/2.0/,https://www.flickr.com/photos/94832693@N00/4545047
f_15665913078,fotopamas,Iguana as a Pet / Hanoi Streets / Vietnam,CC BY 2.0,https://creativecommons.org/licenses/by/2.0/,https://www.flickr.com/photos/126011817@N06/15665913078
f_2468688700,Joe Shlabotnik,Pet Area,CC BY 2.0,https://creativecommons.org/licenses/by/2.0/,https://www.flickr.com/photos/40646519@N00/2468688700
f_52072590225,jim.choate59,Pet Chicken 3467 A,CC BY-NC 2.0,https://creativecommons.org/licenses/by-nc/2.0/,https://www.flickr.com/photos/137864562@N06/52072590225
f_6448284373,JohnSeb,Commodore PET,CC BY 2.0,https://creativecommons.org/licenses/by/2.0/,https://www.flickr.com/photos/69875617@N00/6448284373
f_7460480966,Department of Environmental Protection Recycling a,"Cups, #1 PET plastic, accepted effective June 2012",CC BY 2.0,https://creativecommons.org/licenses/by/2.0/,https://www.flickr.com/photos/24222570@N05/7460480966
f_3561781480,Jay Woodworth,Our Pet Cat Mancha,CC BY 2.0,https://creativecommons.org/licenses/by/2.0/,https://www.flickr.com/photos/8518656@N07/3561781480
f_4413857563,karen H. nickname.{ pooh},pets,CC BY 2.0,https://creativecommons.org/licenses/by/2.0/,https://www.flickr.com/photos/47409110@N07/4413857563
f_7657753870,barkpetcare,Bark Pet Care Dog Walker Victoria BC Dog Walking Cat Sitting,CC BY 2.0,https://creativecommons.org/licenses/by/2.0/,https://www.flickr.com/photos/83701551@N08/7657753870
f_4414646206,karen H. nickname.{ pooh},Pets,CC BY 2.0,https://creativecommons.org/licenses/by/2.0/,https://www.flickr.com/photos/47409110@N07/4414646206
f_3755481856,WezlArt,Wizard101 pet portrait,CC BY-NC-SA 2.0,https://creativecommons.org/licenses/by-nc-sa/2.0/,https://www.flickr.com/photos/77698630@N00/3755481856
f_6441740175,LollypopFarm,"Pet of the Week: Bella, #14247160",CC BY-NC-SA 2.0,https://creativecommons.org/licenses/by-nc-sa/2.0/,https://www.flickr.com/photos/21889861@N04/6441740175
f_6239202757,LollypopFarm,"Pet of the Week: Medusa, 4689334",CC BY-NC-SA 2.0,https://creativecommons.org/licenses/by-nc-sa/2.0/,https://www.flickr.com/photos/21889861@N04/6239202757
f_6100715146,LollypopFarm,"Pet of the Week: Bear, 13651795",CC BY-NC-SA 2.0,https://creativecommons.org/licenses/by-nc-sa/2.0/,https://www.flickr.com/photos/21889861@N04/6100715146
f_6259483549,LollypopFarm,"Pet of the Week: Brandy, 14145247",CC BY-NC-SA 2.0,https://creativecommons.org/licenses/by-nc-sa/2.0/,https://www.flickr.com/photos/21889861@N04/6259483549
f_6307580347,LollypopFarm,"Pet of the Week: Odie, 14260426",CC BY-NC-SA 2.0,https://creativecommons.org/licenses/by-nc-sa/2.0/,https://www.flickr.com/photos/21889861@N04/6307580347
f_6638823097,LollypopFarm,"Pet of the Week: Scooby, 14348359",CC BY-NC-SA 2.0,https://creativecommons.org/licenses/by-nc-sa/2.0/,https://www.flickr.com/photos/21889861@N04/6638823097
f_2147445070,TunnelBug,Petting Zoo Train Station,CC BY-NC 2.0,https://creativecommons.org/licenses/by-nc/2.0/,https://www.flickr.com/photos/25078342@N00/2147445070
f_51941876532,Onasill - Bill Badzo - 149 Million Views - Thank Y,Toronto Ontario - Canada - Allan Gardens Conservatory - Toronto Tropical Garden - Heritage,CC BY-NC-SA 2.0,https://creativecommons.org/licenses/by-nc-sa/2.0/,https://www.flickr.com/photos/7156765@N05/51941876532
f_7797101664,Karen Roe,Chippenham Park Gardens 24-06-2012,CC BY 2.0,https://creativecommons.org/licenses/by/2.0/,https://www.flickr.com/photos/28752865@N08/7797101664
f_52109727823,Onasill - Bill Badzo - 149 Million Views - Thank Y,Toronto Ontario - Canada - Allan Gardens Conservatory - Toronto Tropical Garden - Heritage,CC BY-NC-SA 2.0,https://creativecommons.org/licenses/by-nc-sa/2.0/,https://www.flickr.com/photos/7156765@N05/52109727823
f_51059468841,Onasill - Bill Badzo - OFF- VACATION,Toronto Ontario - Canada - Allan Gardens Conservatory - Toronto Tropical Garden - Heritage,CC BY-SA 2.0,https://creativecommons.org/licenses/by-sa/2.0/,https://www.flickr.com/photos/7156765@N05/51059468841
f_3514388769,~Brenda-Starr~,Garden Path_Background 3,CC BY 2.0,https://creativecommons.org/licenses/by/2.0/,https://www.flickr.com/photos/37753256@N08/3514388769
f_29522797,**Mary**,Our Back Yard Garden in July/05,CC BY-NC-SA 2.0,https://creativecommons.org/licenses/by-nc-sa/2.0/,https://www.flickr.com/photos/79477324@N00/29522797
f_2712880605,Paulo Brandão,Inside Garden 360,CC BY-SA 2.0,https://creativecommons.org/licenses/by-sa/2.0/,https://www.flickr.com/photos/99181891@N00/2712880605
f_9504759046,Dave Catchpole,Hidcote Manor Garden (NT),CC BY 2.0,https://creativecommons.org/licenses/by/2.0/,https://www.flickr.com/photos/52957117@N04/9504759046
f_9504750330,Dave Catchpole,Hidcote Manor Garden (NT),CC BY 2.0,https://creativecommons.org/licenses/by/2.0/,https://www.flickr.com/photos/52957117@N04/9504750330
f_9496901790,Dave Catchpole,Hidcote Manor Garden (NT),CC BY 2.0,https://creativecommons.org/licenses/by/2.0/,https://www.flickr.com/photos/52957117@N04/9496901790
f_9494320813,Dave Catchpole,Hidcote Manor Garden (NT),CC BY 2.0,https://creativecommons.org/licenses/by/2.0/,https://www.flickr.com/photos/52957117@N04/9494320813
f_9516226385,Dave Catchpole,Hidcote Manor Garden (NT),CC BY 2.0,https://creativecommons.org/licenses/by/2.0/,https://www.flickr.com/photos/52957117@N04/9516226385
f_9516223515,Dave Catchpole,Hidcote Manor Garden (NT),CC BY 2.0,https://creativecommons.org/licenses/by/2.0/,https://www.flickr.com/photos/52957117@N04/9516223515
f_9531335778,kevin dooley,The Humble Administrator's Garden's Humble Administrator,CC BY 2.0,https://creativecommons.org/licenses/by/2.0/,https://www.flickr.com/photos/12836528@N00/9531335778
f_9504755272,Dave Catchpole,Hidcote Manor Garden (NT),CC BY 2.0,https://creativecommons.org/licenses/by/2.0/,https://www.flickr.com/photos/52957117@N04/9504755272
f_9526851605,Dave Catchpole,Hidcote Manor Garden (NT),CC BY 2.0,https://creativecommons.org/licenses/by/2.0/,https://www.flickr.com/photos/52957117@N04/9526851605
f_9504759572,Dave Catchpole,Hidcote Manor Garden (NT),CC BY 2.0,https://creativecommons.org/licenses/by/2.0/,https://www.flickr.com/photos/52957117@N04/9504759572
f_9516228637,Dave Catchpole,Hidcote Manor Garden (NT),CC BY 2.0,https://creativecommons.org/licenses/by/2.0/,https://www.flickr.com/photos/52957117@N04/9516228637
f_9546780857,Dave Catchpole,Hidcote Manor Garden (NT),CC BY 2.0,https://creativecommons.org/licenses/by/2.0/,https://www.flickr.com/photos/52957117@N04/9546780857
f_10407964304,seier+seier,"carlo scarpa, architect: fondazione querini stampalia, venice 1961-1963. garden detail, well head support.",CC BY-NC 2.0,https://creativecommons.org/licenses/by-nc/2.0/,https://www.flickr.com/photos/94852245@N00/10407964304
f_6612614629,nyxie,Kitchen,CC BY-NC-SA 2.0,https://creativecommons.org/licenses/by-nc-sa/2.0/,https://www.flickr.com/photos/19128855@N00/6612614629
f_199958907,Jax House,kitchen - week 10 - day 4,CC BY-SA 2.0,https://creativecommons.org/licenses/by-sa/2.0/,https://www.flickr.com/photos/20705618@N00/199958907
f_4685908,jm3,kitchen appliances,CC BY-SA 2.0,https://creativecommons.org/licenses/by-sa/2.0/,https://www.flickr.com/photos/37996588780@N01/4685908
f_5515809709,Bikes And Books,kitchen,CC BY-NC-SA 2.0,https://creativecommons.org/licenses/by-nc-sa/2.0/,https://www.flickr.com/photos/8640864@N03/5515809709
f_2506934075,WalkingGeek,kitchen 10,CC BY 2.0,https://creativecommons.org/licenses/by/2.0/,https://www.flickr.com/photos/14481478@N00/2506934075
f_2506934327,WalkingGeek,kitchen 3,CC BY 2.0,https://creativecommons.org/licenses/by/2.0/,https://www.flickr.com/photos/14481478@N00/2506934327
f_2240022333,contraversion,Kitchen,CC BY-NC 2.0,https://creativecommons.org/licenses/by-nc/2.0/,https://www.flickr.com/photos/49502995337@N01/2240022333
f_4950758075,avlxyz,"Chefs, open kitchen - Bella Vedere - blurred",CC BY-SA 2.0,https://creativecommons.org/licenses/by-sa/2.0/,https://www.flickr.com/photos/10559879@N00/4950758075
f_4150882375,Viktor Hertz,KITCHEN MIXER,CC BY-NC-SA 2.0,https://creativecommons.org/licenses/by-nc-sa/2.0/,https://www.flickr.com/photos/44302262@N08/4150882375
f_5421092711,Rochelle Hartman,Sunday morning in the kitchen--Daily Image 2011--February 6,CC BY 2.0,https://creativecommons.org/licenses/by/2.0/,https://www.flickr.com/photos/34756977@N00/5421092711
f_5840585667,vastateparksstaff,TL - Cabin 6 Kitchen,CC BY 2.0,https://creativecommons.org/licenses/by/2.0/,https://www.flickr.com/photos/37922399@N05/5840585667
f_5235373559,Percita,New Kitchen - mark 1,CC BY-SA 2.0,https://creativecommons.org/licenses/by-sa/2.0/,https://www.flickr.com/photos/90851177@N00/5235373559
f_8949463217,Defence Images,Army Chef Working in a Field Kitchen in Afghanistan,CC BY-NC 2.0,https://creativecommons.org/licenses/by-nc/2.0/,https://www.flickr.com/photos/48399297@N04/8949463217
f_3613171723,Luxury Train Club,Train Chartering - Kitchen on private charter train,CC BY-SA 2.0,https://creativecommons.org/licenses/by-sa/2.0/,https://www.flickr.com/photos/14589121@N00/3613171723
f_7847549366,archer10 (Dennis),Tunisia-3590 - Kitchen Area,CC BY-SA 2.0,https://creativecommons.org/licenses/by-sa/2.0/,https://www.flickr.com/photos/22490717@N02/7847549366
f_14431887121,larkandlarks,Apex Cottage White Kitchen,CC BY 2.0,https://creativecommons.org/licenses/by/2.0/,https://www.flickr.com/photos/124705972@N06/14431887121
f_4418443424,Jan Charles Linus Ekenstam,My Home Office 27' iMac in Kitchen with Scandinavian touch,CC BY-NC-SA 2.0,https://creativecommons.org/licenses/by-nc-sa/2.0/,https://www.flickr.com/photos/18842120@N04/4418443424
f_4955204998,slgckgc,Kitchen,CC BY 2.0,https://creativecommons.org/licenses/by/2.0/,https://www.flickr.com/photos/14771153@N04/4955204998
f_6900681461,www.homejobsbymom.com,kitchen,CC BY 2.0,https://creativecommons.org/licenses/by/2.0/,https://www.flickr.com/photos/76588981@N02/6900681461
f_5405387170,williamskitchenbath,Designed by Williams Kitchen & Bath,CC BY 2.0,https://creativecommons.org/licenses/by/2.0/,https://www.flickr.com/photos/56473047@N05/5405387170
f_22381140479,pixelmattic,Office Desk,CC BY 2.0,https://creativecommons.org/licenses/by/2.0/,https://www.flickr.com/photos/137422563@N02/22381140479
f_8095805216,slworking2,Halloween cubicle. Spider has captured his prey. #cubicle #Halloween #work #office #desk #desktoys #cubicle #geek #spiderweb #nerd #programmer #creative,CC BY-NC-SA 2.0,https://creativecommons.org/licenses/by-nc-sa/2.0/,https://www.flickr.com/photos/18548283@N00/8095805216
f_8095797847,slworking2,Halloween cubicle. Spider has captured his prey. #cubicle #Halloween #work #office #desk #desktoys #cubicle #geek #spiderweb #nerd #programmer #creative,CC BY-NC-SA 2.0,https://creativecommons.org/licenses/by-nc-sa/2.0/,https://www.flickr.com/photos/18548283@N00/8095797847
f_38774660750,tvanhoosear,My Office Desk,CC BY-SA 2.0,https://creativecommons.org/licenses/by-sa/2.0/,https://www.flickr.com/photos/92787319@N00/38774660750
f_9247364363,slworking2,I'm working. Geek at work. #geek #wfh #workinghard #workingfromhome #hardlyworking #office #desk #nerd #programmer,CC BY-NC-SA 2.0,https://creativecommons.org/licenses/by-nc-sa/2.0/,https://www.flickr.com/photos/18548283@N00/9247364363
f_14971674639,byzantiumbooks,Dumbledore's Office desk,CC BY 2.0,https://creativecommons.org/licenses/by/2.0/,https://www.flickr.com/photos/10688882@N00/14971674639
f_8071825366,slworking2,Five Guys for lunch. #workspace #lunch #workflow #cubicle #geek #office #desk,CC BY-NC-SA 2.0,https://creativecommons.org/licenses/by-nc-sa/2.0/,https://www.flickr.com/photos/18548283@N00/8071825366
f_2873119295,godber,My Office Desk,CC BY 2.0,https://creativecommons.org/licenses/by/2.0/,https://www.flickr.com/photos/41057695@N00/2873119295
f_3306402270,Foomandoonian,Torchwood office desk detail,CC BY-NC-SA 2.0,https://creativecommons.org/licenses/by-nc-sa/2.0/,https://www.flickr.com/photos/38677669@N00/3306402270
f_31148035251,blakespot,SGI O2 on the DC office desk,CC BY 2.0,https://creativecommons.org/licenses/by/2.0/,https://www.flickr.com/photos/35448539@N00/31148035251
f_3305572723,Foomandoonian,Torchwood office desk detail,CC BY-NC-SA 2.0,https://creativecommons.org/licenses/by-nc-sa/2.0/,https://www.flickr.com/photos/38677669@N00/3305572723
f_9307873659,slworking2,Lunch break. Geek at work. #geek #wfh #workinghard #workingfromhome #hardlyworking #office #desk #nerd #programmer,CC BY-NC-SA 2.0,https://creativecommons.org/licenses/by-nc-sa/2.0/,https://www.flickr.com/photos/18548283@N00/9307873659
f_9370582607,slworking2,Lunch break. Geek at work. #geek #wfh #workinghard #workingfromhome #hardlyworking #office #desk #nerd #programmer,CC BY-NC-SA 2.0,https://creativecommons.org/licenses/by-nc-sa/2.0/,https://www.flickr.com/photos/18548283@N00/9370582607
f_9292898511,slworking2,Lunch break. Geek at work. #geek #wfh #workinghard #workingfromhome #hardlyworking #office #desk #nerd #programmer,CC BY-NC-SA 2.0,https://creativecommons.org/licenses/by-nc-sa/2.0/,https://www.flickr.com/photos/18548283@N00/9292898511
f_306757970,Josh and Melanie Rosenthal,Office Desks - loft condo,CC BY-SA 2.0,https://creativecommons.org/licenses/by-sa/2.0/,https://www.flickr.com/photos/84263475@N00/306757970
f_2625240203,Dhanan Sekhar Edathara,"Israeli flag on office desk, 29 June 2008.",CC BY 2.0,https://creativecommons.org/licenses/by/2.0/,https://www.flickr.com/photos/7190761@N04/2625240203
f_48301626102,ell brown,Chappel & Wakes Colne Station - East Anglian Railway Museum - Main Station Buildings - Booking Office - desk,CC BY-NC-SA 2.0,https://creativecommons.org/licenses/by-nc-sa/2.0/,https://www.flickr.com/photos/39415781@N06/48301626102
f_9307864435,slworking2,Lunch break. Geek at work. #geek #wfh #workinghard #workingfromhome #hardlyworking #office #desk #nerd #programmer,CC BY-NC-SA 2.0,https://creativecommons.org/licenses/by-nc-sa/2.0/,https://www.flickr.com/photos/18548283@N00/9307864435
f_9628709836,dcmaster,What's in the Chinese Policmans office desk?,CC BY-NC-SA 2.0,https://creativecommons.org/licenses/by-nc-sa/2.0/,https://www.flickr.com/photos/76224602@N00/9628709836
f_5775007637,Matt Hamm,My office desk space at No.73,CC BY-NC 2.0,https://creativecommons.org/licenses/by-nc/2.0/,https://www.flickr.com/photos/73532212@N00/5775007637
f_1961029564,Anirudh Koul,Van Halen Concert - The Crowd,CC BY-NC 2.0,https://creativecommons.org/licenses/by-nc/2.0/,https://www.flickr.com/photos/84856173@N00/1961029564
f_2814093683,Anirudh Koul,Celine Dion Concert - Laser Lighting,CC BY-NC 2.0,https://creativecommons.org/licenses/by-nc/2.0/,https://www.flickr.com/photos/84856173@N00/2814093683
f_2737978510,Anirudh Koul,Backstreet Boys Concert - Backstreet's Back @ Montreal,CC BY-NC 2.0,https://creativecommons.org/licenses/by-nc/2.0/,https://www.flickr.com/photos/84856173@N00/2737978510
f_5693551087,Anirudh Koul,Rammstein Concert in New York,CC BY-NC 2.0,https://creativecommons.org/licenses/by-nc/2.0/,https://www.flickr.com/photos/84856173@N00/5693551087
f_7631272708,oatsy40,People at an open air concert,CC BY 2.0,https://creativecommons.org/licenses/by/2.0/,https://www.flickr.com/photos/68089229@N06/7631272708
f_3725939594,Anirudh Koul,KISS Concert in Montreal - Kiss Alive 35 Tour,CC BY-NC 2.0,https://creativecommons.org/licenses/by-nc/2.0/,https://www.flickr.com/photos/84856173@N00/3725939594
f_49520202916,U.S. Embassy Jerusalem,Regional Golden Singers concert at YMCA JLM,CC BY 2.0,https://creativecommons.org/licenses/by/2.0/,https://www.flickr.com/photos/46886434@N04/49520202916
f_49229557566,DragonBandPhotos,Holiday Concert - 9Dec2019 HHJ_4354,CC BY-NC 2.0,https://creativecommons.org/licenses/by-nc/2.0/,https://www.flickr.com/photos/29441220@N00/49229557566
f_14327469808,Archives de la Ville de Montréal,"Concert populaire à l'aréna Maurice-Richard, 29 juillet 1964, VM94-U156-024",CC BY-NC-SA 2.0,https://creativecommons.org/licenses/by-nc-sa/2.0/,https://www.flickr.com/photos/39478367@N02/14327469808
f_49229782127,DragonBandPhotos,Holiday Concert - 9Dec2019 HHJ_4351,CC BY-NC 2.0,https://creativecommons.org/licenses/by-nc/2.0/,https://www.flickr.com/photos/29441220@N00/49229782127
f_5570628916,Double--M,Concert Program by Willette,CC BY 2.0,https://creativecommons.org/licenses/by/2.0/,https://www.flickr.com/photos/49879584@N00/5570628916
f_10461282375,pilllpat (agence eureka),concert scène,CC BY 2.0,https://creativecommons.org/licenses/by/2.0/,https://www.flickr.com/photos/30533017@N00/10461282375
f_5598564617,szeke,"Walt Disney Concert Hall, Los Angeles",CC BY-NC-SA 2.0,https://creativecommons.org/licenses/by-nc-sa/2.0/,https://www.flickr.com/photos/43355249@N00/5598564617
f_49229092538,DragonBandPhotos,Holiday Concert - 9Dec2019 HHJ_4355,CC BY-NC 2.0,https://creativecommons.org/licenses/by-nc/2.0/,https://www.flickr.com/photos/29441220@N00/49229092538
f_49229557631,DragonBandPhotos,Holiday Concert - 9Dec2019 HHJ_4352,CC BY-NC 2.0,https://creativecommons.org/licenses/by-nc/2.0/,https://www.flickr.com/photos/29441220@N00/49229557631
f_49519684193,U.S. Embassy Jerusalem,Regional Golden Singers concert at YMCA JLM,CC BY 2.0,https://creativecommons.org/licenses/by/2.0/,https://www.flickr.com/photos/46886434@N04/49519684193
f_14525073017,Vince_Ander,Concert en hauteur,CC BY-NC 2.0,https://creativecommons.org/licenses/by-nc/2.0/,https://www.flickr.com/photos/114144234@N04/14525073017
f_15205856414,Johnragai-Moment Catcher,Back2Basixx | Performance | Welcoming Christ Concert,CC BY 2.0,https://creativecommons.org/licenses/by/2.0/,https://www.flickr.com/photos/40642065@N06/15205856414
f_16147916593,Vince_Ander,Street concert in Paris,CC BY 2.0,https://creativecommons.org/licenses/by/2.0/,https://www.flickr.com/photos/114144234@N04/16147916593
f_422658631,Claire CJS,20060504 - Voltaire Concert at Nation - Goth Prom - Carolyn - 100-0006-diptych-100-0005,CC BY-NC-SA 2.0,https://creativecommons.org/licenses/by-nc-sa/2.0/,https://www.flickr.com/photos/31355686@N00/422658631
f_15972186998,inspiring!,Balinese women offering refreshments to the Wedding guests,CC BY-SA 2.0,https://creativecommons.org/licenses/by-sa/2.0/,https://www.flickr.com/photos/61590194@N03/15972186998
f_3839789844,sean dreilinger,wedding guests - _MG_2827,CC BY-NC-SA 2.0,https://creativecommons.org/licenses/by-nc-sa/2.0/,https://www.flickr.com/photos/43927576@N00/3839789844
f_14503215143,bob the lomond,wedding guests on the lawn,CC BY-NC 2.0,https://creativecommons.org/licenses/by-nc/2.0/,https://www.flickr.com/photos/90001203@N00/14503215143
f_4800713076,Laurel Fan,8:36pm: dinner w/ haidy and other wedding guests,CC BY-SA 2.0,https://creativecommons.org/licenses/by-sa/2.0/,https://www.flickr.com/photos/18295242@N00/4800713076
f_10003646223,Alan Burnett,Wedding Guests (Circa 1947),CC BY-SA 2.0,https://creativecommons.org/licenses/by-sa/2.0/,https://www.flickr.com/photos/49642305@N02/10003646223
f_2919582972,Joe Shlabotnik,Wedding Guest,CC BY 2.0,https://creativecommons.org/licenses/by/2.0/,https://www.flickr.com/photos/40646519@N00/2919582972
f_16078875185,philwarren,Wedding Guest,CC BY 2.0,https://creativecommons.org/licenses/by/2.0/,https://www.flickr.com/photos/9773060@N04/16078875185
f_8527880407,blmurch,Wedding guests at reception,CC BY 2.0,https://creativecommons.org/licenses/by/2.0/,https://www.flickr.com/photos/82439748@N00/8527880407
f_6503966,iBjorn,the wedding guests,CC BY-SA 2.0,https://creativecommons.org/licenses/by-sa/2.0/,https://www.flickr.com/photos/93378328@N00/6503966
f_280461361,zanzo,Wedding Guests,CC BY-NC 2.0,https://creativecommons.org/licenses/by-nc/2.0/,https://www.flickr.com/photos/68149505@N00/280461361
f_229825300,thejesse,Wedding guests I don't know,CC BY-SA 2.0,https://creativecommons.org/licenses/by-sa/2.0/,https://www.flickr.com/photos/84226264@N00/229825300
f_4537056526,Joe Shlabotnik,Wedding Guests,CC BY-NC-SA 2.0,https://creativecommons.org/licenses/by-nc-sa/2.0/,https://www.flickr.com/photos/40646519@N00/4537056526
f_8527884851,blmurch,Wedding guests at reception,CC BY 2.0,https://creativecommons.org/licenses/by/2.0/,https://www.flickr.com/photos/82439748@N00/8527884851
f_7295289212,Nichole_Rowbottom,Wedding Guest,CC BY 2.0,https://creativecommons.org/licenses/by/2.0/,https://www.flickr.com/photos/51118464@N06/7295289212
f_439006297,Joe Shlabotnik,Wedding Guests,CC BY 2.0,https://creativecommons.org/licenses/by/2.0/,https://www.flickr.com/photos/40646519@N00/439006297
f_8199683433,Photography from the soul,Wedding guests,CC BY-NC-SA 2.0,https://creativecommons.org/licenses/by-nc-sa/2.0/,https://www.flickr.com/photos/45778274@N07/8199683433
f_7155812618,Joe Shlabotnik,Wedding Guests,CC BY-NC-SA 2.0,https://creativecommons.org/licenses/by-nc-sa/2.0/,https://www.flickr.com/photos/40646519@N00/7155812618
f_7150880183,Joe Shlabotnik,Wedding Guests,CC BY-NC-SA 2.0,https://creativecommons.org/licenses/by-nc-sa/2.0/,https://www.flickr.com/photos/40646519@N00/7150880183
f_4537057898,Joe Shlabotnik,Wedding Guests,CC BY-NC-SA 2.0,https://creativecommons.org/licenses/by-nc-sa/2.0/,https://www.flickr.com/photos/40646519@N00/4537057898
f_4537065786,Joe Shlabotnik,Happy Wedding Guests,CC BY-NC-SA 2.0,https://creativecommons.org/licenses/by-nc-sa/2.0/,https://www.flickr.com/photos/40646519@N00/4537065786
f_6212025850,South Carolina State Library,2011 national book festival photo,CC BY-NC 2.0,https://creativecommons.org/licenses/by-nc/2.0/,https://www.flickr.com/photos/83771089@N00/6212025850
f_14630368645,Cost3l,"Medieval Iasi Festival, 2014",CC BY-NC-SA 2.0,https://creativecommons.org/licenses/by-nc-sa/2.0/,https://www.flickr.com/photos/11473706@N03/14630368645
f_8097415973,Viktor Hertz,Poster for Uppsala International Short Film Festival,CC BY-NC-SA 2.0,https://creativecommons.org/licenses/by-nc-sa/2.0/,https://www.flickr.com/photos/44302262@N08/8097415973
f_26769468447,ER's Eyes - Our planet is beautiful.,"SOUNDHEARTS Festival São Paulo - RADIOHEAD, Allianz Parque.",CC BY-NC-SA 2.0,https://creativecommons.org/licenses/by-nc-sa/2.0/,https://www.flickr.com/photos/41111966@N04/26769468447
f_6961866029,Eva Rinaldi Celebrity Photographer,Australian Film Festival,CC BY-SA 2.0,https://creativecommons.org/licenses/by-sa/2.0/,https://www.flickr.com/photos/58820009@N05/6961866029
f_5520987007,Eva Rinaldi Celebrity Photographer,Pendulum Future Music Festival 2011,CC BY-SA 2.0,https://creativecommons.org/licenses/by-sa/2.0/,https://www.flickr.com/photos/58820009@N05/5520987007
f_5520569298,Eva Rinaldi Celebrity Photographer,Future Music Festival 2011,CC BY-SA 2.0,https://creativecommons.org/licenses/by-sa/2.0/,https://www.flickr.com/photos/58820009@N05/5520569298
f_5521461562,Eva Rinaldi Celebrity Photographer,Future Music Festival 2011,CC BY-SA 2.0,https://creativecommons.org/licenses/by-sa/2.0/,https://www.flickr.com/photos/58820009@N05/5521461562
f_5520592096,Eva Rinaldi Celebrity Photographer,Future Music Festival 2011,CC BY-SA 2.0,https://creativecommons.org/licenses/by-sa/2.0/,https://www.flickr.com/photos/58820009@N05/5520592096
f_14647488853,North Charleston,North Charleston's 4th of July Festival,CC BY-SA 2.0,https://creativecommons.org/licenses/by-sa/2.0/,https://www.flickr.com/photos/36686551@N06/14647488853
f_9245091687,North Charleston,North Charleston's 4th of July Festival,CC BY-SA 2.0,https://creativecommons.org/licenses/by-sa/2.0/,https://www.flickr.com/photos/36686551@N06/9245091687
f_5520054857,Eva Rinaldi Celebrity Photographer,The Presets-Future Music Festival 2011,CC BY-SA 2.0,https://creativecommons.org/licenses/by-sa/2.0/,https://www.flickr.com/photos/58820009@N05/5520054857
f_5520481476,Eva Rinaldi Celebrity Photographer,Future Music Festival 2011,CC BY-SA 2.0,https://creativecommons.org/licenses/by-sa/2.0/,https://www.flickr.com/photos/58820009@N05/5520481476
f_9245096047,North Charleston,North Charleston's 4th of July Festival,CC BY-SA 2.0,https://creativecommons.org/licenses/by-sa/2.0/,https://www.flickr.com/photos/36686551@N06/9245096047
f_5520539634,Eva Rinaldi Celebrity Photographer,Future Music Festival 2011,CC BY-SA 2.0,https://creativecommons.org/licenses/by-sa/2.0/,https://www.flickr.com/photos/58820009@N05/5520539634
f_5520517090,Eva Rinaldi Celebrity Photographer,Future Music Festival 2011,CC BY-SA 2.0,https://creativecommons.org/licenses/by-sa/2.0/,https://www.flickr.com/photos/58820009@N05/5520517090
f_5520569320,Eva Rinaldi Celebrity Photographer,Future Music Festival 2011,CC BY-SA 2.0,https://creativecommons.org/licenses/by-sa/2.0/,https://www.flickr.com/photos/58820009@N05/5520569320
f_5520986983,Eva Rinaldi Celebrity Photographer,Pendulum Future Music Festival 2011,CC BY-SA 2.0,https://creativecommons.org/licenses/by-sa/2.0/,https://www.flickr.com/photos/58820009@N05/5520986983
f_7529465048,Exit Festival,EXIT festival 2012 Map,CC BY-NC-SA 2.0,https://creativecommons.org/licenses/by-nc-sa/2.0/,https://www.flickr.com/photos/48584875@N05/7529465048
f_5520592112,Eva Rinaldi Celebrity Photographer,Future Music Festival 2011,CC BY-SA 2.0,https://creativecommons.org/licenses/by-sa/2.0/,https://www.flickr.com/photos/58820009@N05/5520592112
f_31943262101,Jorge Lascar,Flåmsbana - Crowned the most beautiful train journey in the world,CC BY 2.0,https://creativecommons.org/licenses/by/2.0/,https://www.flickr.com/photos/8721758@N06/31943262101
f_31912977972,Jorge Lascar,Flåmsbana - Crowned the most beautiful train journey in the world,CC BY 2.0,https://creativecommons.org/licenses/by/2.0/,https://www.flickr.com/photos/8721758@N06/31912977972
f_15000757198,Monika Kostera (urbanlegend),Views: The Albanian train journey (3),CC BY-SA 2.0,https://creativecommons.org/licenses/by-sa/2.0/,https://www.flickr.com/photos/17989497@N00/15000757198
f_15000802767,Monika Kostera (urbanlegend),The Station: The Albanian train journey (3),CC BY-SA 2.0,https://creativecommons.org/licenses/by-sa/2.0/,https://www.flickr.com/photos/17989497@N00/15000802767
f_15747155308,Anup Shah,"View from the train journey from Bergen to Oslo, across the Norwegian countryside",CC BY-SA 2.0,https://creativecommons.org/licenses/by-sa/2.0/,https://www.flickr.com/photos/79544062@N00/15747155308
f_5574026256,Rishu83,The Train Journey,CC BY-SA 2.0,https://creativecommons.org/licenses/by-sa/2.0/,https://www.flickr.com/photos/9126603@N05/5574026256
f_2147431698,tiexano,The train journey home: Train # 2,CC BY-NC-SA 2.0,https://creativecommons.org/licenses/by-nc-sa/2.0/,https://www.flickr.com/photos/20799701@N00/2147431698
f_7633103298,GreenLakeBlue Photography,Panoramic train journey (Val di Non) - Italy,CC BY 2.0,https://creativecommons.org/licenses/by/2.0/,https://www.flickr.com/photos/83298232@N05/7633103298
f_15932633421,Anup Shah,"View from the train journey from Bergen to Oslo, across the Norwegian countryside",CC BY-SA 2.0,https://creativecommons.org/licenses/by-sa/2.0/,https://www.flickr.com/photos/79544062@N00/15932633421
f_184693942,Mon Quixote,train journey IMAGINE SKY,CC BY 2.0,https://creativecommons.org/licenses/by/2.0/,https://www.flickr.com/photos/67707431@N00/184693942
f_28449024695,Divya Shivaram,Train journeys.,CC BY-NC-SA 2.0,https://creativecommons.org/licenses/by-nc-sa/2.0/,https://www.flickr.com/photos/75411021@N06/28449024695
f_2362927278,Chrismartin76,"Casablanca to Marrakech Train Journey, Morocco 14",CC BY-SA 2.0,https://creativecommons.org/licenses/by-sa/2.0/,https://www.flickr.com/photos/82717204@N00/2362927278
f_1282083688,Nicobobinus,"Notes from a train journey #3: Billingshurst, West Sussex",CC BY-NC 2.0,https://creativecommons.org/licenses/by-nc/2.0/,https://www.flickr.com/photos/28911620@N00/1282083688
f_32060868935,Jorge Lascar,Flåmsbana - Crowned the most beautiful train journey in the world,CC BY 2.0,https://creativecommons.org/licenses/by/2.0/,https://www.flickr.com/photos/8721758@N06/32060868935
f_5573420515,Rishu83,The Train Journey,CC BY-SA 2.0,https://creativecommons.org/licenses/by-sa/2.0/,https://www.flickr.com/photos/9126603@N05/5573420515
f_32950262196,Clive Varley,Train Journey,CC BY 2.0,https://creativecommons.org/licenses/by/2.0/,https://www.flickr.com/photos/100732098@N06/32950262196
f_5573437781,Rishu83,The Train Journey,CC BY-SA 2.0,https://creativecommons.org/licenses/by-sa/2.0/,https://www.flickr.com/photos/9126603@N05/5573437781
f_1281225899,Nicobobinus,Notes from a train journey #1: 'we need to reboot the train',CC BY-NC 2.0,https://creativecommons.org/licenses/by-nc/2.0/,https://www.flickr.com/photos/28911620@N00/1281225899
f_7149581885,blafond,"Voyage en train - Train journey, TGV Méditerranée, France",CC BY-NC-SA 2.0,https://creativecommons.org/licenses/by-nc-sa/2.0/,https://www.flickr.com/photos/23873757@N02/7149581885
f_22787870484,Queenie & the Dew,The last few days have largely been spent dashing around a hospital in Kent or else stuck on long train journeys. I'm so happy to be home with my furry people. #catstagram #catlover #fatcatproblems #fatcats #fatcat #kittycat #cat #catlady #catsofinstagram,CC BY-NC 2.0,https://creativecommons.org/licenses/by-nc/2.0/,https://www.flickr.com/photos/45214024@N02/22787870484
f_8030558816,MDGovpics,1st Lady hosts military families dinner,CC BY 2.0,https://creativecommons.org/licenses/by/2.0/,https://www.flickr.com/photos/64018555@N03/8030558816
f_8030593535,MDGovpics,1st Lady hosts military families dinner,CC BY 2.0,https://creativecommons.org/licenses/by/2.0/,https://www.flickr.com/photos/64018555@N03/8030593535
f_8030537466,MDGovpics,1st Lady hosts military families dinner,CC BY 2.0,https://creativecommons.org/licenses/by/2.0/,https://www.flickr.com/photos/64018555@N03/8030537466
f_8030799744,MDGovpics,1st Lady hosts military families dinner,CC BY 2.0,https://creativecommons.org/licenses/by/2.0/,https://www.flickr.com/photos/64018555@N03/8030799744
f_8030723317,MDGovpics,1st Lady hosts military families dinner,CC BY 2.0,https://creativecommons.org/licenses/by/2.0/,https://www.flickr.com/photos/64018555@N03/8030723317
f_8030674951,MDGovpics,1st Lady hosts military families dinner,CC BY 2.0,https://creativecommons.org/licenses/by/2.0/,https://www.flickr.com/photos/64018555@N03/8030674951
f_8030681084,MDGovpics,1st Lady hosts military families dinner,CC BY 2.0,https://creativecommons.org/licenses/by/2.0/,https://www.flickr.com/photos/64018555@N03/8030681084
f_8030554864,MDGovpics,1st Lady hosts military families dinner,CC BY 2.0,https://creativecommons.org/licenses/by/2.0/,https://www.flickr.com/photos/64018555@N03/8030554864
f_8030758270,MDGovpics,1st Lady hosts military families dinner,CC BY 2.0,https://creativecommons.org/licenses/by/2.0/,https://www.flickr.com/photos/64018555@N03/8030758270
f_8030682447,MDGovpics,1st Lady hosts military families dinner,CC BY 2.0,https://creativecommons.org/licenses/by/2.0/,https://www.flickr.com/photos/64018555@N03/8030682447
f_2784603050,Claire CJS,20080807 - Family Dinner at Bethany Beach - 163-6375 - Jordan with food on face,CC BY-NC-SA 2.0,https://creativecommons.org/licenses/by-nc-sa/2.0/,https://www.flickr.com/photos/31355686@N00/2784603050
f_15184717288,wohlford,Family Dinner,CC BY 2.0,https://creativecommons.org/licenses/by/2.0/,https://www.flickr.com/photos/64156836@N00/15184717288
f_4957986436,Claire CJS,20100806 2018 - Cape Cod - family dinner - cousin group photo - IMG_2124,CC BY-NC-SA 2.0,https://creativecommons.org/licenses/by-nc-sa/2.0/,https://www.flickr.com/photos/31355686@N00/4957986436
f_4958026154,Claire CJS,"20100806 1952 - Cape Cod - family dinner - Dave, Mark, Kevin, Allison, Jordan, Jennifer, Ethan - IMG_2092",CC BY-NC-SA 2.0,https://creativecommons.org/licenses/by-nc-sa/2.0/,https://www.flickr.com/photos/31355686@N00/4958026154
f_8030694101,MDGovpics,1st Lady hosts military families dinner,CC BY 2.0,https://creativecommons.org/licenses/by/2.0/,https://www.flickr.com/photos/64018555@N03/8030694101
f_8030530482,MDGovpics,1st Lady hosts military families dinner,CC BY 2.0,https://creativecommons.org/licenses/by/2.0/,https://www.flickr.com/photos/64018555@N03/8030530482
f_8030765711,MDGovpics,1st Lady hosts military families dinner,CC BY 2.0,https://creativecommons.org/licenses/by/2.0/,https://www.flickr.com/photos/64018555@N03/8030765711
f_8030764934,MDGovpics,1st Lady hosts military families dinner,CC BY 2.0,https://creativecommons.org/licenses/by/2.0/,https://www.flickr.com/photos/64018555@N03/8030764934
f_8030599544,MDGovpics,1st Lady hosts military families dinner,CC BY 2.0,https://creativecommons.org/licenses/by/2.0/,https://www.flickr.com/photos/64018555@N03/8030599544
f_1910890902,craig1black,The Black Family Dinner -- in the 80's,CC BY-NC 2.0,https://creativecommons.org/licenses/by-nc/2.0/,https://www.flickr.com/photos/95368991@N00/1910890902
f_2415211196,davidpbrown,80s Party,CC BY 2.0,https://creativecommons.org/licenses/by/2.0/,https://www.flickr.com/photos/19513617@N00/2415211196
f_3597475209,merfam,Graduation After-Party,CC BY 2.0,https://creativecommons.org/licenses/by/2.0/,https://www.flickr.com/photos/74288833@N00/3597475209
f_15869997760,GigNroll,Fender Jazz Bass,CC BY-SA 2.0,https://creativecommons.org/licenses/by-sa/2.0/,https://www.flickr.com/photos/129499477@N06/15869997760
f_39348672482,DaPuglet,Happy New Year Flickr Friends!,CC BY-SA 2.0,https://creativecommons.org/licenses/by-sa/2.0/,https://www.flickr.com/photos/43810158@N07/39348672482
f_4079229245,Trey Ratcliff,The Crimson before the Party,CC BY-NC-SA 2.0,https://creativecommons.org/licenses/by-nc-sa/2.0/,https://www.flickr.com/photos/95572727@N00/4079229245
f_6131251211,chumlee10,Good Girl Pam,CC BY-SA 2.0,https://creativecommons.org/licenses/by-sa/2.0/,https://www.flickr.com/photos/39819915@N05/6131251211
f_184593094,Andrew Niddrie,A circle of children around Gulliver Sculpture,CC BY-NC-SA 2.0,https://creativecommons.org/licenses/by-nc-sa/2.0/,https://www.flickr.com/photos/61333346@N00/184593094
f_8428674546,Jirka Matousek,ISC Czech Republic Presentation & Party Fall 2011,CC BY 2.0,https://creativecommons.org/licenses/by/2.0/,https://www.flickr.com/photos/28415633@N00/8428674546
f_23869249457,jazzmoon12,Ballet Jana,CC BY-NC 2.0,https://creativecommons.org/licenses/by-nc/2.0/,https://www.flickr.com/photos/49793991@N04/23869249457
f_2290306911,Wonderlane,Buckaroo Banzai: You remind me of someone I once knew. Penny Priddy: Was she... very beautiful? Buckaroo Banzai: She was... Queen of the Netherlands,CC BY 2.0,https://creativecommons.org/licenses/by/2.0/,https://www.flickr.com/photos/71401718@N00/2290306911
f_35467046072,DaPuglet,Happy 150th Canada!,CC BY-SA 2.0,https://creativecommons.org/licenses/by-sa/2.0/,https://www.flickr.com/photos/43810158@N07/35467046072
f_2923860298,Tony Fischer Photography,A Courtship in Brooklyn,CC BY 2.0,https://creativecommons.org/licenses/by/2.0/,https://www.flickr.com/photos/22714323@N06/2923860298
f_2977915895,gabemac,Birthday party 33,CC BY 2.0,https://creativecommons.org/licenses/by/2.0/,https://www.flickr.com/photos/38366783@N00/2977915895
f_4521255107,Dawn Huczek,diet coke,CC BY 2.0,https://creativecommons.org/licenses/by/2.0/,https://www.flickr.com/photos/31064702@N05/4521255107
f_1350974831,kimyidionne,tea party eats,CC BY-NC-SA 2.0,https://creativecommons.org/licenses/by-nc-sa/2.0/,https://www.flickr.com/photos/10845806@N00/1350974831
f_15817222911,GigNroll,Gibson Les Paul,CC BY 2.0,https://creativecommons.org/licenses/by/2.0/,https://www.flickr.com/photos/129499477@N06/15817222911
f_308001488,andrewtcrummy,Nude Woman Reclining Painting,CC BY-NC-SA 2.0,https://creativecommons.org/licenses/by-nc-sa/2.0/,https://www.flickr.com/photos/82922695@N00/308001488
f_1942864078,carabou,Cake #8 (Final): Wedding Cake,CC BY 2.0,https://creativecommons.org/licenses/by/2.0/,https://www.flickr.com/photos/22481796@N00/1942864078
f_4393262126,andymangold,Present for Tony,CC BY 2.0,https://creativecommons.org/licenses/by/2.0/,https://www.flickr.com/photos/30116130@N03/4393262126
f_14803494877,bguilas21,On the road (CA to TX road trip),CC BY-NC-SA 2.0,https://creativecommons.org/licenses/by-nc-sa/2.0/,https://www.flickr.com/photos/34580964@N08/14803494877
f_8379287056,KangHeeRhee,winter road trip,CC BY-NC 2.0,https://creativecommons.org/licenses/by-nc/2.0/,https://www.flickr.com/photos/17283345@N02/8379287056
f_22037481925,Ted's photos - For Me & You,2015 - Kamloops-Lillooet Road Trip - 2 of 9 - Alexandra Tunnel,CC BY-NC-SA 2.0,https://creativecommons.org/licenses/by-nc-sa/2.0/,https://www.flickr.com/photos/90955804@N04/22037481925
f_4788388787,-= Bruce Berrien =-,Road Trip #9,CC BY 2.0,https://creativecommons.org/licenses/by/2.0/,https://www.flickr.com/photos/16805519@N00/4788388787
f_27447077294,Ted's photos - For Me & You,2016 - Road Trip - Calgary Alberta - Juame Plensa - 1 of 3,CC BY-NC-SA 2.0,https://creativecommons.org/licenses/by-nc-sa/2.0/,https://www.flickr.com/photos/90955804@N04/27447077294
f_28246252130,Baron Reznik,Road Trip Through The Faroe Islands,CC BY-NC-SA 2.0,https://creativecommons.org/licenses/by-nc-sa/2.0/,https://www.flickr.com/photos/56077632@N00/28246252130
f_8221498290,Terry Hassan,Area 51 Road Trip,CC BY-NC-SA 2.0,https://creativecommons.org/licenses/by-nc-sa/2.0/,https://www.flickr.com/photos/15427108@N05/8221498290
f_6323552171,Hugo-90,Father and Son Road Trip,CC BY 2.0,https://creativecommons.org/licenses/by/2.0/,https://www.flickr.com/photos/32109282@N00/6323552171
f_16451351642,Leticia Roncero,Road Trip,CC BY-NC 2.0,https://creativecommons.org/licenses/by-nc/2.0/,https://www.flickr.com/photos/130405532@N06/16451351642
f_14943180226,bguilas21,Ciudad Juarez Mexico (CA to TX road trip),CC BY-NC-SA 2.0,https://creativecommons.org/licenses/by-nc-sa/2.0/,https://www.flickr.com/photos/34580964@N08/14943180226
f_48727051551,Ted's photos - For Me & You,2019 - Road Trip - 19 - Spokane Riverfront Park - DeLorean Expo - Car Show - 3 of 3,CC BY-NC-SA 2.0,https://creativecommons.org/licenses/by-nc-sa/2.0/,https://www.flickr.com/photos/90955804@N04/48727051551
f_22020280755,Ted's photos - For Me & You,2015 - Kamloops-Lillooet Road Trip - 1 of 9 - Ditched,CC BY-NC-SA 2.0,https://creativecommons.org/licenses/by-nc-sa/2.0/,https://www.flickr.com/photos/90955804@N04/22020280755
f_27655780855,Duchess Flux,Road Trip,CC BY-NC 2.0,https://creativecommons.org/licenses/by-nc/2.0/,https://www.flickr.com/photos/47217049@N05/27655780855
f_4715583939,-= Bruce Berrien =-,Road Trip #2,CC BY 2.0,https://creativecommons.org/licenses/by/2.0/,https://www.flickr.com/photos/16805519@N00/4715583939
f_11573020995,Can Pac Swire,Reddy doing his research before a quick road trip to New York City,CC BY-NC 2.0,https://creativecommons.org/licenses/by-nc/2.0/,https://www.flickr.com/photos/18378305@N00/11573020995
f_2413886339,protorio,Mendocino Road trip,CC BY-NC-SA 2.0,https://creativecommons.org/licenses/by-nc-sa/2.0/,https://www.flickr.com/photos/25671211@N02/2413886339
f_21450799660,emilykneeter,"moments half remembered, road trip",CC BY 2.0,https://creativecommons.org/licenses/by/2.0/,https://www.flickr.com/photos/34773377@N02/21450799660
f_50404524942,Thomas Hawk,"Neon Road Trip, John Barnes",CC BY-NC 2.0,https://creativecommons.org/licenses/by-nc/2.0/,https://www.flickr.com/photos/51035555243@N01/50404524942
f_131537198,parityytirap,Road Trip 36,CC BY 2.0,https://creativecommons.org/licenses/by/2.0/,https://www.flickr.com/photos/19068865@N00/131537198
f_5654818424,Mr.Connor,A Road Trip,CC BY 2.0,https://creativecommons.org/licenses/by/2.0/,https://www.flickr.com/photos/52480882@N05/5654818424
f_22384239499,mikecogh,Beware: Cars Driving Off Cliffs,CC BY-SA 2.0,https://creativecommons.org/licenses/by-sa/2.0/,https://www.flickr.com/photos/89165847@N00/22384239499
f_2328716560,thomasrdotorg,Timo Glock Rally Car Drive 028,CC BY 2.0,https://creativecommons.org/licenses/by/2.0/,https://www.flickr.com/photos/28135215@N00/2328716560
f_2328715200,thomasrdotorg,Timo Glock Rally Car Drive 018,CC BY 2.0,https://creativecommons.org/licenses/by/2.0/,https://www.flickr.com/photos/28135215@N00/2328715200
f_2328712694,thomasrdotorg,Timo Glock Rally Car Drive 001,CC BY 2.0,https://creativecommons.org/licenses/by/2.0/,https://www.flickr.com/photos/28135215@N00/2328712694
f_16329641818,avlxyz,Car driving through a flash flood at Oakleigh South,CC BY-NC 2.0,https://creativecommons.org/licenses/by-nc/2.0/,https://www.flickr.com/photos/10559879@N00/16329641818
f_165859975,Shiny Things,Cable car drive wheels,CC BY-NC 2.0,https://creativecommons.org/licenses/by-nc/2.0/,https://www.flickr.com/photos/33389938@N00/165859975
f_3066347883,newneonunion,what race car driving does to hearing,CC BY-NC 2.0,https://creativecommons.org/licenses/by-nc/2.0/,https://www.flickr.com/photos/87442978@N00/3066347883
f_2328716702,thomasrdotorg,Timo Glock Rally Car Drive 029,CC BY 2.0,https://creativecommons.org/licenses/by/2.0/,https://www.flickr.com/photos/28135215@N00/2328716702
f_6309262900,osseous,"October 29, 2011 rented car drive",CC BY 2.0,https://creativecommons.org/licenses/by/2.0/,https://www.flickr.com/photos/10787737@N02/6309262900
f_6309253268,osseous,"October 29, 2011 rented car drive",CC BY 2.0,https://creativecommons.org/licenses/by/2.0/,https://www.flickr.com/photos/10787737@N02/6309253268
f_2327899015,thomasrdotorg,Timo Glock Rally Car Drive 031,CC BY 2.0,https://creativecommons.org/licenses/by/2.0/,https://www.flickr.com/photos/28135215@N00/2327899015
f_2327895767,thomasrdotorg,Timo Glock Rally Car Drive 007,CC BY 2.0,https://creativecommons.org/licenses/by/2.0/,https://www.flickr.com/photos/28135215@N00/2327895767
f_2328716162,thomasrdotorg,Timo Glock Rally Car Drive 025,CC BY 2.0,https://creativecommons.org/licenses/by/2.0/,https://www.flickr.com/photos/28135215@N00/2328716162
f_5892502724,timlauer,"Got to try this again, too many cars driving by, but I really like the idea behind this...",CC BY-NC 2.0,https://creativecommons.org/licenses/by-nc/2.0/,https://www.flickr.com/photos/37996574045@N01/5892502724
f_3401629681,Claire CJS,20090327 - new camera test - GEDC0006 - car driving,CC BY-NC-SA 2.0,https://creativecommons.org/licenses/by-nc-sa/2.0/,https://www.flickr.com/photos/31355686@N00/3401629681
f_6308743343,osseous,"October 29, 2011 rented car drive",CC BY 2.0,https://creativecommons.org/licenses/by/2.0/,https://www.flickr.com/photos/10787737@N02/6308743343
f_6309260774,osseous,"October 29, 2011 rented car drive",CC BY 2.0,https://creativecommons.org/licenses/by/2.0/,https://www.flickr.com/photos/10787737@N02/6309260774
f_6309254372,osseous,"October 29, 2011 rented car drive",CC BY 2.0,https://creativecommons.org/licenses/by/2.0/,https://www.flickr.com/photos/10787737@N02/6309254372
f_7864784924,yoja,During a long boring car drive,CC BY 2.0,https://creativecommons.org/licenses/by/2.0/,https://www.flickr.com/photos/58031530@N00/7864784924
f_1336686082,lloydi,Mystery classic car driving by the windmill,CC BY-NC-SA 2.0,https://creativecommons.org/licenses/by-nc-sa/2.0/,https://www.flickr.com/photos/58944004@N00/1336686082
f_2854717060,Heart for Japan,My new bookshelf,CC BY-NC 2.0,https://creativecommons.org/licenses/by-nc/2.0/,https://www.flickr.com/photos/47722199@N00/2854717060
f_2353493646,Rachel Ford James,My Favorite Bookshelf,CC BY-NC-SA 2.0,https://creativecommons.org/licenses/by-nc-sa/2.0/,https://www.flickr.com/photos/17534006@N00/2353493646
f_434405082,LollyKnit,Knitting Bookshelf,CC BY 2.0,https://creativecommons.org/licenses/by/2.0/,https://www.flickr.com/photos/96466040@N00/434405082
f_14000957,Drift Words,Chinese bookshelf,CC BY-NC-SA 2.0,https://creativecommons.org/licenses/by-nc-sa/2.0/,https://www.flickr.com/photos/44124413076@N01/14000957
f_2635608241,Guwashi999,Bookshelf - History of Japan,CC BY 2.0,https://creativecommons.org/licenses/by/2.0/,https://www.flickr.com/photos/16877319@N07/2635608241
f_5758891765,El Villano,My bookshelf (or a bit of it),CC BY-NC-SA 2.0,https://creativecommons.org/licenses/by-nc-sa/2.0/,https://www.flickr.com/photos/49993642@N00/5758891765
f_4474411277,robglinka,Silk Bookshelf,CC BY-NC 2.0,https://creativecommons.org/licenses/by-nc/2.0/,https://www.flickr.com/photos/45292762@N00/4474411277
f_8512021456,Chiot's Run,On My Bookshelf,CC BY-NC 2.0,https://creativecommons.org/licenses/by-nc/2.0/,https://www.flickr.com/photos/34912142@N03/8512021456
f_1566092,TSalon,A Section of My Bookshelf: China Section,CC BY-NC 2.0,https://creativecommons.org/licenses/by-nc/2.0/,https://www.flickr.com/photos/49503058070@N01/1566092
f_11361541315,Carol (vanhookc),organizing bookshelf,CC BY 2.0,https://creativecommons.org/licenses/by/2.0/,https://www.flickr.com/photos/97651299@N00/11361541315
f_4669833044,WilWheaton,Geeky bookshelf is geeky.,CC BY-NC-SA 2.0,https://creativecommons.org/licenses/by-nc-sa/2.0/,https://www.flickr.com/photos/44836615@N00/4669833044
f_3941438,deepwarren,bookshelf in bedroom,CC BY-NC-SA 2.0,https://creativecommons.org/licenses/by-nc-sa/2.0/,https://www.flickr.com/photos/20998477@N00/3941438
f_4346760897,Ann Douglas,Bookshelf,CC BY-NC-SA 2.0,https://creativecommons.org/licenses/by-nc-sa/2.0/,https://www.flickr.com/photos/49531720@N00/4346760897
f_3265559726,BarelyFitz,Bookshelf,CC BY 2.0,https://creativecommons.org/licenses/by/2.0/,https://www.flickr.com/photos/43935390809@N01/3265559726
f_380505121,Yersinia,bookshelf meme 2,CC BY-NC-SA 2.0,https://creativecommons.org/licenses/by-nc-sa/2.0/,https://www.flickr.com/photos/72429059@N00/380505121
f_4770694026,thisisbossi,2010 05 27 - 7488 - Greenbelt - Bookshelf,CC BY-NC-SA 2.0,https://creativecommons.org/licenses/by-nc-sa/2.0/,https://www.flickr.com/photos/25622716@N02/4770694026
f_2782903942,One lucky guy,My office bookshelf,CC BY-NC-SA 2.0,https://creativecommons.org/licenses/by-nc-sa/2.0/,https://www.flickr.com/photos/8765199@N07/2782903942
f_2290326963,sean_hickin,Bookshelf - Part 1,CC BY 2.0,https://creativecommons.org/licenses/by/2.0/,https://www.flickr.com/photos/34738212@N00/2290326963
f_8048166749,gruntzooki,"What to read instead of 50 Shades of Grey sign, bookshelf, Puddn Head Books, St Louis, MO",CC BY-SA 2.0,https://creativecommons.org/licenses/by-sa/2.0/,https://www.flickr.com/photos/37996580417@N01/8048166749
f_4146942567,Ken_Mayer,bookshelf,CC BY 2.0,https://creativecommons.org/licenses/by/2.0/,https://www.flickr.com/photos/14529688@N08/4146942567
f_11970408506,driver Photographer,Motorcycle guy in Norway.,CC BY-SA 2.0,https://creativecommons.org/licenses/by-sa/2.0/,https://www.flickr.com/photos/72334647@N03/11970408506
f_10885095273,driver Photographer,Motorcycle trip to the castle,CC BY-SA 2.0,https://creativecommons.org/licenses/by-sa/2.0/,https://www.flickr.com/photos/72334647@N03/10885095273
f_10693541933,driver Photographer,Motorcycle stop in the mountains.,CC BY-SA 2.0,https://creativecommons.org/licenses/by-sa/2.0/,https://www.flickr.com/photos/72334647@N03/10693541933
f_4420686061,Hugo-90,"Jawa and CZ motorcycle brochure, 1953",CC BY 2.0,https://creativecommons.org/licenses/by/2.0/,https://www.flickr.com/photos/32109282@N00/4420686061
f_11480696863,driver Photographer,Motorcycle guy on the Lago di Garda,CC BY-SA 2.0,https://creativecommons.org/licenses/by-sa/2.0/,https://www.flickr.com/photos/72334647@N03/11480696863
f_3660888507,Tobyotter,V8 Trike - Custom Motorcycle,CC BY 2.0,https://creativecommons.org/licenses/by/2.0/,https://www.flickr.com/photos/78428166@N00/3660888507
f_10365669525,driver Photographer,Motorcycle stop in the Southern Alps,CC BY-SA 2.0,https://creativecommons.org/licenses/by-sa/2.0/,https://www.flickr.com/photos/72334647@N03/10365669525
f_2924311443,jbalint1,Brad's Motorcycle,CC BY-SA 2.0,https://creativecommons.org/licenses/by-sa/2.0/,https://www.flickr.com/photos/69139691@N00/2924311443
f_3538120391,ronsaunders47,TRIUMPH SPEED TWIN. BRITISH MOTORCYCLE CLASSIC.,CC BY-SA 2.0,https://creativecommons.org/licenses/by-sa/2.0/,https://www.flickr.com/photos/46781500@N00/3538120391
f_29983934736,PeterThoeny,"A tent, a motorcycle, and a sunset on the playa",CC BY-NC-SA 2.0,https://creativecommons.org/licenses/by-nc-sa/2.0/,https://www.flickr.com/photos/98786299@N00/29983934736
f_3946135584,Double--M,Michelin Motorcycle Tyre/Tire Ad,CC BY 2.0,https://creativecommons.org/licenses/by/2.0/,https://www.flickr.com/photos/49879584@N00/3946135584
f_2655735893,Earthworm,Leather Motorcycle Boots & Kilt,CC BY-NC-SA 2.0,https://creativecommons.org/licenses/by-nc-sa/2.0/,https://www.flickr.com/photos/20734950@N00/2655735893
f_2830567077,Seattle Municipal Archives,"Motorcycles in Pioneer Square, circa 1914",CC BY 2.0,https://creativecommons.org/licenses/by/2.0/,https://www.flickr.com/photos/24256351@N04/2830567077
f_16553238877,jurvetson,Meatloaf Motorcycle with Training Wings,CC BY 2.0,https://creativecommons.org/licenses/by/2.0/,https://www.flickr.com/photos/44124348109@N01/16553238877
f_3202807160,"Hugo-90, Thanks for 50,000,000 views","Polish Cars, Motorcycles and Trucks 1947-1960",CC BY 2.0,https://creativecommons.org/licenses/by/2.0/,https://www.flickr.com/photos/32109282@N00/3202807160
f_61179273,tuija2005,Motorcycle logistics,CC BY 2.0,https://creativecommons.org/licenses/by/2.0/,https://www.flickr.com/photos/66729396@N00/61179273
f_1220000641,4X4 Blazer 1776,Motorcycle Accident - Lassen & Topanga Canyon Blvd.,CC BY 2.0,https://creativecommons.org/licenses/by/2.0/,https://www.flickr.com/photos/10957255@N08/1220000641
f_6181216874,tonylanciabeta,EU Hands Off Biking Nationwide Motorcycle Action Group (MAG) Demo M3 J4a Farnborough THP_5893,CC BY-SA 2.0,https://creativecommons.org/licenses/by-sa/2.0/,https://www.flickr.com/photos/88589821@N00/6181216874
f_27335492176,andryn2006,Motorcycle Clubs,CC BY-SA 2.0,https://creativecommons.org/licenses/by-sa/2.0/,https://www.flickr.com/photos/84985982@N00/27335492176
f_28109125485,driver Photographer,Motorcycle friend.,CC BY-SA 2.0,https://creativecommons.org/licenses/by-sa/2.0/,https://www.flickr.com/photos/72334647@N03/28109125485
f_5476492026,seafaringwoman,Street food/juice bar,CC BY 2.0,https://creativecommons.org/licenses/by/2.0/,https://www.flickr.com/photos/27284887@N03/5476492026
f_2416158010,cristiano1973,"Street food - Bangkok, Thailand",CC BY 2.0,https://creativecommons.org/licenses/by/2.0/,https://www.flickr.com/photos/25556223@N04/2416158010
f_51307248810,Maurizio Jaya Costantino,the beauty of street food at Gyaniar night market !,CC BY-NC-SA 2.0,https://creativecommons.org/licenses/by-nc-sa/2.0/,https://www.flickr.com/photos/47968802@N08/51307248810
f_44512917090,infomatique,ASAHI ASIAN STREET FOOD [CHARLEMONT STREET DUBLIN - NEXT DOOR TO THE NEW CLAYTON HOTEL]-146287,CC BY-SA 2.0,https://creativecommons.org/licenses/by-sa/2.0/,https://www.flickr.com/photos/80824546@N00/44512917090
f_8413437035,dullhunk,"Kukoos Street Food @KukoosbyZouk: Indian, Moroccan & Lebanese Street Food, Oxford Road, Manchester",CC BY 2.0,https://creativecommons.org/licenses/by/2.0/,https://www.flickr.com/photos/14829735@N00/8413437035
f_21241808413,daiyaan.db,Kashmiri street food,CC BY 2.0,https://creativecommons.org/licenses/by/2.0/,https://www.flickr.com/photos/131839705@N03/21241808413
f_6801475725,toehk,Vietnam | street food in Ho Chi Minh City,CC BY 2.0,https://creativecommons.org/licenses/by/2.0/,https://www.flickr.com/photos/23090954@N03/6801475725
f_10585820626,travel oriented,Street Food - corn on a stick 옥수수,CC BY-SA 2.0,https://creativecommons.org/licenses/by-sa/2.0/,https://www.flickr.com/photos/99958070@N02/10585820626
f_3165438533,j l t,"street food vendors, Korea",CC BY-NC-SA 2.0,https://creativecommons.org/licenses/by-nc-sa/2.0/,https://www.flickr.com/photos/37996580657@N01/3165438533
f_5382849555,nist6dh,Street Food Joy,CC BY-SA 2.0,https://creativecommons.org/licenses/by-sa/2.0/,https://www.flickr.com/photos/53801255@N07/5382849555
f_8110701131,Geoff Peters 604,ZE Bite Provencal Sandwich @ Food Trucks + Street food festival in Vancouver BC Canada,CC BY 2.0,https://creativecommons.org/licenses/by/2.0/,https://www.flickr.com/photos/54359128@N00/8110701131
f_10858597323,JDKEUP,Korean Street Food,CC BY 2.0,https://creativecommons.org/licenses/by/2.0/,https://www.flickr.com/photos/107669326@N06/10858597323
f_8417376632,Jirka Matousek,"Street Food at Wangfujing Street (王府井), Beijing, China",CC BY 2.0,https://creativecommons.org/licenses/by/2.0/,https://www.flickr.com/photos/28415633@N00/8417376632
f_55808076,queenkv,Lasang Pinoy: Street Food,CC BY-NC-SA 2.0,https://creativecommons.org/licenses/by-nc-sa/2.0/,https://www.flickr.com/photos/36176156@N00/55808076
f_8111834277,StateofIsrael,Street Food Festival,CC BY-SA 2.0,https://creativecommons.org/licenses/by-sa/2.0/,https://www.flickr.com/photos/86083886@N02/8111834277
f_8111838284,StateofIsrael,Street Food Festival,CC BY-SA 2.0,https://creativecommons.org/licenses/by-sa/2.0/,https://www.flickr.com/photos/86083886@N02/8111838284
f_8111824299,StateofIsrael,Street Food Festival,CC BY-SA 2.0,https://creativecommons.org/licenses/by-sa/2.0/,https://www.flickr.com/photos/86083886@N02/8111824299
f_8416176393,Jirka Matousek,"Street Food at Wangfujing Street (王府井), Beijing, China",CC BY 2.0,https://creativecommons.org/licenses/by/2.0/,https://www.flickr.com/photos/28415633@N00/8416176393
f_3561827224,Oran Viriyincy,Portland Street Food,CC BY-SA 2.0,https://creativecommons.org/licenses/by-sa/2.0/,https://www.flickr.com/photos/95482862@N00/3561827224
f_24602349348,Danny Choo,New York Street Food Noms,CC BY-NC-SA 2.0,https://creativecommons.org/licenses/by-nc-sa/2.0/,https://www.flickr.com/photos/88444437@N00/24602349348
f_6524232379,cogdogblog,Home Cooking,CC BY 2.0,https://creativecommons.org/licenses/by/2.0/,https://www.flickr.com/photos/37996646802@N01/6524232379
f_3256900936,In Memoriam: Mr. Ducke,Home Cooked Cinnamon Roll,CC BY-NC 2.0,https://creativecommons.org/licenses/by-nc/2.0/,https://www.flickr.com/photos/80992738@N00/3256900936
f_8465703820,gadgetdan,Home cooking,CC BY-NC 2.0,https://creativecommons.org/licenses/by-nc/2.0/,https://www.flickr.com/photos/35187642@N00/8465703820
f_3814700604,Josh Russell,"healthy home cooked lunch, just what I need right now",CC BY-NC-SA 2.0,https://creativecommons.org/licenses/by-nc-sa/2.0/,https://www.flickr.com/photos/53472606@N00/3814700604
f_50585002177,Dennis S. Hurd,Yay. Cheap Home-Cooked Fresh Shrimp,CC BY 2.0,https://creativecommons.org/licenses/by/2.0/,https://www.flickr.com/photos/43296902@N00/50585002177
f_8514661399,Adnams,Home-cooked food,CC BY-NC 2.0,https://creativecommons.org/licenses/by-nc/2.0/,https://www.flickr.com/photos/43828060@N06/8514661399
f_4603052011,MikeBlogs,home cooked bibimbap,CC BY 2.0,https://creativecommons.org/licenses/by/2.0/,https://www.flickr.com/photos/31477768@N00/4603052011
f_4266534275,purpaboo,"Home cooked duck breast in red wine sauce, cambazola mash and roasted broccoli and cauliflower.",CC BY 2.0,https://creativecommons.org/licenses/by/2.0/,https://www.flickr.com/photos/82904227@N00/4266534275
f_8381876305,Jono Davis,A Home Cooked Meal!,CC BY-NC-SA 2.0,https://creativecommons.org/licenses/by-nc-sa/2.0/,https://www.flickr.com/photos/58935078@N00/8381876305
f_222062627,treedork,Home Cooked Meal,CC BY-NC-SA 2.0,https://creativecommons.org/licenses/by-nc-sa/2.0/,https://www.flickr.com/photos/46145831@N00/222062627
f_4241446350,MaryMakesDinner,Chinese Home Cooking Class: Brocolli With Oyster Sauce,CC BY-NC-SA 2.0,https://creativecommons.org/licenses/by-nc-sa/2.0/,https://www.flickr.com/photos/11557559@N04/4241446350
f_6923523385,GorissM,Traditional Maya Home Cooking,CC BY-SA 2.0,https://creativecommons.org/licenses/by-sa/2.0/,https://www.flickr.com/photos/71963413@N06/6923523385
f_5375560397,austin tx,Puerto Rician Home Cooking!,CC BY-NC 2.0,https://creativecommons.org/licenses/by-nc/2.0/,https://www.flickr.com/photos/33356186@N00/5375560397
f_22660168244,joseph a,Habig's Home Cooking,CC BY-NC-SA 2.0,https://creativecommons.org/licenses/by-nc-sa/2.0/,https://www.flickr.com/photos/7150652@N02/22660168244
f_4240683889,MaryMakesDinner,Chinese Home Cooking Class: Cold Cabbage Salad,CC BY-NC-SA 2.0,https://creativecommons.org/licenses/by-nc-sa/2.0/,https://www.flickr.com/photos/11557559@N04/4240683889
f_5425764468,David Leo Veksler,Our home-cooked dinner in Shanghai,CC BY 2.0,https://creativecommons.org/licenses/by/2.0/,https://www.flickr.com/photos/45856998@N00/5425764468
f_11301531723,Kai Hendry,Home cooked lunch,CC BY 2.0,https://creativecommons.org/licenses/by/2.0/,https://www.flickr.com/photos/16105436@N00/11301531723
f_6760376435,Micah Sittig,Home cooked meal,CC BY 2.0,https://creativecommons.org/licenses/by/2.0/,https://www.flickr.com/photos/35468134321@N01/6760376435
f_7014761039,Elegant Machines,Fresh home-cooked veggies for lunch!,CC BY-SA 2.0,https://creativecommons.org/licenses/by-sa/2.0/,https://www.flickr.com/photos/86832341@N00/7014761039
f_6991416554,Ladycliff,Florida - St. Augustine Beach - Day of the Big Surf - August 1970,CC BY 2.0,https://creativecommons.org/licenses/by/2.0/,https://www.flickr.com/photos/98714538@N00/6991416554
f_5708193748,[benthomas],hdr beach day,CC BY 2.0,https://creativecommons.org/licenses/by/2.0/,https://www.flickr.com/photos/20904771@N00/5708193748
f_33208489033,moriza,Not your usual beach day (3) Red nosed.,CC BY-NC 2.0,https://creativecommons.org/licenses/by-nc/2.0/,https://www.flickr.com/photos/44373968@N00/33208489033
f_400638292,ahisgett,Fanabe beach Day 6 Sunset 4,CC BY 2.0,https://creativecommons.org/licenses/by/2.0/,https://www.flickr.com/photos/37804979@N00/400638292
f_41938491882,vastateparksstaff,Boardwalk beach day first landing state park,CC BY 2.0,https://creativecommons.org/licenses/by/2.0/,https://www.flickr.com/photos/37922399@N05/41938491882
f_13500505934,lakewentworth,beach day,CC BY-NC 2.0,https://creativecommons.org/licenses/by-nc/2.0/,https://www.flickr.com/photos/50619629@N00/13500505934
f_22289204482,Phil's 1stPix,Bronco Beach Day in Baynard County,CC BY-NC-SA 2.0,https://creativecommons.org/licenses/by-nc-sa/2.0/,https://www.flickr.com/photos/44034115@N08/22289204482
f_52699801689,Marcus Grbac,Beach Day,CC BY 2.0,https://creativecommons.org/licenses/by/2.0/,https://www.flickr.com/photos/7876549@N07/52699801689
f_6777740321,lynn dombrowski,Reading on the beach day!,CC BY-SA 2.0,https://creativecommons.org/licenses/by-sa/2.0/,https://www.flickr.com/photos/91425809@N00/6777740321
f_15227053832,joegoauk70,Grounded Trawler at Miramar beach day 4,CC BY-SA 2.0,https://creativecommons.org/licenses/by-sa/2.0/,https://www.flickr.com/photos/94791573@N06/15227053832
f_400635823,ahisgett,Fanabe beach Day 6 Sunset 1,CC BY 2.0,https://creativecommons.org/licenses/by/2.0/,https://www.flickr.com/photos/37804979@N00/400635823
f_7675783362,kirainet,Kamakura beach day,CC BY-NC-SA 2.0,https://creativecommons.org/licenses/by-nc-sa/2.0/,https://www.flickr.com/photos/69078600@N00/7675783362
f_5486968052,Paul Mayne,Storm Trooper Beach Day,CC BY-NC-SA 2.0,https://creativecommons.org/licenses/by-nc-sa/2.0/,https://www.flickr.com/photos/64685187@N00/5486968052
f_24138228106,jay galvin,Doodles Beach Day by Bryan Snyder,CC BY 2.0,https://creativecommons.org/licenses/by/2.0/,https://www.flickr.com/photos/36957368@N00/24138228106
f_9778339851,keepitsurreal,Beach Day,CC BY-SA 2.0,https://creativecommons.org/licenses/by-sa/2.0/,https://www.flickr.com/photos/14558526@N03/9778339851
f_4771850617,courosa,Beach Day,CC BY-NC-SA 2.0,https://creativecommons.org/licenses/by-nc-sa/2.0/,https://www.flickr.com/photos/51035553780@N01/4771850617
f_4202430410,rocknroll_guitar,Xmas at the beach. [Day 219/365],CC BY 2.0,https://creativecommons.org/licenses/by/2.0/,https://www.flickr.com/photos/11301657@N02/4202430410
f_13847290033,ashokboghani,Beach day,CC BY-NC 2.0,https://creativecommons.org/licenses/by-nc/2.0/,https://www.flickr.com/photos/36497840@N02/13847290033
f_3594978788,East Coast Tuning Club,2° Beach Day Car House Club,CC BY-NC-SA 2.0,https://creativecommons.org/licenses/by-nc-sa/2.0/,https://www.flickr.com/photos/24309891@N04/3594978788
f_5777908662,dpstyles™,Beach day! This place is packed... and A-List food trucks everywhere. (95th St btw),CC BY 2.0,https://creativecommons.org/licenses/by/2.0/,https://www.flickr.com/photos/77725780@N00/5777908662
f_98568471,krazydad / jbum,Mosaic: Happy Birthday Flickr!,CC BY-NC-SA 2.0,https://creativecommons.org/licenses/by-nc-sa/2.0/,https://www.flickr.com/photos/94832693@N00/98568471
f_2808316611,SquirrelCoffee,Birthday!,CC BY-NC 2.0,https://creativecommons.org/licenses/by-nc/2.0/,https://www.flickr.com/photos/62821877@N00/2808316611
f_5180956226,MarkScottAustinTX,Twin Peaks 40th Birthday,CC BY-SA 2.0,https://creativecommons.org/licenses/by-sa/2.0/,https://www.flickr.com/photos/57185608@N00/5180956226
f_6528093085,GDS-Productions,Happy Birthday,CC BY 2.0,https://creativecommons.org/licenses/by/2.0/,https://www.flickr.com/photos/72317594@N04/6528093085
f_9130985048,Leo P. Hidalgo (@yompyz),Happy birthday...,CC BY-NC-SA 2.0,https://creativecommons.org/licenses/by-nc-sa/2.0/,https://www.flickr.com/photos/69474058@N03/9130985048
f_17258798018,eevblog,Octonauts Birthday Cake 1,CC BY 2.0,https://creativecommons.org/licenses/by/2.0/,https://www.flickr.com/photos/58072483@N02/17258798018
f_27293028415,davidyuweb,Happy birthday!,CC BY-NC 2.0,https://creativecommons.org/licenses/by-nc/2.0/,https://www.flickr.com/photos/55514420@N00/27293028415
f_11972022684,Simply Viola ( Busy +off-on ),Happy Birthday sweet girls !!!,CC BY-NC-SA 2.0,https://creativecommons.org/licenses/by-nc-sa/2.0/,https://www.flickr.com/photos/30054343@N07/11972022684
f_2591302962,Kiwi Morado,there´s always something scary about birthdays,CC BY 2.0,https://creativecommons.org/licenses/by/2.0/,https://www.flickr.com/photos/7254288@N05/2591302962
f_3706661588,MarkScottAustinTX,Rachel's Birthday Swim Party,CC BY-SA 2.0,https://creativecommons.org/licenses/by-sa/2.0/,https://www.flickr.com/photos/57185608@N00/3706661588
f_3706680044,MarkScottAustinTX,Rachel's Birthday Swim Party,CC BY-SA 2.0,https://creativecommons.org/licenses/by-sa/2.0/,https://www.flickr.com/photos/57185608@N00/3706680044
f_3706858108,MarkScottAustinTX,Rachel's Birthday Swim Party,CC BY-SA 2.0,https://creativecommons.org/licenses/by-sa/2.0/,https://www.flickr.com/photos/57185608@N00/3706858108
f_6489020613,marc falardeau,"HAPPY BIRTHDAY, BIRTHDAY GIRL",CC BY 2.0,https://creativecommons.org/licenses/by/2.0/,https://www.flickr.com/photos/49889874@N05/6489020613
f_3706628384,MarkScottAustinTX,Rachel's Birthday Swim Party,CC BY-SA 2.0,https://creativecommons.org/licenses/by-sa/2.0/,https://www.flickr.com/photos/57185608@N00/3706628384
f_3705842465,MarkScottAustinTX,Rachel's Birthday Swim Party,CC BY-SA 2.0,https://creativecommons.org/licenses/by-sa/2.0/,https://www.flickr.com/photos/57185608@N00/3705842465
f_3705671191,MarkScottAustinTX,Rachel's Birthday Swim Party,CC BY-SA 2.0,https://creativecommons.org/licenses/by-sa/2.0/,https://www.flickr.com/photos/57185608@N00/3705671191
f_3706575454,MarkScottAustinTX,Rachel's Birthday Swim Party,CC BY-SA 2.0,https://creativecommons.org/licenses/by-sa/2.0/,https://www.flickr.com/photos/57185608@N00/3706575454
f_3706709722,MarkScottAustinTX,Rachel's Birthday Swim Party,CC BY-SA 2.0,https://creativecommons.org/licenses/by-sa/2.0/,https://www.flickr.com/photos/57185608@N00/3706709722
f_3706685514,MarkScottAustinTX,Rachel's Birthday Swim Party,CC BY-SA 2.0,https://creativecommons.org/licenses/by-sa/2.0/,https://www.flickr.com/photos/57185608@N00/3706685514
f_3121064673,Tama Leaver,Birthday Aliens!,CC BY 2.0,https://creativecommons.org/licenses/by/2.0/,https://www.flickr.com/photos/75815807@N00/3121064673
f_15809627364,mypubliclands,"BLM Winter Bucket List #29: Dripping Springs Natural Area within the Organ Mountains-Desert Peaks National Monument, New Mexico, for Easy Hikes and Wildlife Viewing Year-Round",CC BY 2.0,https://creativecommons.org/licenses/by/2.0/,https://www.flickr.com/photos/91981596@N06/15809627364
f_20344540504,Doug Scortegagna,Hiking,CC BY 2.0,https://creativecommons.org/licenses/by/2.0/,https://www.flickr.com/photos/56551021@N06/20344540504
f_9695221003,Nicholas_T,Local Hike (5),CC BY 2.0,https://creativecommons.org/licenses/by/2.0/,https://www.flickr.com/photos/14922165@N00/9695221003
f_117404266,Rallyroo,Hiking,CC BY 2.0,https://creativecommons.org/licenses/by/2.0/,https://www.flickr.com/photos/44233528@N00/117404266
f_5192718150,glemak,hike - day 73,CC BY-NC-SA 2.0,https://creativecommons.org/licenses/by-nc-sa/2.0/,https://www.flickr.com/photos/58892283@N00/5192718150
f_14679596366,Nicholas_T,Early-Morning Hike (3),CC BY 2.0,https://creativecommons.org/licenses/by/2.0/,https://www.flickr.com/photos/14922165@N00/14679596366
f_1356657998,Rick McCharles,hiking John Muir Trail,CC BY 2.0,https://creativecommons.org/licenses/by/2.0/,https://www.flickr.com/photos/71035721@N00/1356657998
f_16312111106,nordique,Top 10 snow-free (mostly) winter hikes within a yodel of Interstate 90,CC BY 2.0,https://creativecommons.org/licenses/by/2.0/,https://www.flickr.com/photos/28435100@N00/16312111106
f_11142394174,Nicholas_T,Golden Eagle Trail (Full Hike) (4),CC BY 2.0,https://creativecommons.org/licenses/by/2.0/,https://www.flickr.com/photos/14922165@N00/11142394174
f_22350986725,PeterThoeny,Hiking among towering hoodoos,CC BY-NC-SA 2.0,https://creativecommons.org/licenses/by-nc-sa/2.0/,https://www.flickr.com/photos/98786299@N00/22350986725
f_16507837706,r.nial.bradshaw,150214-girl-hiking-climb-summit.jpg,CC BY 2.0,https://creativecommons.org/licenses/by/2.0/,https://www.flickr.com/photos/33227787@N05/16507837706
f_40761564944,Onasill ~ Bill,Iceland ~ Landmannalaugar Route ~ Ultramarathon is held on the route each July ~ Hiking from Camp,CC BY-NC-SA 2.0,https://creativecommons.org/licenses/by-nc-sa/2.0/,https://www.flickr.com/photos/7156765@N05/40761564944
f_48025074083,Onasill ~ Bill- 81M views,Iceland ~ Landmannalaugar Route ~ Ultramarathon is held on the route each July ~ Hiking from Camp,CC BY-NC-SA 2.0,https://creativecommons.org/licenses/by-nc-sa/2.0/,https://www.flickr.com/photos/7156765@N05/48025074083
f_12867940884,Umnak,Hiking,CC BY-SA 2.0,https://creativecommons.org/licenses/by-sa/2.0/,https://www.flickr.com/photos/11376383@N00/12867940884
f_4265102734,Ðenise,Organ Mountains Hike シ,CC BY-NC 2.0,https://creativecommons.org/licenses/by-nc/2.0/,https://www.flickr.com/photos/28164415@N06/4265102734
f_36789987516,@CarShowShooter,Hiking to Taggart & Bradley Lakes (Grand Teton NP),CC BY-NC-SA 2.0,https://creativecommons.org/licenses/by-nc-sa/2.0/,https://www.flickr.com/photos/77363333@N08/36789987516
f_14516077357,Nicholas_T,Early-Morning Hike (5),CC BY 2.0,https://creativecommons.org/licenses/by/2.0/,https://www.flickr.com/photos/14922165@N00/14516077357
f_11141697306,Nicholas_T,Golden Eagle Trail (Full Hike) (26),CC BY 2.0,https://creativecommons.org/licenses/by/2.0/,https://www.flickr.com/photos/14922165@N00/11141697306
f_19548858409,Bautz Adventure,#hiking,CC BY 2.0,https://creativecommons.org/licenses/by/2.0/,https://www.flickr.com/photos/130811041@N04/19548858409
f_12094069375,Grand Canyon NPS,Grand Canyon National Park: Ranger Guided Hike To Cedar Ridge - 0140,CC BY 2.0,https://creativecommons.org/licenses/by/2.0/,https://www.flickr.com/photos/50693818@N08/12094069375
u_20260802_173811,,20260802_173811,not recorded,,
u_20260913_230924,,20260913_230924,not recorded,,
u_289082574,,289082574,not recorded,,
u_5thStreet_Kammanahalli_Bangalore_01,,"5thStreet-Kammanahalli,Bangalore-01",not recorded,,
u_An_unidentified_green_plant_in_jalingo_blurry,,An unidentified green plant in jalingo (blurry),not recorded,,
u_Ashy_Prinia_Lalbagh_Bangalore,,"Ashy Prinia, Lalbagh - Bangalore",not recorded,,
u_Bangalore_Shopping_Street,,Bangalore Shopping Street,not recorded,,
u_BHEL_Bhopal_in_rain,,BHEL Bhopal in rain,not recorded,,
u_Bhopal_1,,Bhopal,not recorded,,
u_Blur_view,,Blur view,not recorded,,
u_Blurry_picture_a_cat,,Blurry picture a cat,not recorded,,
u_Clitoria_ternatea_Asian_pigeonwings_in_Bhopal_India_September_2025,,"Clitoria ternatea - Asian pigeonwings in Bhopal, India September 2025",not recorded,,
u_communal_tension_over_performing_puja_namaz_in_bhojshala_Madhya_prades,,"communal tension over performing puja, namaz in bhojshala, Madhya pradesh",not recorded,,
u_Dharmaraya_Swamy_Temple_Bangalore,,Dharmaraya Swamy Temple Bangalore,not recorded,,
u_Dragonfly_ran_400,,Dragonfly ran-400,not recorded,,
u_eec0a4eb5a4591035d0a197c52ee0069,,eec0a4eb5a4591035d0a197c52ee0069,not recorded,,
u_Feral_Pigeon_Columba_livia_Bangalore_Karnataka_India,,"Feral Pigeon Columba livia, Bangalore, Karnataka, India",not recorded,,
u_Guava_bangalore,,Guava bangalore,not recorded,,
u_IMG_20260412_WA0000,,IMG-20260412-WA0000,not recorded,,
u_IMG_20260816_WA0001,,IMG-20260816-WA0001,not recorded,,
u_IMG_20260831_WA0002,,IMG-20260831-WA0002,not recorded,,
u_IMG_20260903_WA0000,,IMG-20260903-WA0000,not recorded,,
u_IMG_20260903_WA0001,,IMG-20260903-WA0001,not recorded,,
u_IMG_20260907_WA0009,,IMG-20260907-WA0009,not recorded,,
u_IMG_20260926_WA0000,,IMG-20260926-WA0000,not recorded,,
u_IMG_20260929_WA0000,,IMG-20260929-WA0000,not recorded,,
u_Kailash_Nath_Temple_Murugesh_palaya_Bangalore,,Kailash Nath Temple Murugesh palaya Bangalore,not recorded,,
u_LazuliBunting,,LazuliBunting,not recorded,,
u_Megalaima_viridis_Bangalore_6,,Megalaima viridis -Bangalore-6,not recorded,,
u_MS_001_1_1_1_3_P_0003,,MS-001_1_1_1_3_P_0003,not recorded,,
u_MS_001_1_2_3_1_P_0011_1,,MS-001_1_2_3_1_P_0011 (1),not recorded,,
u_MS_001_1_2_3_1_P_0011,,MS-001_1_2_3_1_P_0011,not recorded,,
u_MS_001_2_1_10_1_P_0009,,MS-001_2_1_10_1_P_0009,not recorded,,
u_Page_250_Bangalore_Story_of_a_City,,Page 250 Bangalore-Story of a City,not recorded,,
u_photo_15899_27327344081_o,,photo-15899_27327344081_o,not recorded,,
u_photo_15906_27183305380_o,,photo-15906_27183305380_o,not recorded,,
u_photo_3578_27080899170_o,,photo-3578_27080899170_o,not recorded,,
u_photo_3919_27398576885_o,,photo-3919_27398576885_o,not recorded,,
u_photo_60066_27472238206_o,,photo-60066_27472238206_o,not recorded,,
u_photo_l200601267149_27300381442_o,,photo-l200601267149_27300381442_o,not recorded,,
u_photo_l200603097719_27300381082_o,,photo-l200603097719_27300381082_o,not recorded,,
u_photo_wa_0951l_27326652011_o,,photo-wa-0951l_27326652011_o,not recorded,,
u_photo_wa_1340l_27326649691_o,,photo-wa-1340l_27326649691_o,not recorded,,
u_photo_wa_3212l_27326648311_o,,photo-wa-3212l_27326648311_o,not recorded,,
u_photo_wa_3919l_27326647931_o,,photo-wa-3919l_27326647931_o,not recorded,,
u_photo_wa_7799l_27397810275_o,,photo-wa-7799l_27397810275_o,not recorded,,
u_Red_Dahlia_flowers_216th_flower_show_2024_Lalbagh_Bangalore_186,,"Red Dahlia flowers, 216th flower show 2024, Lalbagh, Bangalore 186",not recorded,,
u_Rose_flower_at_the_Lalbaghgarden_Bangalore,,Rose flower at the Lalbaghgarden Bangalore,not recorded,,
u_Screenshot_20260711_220359_LinkedIn,,Screenshot_20260711_220359_LinkedIn,not recorded,,
u_Screenshot_20260724_160358_LinkedIn,,Screenshot_20260724_160358_LinkedIn,not recorded,,
u_Screenshot_20260727_202407_LinkedIn,,Screenshot_20260727_202407_LinkedIn,not recorded,,
u_Screenshot_20260729_091305_Samsung_Browser,,Screenshot_20260729_091305_Samsung Browser,not recorded,,
u_Screenshot_20260729_143523_LinkedIn,,Screenshot_20260729_143523_LinkedIn,not recorded,,
u_Screenshot_20260731_122239_Samsung_Browser,,Screenshot_20260731_122239_Samsung Browser,not recorded,,
u_Screenshot_20260805_111942_LinkedIn,,Screenshot_20260805_111942_LinkedIn,not recorded,,
u_Screenshot_20260805_112356_LinkedIn,,Screenshot_20260805_112356_LinkedIn,not recorded,,
u_Screenshot_20260805_173435_LinkedIn,,Screenshot_20260805_173435_LinkedIn,not recorded,,
u_Screenshot_20260809_174254_LinkedIn,,Screenshot_20260809_174254_LinkedIn,not recorded,,
u_Screenshot_20260823_210848_Instagram,,Screenshot_20260823_210848_Instagram,not recorded,,
u_Screenshot_20260823_221732_LinkedIn,,Screenshot_20260823_221732_LinkedIn,not recorded,,
u_Screenshot_20260823_221743_LinkedIn,,Screenshot_20260823_221743_LinkedIn,not recorded,,
u_Screenshot_20260901_122103_LinkedIn,,Screenshot_20260901_122103_LinkedIn,not recorded,,
u_Screenshot_20260901_122115_LinkedIn,,Screenshot_20260901_122115_LinkedIn,not recorded,,
u_Screenshot_20260901_161203_LinkedIn,,Screenshot_20260901_161203_LinkedIn,not recorded,,
u_Screenshot_20260903_162125_LinkedIn,,Screenshot_20260903_162125_LinkedIn,not recorded,,
u_Screenshot_20260904_154151_LinkedIn,,Screenshot_20260904_154151_LinkedIn,not recorded,,
u_Screenshot_20260909_154526_LinkedIn,,Screenshot_20260909_154526_LinkedIn,not recorded,,
u_Screenshot_20260909_155512_LinkedIn,,Screenshot_20260909_155512_LinkedIn,not recorded,,
u_Screenshot_20260909_165050_LinkedIn,,Screenshot_20260909_165050_LinkedIn,not recorded,,
u_Screenshot_20260909_165701_LinkedIn,,Screenshot_20260909_165701_LinkedIn,not recorded,,
u_Screenshot_20260911_151008_LinkedIn,,Screenshot_20260911_151008_LinkedIn,not recorded,,
u_Screenshot_20260911_151516_LinkedIn,,Screenshot_20260911_151516_LinkedIn,not recorded,,
u_Screenshot_20260911_154011_LinkedIn,,Screenshot_20260911_154011_LinkedIn,not recorded,,
u_Screenshot_20260911_154041_LinkedIn,,Screenshot_20260911_154041_LinkedIn,not recorded,,
u_Screenshot_20260911_154111_LinkedIn,,Screenshot_20260911_154111_LinkedIn,not recorded,,
u_Screenshot_20260911_154945_LinkedIn,,Screenshot_20260911_154945_LinkedIn,not recorded,,
u_Screenshot_20260914_221017_LinkedIn,,Screenshot_20260914_221017_LinkedIn,not recorded,,
u_Screenshot_20260917_102225_Instagram,,Screenshot_20260917_102225_Instagram,not recorded,,
u_Screenshot_20260920_211748_Samsung_Browser,,Screenshot_20260920_211748_Samsung Browser,not recorded,,
u_Screenshot_20261001_191057_LinkedIn,,Screenshot_20261001_191057_LinkedIn,not recorded,,
u_Screenshot_20261003_001203_Instagram,,Screenshot_20261003_001203_Instagram,not recorded,,
u_Screenshot_4_10_2026_141236_www_instagram_com,,Screenshot_4-10-2026_141236_www.instagram.com,not recorded,,
u_Screenshot_4_10_2026_14131_www_instagram_com,,Screenshot_4-10-2026_14131_www.instagram.com,not recorded,,
u_Screenshot_4_10_2026_141334_www_instagram_com,,Screenshot_4-10-2026_141334_www.instagram.com,not recorded,,
u_Screenshot_4_10_2026_141420_www_instagram_com,,Screenshot_4-10-2026_141420_www.instagram.com,not recorded,,
u_Screenshot_4_10_2026_141445_www_instagram_com,,Screenshot_4-10-2026_141445_www.instagram.com,not recorded,,
u_Screenshot_4_10_2026_14147_www_instagram_com,,Screenshot_4-10-2026_14147_www.instagram.com,not recorded,,
u_Screenshot_4_10_2026_141533_www_instagram_com,,Screenshot_4-10-2026_141533_www.instagram.com,not recorded,,
u_Screenshot_4_10_2026_141552_www_instagram_com,,Screenshot_4-10-2026_141552_www.instagram.com,not recorded,,
u_Screenshot_4_10_2026_141616_www_instagram_com,,Screenshot_4-10-2026_141616_www.instagram.com,not recorded,,
u_Screenshot_4_10_2026_141756_www_instagram_com,,Screenshot_4-10-2026_141756_www.instagram.com,not recorded,,
u_Screenshot_4_10_2026_14189_www_instagram_com,,Screenshot_4-10-2026_14189_www.instagram.com,not recorded,,
u_Siddha_cave_09,,Siddha cave 09,not recorded,,
u_Siddha_cave_10,,Siddha cave 10,not recorded,,
u_Tribal_Museum_Bhopal_01,,Tribal Museum Bhopal 01,not recorded,,
u_Tribal_Museum_Bhopal_05,,Tribal Museum Bhopal 05,not recorded,,
u_Tribal_Museum_Bhopal_07_1,,Tribal Museum Bhopal 07,not recorded,,
u_Tribal_Museum_Bhopal_07,,Tribal Museum Bhopal 07,not recorded,,
u_Tribal_Museum_Bhopal_09,,Tribal Museum Bhopal 09,not recorded,,
u_UB_City_Bangalore,,UB City Bangalore,not recorded,,
