photo_id,flickr_id,source,original_url,local_path,width,height,provided_tags,episode_id,assigned_date,date_source
f_6193426539,6193426539,openverse/flickr,https://live.staticflickr.com/6175/6193426539_2da67dabd1_b.jpg,photos/raw/6193426539.jpg,1024,768,dinner|family,ep143,2025-03-27,synthetic
f_4392847173,4392847173,openverse/flickr,https://live.staticflickr.com/2721/4392847173_76b5551879_b.jpg,photos/raw/4392847173.jpg,1024,664,animal|d80|df|dinner|eating|family|food|mexico|zoo|zoologico|nature|outdoors,ep174,2025-11-24,synthetic
f_3284351512,3284351512,openverse/flickr,https://live.staticflickr.com/3601/3284351512_2563cae356_b.jpg,photos/raw/3284351512.jpg,1022,237,dinner|family|pano|panorama,ep022,2022-06-19,synthetic
f_861067389,861067389,openverse/flickr,https://live.staticflickr.com/1143/861067389_64debb4ae5_b.jpg,photos/raw/861067389.jpg,1024,768,dinner|family,ep049,2023-04-13,synthetic
f_179696379,179696379,openverse/flickr,https://live.staticflickr.com/71/179696379_ab03bc8fe4.jpg,photos/raw/179696379.jpg,375,500,casio|dinner|exilim|family|z3,ep121,2024-11-07,synthetic
f_8976367075,8976367075,openverse/flickr,https://live.staticflickr.com/8274/8976367075_330b285248_b.jpg,photos/raw/8976367075.jpg,1024,683,34th|candid|dinner|family|fujifilm|manhattan|newyorkcity|nyc|reflection|stranger|street|window|xe1,ep087,2024-01-20,synthetic
f_9232908604,9232908604,openverse/flickr,https://live.staticflickr.com/7390/9232908604_a226ab7337_b.jpg,photos/raw/9232908604.jpg,1024,724,campers|dinner|family|greatamericanbackyardcampout|lesliesciencenaturecenter|michigan|smile,ep143,2025-03-26,synthetic
f_5292770140,5292770140,openverse/flickr,https://live.staticflickr.com/5202/5292770140_6d28886b7f_b.jpg,photos/raw/5292770140.jpg,1021,172,christmas|dinner|family,ep073,2023-09-11,synthetic
f_2783735675,2783735675,openverse/flickr,https://live.staticflickr.com/3253/2783735675_8b48b629c0_b.jpg,photos/raw/2783735675.jpg,1024,671,2008|200808|20080807|bethanybeach|cell|cellphone|delaware|dinner|dinner20080807|dinner20080807bethanybeachfamilydinner|hardware|kimpickett|magnolias|meal|phone|restaurant|sitting|adult|family|furniture|girl|indoors|man|one|people|room|sit|two|woman,ep031,2022-10-18,synthetic
f_121567312,121567312,openverse/flickr,https://live.staticflickr.com/51/121567312_f34859ff10_b.jpg,photos/raw/121567312.jpg,1024,768,beans|dinner|mexican|mole|rice|adult|drink|food|group|grow|people,ep041,2023-01-27,synthetic
f_5275643384,5275643384,openverse/flickr,https://live.staticflickr.com/5087/5275643384_46f5ddabdc_b.jpg,photos/raw/5275643384.jpg,1024,768,dinner|family|supertakumar135mmf35,ep117,2024-10-11,synthetic
f_9499654663,9499654663,openverse/flickr,https://live.staticflickr.com/2820/9499654663_3282bff17d_b.jpg,photos/raw/9499654663.jpg,1024,684,2012|201207|20120726|annesawyer|beachtrip|beachtrip2012|bethanybeach|bethanybeachtrip|bethanybeachtrip2012|billthomas|camerapersonbillthomas|carolyn|delaware|delawarebeachtrip|delawarebeachtrip2012|dinner|dinner20120726|dinner20120726bethanybeachfamilydinner|magnolias|meal|restaurant,ep049,2023-04-13,synthetic
f_8242418755,8242418755,openverse/flickr,https://live.staticflickr.com/8209/8242418755_4920a55086_b.jpg,photos/raw/8242418755.jpg,1024,682,candid|city|dinner|family|manhattan|new|nyc|pizza|purple|reflection|shot|stranger|street|window|york|adult|furniture|group|group together|man|monochrome|people|street|two|woman,ep087,2024-01-22,synthetic
f_4696228781,4696228781,openverse/flickr,https://live.staticflickr.com/4043/4696228781_6d076a27c0_b.jpg,photos/raw/4696228781.jpg,1024,768,family|grandparents|parents|sisters,ep073,2023-09-06,synthetic
f_2137319185,2137319185,openverse/flickr,https://live.staticflickr.com/2027/2137319185_cfa3a9ba80_b.jpg,photos/raw/2137319185.jpg,1024,768,family|malaysia|popiah|adult|child|group|group together|man|many|meal|people|religion|restaurant|several|table|woman,ep110,2024-08-23,synthetic
f_2653184273,2653184273,openverse/flickr,https://live.staticflickr.com/2246/2653184273_d55caf4baa_b.jpg,photos/raw/2653184273.jpg,1024,768,amelia|ben|birthday|boating|cards|caryn|eating|fireworks|food|games|house|jamie|jason|jody|joel|josh|ken|kids|lake|laura|liz|missouri|playing|tubing|adult|dining|furniture|group|group together|indoors|man|people|restaurant|room|several|table|woman,ep041,2023-01-26,synthetic
f_3222418413,3222418413,openverse/flickr,https://live.staticflickr.com/3384/3222418413_6ccb7b9ba9_b.jpg,photos/raw/3222418413.jpg,1024,640,bbq|dinner|family|food|fun|gading|hanamasa|japanese|kelapa|korean|mallrats|shabu|sportsmall,ep020,2022-06-06,synthetic
f_9502451976,9502451976,openverse/flickr,https://live.staticflickr.com/2812/9502451976_5a78f7464f_b.jpg,photos/raw/9502451976.jpg,1024,667,2012|201207|20120726|annesawyer|beachtrip|beachtrip2012|bethanybeach|bethanybeachtrip|bethanybeachtrip2012|billthomas|camerapersonbillthomas|carolyn|delaware|delawarebeachtrip|delawarebeachtrip2012|dinner|dinner20120726|dinner20120726bethanybeachfamilydinner|magnolias|meal|restaurant|sagansomma|vicky,ep021,2022-06-13,synthetic
f_3100410300,3100410300,openverse/flickr,https://live.staticflickr.com/3085/3100410300_32c26bc23b_b.jpg,photos/raw/3100410300.jpg,1024,768,family|malaysia|adult|child|education|group|man|many|people|religion|woman,ep110,2024-08-23,synthetic
f_30234664486,30234664486,openverse/flickr,https://live.staticflickr.com/5803/30234664486_0c6a6b6fa2_b.jpg,photos/raw/30234664486.jpg,820,1024,instagramapp|iphoneography|square,ep156,2025-07-05,synthetic
f_7113637661,7113637661,openverse/flickr,https://live.staticflickr.com/7125/7113637661_cb35415e9e_b.jpg,photos/raw/7113637661.jpg,1023,682,disneyfairies|tink|tinkerbell,ep010,2022-02-14,synthetic
f_6967556362,6967556362,openverse/flickr,https://live.staticflickr.com/7205/6967556362_58402c9dcc_b.jpg,photos/raw/6967556362.jpg,1023,682,disneyfairies|tink|tinkerbell,ep010,2022-02-14,synthetic
f_6271126379,6271126379,openverse/flickr,https://live.staticflickr.com/6225/6271126379_196eb3db14.jpg,photos/raw/6271126379.jpg,332,500,an|artist|femalepartygoer|friends|fullbottleofwinecorks|guadalajara|jalisco|mexico|painting|party|rossy|rossyatanartistfriendsparty|adult|man|people|woman,ep022,2022-06-19,synthetic
f_11772812925,11772812925,openverse/flickr,https://live.staticflickr.com/3694/11772812925_670fe0a7e3_b.jpg,photos/raw/11772812925.jpg,1024,644,balck|black|bn|italia|italy|lucioriccardi|palermo|stairs|white,ep102,2024-06-27,synthetic
f_20881563191,20881563191,openverse/flickr,https://live.staticflickr.com/781/20881563191_57775b7ae6_b.jpg,photos/raw/20881563191.jpg,1023,682,barneyandfriendsparty,ep040,2023-01-21,synthetic
f_205096557,205096557,openverse/flickr,https://live.staticflickr.com/77/205096557_fe4b12f967_b.jpg,photos/raw/205096557.jpg,768,1024,guitar|london|music|party|sihayden|stratocaster|tooting,ep079,2023-12-04,synthetic
f_35809241,35809241,openverse/flickr,https://live.staticflickr.com/21/35809241_36b2484e35_b.jpg,photos/raw/35809241.jpg,1024,683,bw|silohouette|adult|art|backlit|concert|girl|light|man|monochrome|music|one|people|portrait|shadow|silhouette|spotlight|sun|sunset,ep155,2025-06-30,synthetic
f_6271652774,6271652774,openverse/flickr,https://live.staticflickr.com/6046/6271652774_d69fcc2fff.jpg,photos/raw/6271652774.jpg,332,500,an|ariel|arielduenas|artist|artistfriendsparty|friends|guadalajara|interior|jalisco|looking|mexico|party|thru|window,ep098,2024-05-27,synthetic
f_3372163166,3372163166,openverse/flickr,https://live.staticflickr.com/3471/3372163166_13b5d5c7ec_b.jpg,photos/raw/3372163166.jpg,768,1024,heychamp|sxsw,ep082,2023-12-28,synthetic
f_4673215825,4673215825,openverse/flickr,https://live.staticflickr.com/4019/4673215825_f43e88df45.jpg,photos/raw/4673215825.jpg,500,375,iphone|adult|group|landscape|light|man|music|people|portrait|wear|woman,ep022,2022-06-19,synthetic
f_2512606315,2512606315,openverse/flickr,https://live.staticflickr.com/2408/2512606315_8585f17dc2_b.jpg,photos/raw/2512606315.jpg,1024,768,20080521|livemusic|taipei|taiwan|thewall|u4e0du719fu7684u670bu53cbu6d3eu5c0d|u53f0u5317|u53f0u7063|u9019u7246|unfamiliarfriendsparty|不熟的朋友派對|台北|台灣|這牆,ep022,2022-06-19,synthetic
f_2575861778,2575861778,openverse/flickr,https://live.staticflickr.com/3116/2575861778_a9ea625bb1_b.jpg,photos/raw/2575861778.jpg,1024,682,loiclemeur|paris,ep003,2022-01-15,synthetic
f_2575860794,2575860794,openverse/flickr,https://live.staticflickr.com/3057/2575860794_14f8ebd4a1_b.jpg,photos/raw/2575860794.jpg,1024,682,loiclemeur|paris,ep011,2022-02-20,synthetic
f_2575866040,2575866040,openverse/flickr,https://live.staticflickr.com/3055/2575866040_a5f5ecaa76_b.jpg,photos/raw/2575866040.jpg,682,1024,loiclemeur|paris,ep011,2022-02-21,synthetic
f_2575057541,2575057541,openverse/flickr,https://live.staticflickr.com/3156/2575057541_5f51d3874f_b.jpg,photos/raw/2575057541.jpg,1024,682,loiclemeur|paris,ep011,2022-02-19,synthetic
f_2575859922,2575859922,openverse/flickr,https://live.staticflickr.com/3049/2575859922_643f0b0bd7_b.jpg,photos/raw/2575859922.jpg,1024,682,loiclemeur|paris,ep003,2022-01-15,synthetic
f_2575036547,2575036547,openverse/flickr,https://live.staticflickr.com/3279/2575036547_124012aa67_b.jpg,photos/raw/2575036547.jpg,682,1024,loiclemeur|paris,ep011,2022-02-21,synthetic
f_2575876350,2575876350,openverse/flickr,https://live.staticflickr.com/3085/2575876350_11f533f724_b.jpg,photos/raw/2575876350.jpg,1024,682,loiclemeur|paris,ep011,2022-02-21,synthetic
f_2575051473,2575051473,openverse/flickr,https://live.staticflickr.com/3151/2575051473_ced376cde9_b.jpg,photos/raw/2575051473.jpg,682,1024,loiclemeur|paris,ep011,2022-02-21,synthetic
f_2575838308,2575838308,openverse/flickr,https://live.staticflickr.com/3087/2575838308_b0ffea75bc_b.jpg,photos/raw/2575838308.jpg,1024,682,paris|loiclemeur,ep011,2022-02-21,synthetic
f_8686103457,8686103457,openverse/flickr,https://live.staticflickr.com/8259/8686103457_0bb0f31140_b.jpg,photos/raw/8686103457.jpg,1024,1024,arizona|az|burbs|graffiti|phoenix|phx|road|roadtrip|suburbs|trip|valley|west|westernphoenix|westphoenix|westvalley,ep087,2024-01-22,synthetic
f_8686481591,8686481591,openverse/flickr,https://live.staticflickr.com/8393/8686481591_b439c500b6_b.jpg,photos/raw/8686481591.jpg,1024,1024,arizona|az|burbs|composition|downtown|phoenix|phx|road|roadtrip|suburbs|trip|valley|west|westernphoenix|westphoenix|westvalley,ep074,2023-09-18,synthetic
f_8686479491,8686479491,openverse/flickr,https://live.staticflickr.com/8404/8686479491_6ecc4fd0f0_b.jpg,photos/raw/8686479491.jpg,1024,683,arizona|az|bar|bottle|burbs|lot|parking|phoenix|phx|road|roadtrip|saddlehorn|saloon|sign|suburbs|tolleson|trip|valley|west|westernphoenix|westphoenix|westvalley|road|signal|travel,ep153,2025-06-13,synthetic
f_8686479897,8686479897,openverse/flickr,https://live.staticflickr.com/8406/8686479897_fa8f75074a_b.jpg,photos/raw/8686479897.jpg,1024,707,arizona|az|burbs|downtown|phoenix|phx|road|roadtrip|shop|shopping|suburbs|trip|valley|west|westernphoenix|westphoenix|westvalley,ep153,2025-06-13,synthetic
f_8687598098,8687598098,openverse/flickr,https://live.staticflickr.com/8124/8687598098_e4f1b74123_b.jpg,photos/raw/8687598098.jpg,1024,1024,85|arizona|az|burbs|mc|mc85|phoenix|phx|road|roadtrip|suburbs|trip|valley|west|westbuckeye|westernphoenix|westphoenix|westvalley,ep160,2025-07-25,synthetic
f_8687597498,8687597498,openverse/flickr,https://live.staticflickr.com/8261/8687597498_d6d11bf751_b.jpg,photos/raw/8687597498.jpg,1023,683,arizona|az|burbs|capiceria|carlos|phoenix|phx|road|roadtrip|suburbs|trip|upholstery|valley|west|westernphoenix|westphoenix|westvalley|abandoned|people,ep125,2024-12-08,synthetic
f_8686481757,8686481757,openverse/flickr,https://live.staticflickr.com/8396/8686481757_1ebea704c4_b.jpg,photos/raw/8686481757.jpg,1024,1024,abandoned|architecture|arizona|az|broken|burbs|entropy|fallingapart|house|phoenix|phx|road|roadtrip|suburbs|trip|valley|west|westernphoenix|westphoenix|westvalley,ep160,2025-07-25,synthetic
f_8687220108,8687220108,openverse/flickr,https://live.staticflickr.com/8399/8687220108_c072644079_b.jpg,photos/raw/8687220108.jpg,1023,683,arizona|az|building|burbs|phoenix|phx|pickup|road|roadtrip|shop|suburbs|tire|tires|trip|truck|valley|west|westernphoenix|westphoenix|westvalley|yellow|bus|car|drag race|graffiti|road|street|traffic|transportation system|truck|vehicle,ep130,2025-01-02,synthetic
f_8686480101,8686480101,openverse/flickr,https://live.staticflickr.com/8258/8686480101_4e6d01f444_b.jpg,photos/raw/8686480101.jpg,1024,683,arizona|az|burbs|phoenix|phx|road|roadtrip|suburbs|trip|valley|west|westernphoenix|westphoenix|westvalley|abandoned|architecture|broken|building|calamity|construction|demolition|door|expression|family|home|house|old|outdoors|window,ep160,2025-07-25,synthetic
f_8687596802,8687596802,openverse/flickr,https://live.staticflickr.com/8546/8687596802_9dc92817be_b.jpg,photos/raw/8687596802.jpg,1024,1024,arizona|az|burbs|composition|downtown|phoenix|phx|road|roadtrip|suburbs|trip|valley|west|westernphoenix|westphoenix|westvalley|abandoned|architecture|building|countryside|door|empty|family|home|house|old|outdoors|rural|rustic|travel|window|wood|wooden,ep148,2025-04-28,synthetic
f_8687597366,8687597366,openverse/flickr,https://live.staticflickr.com/8114/8687597366_5b9d6c231e_b.jpg,photos/raw/8687597366.jpg,1024,683,85|arizona|az|burbs|mc|mc85|phoenix|phx|road|roadtrip|suburbs|trip|valley|west|westbuckeye|westernphoenix|westphoenix|westvalley|abandoned|architecture|broken|building|calamity|construction|door|empty|family|home|house|hurricane|outdoors|rustic|window|wood,ep160,2025-07-25,synthetic
f_16570143476,16570143476,openverse/flickr,https://live.staticflickr.com/7401/16570143476_ab78ed7ca9_b.jpg,photos/raw/16570143476.jpg,1024,768,awe|blaze|blue|california|car|clear|color|countryroad|crimson|dream|drive|flckr|great|headlights|home|horizons|hues|inspiring|journey|lights|moonjazz|photography|road|romantic|sky|song|travel|trip|wandering|yellow,ep160,2025-07-25,synthetic
f_8687603668,8687603668,openverse/flickr,https://live.staticflickr.com/8534/8687603668_7efc38f35e_b.jpg,photos/raw/8687603668.jpg,1024,683,arizona|az|bankuptcy|bar|boy|burbs|causal|causation|cause|divorce|effect|flirt|flirting|gal|girl|guy|logic|man|painting|phoenix|phx|pickup|road|roadtrip|saloon|sign|suburbs|trip|valley|west|westernphoenix|westphoenix|westvalley|woman|architecture|business|outdoors|people|travel,ep074,2023-09-18,synthetic
f_51589871298,51589871298,openverse/flickr,https://live.staticflickr.com/65535/51589871298_97e2bb400f_b.jpg,photos/raw/51589871298.jpg,1024,608,clouds|empty|mountcook|newzealand|plain|ratcliff|road|sky|stuckincustomscom|trey|treyratcliff,ep154,2025-06-19,synthetic
f_8686481053,8686481053,openverse/flickr,https://live.staticflickr.com/8401/8686481053_dee10fb6b0_b.jpg,photos/raw/8686481053.jpg,1024,684,85|arizona|az|burbs|mc|mc85|phoenix|phx|road|roadtrip|suburbs|trip|valley|west|westbuckeye|westernphoenix|westphoenix|westvalley,ep160,2025-07-25,synthetic
f_16008112319,16008112319,openverse/flickr,https://live.staticflickr.com/7573/16008112319_8fc6bac4cc_b.jpg,photos/raw/16008112319.jpg,1023,678,16gb|1tb|20mm|22|35mm|55mm|a5100|a7ii|amazon|anker|bach|backpack|bag|basics|battery|bctrw|blower|boblbee|camera|carbon|card|cards|case|charger|china|cleaning|e|extreme|f18|f28|fe|flash|gear|giottos|hvlf20m|insert|iphone|lens|lenspen|mefoto|mobile|my|npfw50|pack|passport|peli|plus|rechargeable|road|roadtrip|rocketair|sandisk|sd|shield|sonnar|sony|storage|stuff|super|t|travel|trip|tripod|u897fu5b89u5e02|usb|wd|wifi|wireless|za|zeiss,ep139,2025-02-28,synthetic
f_4907868184,4907868184,openverse/flickr,https://live.staticflickr.com/4100/4907868184_164e863240_b.jpg,photos/raw/4907868184.jpg,768,1024,car|clouds|crosscountry|desert|dog|highway|massachusetts|oregon|portrait|puppy|road|roadtrip|sky|snugg|snugglepup|stuffedanimal|summer|trip|xc|daylight|desert|landscape|one|outdoors|people|road|sky|sunset|travel,ep089,2024-03-19,synthetic
f_8687595280,8687595280,openverse/flickr,https://live.staticflickr.com/8534/8687595280_dc7f2739b7_b.jpg,photos/raw/8687595280.jpg,1023,1024,abandoned|architecture|arizona|az|broken|burbs|entropy|fallingapart|house|phoenix|phx|road|roadtrip|suburbs|trip|valley|west|westernphoenix|westphoenix|westvalley,ep160,2025-07-25,synthetic
f_8687220596,8687220596,openverse/flickr,https://live.staticflickr.com/8263/8687220596_40af22dfbe_b.jpg,photos/raw/8687220596.jpg,1024,683,arizona|az|buckeye|burbs|original|phoenix|phx|road|roadtrip|sign|steakhouse|suburbs|trip|valley|west|westernphoenix|westphoenix|westvalley|guidance|outdoors|road|sign|signal|signalise,ep153,2025-06-13,synthetic
f_8687220974,8687220974,openverse/flickr,https://live.staticflickr.com/8262/8687220974_ab37517f08_b.jpg,photos/raw/8687220974.jpg,1024,1024,arizona|az|burbs|graffiti|k|phoenix|phx|road|roadtrip|suburbs|trip|valley|west|westernphoenix|westphoenix|westvalley,ep074,2023-09-18,synthetic
f_9776390895,9776390895,openverse/flickr,https://live.staticflickr.com/7358/9776390895_a978437d16.jpg,photos/raw/9776390895.jpg,500,427,boys|cigarette|england|man|road|shop|street,ep164,2025-08-22,synthetic
f_16690874796,16690874796,openverse/flickr,https://live.staticflickr.com/8663/16690874796_c3b1d725b2_b.jpg,photos/raw/16690874796.jpg,608,1024,action|antique|automobile|black|blackwhite|blurry|car|dirt|dirtroad|driving|found|foundphotograph|monochrome|movement|old|photograph|road|snapshot|vernacular|vintage|white,ep053,2023-05-03,synthetic
f_15421746008,15421746008,openverse/flickr,https://live.staticflickr.com/5610/15421746008_a29250ec0d_b.jpg,photos/raw/15421746008.jpg,1024,602,antique|army|black|blackwhite|festival|found|foundphotograph|harvest|harvestfestivalsale|hotel|monochrome|old|palace|palacehotel|photograph|sale|salvation|salvationarmy|snapshot|vernacular|vintage|white,ep053,2023-05-03,synthetic
f_8481034923,8481034923,openverse/flickr,https://live.staticflickr.com/8250/8481034923_efee7156d8_b.jpg,photos/raw/8481034923.jpg,1024,686,18518|185mm|abend|belgrade|bokeh|csc|dark|dunkel|evening|evil|f18|festbrennweite|fixbrennweite|fixfocallength|high|highiso|highsensitivity|hoheempfindlichkeit|hoheiso|ilc|iso|iso1600|ivanradic|mirrorless|night|nikkor|nikon|nikon1nikkor185mmf18|nikon1v1|normalbrennweite|primelens|serbia|spiegellos|standardprime|systemcamera|systemkamera|v1|zemun,ep087,2024-01-19,synthetic
f_24464238940,24464238940,openverse/flickr,https://live.staticflickr.com/1445/24464238940_9f0966c5a5_b.jpg,photos/raw/24464238940.jpg,1024,698,1920s|action|commercialstreets|downtownseattle|seattle|seattlemunicipalarchives|vintagecars,ep025,2022-08-04,synthetic
f_415079389,415079389,openverse/flickr,https://live.staticflickr.com/186/415079389_1c546554af_b.jpg,photos/raw/415079389.jpg,1024,768,autorijles|carinstructor|drivinglicence|rijschool,ep024,2022-07-17,synthetic
f_415079327,415079327,openverse/flickr,https://live.staticflickr.com/146/415079327_b3ec9ba97e_b.jpg,photos/raw/415079327.jpg,1024,768,autorijles|carinstructor|drivinglicence|rijschool,ep047,2023-04-01,synthetic
f_3555397195,3555397195,openverse/flickr,https://live.staticflickr.com/3648/3555397195_098c37a57d_b.jpg,photos/raw/3555397195.jpg,1024,678,car|drivinglesson|maryagnesfretwell|wefretwell|westernaustralia|adult|car|convertible|driver|group|group together|people|transportation system|vehicle,ep083,2024-01-02,synthetic
f_13301012145,13301012145,openverse/flickr,https://live.staticflickr.com/3718/13301012145_be4b50be88_b.jpg,photos/raw/13301012145.jpg,1023,680,april|april1|citizensunited|corporations≠people|corporationsu2260people|election|grassrootstosa|holdersofthelight|led|library|lightbrigade|money≠speech|moneyu2260speech|movetoamend|occupyriverwest|olb|outofpolitics|overpasslightbrigade|southeasternwisconsinmovetoamend|wauwatosa|wisconsin|wisconsinmovetoamend,ep052,2023-04-28,synthetic
f_11456570466,11456570466,openverse/flickr,https://live.staticflickr.com/3803/11456570466_f7403f7835_b.jpg,photos/raw/11456570466.jpg,1024,768,90065|bike|bikela|bikes|cars|congestion|cypresspark|fig4all|figueroa|flyingpigeonla|lastreetsblog|livability|livable|los|losangeles|pollution|streets|streetsblog|streetsblogla|traffic|action|car|city|competition|daylight|road|street|traffic|transportation system|travel|vehicle,ep089,2024-03-15,synthetic
f_12235747,12235747,openverse/flickr,https://live.staticflickr.com/11/12235747_3b85b04915_b.jpg,photos/raw/12235747.jpg,1024,443,auto|automobile|baybridge|beams|bridge|car|cars|highway|lanes|motorcycle|overpass|roadway|support|trucks,ep157,2025-07-10,synthetic
f_4274850045,4274850045,openverse/flickr,https://live.staticflickr.com/4021/4274850045_d9038312ea_b.jpg,photos/raw/4274850045.jpg,768,1024,autoshow|detroit|naias2010,ep148,2025-04-27,synthetic
f_4733373742,4733373742,openverse/flickr,https://live.staticflickr.com/1011/4733373742_06fc541f51.jpg,photos/raw/4733373742.jpg,500,414,alaskanwayviaduct|highway99|imlsdcc|seattle|unitedstates|washingtonstate|car|monochrome|road|street|traffic|transportation system|vehicle,ep080,2023-12-15,synthetic
f_2952714590,2952714590,openverse/flickr,https://live.staticflickr.com/3175/2952714590_9867d73152.jpg,photos/raw/2952714590.jpg,499,333,beverlyhillschihuahua|car|chihuahua|dog|driving|refrigerator|repair|subzerochihuahua|subzerofridgerepair|subzerolosangeles|subzerorefrigerator,ep099,2024-06-10,synthetic
f_256190129,256190129,openverse/flickr,https://live.staticflickr.com/121/256190129_b86e4b6869_b.jpg,photos/raw/256190129.jpg,768,1024,armenia|car|drive|elmada|erevan|erivan|haghtanakpark|hagtanak|hayastan|jerevan|learntodrive|mayr|mayrhayastan|mother|motherarmenia|narrow|park|statue|yerevan,ep015,2022-04-15,synthetic
f_25818172582,25818172582,openverse/flickr,https://live.staticflickr.com/1475/25818172582_afe4540c42_b.jpg,photos/raw/25818172582.jpg,692,1023,antique|automobile|black|blackwhite|car|driving|found|foundphotograph|monochrome|old|photograph|road|snapshot|vernacular|vintage|white,ep168,2025-09-24,synthetic
f_538983700,538983700,openverse/flickr,https://live.staticflickr.com/1434/538983700_f3bae27f7b_b.jpg,photos/raw/538983700.jpg,1024,768,car|control|danger|dashboard|direction|drive|driver|fast|one|people|safety|transportation system|vehicle,ep089,2024-03-15,synthetic
f_2430751806,2430751806,openverse/flickr,https://live.staticflickr.com/2356/2430751806_d10b12beec_b.jpg,photos/raw/2430751806.jpg,1023,682,20080420|car|driving|globalwarmingweather|hail|hailstorm|ice|lakeoswego|mcvey|motionblur|oregon|road|snow|sunday|weather|weekend,ep118,2024-10-21,synthetic
f_2279741705,2279741705,openverse/flickr,https://live.staticflickr.com/2205/2279741705_f3084fa513_m.jpg,photos/raw/2279741705.jpg,240,180,assclown|douchebag|idiot|imbecile|katu|lightrail|lolz|max|metroriderla|moron|portland|portlandoregon|stupiddriver|subway|trimet|tunnel,ep089,2024-03-16,synthetic
f_6112562713,6112562713,openverse/flickr,https://live.staticflickr.com/6080/6112562713_7febbee728_b.jpg,photos/raw/6112562713.jpg,683,1024,car|driving|flood|jerez|water,ep118,2024-10-21,synthetic
f_17173869,17173869,openverse/flickr,https://live.staticflickr.com/14/17173869_580db9d906_b.jpg,photos/raw/17173869.jpg,1024,761,bedroom|books|bookshelf|literature,ep004,2022-01-20,synthetic
f_631288,631288,openverse/flickr,https://live.staticflickr.com/1/631288_0562997249.jpg,photos/raw/631288.jpg,500,375,books|bookshelf|ocd|philosophy|spaces,ep016,2022-04-22,synthetic
f_2822911740,2822911740,openverse/flickr,https://live.staticflickr.com/3141/2822911740_cbd9dd8f42_b.jpg,photos/raw/2822911740.jpg,1024,681,bookshelf,ep004,2022-01-20,synthetic
f_454575494,454575494,openverse/flickr,https://live.staticflickr.com/226/454575494_bc3872dc81_b.jpg,photos/raw/454575494.jpg,768,1024,bookshelf,ep004,2022-01-20,synthetic
f_2822073005,2822073005,openverse/flickr,https://live.staticflickr.com/3094/2822073005_8ee9970b43_b.jpg,photos/raw/2822073005.jpg,1024,681,bookshelf,ep004,2022-01-22,synthetic
f_3168355174,3168355174,openverse/flickr,https://live.staticflickr.com/1121/3168355174_1c952ee266_b.jpg,photos/raw/3168355174.jpg,1024,683,books|bookshelf|illustration,ep016,2022-04-20,synthetic
f_712773,712773,openverse/flickr,https://live.staticflickr.com/1/712773_f47537bc0c.jpg,photos/raw/712773.jpg,375,500,book|bookshelf|library,ep082,2023-12-25,synthetic
f_5384227790,5384227790,openverse/flickr,https://live.staticflickr.com/5219/5384227790_204867f061_b.jpg,photos/raw/5384227790.jpg,1024,613,books|bookshelf|read,ep016,2022-04-22,synthetic
f_488748172,488748172,openverse/flickr,https://live.staticflickr.com/232/488748172_739bf80f25_b.jpg,photos/raw/488748172.jpg,1023,609,books|bookshelf|yourbooks,ep004,2022-01-20,synthetic
f_2382181451,2382181451,openverse/flickr,https://live.staticflickr.com/3140/2382181451_e1cacb3999_b.jpg,photos/raw/2382181451.jpg,1023,366,books|bookshelf|book|bookcase|bookstore|education|knowledge|library|literature|research|school|shelf|study|university|wisdom,ep004,2022-01-21,synthetic
f_6829994084,6829994084,openverse/flickr,https://live.staticflickr.com/7192/6829994084_53e2d79ea8_b.jpg,photos/raw/6829994084.jpg,1024,768,books|bookshelf|library|book|bookcase|bookstore|education|knowledge|library|literature|order|page|shelf|university|wisdom,ep004,2022-01-23,synthetic
f_6830923298,6830923298,openverse/flickr,https://live.staticflickr.com/7064/6830923298_342cdd3ba9_b.jpg,photos/raw/6830923298.jpg,768,1024,books|bookshelf|library,ep016,2022-04-23,synthetic
f_24041157,24041157,openverse/flickr,https://live.staticflickr.com/18/24041157_b9828e9ac2_b.jpg,photos/raw/24041157.jpg,1024,768,book|books|bookshelf|library|office|shelves,ep074,2023-09-18,synthetic
f_7015081,7015081,openverse/flickr,https://live.staticflickr.com/8/7015081_82978f1cf1.jpg,photos/raw/7015081.jpg,375,500,bookshelf|u306fu3066u306au672cu68dau51fau3057,ep004,2022-01-21,synthetic
f_2822906322,2822906322,openverse/flickr,https://live.staticflickr.com/3200/2822906322_dbf263d786_b.jpg,photos/raw/2822906322.jpg,1024,681,bookshelf,ep102,2024-06-30,synthetic
f_88210527,88210527,openverse/flickr,https://live.staticflickr.com/27/88210527_c347c1b2bb_b.jpg,photos/raw/88210527.jpg,1022,322,books|bookshelf,ep081,2023-12-20,synthetic
f_1238692907,1238692907,openverse/flickr,https://live.staticflickr.com/1436/1238692907_2ef698368a_b.jpg,photos/raw/1238692907.jpg,768,1024,bookshelf,ep016,2022-04-20,synthetic
f_2891286537,2891286537,openverse/flickr,https://live.staticflickr.com/3242/2891286537_8752b0623c_b.jpg,photos/raw/2891286537.jpg,768,1024,books|bookshelf,ep016,2022-04-21,synthetic
f_4434575096,4434575096,openverse/flickr,https://live.staticflickr.com/4017/4434575096_176052b3aa_b.jpg,photos/raw/4434575096.jpg,768,1024,berlin|bookshelf|logs,ep090,2024-03-26,synthetic
f_124232926,124232926,openverse/flickr,https://live.staticflickr.com/50/124232926_92460f9718_b.jpg,photos/raw/124232926.jpg,1024,768,books|bookshelf,ep004,2022-01-23,synthetic
f_3223218731,3223218731,openverse/flickr,https://live.staticflickr.com/3411/3223218731_b06ef009c2_b.jpg,photos/raw/3223218731.jpg,1024,768,motorcycles,ep057,2023-05-22,synthetic
f_171347986,171347986,openverse/flickr,https://live.staticflickr.com/56/171347986_d56ca1c602.jpg,photos/raw/171347986.jpg,450,338,motorcycle|radial,ep057,2023-05-24,synthetic
f_17365279496,17365279496,openverse/flickr,https://live.staticflickr.com/5329/17365279496_70212598eb_b.jpg,photos/raw/17365279496.jpg,1024,625,2015|blue|motorcycle,ep047,2023-04-01,synthetic
f_3545965361,3545965361,openverse/flickr,https://live.staticflickr.com/3372/3545965361_a067836a93_b.jpg,photos/raw/3545965361.jpg,1024,768,bikes|japanese|motorcycles|re5|rotary,ep047,2023-04-01,synthetic
f_4072009325,4072009325,openverse/flickr,https://live.staticflickr.com/2440/4072009325_1f0401e664_b.jpg,photos/raw/4072009325.jpg,1024,681,bikeshowjune210609|classics|dot|motorbikes|motorcycles|scrambler|twostroke|villiers,ep047,2023-04-01,synthetic
f_237893718,237893718,openverse/flickr,https://live.staticflickr.com/93/237893718_2fdd110639_b.jpg,photos/raw/237893718.jpg,1024,768,accident|blogged|crash|geotagged|illinois|joliet|motorcycle|public2017|video|youtube,ep155,2025-06-26,synthetic
f_3224080458,3224080458,openverse/flickr,https://live.staticflickr.com/3397/3224080458_cd0d2d54c8_b.jpg,photos/raw/3224080458.jpg,1024,768,motorcycles,ep057,2023-05-24,synthetic
f_640089743,640089743,openverse/flickr,https://live.staticflickr.com/1205/640089743_1b23ea8762_b.jpg,photos/raw/640089743.jpg,1024,768,motorcycle,ep057,2023-05-24,synthetic
f_9679160804,9679160804,openverse/flickr,https://live.staticflickr.com/5520/9679160804_bcf0799c23_b.jpg,photos/raw/9679160804.jpg,1024,511,motorcycle,ep155,2025-06-30,synthetic
f_4455976588,4455976588,openverse/flickr,https://live.staticflickr.com/2782/4455976588_f89187f069.jpg,photos/raw/4455976588.jpg,500,365,frontroyal|motorcycle|virginia,ep047,2023-04-01,synthetic
f_4985691583,4985691583,openverse/flickr,https://live.staticflickr.com/4109/4985691583_ff674f429b.jpg,photos/raw/4985691583.jpg,500,462,motocicletta|motorcycle,ep047,2023-04-01,synthetic
f_432332907,432332907,openverse/flickr,https://live.staticflickr.com/165/432332907_89cc3e85cc_b.jpg,photos/raw/432332907.jpg,1023,687,motorcycle|triumph,ep047,2023-04-01,synthetic
f_5228732594,5228732594,openverse/flickr,https://live.staticflickr.com/5003/5228732594_40ff49271d_b.jpg,photos/raw/5228732594.jpg,1024,533,classics|motorbikes|motorcycles|sunbeam,ep047,2023-04-02,synthetic
f_171347987,171347987,openverse/flickr,https://live.staticflickr.com/77/171347987_b918ce953f.jpg,photos/raw/171347987.jpg,450,300,motorcycle|radial,ep057,2023-05-23,synthetic
f_14092724776,14092724776,openverse/flickr,https://live.staticflickr.com/5033/14092724776_1b1c3de634_b.jpg,photos/raw/14092724776.jpg,1024,691,motorcycle|police,ep089,2024-03-20,synthetic
f_2410058274,2410058274,openverse/flickr,https://live.staticflickr.com/3078/2410058274_36016ed699_b.jpg,photos/raw/2410058274.jpg,1024,768,boy|driver|motorcycle,ep155,2025-06-26,synthetic
f_13994421164,13994421164,openverse/flickr,https://live.staticflickr.com/7027/13994421164_53dc573446_b.jpg,photos/raw/13994421164.jpg,1024,685,motorbike|motorcycle|mz50,ep047,2023-04-01,synthetic
f_1925057630,1925057630,openverse/flickr,https://live.staticflickr.com/2028/1925057630_89b6f2c35d_b.jpg,photos/raw/1925057630.jpg,1024,768,bmw|losaltos|motorcycle,ep047,2023-04-01,synthetic
f_2253638192,2253638192,openverse/flickr,https://live.staticflickr.com/2177/2253638192_1587a734ca_b.jpg,photos/raw/2253638192.jpg,1024,680,indianapolis|motorcycle|vintage,ep053,2023-05-03,synthetic
f_3666241605,3666241605,openverse/flickr,https://live.staticflickr.com/2571/3666241605_875ce6e59a.jpg,photos/raw/3666241605.jpg,500,375,girl|motorcycle|woman,ep143,2025-03-29,synthetic
f_4319340030,4319340030,openverse/flickr,https://live.staticflickr.com/2778/4319340030_036f6533a2_b.jpg,photos/raw/4319340030.jpg,525,1000,food|shanghai|street,ep125,2024-12-08,synthetic
f_16050664237,16050664237,openverse/flickr,https://live.staticflickr.com/8651/16050664237_4c9e9efee0_b.jpg,photos/raw/16050664237.jpg,1023,792,athens|athina|europe|greece|street|streetfood|u03b1u03b8u03aeu03bdu03b1|urbanlandscapce|urbanlife|αθήνα,ep074,2023-09-18,synthetic
f_7151832899,7151832899,openverse/flickr,https://live.staticflickr.com/5456/7151832899_71ea3f2a3f_b.jpg,photos/raw/7151832899.jpg,768,1024,45mm|candid|eating|ep3|f18|food|greatyarmouth|portrait|street|adult|city|man|military|one|people|portrait|road|street|transportation system|vehicle,ep164,2025-08-22,synthetic
f_16375851848,16375851848,openverse/flickr,https://live.staticflickr.com/7341/16375851848_1fdbe274d0_b.jpg,photos/raw/16375851848.jpg,768,1024,em10|food|hongkong|leicadgsummilux25mmf14|mongkok|omd|street|adult|child|facial expression|flame|group|man|monochrome|music|one|people|portrait|smoke|two|wear,ep110,2024-08-23,synthetic
f_4568575172,4568575172,openverse/flickr,https://live.staticflickr.com/4011/4568575172_82b6bd1b27_b.jpg,photos/raw/4568575172.jpg,1000,507,streetfood|wangfujing,ep158,2025-07-16,synthetic
f_16734314021,16734314021,openverse/flickr,https://live.staticflickr.com/8650/16734314021_3c82743eca_b.jpg,photos/raw/16734314021.jpg,1024,768,em10|food|hongkong|kowloon|leicadgsummilux25mmf14|mongkok|omd|street,ep125,2024-12-07,synthetic
f_15644380381,15644380381,openverse/flickr,https://live.staticflickr.com/5597/15644380381_31e46e14d8_b.jpg,photos/raw/15644380381.jpg,683,1024,35mm|5d|5d2|asian|canon|china|chinese|fish|food|market|mk2|mkii|old|photography|portrait|sigma|street|travel|travelling|adult|commerce|fish|food|group|grow|man|market|one|outdoors|people|seafood|sell|shopping|stall|stock|woman,ep110,2024-08-23,synthetic
f_4642420540,4642420540,openverse/flickr,https://live.staticflickr.com/4067/4642420540_7504eae87b.jpg,photos/raw/4642420540.jpg,500,334,food|bread|cooking|delicious|dinner|dish|food|grow|lunch|meal|plate|table|traditional|vegetable,ep123,2024-11-29,synthetic
f_15016712723,15016712723,openverse/flickr,https://live.staticflickr.com/5598/15016712723_2ac2faf96f_b.jpg,photos/raw/15016712723.jpg,1024,683,5d|5d2|canon|china|food|local|mk2|mkii|sigma|snack|snacks|street|travel|travelling|adult|child|food|outdoors|people|street|woman,ep123,2024-11-29,synthetic
f_27509725535,27509725535,openverse/flickr,https://live.staticflickr.com/7071/27509725535_276e62c778_b.jpg,photos/raw/27509725535.jpg,1024,769,bokeh|bricklane|foodstall|london|market|panasoniclumixg7|prettywoman|street,ep125,2024-12-08,synthetic
f_10365328773,10365328773,openverse/flickr,https://live.staticflickr.com/7362/10365328773_2187ff099e_b.jpg,photos/raw/10365328773.jpg,680,1023,20mm|nex|nex6|photography|sel20f28|sony|sonynex|sonynex6|street|streetphotography,ep089,2024-03-17,synthetic
f_12598640875,12598640875,openverse/flickr,https://live.staticflickr.com/3769/12598640875_726584bc5d_b.jpg,photos/raw/12598640875.jpg,1024,684,banana|cantalope|cartagenadeindias|colombia|fruit|louvest|mango|pineapple|southamerica|strawberry|streetfood|watermelon,ep123,2024-11-29,synthetic
f_33007322120,33007322120,openverse/flickr,https://live.staticflickr.com/679/33007322120_abd5db9bf3_b.jpg,photos/raw/33007322120.jpg,1024,1024,frames|holidays|impressions|mangojouneys|markets|saigon|streettraders|topazlabs|vietnam,ep125,2024-12-07,synthetic
f_16974972212,16974972212,openverse/flickr,https://live.staticflickr.com/7641/16974972212_7732bc0090_b.jpg,photos/raw/16974972212.jpg,1024,766,italy|palermo|sicily|streetfood|u03b9u03c4u03b1u03bbu03afu03b1|u03c3u03b9u03bau03b5u03bbu03afu03b1|urbanlandscapce|urbanlife|ιταλία|σικελία,ep162,2025-08-14,synthetic
f_3187324296,3187324296,openverse/flickr,https://live.staticflickr.com/3497/3187324296_d02a1d014b_b.jpg,photos/raw/3187324296.jpg,1024,768,chaudoc|cooking|delta|food|geotagged|market|mekong|street|vietnam|adult|concert|festival|man|music|musician|one|people|performance,ep125,2024-12-08,synthetic
f_15341961001,15341961001,openverse/flickr,https://live.staticflickr.com/2943/15341961001_f7c9caa174_b.jpg,photos/raw/15341961001.jpg,1024,768,food|street|thai,ep125,2024-12-08,synthetic
f_7053834749,7053834749,openverse/flickr,https://live.staticflickr.com/7186/7053834749_9776791b9b_b.jpg,photos/raw/7053834749.jpg,1024,576,2012|bangkok|coolpix|food|national|nikon|p300|satay|stadium|street|thailand|totallythailand|battle|calamity|cooking|flame|food|indoors|people|smoke,ep125,2024-12-07,synthetic
f_3975108142,3975108142,openverse/flickr,https://live.staticflickr.com/3473/3975108142_e0c34c9352_b.jpg,photos/raw/3975108142.jpg,1024,682,eating|food|indian|lavapies|madrid|people|street|adult|dancing|group|man|music|people|recreation|wear|woman,ep118,2024-10-18,synthetic
f_30640278528,30640278528,openverse/flickr,https://live.staticflickr.com/1857/30640278528_7925e282b0_b.jpg,photos/raw/30640278528.jpg,1024,644,churros|food|puesto|sanjuan,ep082,2023-12-26,synthetic
f_36891401314,36891401314,openverse/flickr,https://live.staticflickr.com/4510/36891401314_a3088d2b67_b.jpg,photos/raw/36891401314.jpg,1024,683,chania|crete|greece|street,ep125,2024-12-07,synthetic
f_8204021537,8204021537,openverse/flickr,https://live.staticflickr.com/8058/8204021537_7898256e57_b.jpg,photos/raw/8204021537.jpg,1024,550,120mm|645|arkansas|businessman|cooked|delicious|dinner|eating|film|here|home|hot|meal|meals|mural|pentax|served|sign|springs|stop|wall|road|sign|signal|signalise|text,ep098,2024-05-27,synthetic
f_1754234303,1754234303,openverse/flickr,https://live.staticflickr.com/2137/1754234303_171749b6ac.jpg,photos/raw/1754234303.jpg,500,375,dinner|food|healthy|pizza,ep076,2023-09-27,synthetic
f_4864999887,4864999887,openverse/flickr,https://live.staticflickr.com/4074/4864999887_1898a41ebf_b.jpg,photos/raw/4864999887.jpg,1024,686,beancurd|cheese|eggplant|eggplantgratin|eggplantgratinwithtofuandmisosauce|food|french|fusion|gratin|harumisjapanesehomecooking|japanese|miso|silkentofu|tofu,ep084,2024-01-07,synthetic
f_4864984665,4864984665,openverse/flickr,https://live.staticflickr.com/4076/4864984665_2035f759fa_b.jpg,photos/raw/4864984665.jpg,1023,685,beancurd|cheese|eggplant|eggplantgratin|eggplantgratinwithtofuandmisosauce|food|french|fusion|gratin|harumisjapanesehomecooking|japanese|miso|silkentofu|tofu,ep084,2024-01-06,synthetic
f_80090145,80090145,openverse/flickr,https://live.staticflickr.com/41/80090145_e0444aec06_b.jpg,photos/raw/80090145.jpg,768,1024,cooking|food|indian|kitchen|spices,ep054,2023-05-07,synthetic
f_4865603170,4865603170,openverse/flickr,https://live.staticflickr.com/4120/4865603170_1c0230e1cf_b.jpg,photos/raw/4865603170.jpg,1023,685,beancurd|cheese|eggplant|eggplantgratin|eggplantgratinwithtofuandmisosauce|food|french|fusion|gratin|harumisjapanesehomecooking|japanese|miso|silkentofu|tofu,ep084,2024-01-06,synthetic
f_7069131537,7069131537,openverse/flickr,https://live.staticflickr.com/7083/7069131537_0c7cb20277_b.jpg,photos/raw/7069131537.jpg,1024,576,2012|hanoi|vietnam,ep076,2023-10-01,synthetic
f_4096093975,4096093975,openverse/flickr,https://live.staticflickr.com/2690/4096093975_4ec645ee07_b.jpg,photos/raw/4096093975.jpg,804,1000,2470mmf28g|chania|crete|greece|griechenland|kreta|nikon2470mmafszoomnikkor28ged|nikond300|street|alley|architecture|building|city|door|Gothic|house|narrow|old|pavement|street|tourism|town|travel,ep112,2024-09-10,synthetic
f_365791407,365791407,openverse/flickr,https://live.staticflickr.com/100/365791407_1b15573f81_b.jpg,photos/raw/365791407.jpg,1024,768,americana|food,ep085,2024-01-10,synthetic
f_28490714610,28490714610,openverse/flickr,https://live.staticflickr.com/7468/28490714610_6447d89153_b.jpg,photos/raw/28490714610.jpg,1024,680,animal|feeding|field|foal|hdr|lawton|mammal|mother|mum|nursing|oklahoma|outdoors|pony|unitedstates|us,ep105,2024-07-20,synthetic
f_5282097770,5282097770,openverse/flickr,https://live.staticflickr.com/5163/5282097770_6d8aec47f7_b.jpg,photos/raw/5282097770.jpg,1024,683,christmas2010|christmasdinnerwithmyinlaws|homecookedkaldereta|bowl|cooking|cuisine|delicious|dinner|dish|food|homemade|hot|lunch|meal|meat|plate|rustic|soup|spoon|stew|traditional|vegetable,ep076,2023-10-03,synthetic
f_4864984455,4864984455,openverse/flickr,https://live.staticflickr.com/4073/4864984455_a95f595817_b.jpg,photos/raw/4864984455.jpg,613,1024,eggplantgratin|eggplantgratinwithtofuandmisosauce|french|fusion|harumisjapanesehomecooking|japanese|recipe,ep019,2022-06-03,synthetic
f_5282102206,5282102206,openverse/flickr,https://live.staticflickr.com/5009/5282102206_8bcfc151de_b.jpg,photos/raw/5282102206.jpg,1024,683,christmas2010|christmasdinnerwithmyinlaws|homecookedkaldereta,ep076,2023-10-01,synthetic
f_4439658711,4439658711,openverse/flickr,https://live.staticflickr.com/4016/4439658711_2b14635dd2_b.jpg,photos/raw/4439658711.jpg,681,1024,2567|boudha|buddhist|chain|garden|gardenkitchen|gardenkitchenrestaurant|hand|homecooking|kathmandu|kitchen|lamdre|logsign|nepal|plant|restaurant|outdoors,ep153,2025-06-13,synthetic
f_4865602948,4865602948,openverse/flickr,https://live.staticflickr.com/4074/4865602948_fed0f53c8a_b.jpg,photos/raw/4865602948.jpg,613,1024,eggplantgratin|eggplantgratinwithtofuandmisosauce|french|fusion|harumisjapanesehomecooking|japanese|recipe,ep061,2023-07-09,synthetic
f_245747976,245747976,openverse/flickr,https://live.staticflickr.com/93/245747976_647fce0618_b.jpg,photos/raw/245747976.jpg,1024,768,homecooking|japanese|lunch,ep121,2024-11-07,synthetic
f_2421048904,2421048904,openverse/flickr,https://live.staticflickr.com/2152/2421048904_1d19b9771d_b.jpg,photos/raw/2421048904.jpg,1024,683,burabog|canon|canonrebel|canonrebelxt|eos400d|eosrebel|eosrebelxti|kaantabe91|kamote|kamoteus|kamoteus2003|philippines|pinoy|pinoyako|pinoyfaves|rebel|rebelxt|rebelxti|subic|subicbayfreeport|teampilipinas|thechallengefactory|ash|bonfire|burn|burnt|camp|campfire|charcoal|coal|cooking|danger|fireplace|firewood|flame|fuel|furnace|heat|hot|ignite|smoke|warmly,ep123,2024-11-29,synthetic
f_193133253,193133253,openverse/flickr,https://live.staticflickr.com/61/193133253_5469b2cb1b_b.jpg,photos/raw/193133253.jpg,1024,1002,2006|albany|altuwa|centersquare|coffeeshop|collage|july|larkst|lunch|mosaic|ny|panel|polyptych|samshomecooking|usa,ep034,2022-11-19,synthetic
f_6028479805,6028479805,openverse/flickr,https://live.staticflickr.com/6148/6028479805_3ae4d6872f_b.jpg,photos/raw/6028479805.jpg,765,1024,cooking|food|home|manti|meals|turkey|turkish,ep084,2024-01-07,synthetic
f_6897642687,6897642687,openverse/flickr,https://live.staticflickr.com/7195/6897642687_22abce27b0_b.jpg,photos/raw/6897642687.jpg,1024,864,bacalhau|de|gomes|sa,ep076,2023-09-29,synthetic
f_4999237266,4999237266,openverse/flickr,https://live.staticflickr.com/4127/4999237266_c51dc798b4_b.jpg,photos/raw/4999237266.jpg,1024,768,beach,ep103,2024-07-07,synthetic
f_3459100429,3459100429,openverse/flickr,https://live.staticflickr.com/3622/3459100429_7b8ff7bbc7_b.jpg,photos/raw/3459100429.jpg,1024,679,beach|bigsur|california|raw|sand|sanddollarbeach|surf,ep171,2025-11-09,synthetic
f_4380029612,4380029612,openverse/flickr,https://live.staticflickr.com/4020/4380029612_766ab2be56_b.jpg,photos/raw/4380029612.jpg,1023,685,beach|casasanjose|firstchurchsomerville|fun|manzanillo|mexico|photojournal,ep103,2024-07-07,synthetic
f_3452479433,3452479433,openverse/flickr,https://live.staticflickr.com/3353/3452479433_4412e4d359_b.jpg,photos/raw/3452479433.jpg,1023,662,beach|bigsur|california|children|raw|sanddollarbeach|surf,ep103,2024-07-09,synthetic
f_2618532915,2618532915,openverse/flickr,https://live.staticflickr.com/3052/2618532915_6cd71298a1.jpg,photos/raw/2618532915.jpg,500,334,beach|leg|sand|suntanning|willrogersbeach|women|adult|beach|bikini|girl|leisure|ocean|people|reclining|recreation|relaxation|resort|sand|sea|seashore|summer|travel|vacation|water|woman,ep155,2025-06-28,synthetic
f_3894351054,3894351054,openverse/flickr,https://live.staticflickr.com/3514/3894351054_8a89e1b3a2_b.jpg,photos/raw/3894351054.jpg,683,1024,beach|blue|california|hermosa|sand|sky|wave,ep103,2024-07-05,synthetic
f_2524689437,2524689437,openverse/flickr,https://live.staticflickr.com/2235/2524689437_a5dcae1290_b.jpg,photos/raw/2524689437.jpg,685,1024,호주|시드니|シドニー|본다이비치|オーストラリア|뉴사우스웨일스주|australia|beach|bondibeach|newsouthwales|portrait|smile|sophie|sunglasses|sydney|ニューサウスウェールズ州|澳洲,ep079,2023-12-06,synthetic
f_4523164621,4523164621,openverse/flickr,https://live.staticflickr.com/2753/4523164621_b0a8e262bf_b.jpg,photos/raw/4523164621.jpg,1024,680,5photosaday|asia|backpacking|bay|beach|boat|clean|coral|d90|east|fishing|fun|gan|heaven|island|koh|nattywallpaper|nature|nikon|ocean|orient|palm|paradise|phagnan|phan|seasia|sout|thai|thailand|tree|water|worldtour2010,ep103,2024-07-09,synthetic
f_7206291836,7206291836,openverse/flickr,https://live.staticflickr.com/8014/7206291836_29ededb260_b.jpg,photos/raw/7206291836.jpg,1024,507,beach|beautiful|cali|california|clear|coast|day|girl|nice|oceanside|pacific|sunny,ep143,2025-03-27,synthetic
f_52059266024,52059266024,openverse/flickr,https://live.staticflickr.com/65535/52059266024_7351a9296c_b.jpg,photos/raw/52059266024.jpg,1024,683,beach|canonef24mmf28isusm|charmouth|cloud|clouds|coast|dorset|goldencap|lymeregis|rock|rocks|rockybeach|sea|spring|spring2022|stonebarrowhill|sunshine|whatevertheweather|whiteclouds,ep168,2025-09-24,synthetic
f_27148710587,27148710587,openverse/flickr,https://live.staticflickr.com/824/27148710587_0057b76efd_b.jpg,photos/raw/27148710587.jpg,1024,768,beach|bikini|dominicanrepublic|feminine|girl|ocean|sexy|sunny|travel|warm|woman,ep161,2025-08-07,synthetic
f_5649449794,5649449794,openverse/flickr,https://live.staticflickr.com/5110/5649449794_0024d6a50c_b.jpg,photos/raw/5649449794.jpg,1023,807,210|beach|fuji|instax|miamibeach|sobe|southbeach|wide|beach|enjoyment|exotic|leisure|ocean|paradise|people|recreation|relaxation|sand|sea|seashore|sky|summer|sun|togetherness|travel|tropical|vacation|water,ep143,2025-03-29,synthetic
f_52215044616,52215044616,openverse/flickr,https://live.staticflickr.com/65535/52215044616_3391a0f8ee_b.jpg,photos/raw/52215044616.jpg,1024,683,2022|beach|boy|chile|clouds|dog|invierno|julio|la|nubes|perro|playa|serena|winter,ep143,2025-03-26,synthetic
f_32613209843,32613209843,openverse/flickr,https://live.staticflickr.com/3901/32613209843_46fbd7d6e4_b.jpg,photos/raw/32613209843.jpg,1024,610,beach|puertorico|puntatuna|tropical,ep103,2024-07-06,synthetic
f_3453292910,3453292910,openverse/flickr,https://live.staticflickr.com/3359/3453292910_e0b546a341_b.jpg,photos/raw/3453292910.jpg,1023,697,beach|bigsur|california|jogging|raw|redhead|running|sanddollarbeach|shorts|surf|waves,ep161,2025-08-05,synthetic
f_39245144105,39245144105,openverse/flickr,https://live.staticflickr.com/4602/39245144105_46ce0f0ee7_b.jpg,photos/raw/39245144105.jpg,1024,683,,ep171,2025-11-08,synthetic
f_26270546258,26270546258,openverse/flickr,https://live.staticflickr.com/4714/26270546258_26ea475cf6_b.jpg,photos/raw/26270546258.jpg,1024,683,,ep148,2025-04-27,synthetic
f_39245136435,39245136435,openverse/flickr,https://live.staticflickr.com/4662/39245136435_9b77f8c5e4_b.jpg,photos/raw/39245136435.jpg,1024,683,,ep171,2025-11-08,synthetic
f_39245138025,39245138025,openverse/flickr,https://live.staticflickr.com/4722/39245138025_683327b853_b.jpg,photos/raw/39245138025.jpg,1024,683,,ep139,2025-02-28,synthetic
f_39245149445,39245149445,openverse/flickr,https://live.staticflickr.com/4619/39245149445_86f4f9b30f_b.jpg,photos/raw/39245149445.jpg,1024,683,,ep171,2025-11-05,synthetic
f_294493582,294493582,openverse/flickr,https://live.staticflickr.com/116/294493582_cee03a362d.jpg,photos/raw/294493582.jpg,500,375,birthday,ep010,2022-02-14,synthetic
f_6292939881,6292939881,openverse/flickr,https://live.staticflickr.com/6213/6292939881_1976d5f82f.jpg,photos/raw/6292939881.jpg,500,350,birthday,ep116,2024-10-04,synthetic
f_462059336,462059336,openverse/flickr,https://live.staticflickr.com/203/462059336_9dda0fcc7c_b.jpg,photos/raw/462059336.jpg,1024,764,birthday|cake,ep010,2022-02-14,synthetic
f_21572526,21572526,openverse/flickr,https://live.staticflickr.com/15/21572526_d1b3afeeb3_m.jpg,photos/raw/21572526.jpg,216,240,birthday|poolparty,ep023,2022-06-28,synthetic
f_3239680188,3239680188,openverse/flickr,https://live.staticflickr.com/3522/3239680188_6b8c486925_b.jpg,photos/raw/3239680188.jpg,1024,753,birthday|flowers|mywife,ep152,2025-06-08,synthetic
f_1558726110,1558726110,openverse/flickr,https://live.staticflickr.com/2378/1558726110_4b9705cfaf_b.jpg,photos/raw/1558726110.jpg,1024,768,birthday|cake,ep098,2024-05-27,synthetic
f_3128207481,3128207481,openverse/flickr,https://live.staticflickr.com/3107/3128207481_d93dd2f1e9_b.jpg,photos/raw/3128207481.jpg,1024,758,birthday|cake|candles|smoke,ep040,2023-01-18,synthetic
f_14735371297,14735371297,openverse/flickr,https://live.staticflickr.com/5559/14735371297_a1826fab1a_b.jpg,photos/raw/14735371297.jpg,1024,1024,birthday|cumpleanos|mybirthday|partytime,ep078,2023-12-01,synthetic
f_2655639659,2655639659,openverse/flickr,https://live.staticflickr.com/3121/2655639659_b9b51223a1.jpg,photos/raw/2655639659.jpg,500,375,birthday|cake|candles|colors|icing|sprinkles|birthday|birthday cake|cake|candle|celebration|child|chocolate|confetti|creativity|fun|motley|party|sprinkles,ep040,2023-01-21,synthetic
f_2649304833,2649304833,openverse/flickr,https://live.staticflickr.com/3236/2649304833_5ec50909f2_b.jpg,photos/raw/2649304833.jpg,818,1024,birthday|family|jordan|sacramento|statehouse,ep069,2023-08-18,synthetic
f_2401129423,2401129423,openverse/flickr,https://live.staticflickr.com/2282/2401129423_06a3963c5b_b.jpg,photos/raw/2401129423.jpg,534,1023,birthday|happy|klydala3|klygror|zenatal3ain,ep040,2023-01-20,synthetic
f_5081238160,5081238160,openverse/flickr,https://live.staticflickr.com/4062/5081238160_9d3994fcc4_b.jpg,photos/raw/5081238160.jpg,1023,682,balloons|birthday|blur|still life,ep102,2024-06-28,synthetic
f_7066412259,7066412259,openverse/flickr,https://live.staticflickr.com/7036/7066412259_ae97309105_b.jpg,photos/raw/7066412259.jpg,1024,765,birthday|party|pinterest,ep106,2024-07-27,synthetic
f_6920332742,6920332742,openverse/flickr,https://live.staticflickr.com/7134/6920332742_0d20a357a7_b.jpg,photos/raw/6920332742.jpg,1024,765,birthday|party|pinterest,ep022,2022-06-19,synthetic
f_6920332464,6920332464,openverse/flickr,https://live.staticflickr.com/5271/6920332464_337b232fb1_b.jpg,photos/raw/6920332464.jpg,1024,765,birthday|party|pinterest,ep041,2023-01-28,synthetic
f_6920331564,6920331564,openverse/flickr,https://live.staticflickr.com/5319/6920331564_c33c2d6e63_b.jpg,photos/raw/6920331564.jpg,765,1024,birthday|party|pinterest,ep106,2024-07-27,synthetic
f_7066411945,7066411945,openverse/flickr,https://live.staticflickr.com/7092/7066411945_437edb3fb7_b.jpg,photos/raw/7066411945.jpg,1024,765,birthday|party|pinterest,ep022,2022-06-19,synthetic
f_6920331036,6920331036,openverse/flickr,https://live.staticflickr.com/5466/6920331036_898df7d3c8_b.jpg,photos/raw/6920331036.jpg,1024,765,birthday|party|pinterest,ep010,2022-02-14,synthetic
f_2656467918,2656467918,openverse/flickr,https://live.staticflickr.com/3124/2656467918_fba93ddabf.jpg,photos/raw/2656467918.jpg,500,375,birthday|cake|colors|colourlicious|icing|sprinkles,ep040,2023-01-19,synthetic
f_8646819634,8646819634,openverse/flickr,https://live.staticflickr.com/8121/8646819634_bcf505708f_b.jpg,photos/raw/8646819634.jpg,683,1024,birthday|dog|party|puppy,ep151,2025-06-01,synthetic
f_19484842833,19484842833,openverse/flickr,https://live.staticflickr.com/285/19484842833_2ebfbc985e_b.jpg,photos/raw/19484842833.jpg,1024,768,hiking,ep161,2025-08-06,synthetic
f_19094241120,19094241120,openverse/flickr,https://live.staticflickr.com/3762/19094241120_58d3d786d2_b.jpg,photos/raw/19094241120.jpg,1024,768,hiking,ep160,2025-07-24,synthetic
f_417503926,417503926,openverse/flickr,https://live.staticflickr.com/155/417503926_34cdd3a06d_b.jpg,photos/raw/417503926.jpg,1024,768,alhikesaz|arizona|az|azhike|camelback|camelbackmountain|county|hike|hikes|hiking|maricopa|maricopacounty|mountain|paradisevalley|park|phoenix|phoenixmountainpreserve|phoenixmountainspreserve|preserve,ep112,2024-09-11,synthetic
f_6698152613,6698152613,openverse/flickr,https://live.staticflickr.com/7168/6698152613_11898ecf06_b.jpg,photos/raw/6698152613.jpg,1024,768,aorakimtcook|hike|mountains|newzealand|action|adult|adventure|backpacker|climb|climber|cold|hike|hiking|landscape|motion|mountain|one|outdoors|people|rock|sky|snow|travel|winter,ep176,2025-12-03,synthetic
f_14712131609,14712131609,openverse/flickr,https://live.staticflickr.com/3863/14712131609_6ce23a7979_b.jpg,photos/raw/14712131609.jpg,1024,683,2012|creativecommons|grindelwald|hiking|switzerland|adventure|climb|cold|hike|ice|landscape|mountain|mountain peak|outdoors|recreation|snow|travel|winter,ep161,2025-08-06,synthetic
f_8622725865,8622725865,openverse/flickr,https://live.staticflickr.com/8263/8622725865_4f1e49a993_b.jpg,photos/raw/8622725865.jpg,768,1024,afternoon|backpacking|grandcanyon|hazy|hike|hiking|safety|silhouettes|southkaibabtrail|fog|landscape|mountain|nature|outdoors|rock|sky|snow|travel|tree,ep176,2025-12-05,synthetic
f_16591479139,16591479139,openverse/flickr,https://live.staticflickr.com/7652/16591479139_9184b00819_b.jpg,photos/raw/16591479139.jpg,1024,683,2013|creativecommons|hiking|majorca|mountain|road|spain|tracking,ep157,2025-07-09,synthetic
f_6919483581,6919483581,openverse/flickr,https://live.staticflickr.com/7195/6919483581_05b8bceda8_b.jpg,photos/raw/6919483581.jpg,1024,768,alhikesaz|arizona|azhike|bear|bearmountain|canyon|coconino|coconinonationalforest|country|fay|forest|gamemanagementunit6b|hike|hiking|landscape|mountain|national|redrock|redrocksecretmountainwilderness|sedona|trail|usa|vista,ep160,2025-07-24,synthetic
f_5182112148,5182112148,openverse/flickr,https://live.staticflickr.com/4132/5182112148_0f019ac45a_b.jpg,photos/raw/5182112148.jpg,1024,768,arizona|bdgroup|brendar|bruced|gc|grandcanyon|hiking|jerryb|marye|northrim,ep160,2025-07-24,synthetic
f_2126365166,2126365166,openverse/flickr,https://live.staticflickr.com/2264/2126365166_3a15075347_b.jpg,photos/raw/2126365166.jpg,1023,767,california|easternsierra|highsierra|highway395|hike|hiking|inyocounty|inyonationalforest|johnmuirwilderness|littlelakesvalley|mlhradio|monopass|monopasstrail|mountains|mountstarr|rockcreek|sierra|sierracrest|sierranationalforest|sierranevada|sierranevadamountains|tomsplace|trail|valley,ep157,2025-07-10,synthetic
f_4197967141,4197967141,openverse/flickr,https://live.staticflickr.com/2583/4197967141_bd011de1f7_b.jpg,photos/raw/4197967141.jpg,1024,768,clouds|dawn|hike|lapland|midnightsun|mountains|skies,ep176,2025-12-02,synthetic
f_2496096910,2496096910,openverse/flickr,https://live.staticflickr.com/2395/2496096910_4aeee45319_b.jpg,photos/raw/2496096910.jpg,1024,805,africa|africain|africaine|african|afrika|afrikas|afrique|anthropologie|anthropology|bandafassi|bedik|child|children|ethnography|ethnologie|ethnology|etywar|forest|genie|genies|hike|hikes|hiking|historic|historical|history|senegal|spirit|spirits|su00e9nu00e9gal|s\xe9n\xe9gal|town|towns|trail|trails|village|villages|west|westafrica|westafrican,ep049,2023-04-13,synthetic
f_12094382413,12094382413,openverse/flickr,https://live.staticflickr.com/7418/12094382413_fa94029608_b.jpg,photos/raw/12094382413.jpg,1024,567,grandcanyonnationalpark|guided|hikers|hiking|ranger|sightseeing|southkaibabtrail|southrim|tour|touring|walk|canyon|desert|erosion|geology|hike|landscape|mountain|nature|outdoors|park|rock|sandstone|scenic|sky|tourism|travel|valley,ep157,2025-07-10,synthetic
f_8735034941,8735034941,openverse/flickr,https://live.staticflickr.com/7296/8735034941_2e75fb4468_b.jpg,photos/raw/8735034941.jpg,1024,590,destination|geology|grandcanyon|guided|hike|hiking|nationalpark|nature|park|ranger|scenic|sightseeing|southkaibabtrail|tour|canyon|desert|erosion|geology|grand|landscape|mountain|nature|outdoors|park|rock|sandstone|scenic|sight|sky|tourism|travel|valley,ep160,2025-07-25,synthetic
f_479507364,479507364,openverse/flickr,https://live.staticflickr.com/183/479507364_abb65d4900_b.jpg,photos/raw/479507364.jpg,1024,768,510fav|alhikesaz|arizona|arizonahighwayshiking|awesomenature|backpack|backpacker|backpacking|belowtherim|bigditch|canyon|coloradoplateau|creek|descubrimiento|gcnp|grancau00f1u00f3n|grand|grandcanyon|grandcanyonnationalpark|hike|hikes|hiking|humpingaruck|inthecanyon|mochila|mochilera|national|nationalpark|northrim|osprey|paisaje|park|pathstrails|senderismo|tapeats|thunderriver|u30a2u30eau30beu30cau5dde|u4e9au5229u6851u90a3|u4e9eu5229u6851u90a3|u5927u5cfdu8c37|unature,ep160,2025-07-24,synthetic
f_48817916722,48817916722,openverse/flickr,https://live.staticflickr.com/65535/48817916722_afaa3eddea_b.jpg,photos/raw/48817916722.jpg,1024,683,2019|74|afternoon|automne|autumn|balmevallorcine|chamonix|ete|europe|fall|france|glacier|hautesavoie|hike|hiking|marche|montagne|mountain|nature|randonnee|savoie|sentier|september|summer|trail|walk,ep176,2025-12-04,synthetic
f_8506635837,8506635837,openverse/flickr,https://live.staticflickr.com/8518/8506635837_d589292cd1_b.jpg,photos/raw/8506635837.jpg,1024,750,brightangeltrail|grandcanyon|hiking|sightseeing|snow|southrim|travel|winter|cold|ice|landscape|mountain|outdoors|scenic|snow|travel|winter,ep143,2025-03-27,synthetic
f_2766826265,2766826265,openverse/flickr,https://live.staticflickr.com/3153/2766826265_3563387d43.jpg,photos/raw/2766826265.jpg,500,375,activities|activity|bohari|camping|climbing|complete|cooking|craterrim|ecotourism|giliair|gilimeno|gilinanggu|gilitrawangan|gunungrinjani|hike|hiking|information|island|lakesegaraanak|lombok|mountain|mountainrinjani|mountindonesia|mt|nasional|nationalpark|operators|outdoor|park|recreations|report|rinjanipackage|sembalun|senaru|services|specializes|sports|summit|taman|tours|tourspackages|transportation|travel|traveling|trek|trekkingadventures|trekkingrinjani|trip|volcanoes,ep143,2025-03-27,synthetic
f_27930127482,27930127482,openverse/flickr,https://live.staticflickr.com/7238/27930127482_4d807001ef_b.jpg,photos/raw/27930127482.jpg,1024,683,attribution|brilliant|car|cc|commons|compositing|composition|creative|desert|digital|download|free|hiking|hitch|land|landscape|model|photo|remix|set|stock|sun|sunset|wow,ep155,2025-06-29,synthetic
f_9304296808,9304296808,openverse/flickr,https://live.staticflickr.com/3775/9304296808_633d9eae99_b.jpg,photos/raw/9304296808.jpg,668,1000,austria|hike,ep154,2025-06-19,synthetic
f_7172796570,7172796570,openverse/flickr,https://live.staticflickr.com/8017/7172796570_cecb591283_b.jpg,photos/raw/7172796570.jpg,825,1024,city|photoart|streets,ep087,2024-01-22,synthetic
f_11115347443,11115347443,openverse/flickr,https://live.staticflickr.com/5477/11115347443_c746b25f0a_b.jpg,photos/raw/11115347443.jpg,683,1024,city|new|newyork|newyorkcity|newyorkcitystreet|street|york,ep087,2024-01-19,synthetic
f_16517310861,16517310861,openverse/flickr,https://live.staticflickr.com/7314/16517310861_9f7211bf37_b.jpg,photos/raw/16517310861.jpg,1024,841,beautiful|bellaitalia|blonde|cafe|candid|centre|city|durham|heels|legs|long|minidress|miniskirt|skinny|stiletto|stilettos|street|tall|walking|white|woman|young|city|market|people|shopping|stock|street,ep074,2023-09-18,synthetic
f_2115979251,2115979251,openverse/flickr,https://live.staticflickr.com/2235/2115979251_8281e3fe36_b.jpg,photos/raw/2115979251.jpg,1024,768,33rdstreet|5thavenue|koreatown|newyork|newyorkcity|snow|steam|street|accident|action|battle|bus|business|calamity|city|commuter|crossing|drag race|offense|pavement|people|police|rain|road|shopping|storm|street|traffic,ep087,2024-01-24,synthetic
f_5344503997,5344503997,openverse/flickr,https://live.staticflickr.com/5281/5344503997_89776dc1c2_b.jpg,photos/raw/5344503997.jpg,1024,683,city|hiroshima|photography|street|business|city|people|road|street|traffic|urban,ep087,2024-01-18,synthetic
f_8061937565,8061937565,openverse/flickr,https://live.staticflickr.com/8450/8061937565_159ace68e4_b.jpg,photos/raw/8061937565.jpg,1024,559,best|busy|delhi|longexposure|night|street|blur|bridge|bus|car|city|commuting|downtown|dusk|evening|expressway|fast|highway|hurry|light|motion|road|street|traffic|transportation system|urban,ep154,2025-06-19,synthetic
f_8560855544,8560855544,openverse/flickr,https://live.staticflickr.com/8392/8560855544_eb1a0bc3df_b.jpg,photos/raw/8560855544.jpg,1024,678,1855mmvr|city|creativecommons|d5100|horse|lightroom|london|mounted|nikon|perfecteffects|police|policeman|street|architecture|building|city|outdoors|people|road|street|town|travel|urban,ep118,2024-10-21,synthetic
f_3497266840,3497266840,openverse/flickr,https://live.staticflickr.com/3555/3497266840_cc973e523e_b.jpg,photos/raw/3497266840.jpg,1024,682,autumn|cab|centralpark|city|fall|newyork|nyc|street|sunny|taxi|alley|city|landscape|light|road|street|tree|winter,ep087,2024-01-18,synthetic
f_7406483100,7406483100,openverse/flickr,https://live.staticflickr.com/8148/7406483100_78603357c4_b.jpg,photos/raw/7406483100.jpg,636,1024,city|new|nyc|street|usa|york|architecture|building|business|city|cityscape|downtown|road|skyscraper|street|urban,ep087,2024-01-18,synthetic
f_14599807014,14599807014,openverse/flickr,https://live.staticflickr.com/5496/14599807014_d3e516dea9_b.jpg,photos/raw/14599807014.jpg,1024,719,newyork|street|timessquare|action|celebration|ceremony|city|competition|costume|dancer|dancing|festival|group|man|many|music|parade|people|performance|pride|street|wear,ep098,2024-05-27,synthetic
f_14946082054,14946082054,openverse/flickr,https://live.staticflickr.com/3956/14946082054_fcfe329ce7_b.jpg,photos/raw/14946082054.jpg,683,1024,ashblonde|beautiful|black|boots|candid|docmartins|durham|girl|goth|handbag|intherain|jacket|kneesocks|laces|leggy|legs|pale|socks|standing|street|tall|thighs|waiting|woman|young,ep173,2025-11-18,synthetic
f_14204488378,14204488378,openverse/flickr,https://live.staticflickr.com/3858/14204488378_e2f53822b5_b.jpg,photos/raw/14204488378.jpg,684,1024,balconies|cartagena|cartagenacolombia|cartagenadeindias|colombia|d600|flowers|narowstreet|nikon|nikonfx|oldandbeautiful|onewaystreet|sidewalk|street|tedsphotos|tiledroof|unesco|vignetting|woodenbalconies,ep125,2024-12-07,synthetic
f_6110499571,6110499571,openverse/flickr,https://live.staticflickr.com/6078/6110499571_1c3bd78ca1_b.jpg,photos/raw/6110499571.jpg,1024,768,aerial|city|quebec|street,ep087,2024-01-18,synthetic
f_2442191872,2442191872,openverse/flickr,https://live.staticflickr.com/2053/2442191872_05e82b42e7_b.jpg,photos/raw/2442191872.jpg,1024,271,1442mm|abandoned|e500|panorama|pripyat|radiation|radioactive|ruined|ukraine|urbex,ep053,2023-05-03,synthetic
f_17856576765,17856576765,openverse/flickr,https://live.staticflickr.com/7772/17856576765_4e64bbea94_b.jpg,photos/raw/17856576765.jpg,1024,683,biancoenero|blackandwhite|blancoynegro|bn|bun|bw|calle|food|halal|halalstand|happiness|hotdog|hotdogstand|manhattan|midtown|newyork|newyorkcity|night|nightphotography|nikon|nikond3300|noche|noiretblanc|nyc|photography|streetphotography|streetscene|streetvendor|urban|urbana,ep082,2023-12-26,synthetic
f_4003263235,4003263235,openverse/flickr,https://live.staticflickr.com/2661/4003263235_88f135730f_b.jpg,photos/raw/4003263235.jpg,1024,677,2009|action|asia|bashi|beauty|billboard|buildings|burger|cars|chu016bu014d|chuo|chūō|city|color|colorful|commerce|crosswalk|customs|d3x|district|docomo|downtown|dynamic|financial|fuji|fujifilm|hdr|high|hotel|intersection|japan|japanese|konami|lights|mariott|motion|neon|night|nightshot|nihon|nihonbashi|nikon|october|outdoor|people|photography|r|rain|range|ratcliff|rcconception|reflection|ripping|roppongi|salon|scooter|shot|skyscrapers|street|streets|stuck|stuckincustoms|taxi|through|tokyo|top100|traffic|travel|trey|treyratcliff|urban|action place|avenue|blur|bus|business|car|city|downtown|dusk|evening|illuminated|light|neon|nightlife|road|street|traffic|transportation system|travel|urban,ep087,2024-01-18,synthetic
f_47239663821,47239663821,openverse/flickr,https://live.staticflickr.com/7885/47239663821_4f92f0b53d_b.jpg,photos/raw/47239663821.jpg,1024,769,15mm|15mmf17|35mmaov30mm|art|aspectratio43|availablelight|black|blue|brown|city|color|concrete|dc|digitalsensor|g85|glass|gold|green|impression|layermask|light|lr5|m43|metal|night|nik|panasonic|perspective|photoshop|pppainting|purple|red|silverefex2|street|tan|threestagesharpen|topaz|urban|wet|white|wood|yellow,ep125,2024-12-07,synthetic
f_14415197919,14415197919,openverse/flickr,https://live.staticflickr.com/5496/14415197919_73db7a52af_b.jpg,photos/raw/14415197919.jpg,1024,780,newyork|street|timessquare|celebration|city|costume|crowd|dancing|event|festival|group|man|many|parade|party|people|pride|street|tourist|wear,ep129,2024-12-28,synthetic
f_19182385835,19182385835,openverse/flickr,https://live.staticflickr.com/404/19182385835_8a79a30dd6_b.jpg,photos/raw/19182385835.jpg,836,1024,bostonpublictransit|bostonstreetcar|bostontransitdepartment|historicboston,ep090,2024-03-26,synthetic
f_8092474964,8092474964,openverse/flickr,https://live.staticflickr.com/8472/8092474964_a14c4a5b33_b.jpg,photos/raw/8092474964.jpg,1024,683,asian|candid|china|chinese|city|college|cute|girl|heels|high|hot|model|pants|photography|shenzhen|street,ep118,2024-10-20,synthetic
f_3870084151,3870084151,openverse/flickr,https://live.staticflickr.com/3429/3870084151_3730eb565f_b.jpg,photos/raw/3870084151.jpg,759,1024,boys|chrislowe|concert|montreal|neiltennant|pandemonium|pet|petshopboys|petshopboysconcert|psb|shop|tour|twin,ep060,2023-06-26,synthetic
f_6868556299,6868556299,openverse/flickr,https://live.staticflickr.com/7186/6868556299_be0b15fe53_b.jpg,photos/raw/6868556299.jpg,867,1024,cat|heart|icantstandhowcutesheischari|margaritte|mirro|pet|posing|adorable|animal|cat|cute|domestic|eye|funny|fur|kitten|little|looking|mammal|pet|portrait|sit|whisker|young,ep105,2024-07-20,synthetic
f_226625536,226625536,openverse/flickr,https://live.staticflickr.com/70/226625536_551abc895a_b.jpg,photos/raw/226625536.jpg,1000,667,cat|dog|pets,ep069,2023-08-17,synthetic
f_3012045458,3012045458,openverse/flickr,https://live.staticflickr.com/3201/3012045458_a0e0068d1a_m.jpg,photos/raw/3012045458.jpg,180,239,natal|pet|reutilizau00e7u00e3odemateriais|reutiliza\xe7\xe3odemateriais,ep069,2023-08-16,synthetic
f_13154278535,13154278535,openverse/flickr,https://live.staticflickr.com/3774/13154278535_263aa543dc_b.jpg,photos/raw/13154278535.jpg,1023,759,australiankelpie|dog|dogs|pets,ep151,2025-05-29,synthetic
f_3432985154,3432985154,openverse/flickr,https://live.staticflickr.com/3299/3432985154_554da2a65c_b.jpg,photos/raw/3432985154.jpg,1023,761,american|animal|animals|antique|baby|boy|child|children|christian|closeup|colony|color|colored|community|dogs|dressed|families|family|fashion|fashioned|friends|girl|girls|immigrants|infant|jerusalem|kid|old|pet|pets|photo|photography|picture|play|playing|portrait|puppies|puppy|toy|up|vester|vintage|walk|walking|whiting|adult|army|battle|child|group|gun|illustration|injury|lid|man|military|painting|people|soldier|two|veil|war|weapon|wear|woman,ep083,2024-01-02,synthetic
f_19318143758,19318143758,openverse/flickr,https://live.staticflickr.com/466/19318143758_f4fbe3ec7c_b.jpg,photos/raw/19318143758.jpg,836,1023,black|blue|blueeyes|brunette|cat|catgirl|catsuit|cilf|crossdresser|cute|dutch|dutchtgirl|ears|eyes|floor|heels|holland|hottie|irene|irenenyman|kitty|nyman|pet|petgirl|pumps|sexy|tgirl|transgirl|transvestite|xdress|xdresser,ep079,2023-12-06,synthetic
f_3972998620,3972998620,openverse/flickr,https://live.staticflickr.com/2578/3972998620_a470c0ac76_b.jpg,photos/raw/3972998620.jpg,1024,721,action|american|amstaff|animal|anti|antibsl|background|ban|breed|breedspecificlegislation|bsl|bullie|bully|co|colo|colorado|currentevents|dead|death|denver|discrimination|dog|download|euthanize|family|free|graphic|hate|horror|image|kill|killed|law|legislation|love|mayormichaelhancock|media|members|murder|murdered|news|pet|pets|photo|photography|picture|pitbull|pitt|puppy|reality|results|sad|staffie|staffordshire|staffy|terrier|wallpaper|warning|cattle|daylight|dog|farming|group|mammal|many|nature|one|wildlife,ep105,2024-07-20,synthetic
f_12474895954,12474895954,openverse/flickr,https://live.staticflickr.com/3711/12474895954_a5c9ed5e01_b.jpg,photos/raw/12474895954.jpg,1023,924,animals|california|cognac|organizations|pets|sanluisobispo|slocc|unitedstates,ep151,2025-06-01,synthetic
f_8960990072,8960990072,openverse/flickr,https://live.staticflickr.com/5454/8960990072_5582a82f4b.jpg,photos/raw/8960990072.jpg,463,500,animal|leão|leu00e3o|le\xe3o|lion|mulher|pet|woman,ep173,2025-11-18,synthetic
f_17616077824,17616077824,openverse/flickr,https://live.staticflickr.com/8763/17616077824_c09599f6fe_b.jpg,photos/raw/17616077824.jpg,810,1024,animal|baby|lamb|peru|peruvian|pet|child|costume|family|festival|group|people|wear|woman,ep166,2025-09-13,synthetic
f_16540146562,16540146562,openverse/flickr,https://live.staticflickr.com/8624/16540146562_975cfdb11f_b.jpg,photos/raw/16540146562.jpg,1024,773,dog|dogs|pets|animal|canine|cute|dog|grass|mammal|summer,ep151,2025-05-29,synthetic
f_13801934303,13801934303,openverse/flickr,https://live.staticflickr.com/3671/13801934303_50518c481e_b.jpg,photos/raw/13801934303.jpg,1023,685,animal|animals|cat|cats|dog|dogs|pets,ep151,2025-06-01,synthetic
f_3260276107,3260276107,openverse/flickr,https://live.staticflickr.com/3328/3260276107_44af0ea56c.jpg,photos/raw/3260276107.jpg,500,375,artesanatopet|garrafaspets|pet|reciclagem|reuse|reutilizau00e7u00e3odemateriaisreciclavu00e9is|reutiliza\xe7\xe3odemateriaisreciclav\xe9is|rrr|sacolasplu00e1sticas|sacolaspl\xe1sticas|xadrezinho|yoyoflowers,ep043,2023-02-07,synthetic
f_34962212704,34962212704,openverse/flickr,https://live.staticflickr.com/4213/34962212704_acb0af50b6_b.jpg,photos/raw/34962212704.jpg,1024,576,animal|animals|ant|ants|beautiful|bug|bugs|camponotus|carpenterant|egg|flickr|handycam|hdr|iphone|iphone6|life|living|love|macro|pet|pets|photo|queen|small|sony|tiny|worker|working,ep174,2025-11-24,synthetic
f_477231242,477231242,openverse/flickr,https://live.staticflickr.com/179/477231242_ca96a463b2_m.jpg,photos/raw/477231242.jpg,171,239,chicken|pet,ep105,2024-07-20,synthetic
f_3870866834,3870866834,openverse/flickr,https://live.staticflickr.com/2581/3870866834_f9ecfccde7_b.jpg,photos/raw/3870866834.jpg,518,1023,boys|chrislowe|concert|montreal|neiltennant|pandemonium|pet|petshopboys|petshopboysconcert|psb|shop|tour,ep155,2025-06-26,synthetic
f_4545027,4545027,openverse/flickr,https://live.staticflickr.com/3/4545027_b317de8939_b.jpg,photos/raw/4545027.jpg,1024,768,nakedchia,ep105,2024-07-20,synthetic
f_112323432,112323432,openverse/flickr,https://live.staticflickr.com/51/112323432_209ec79626_b.jpg,photos/raw/112323432.jpg,1024,768,レゴ|おもちゃ|bands|lego|minifig|minifigs|music|musicians|petshopboys|u304au3082u3061u3083|u30ecu30b4|u73a9u5177|玩具,ep019,2022-06-03,synthetic
f_31562846,31562846,openverse/flickr,https://live.staticflickr.com/21/31562846_b4b983ca64_b.jpg,photos/raw/31562846.jpg,1024,683,10|18photographs|animal|beak|bird|california|chicken|city|deleteme|deleteme10|deleteme2|deleteme3|deleteme4|deleteme5|deleteme6|deleteme7|deleteme8|deleteme9|fav10|fav100|fav20|fav200|fav25|fav30|fav40|fav50|fav60|fav70|fav80|fav90|rooster|sanfrancisco|saveme|saveme2|saveme3|saveme4|superfave|topf25|topv555|unitedstates|unitedstatesofamerica|usa,ep105,2024-07-20,synthetic
f_8674089196,8674089196,openverse/flickr,https://live.staticflickr.com/8124/8674089196_9c34151117_b.jpg,photos/raw/8674089196.jpg,768,1024,garden,ep152,2025-06-08,synthetic
f_5626691838,5626691838,openverse/flickr,https://live.staticflickr.com/5229/5626691838_6408a59a09_b.jpg,photos/raw/5626691838.jpg,1024,683,garden,ep112,2024-09-08,synthetic
f_7172763722,7172763722,openverse/flickr,https://live.staticflickr.com/7084/7172763722_13435a1a1d_b.jpg,photos/raw/7172763722.jpg,1024,576,flowers|garden,ep114,2024-09-22,synthetic
f_6059529891,6059529891,openverse/flickr,https://live.staticflickr.com/6203/6059529891_45bbc72bd8_b.jpg,photos/raw/6059529891.jpg,1024,768,garden,ep168,2025-09-24,synthetic
f_5772754682,5772754682,openverse/flickr,https://live.staticflickr.com/3429/5772754682_b22ddcf6dc_b.jpg,photos/raw/5772754682.jpg,768,1024,garden,ep114,2024-09-25,synthetic
f_14040532298,14040532298,openverse/flickr,https://live.staticflickr.com/5239/14040532298_ca2b140f39_b.jpg,photos/raw/14040532298.jpg,1024,768,garden,ep115,2024-10-01,synthetic
f_8989989079,8989989079,openverse/flickr,https://live.staticflickr.com/7437/8989989079_d48c73d5b3_b.jpg,photos/raw/8989989079.jpg,1024,768,2013|farnboroughhall|garden,ep114,2024-09-24,synthetic
f_6060083264,6060083264,openverse/flickr,https://live.staticflickr.com/6190/6060083264_720ea78529_b.jpg,photos/raw/6060083264.jpg,1024,768,garden,ep152,2025-06-08,synthetic
f_4602391069,4602391069,openverse/flickr,https://live.staticflickr.com/3356/4602391069_4bb8510fdd_b.jpg,photos/raw/4602391069.jpg,1024,768,garden,ep114,2024-09-28,synthetic
f_7406938680,7406938680,openverse/flickr,https://live.staticflickr.com/8027/7406938680_a4beb9f69a_b.jpg,photos/raw/7406938680.jpg,1024,768,garden,ep114,2024-09-22,synthetic
f_459807381,459807381,openverse/flickr,https://live.staticflickr.com/198/459807381_d3a1cb15bd_b.jpg,photos/raw/459807381.jpg,1024,692,garden|gardening|green|growing|veg|architecture|backyard|building|environment|family|flora|flower|garden|house|nature|outdoors|patio|summer|yard,ep115,2024-10-01,synthetic
f_5772507060,5772507060,openverse/flickr,https://live.staticflickr.com/5190/5772507060_ef3ca5bc68_b.jpg,photos/raw/5772507060.jpg,1024,765,2011|garden,ep115,2024-10-01,synthetic
f_52079988872,52079988872,openverse/flickr,https://live.staticflickr.com/65535/52079988872_dc455b3025_b.jpg,photos/raw/52079988872.jpg,1024,574,blackandwhite|bw|cottage|garden|ir,ep126,2024-12-13,synthetic
f_226672961,226672961,openverse/flickr,https://live.staticflickr.com/86/226672961_cd7988cfd6_b.jpg,photos/raw/226672961.jpg,1024,768,garden|hydroponic|family|flora|food|garden|pot|summer|vegetable,ep054,2023-05-07,synthetic
f_6104163869,6104163869,openverse/flickr,https://live.staticflickr.com/6200/6104163869_3fed2bfa83_b.jpg,photos/raw/6104163869.jpg,1024,599,astronaut|footprint|gardens|landing|lunar|time,ep055,2023-05-12,synthetic
f_2998101983,2998101983,openverse/flickr,https://live.staticflickr.com/3270/2998101983_d8e963f889_b.jpg,photos/raw/2998101983.jpg,1000,662,garden|gardens|secret|secrets|dawn|fall|gold|landscape|leaf|light|maple|nature|park|sun|tree|wood,ep161,2025-08-08,synthetic
f_14468570546,14468570546,openverse/flickr,https://live.staticflickr.com/5565/14468570546_3f0b045fc3_b.jpg,photos/raw/14468570546.jpg,1024,768,flag|flowers|garden|hdr,ep114,2024-09-24,synthetic
f_7261613980,7261613980,openverse/flickr,https://live.staticflickr.com/7225/7261613980_19cb211ef4_b.jpg,photos/raw/7261613980.jpg,1023,691,adolphrosengarten|americangardens|chanticleer|gardens|greatamericangardens|philadelphia|philadelphiagardens,ep114,2024-09-27,synthetic
f_130338986,130338986,openverse/flickr,https://live.staticflickr.com/49/130338986_89383b2638_b.jpg,photos/raw/130338986.jpg,1024,768,containers|garden|greens|herbs|ourgarden|pots|ridgeranch,ep111,2024-09-04,synthetic
f_3609505059,3609505059,openverse/flickr,https://live.staticflickr.com/3320/3609505059_0db05d403d_b.jpg,photos/raw/3609505059.jpg,776,1024,building|garden|vegetablegarden|architecture|bridge|flower|garden|house|outdoors|travel|tree|vine,ep083,2024-01-02,synthetic
f_7171449082,7171449082,openverse/flickr,https://live.staticflickr.com/7089/7171449082_1c5e12d4b9_b.jpg,photos/raw/7171449082.jpg,1023,681,kitchen,ep038,2023-01-11,synthetic
f_1471009968,1471009968,openverse/flickr,https://live.staticflickr.com/1198/1471009968_d9f78a0003_b.jpg,photos/raw/1471009968.jpg,1024,768,kitchen,ep038,2023-01-07,synthetic
f_2128928088,2128928088,openverse/flickr,https://live.staticflickr.com/2283/2128928088_170dac5d89_b.jpg,photos/raw/2128928088.jpg,1023,685,kitchen,ep038,2023-01-10,synthetic
f_5840567703,5840567703,openverse/flickr,https://live.staticflickr.com/3538/5840567703_11901f49c4_b.jpg,photos/raw/5840567703.jpg,1024,768,cabin4|kitchen|tl,ep038,2023-01-09,synthetic
f_2800386392,2800386392,openverse/flickr,https://live.staticflickr.com/3215/2800386392_fb2b4d4839_b.jpg,photos/raw/2800386392.jpg,1024,768,apartment|dishwasher|kitchen|refrigerator|stove,ep038,2023-01-07,synthetic
f_3388086143,3388086143,openverse/flickr,https://live.staticflickr.com/3663/3388086143_1f4d9298ff.jpg,photos/raw/3388086143.jpg,500,375,chattahoocheehillcountry|fultoncounty|kitchen|serenbe|townhome|townhouse,ep032,2022-10-23,synthetic
f_2426694855,2426694855,openverse/flickr,https://live.staticflickr.com/3076/2426694855_9aa9f2077f_b.jpg,photos/raw/2426694855.jpg,1024,768,japanese|kitchen|melbourne|ramen|wagamamaflinderslane,ep074,2023-09-17,synthetic
f_52422851581,52422851581,openverse/flickr,https://live.staticflickr.com/65535/52422851581_79a6f9c213.jpg,photos/raw/52422851581.jpg,500,388,1950s|interiors|kitchens|seattle|seattlemunicipalarchives,ep025,2022-08-04,synthetic
f_3565315639,3565315639,openverse/flickr,https://live.staticflickr.com/3405/3565315639_33e969a3b2_b.jpg,photos/raw/3565315639.jpg,606,1024,oven|stove|countrycharm|bungalow|craftsman|castiron|kitchen,ep074,2023-09-18,synthetic
f_3921301534,3921301534,openverse/flickr,https://live.staticflickr.com/3477/3921301534_65fc800dd5_b.jpg,photos/raw/3921301534.jpg,1024,768,adel|artsandcrafts|builtin|bungalow|cabinets|ikea|ironingboard|kitchen|remodel|u00e4del|u00e4delwhite,ep036,2022-12-11,synthetic
f_4371919102,4371919102,openverse/flickr,https://live.staticflickr.com/4004/4371919102_1f807d13f9_b.jpg,photos/raw/4371919102.jpg,1024,704,2009|design|drafting|floorplan|handdrafting|handrendered|handrendering|interiordesign|iupui|kitchen|manualdrafting|march|plan,ep033,2022-10-26,synthetic
f_1492109652,1492109652,openverse/flickr,https://live.staticflickr.com/1429/1492109652_dba19e97ca_b.jpg,photos/raw/1492109652.jpg,683,1024,beds|conference|garden|gwa2007|herbs|kale|kimtaylor|kitchen|krt|krtinfl|oklahoma|path|raised|writers,ep152,2025-06-09,synthetic
f_819434669,819434669,openverse/flickr,https://live.staticflickr.com/1216/819434669_0e32f2776e.jpg,photos/raw/819434669.jpg,500,442,kitchen|view|window|architecture|family|home|house|indoors|interior design|people|room|window|wood,ep161,2025-08-07,synthetic
f_1491254795,1491254795,openverse/flickr,https://live.staticflickr.com/1185/1491254795_ab72a042f7_b.jpg,photos/raw/1491254795.jpg,683,1024,bananasandcannas|beds|conference|garden|gwa2007|herbs|kimtaylor|kitchen|krt|krtinfl|oklahoma|path|raised|vegetable|writers,ep152,2025-06-08,synthetic
f_2290246424,2290246424,openverse/flickr,https://live.staticflickr.com/2173/2290246424_1cfcca8db9.jpg,photos/raw/2290246424.jpg,500,375,kitchen,ep038,2023-01-06,synthetic
f_4954614605,4954614605,openverse/flickr,https://live.staticflickr.com/4104/4954614605_4b65e6c4e4_b.jpg,photos/raw/4954614605.jpg,1024,768,kitchen,ep038,2023-01-06,synthetic
f_2325272066,2325272066,openverse/flickr,https://live.staticflickr.com/3144/2325272066_7015688b77_b.jpg,photos/raw/2325272066.jpg,1024,768,kitchen,ep038,2023-01-10,synthetic
f_5411085700,5411085700,openverse/flickr,https://live.staticflickr.com/4141/5411085700_3ec753c487_b.jpg,photos/raw/5411085700.jpg,1024,768,kitchen,ep038,2023-01-10,synthetic
f_1491255073,1491255073,openverse/flickr,https://live.staticflickr.com/1328/1491255073_23868c6f66_b.jpg,photos/raw/1491255073.jpg,683,1024,arbor|beds|conference|garden|gwa2007|herbs|kimtaylor|kitchen|krt|krtinfl|oklahoma|path|raised|trellis|vegetable|writers,ep152,2025-06-09,synthetic
f_2508770192,2508770192,openverse/flickr,https://live.staticflickr.com/2161/2508770192_d051e08496.jpg,photos/raw/2508770192.jpg,499,303,kitchen,ep038,2023-01-10,synthetic
f_1380825019,1380825019,openverse/flickr,https://live.staticflickr.com/1322/1380825019_147b5f2043_b.jpg,photos/raw/1380825019.jpg,1023,685,cleartrip|desk|mumbai|office,ep039,2023-01-14,synthetic
f_3967042,3967042,openverse/flickr,https://live.staticflickr.com/4/3967042_8ffe4a2264_b.jpg,photos/raw/3967042.jpg,1024,768,desk|desknotes|office,ep054,2023-05-07,synthetic
f_5730523107,5730523107,openverse/flickr,https://live.staticflickr.com/5265/5730523107_969702e067_b.jpg,photos/raw/5730523107.jpg,1024,768,desk|office|business|car|computer|indoors|instrument|room|seat|street|technology|transportation system|travel|vehicle,ep039,2023-01-14,synthetic
f_2631932644,2631932644,openverse/flickr,https://live.staticflickr.com/3092/2631932644_97b381bbd2_b.jpg,photos/raw/2631932644.jpg,1024,768,clock|computer|desktop|geek|led|office|thinkgeek|adult|business|commerce|computer|connection|desk|display|exhibition|furniture|indoors|internet|laptop|office|people|room|screen|seat|technology|telephone,ep039,2023-01-14,synthetic
f_9037877173,9037877173,openverse/flickr,https://live.staticflickr.com/7413/9037877173_04f7009862_b.jpg,photos/raw/9037877173.jpg,1024,768,antics|casual|desk|developer|funny|geek|informationtechnology|it|moblog|nerd|office|programmer|relaxed|samsunggalaxysiii|softwaredeveloper|woking|work|working|workspace,ep039,2023-01-14,synthetic
f_2634935191,2634935191,openverse/flickr,https://live.staticflickr.com/2177/2634935191_550e7eeab5_b.jpg,photos/raw/2634935191.jpg,1024,768,channy|daum|desk|office|business|chair|computer|desk|education|furniture|indoors|laptop|office|room|seat|table|technology,ep102,2024-06-29,synthetic
f_8661616798,8661616798,openverse/flickr,https://live.staticflickr.com/8256/8661616798_63d1ab4c94_b.jpg,photos/raw/8661616798.jpg,768,1024,antics|casual|cubical|cubicle|desk|employee|fun|funny|geek|informationtechnology|it|moblog|nerd|office|programmer|relaxed|samsunggalaxysiii|softwaredeveloper|work|workday|workplace,ep145,2025-04-05,synthetic
f_2215657022,2215657022,openverse/flickr,https://live.staticflickr.com/2065/2215657022_c78fa19cf2_b.jpg,photos/raw/2215657022.jpg,1024,768,computer|desk|metafilter|work|workspace|workstation,ep055,2023-05-12,synthetic
f_456569945,456569945,openverse/flickr,https://live.staticflickr.com/205/456569945_690e8c096d_b.jpg,photos/raw/456569945.jpg,768,1024,55broadstreet|desk|ibm|ibm55broadstreet|ibmcom|ibmcorporateinternetprograms|ibminternet|ibmintranet|ibmnewyorkcity|ibmsiliconalley|ibmweb|ibmwebsite|office|wwwibmcom,ep039,2023-01-14,synthetic
f_3370238964,3370238964,openverse/flickr,https://live.staticflickr.com/3460/3370238964_afa516da45_b.jpg,photos/raw/3370238964.jpg,1024,768,office|tidy|unclutter|business|chair|contemporary|desk|furniture|home|indoors|interior design|office|room|seat|table|window,ep039,2023-01-14,synthetic
f_48026872,48026872,openverse/flickr,https://live.staticflickr.com/33/48026872_9732745510.jpg,photos/raw/48026872.jpg,499,344,chicago|computer|desk|g5|il|mac|office|sethanderson|swanksalot|us,ep033,2022-10-26,synthetic
f_4595942318,4595942318,openverse/flickr,https://live.staticflickr.com/4071/4595942318_41f48e1007_b.jpg,photos/raw/4595942318.jpg,1024,768,desk|librarian,ep039,2023-01-14,synthetic
f_2927563898,2927563898,openverse/flickr,https://live.staticflickr.com/3081/2927563898_9ddb9d1098_b.jpg,photos/raw/2927563898.jpg,1024,768,desk|homeoffice,ep022,2022-06-19,synthetic
f_2459273720,2459273720,openverse/flickr,https://live.staticflickr.com/3238/2459273720_e5e480bfb0_b.jpg,photos/raw/2459273720.jpg,1024,683,canada|charlottetown|computerservices|desk|new|office|pei|upei,ep039,2023-01-14,synthetic
f_8095803230,8095803230,openverse/flickr,https://live.staticflickr.com/8333/8095803230_80b59d61bb_b.jpg,photos/raw/8095803230.jpg,1024,768,casual|creative|cubicle|desk|developer|engineer|fun|funny|geek|halloween|it|moblog|nerd|office|programmer|qa|samsunggalaxysiii|sandiego|software|spooky|work|working|workplace|workstation,ep054,2023-05-07,synthetic
f_8095799141,8095799141,openverse/flickr,https://live.staticflickr.com/8054/8095799141_e71f6cef26_b.jpg,photos/raw/8095799141.jpg,768,1024,casual|creative|cubicle|desk|developer|engineer|fun|funny|geek|halloween|it|moblog|nerd|office|programmer|qa|samsunggalaxysiii|sandiego|software|spooky|work|working|workplace|workstation,ep077,2023-11-10,synthetic
f_64957231,64957231,openverse/flickr,https://live.staticflickr.com/26/64957231_06ffc3bcb4_b.jpg,photos/raw/64957231.jpg,822,1024,desk|library|mac|office|powerbook,ep102,2024-06-25,synthetic
f_5167267688,5167267688,openverse/flickr,https://live.staticflickr.com/4059/5167267688_8071b781f1_b.jpg,photos/raw/5167267688.jpg,1024,768,desk|dualmonitors|librariesandlibrarians|office|work|workspace,ep102,2024-06-27,synthetic
f_463303236,463303236,openverse/flickr,https://live.staticflickr.com/175/463303236_0e5bd3f117_b.jpg,photos/raw/463303236.jpg,768,1024,desk|informationarchitecture|office,ep016,2022-04-23,synthetic
f_5525004354,5525004354,openverse/flickr,https://live.staticflickr.com/5298/5525004354_017dd88823_b.jpg,photos/raw/5525004354.jpg,1024,683,desk,ep039,2023-01-14,synthetic
f_4247114136,4247114136,openverse/flickr,https://live.staticflickr.com/4054/4247114136_1179c1dc1b_b.jpg,photos/raw/4247114136.jpg,1024,768,concert|music|rock|tickets,ep019,2022-06-03,synthetic
f_3958051503,3958051503,openverse/flickr,https://live.staticflickr.com/2428/3958051503_3b296a5cab_b.jpg,photos/raw/3958051503.jpg,830,1023,concert|metropolis|montreal|review,ep051,2023-04-23,synthetic
f_3958561711,3958561711,openverse/flickr,https://live.staticflickr.com/2528/3958561711_f90997d9bf_b.jpg,photos/raw/3958561711.jpg,1023,646,concert|metropolis|moby|mobyconcert|montreal,ep051,2023-04-22,synthetic
f_21637566,21637566,openverse/flickr,https://live.staticflickr.com/17/21637566_151f245288_m.jpg,photos/raw/21637566.jpg,240,180,concert|hammamet|tf1|tolerance|tunisia,ep060,2023-06-24,synthetic
f_431704280,431704280,openverse/flickr,https://live.staticflickr.com/160/431704280_54ef7485af_b.jpg,photos/raw/431704280.jpg,1024,768,argentina|buenosaires|concert|kevinjohansen|latrastienda|nada,ep060,2023-06-25,synthetic
f_249692368,249692368,openverse/flickr,https://live.staticflickr.com/96/249692368_779a68b470_b.jpg,photos/raw/249692368.jpg,1023,772,bilbao|concert|concierto|crowd|julieta|venegas,ep060,2023-06-23,synthetic
f_5992226662,5992226662,openverse/flickr,https://live.staticflickr.com/6010/5992226662_44b5018c17_b.jpg,photos/raw/5992226662.jpg,801,1024,360|concert|pittsburgh|tour|u2|u2360,ep051,2023-04-23,synthetic
f_243030084,243030084,openverse/flickr,https://live.staticflickr.com/87/243030084_f8f6ced930_b.jpg,photos/raw/243030084.jpg,1023,682,concert|gig|heima|iceland|sigurru00f3s|sigurr\xf3s|silhouette,ep087,2024-01-23,synthetic
f_7189672299,7189672299,openverse/flickr,https://live.staticflickr.com/7075/7189672299_bb08875a33_b.jpg,photos/raw/7189672299.jpg,682,1024,1206|2x|70200mmf28gvr|concert|concerts|d700|d7c31368|fx|live|madonna|mdna|mygearandme|mygearandmebronze|mygearandmepremium|photography|ringexcellence|robale|rv|tc20eii|tour|youngrobv,ep079,2023-12-04,synthetic
f_2726719565,2726719565,openverse/flickr,https://live.staticflickr.com/3261/2726719565_a66ba20e3a_b.jpg,photos/raw/2726719565.jpg,1024,768,concert|cure|audience|band|celebration|concert|energy|festival|music|musician|nightclub|party|performance|singer|stage,ep060,2023-06-25,synthetic
f_219029382,219029382,openverse/flickr,https://live.staticflickr.com/96/219029382_ba451cdc05_b.jpg,photos/raw/219029382.jpg,1024,681,chairs|chicago|concert|downtown|empty|hdr|lucisart|millennium|millenniumpark|night|park|concert|light|music|performance,ep005,2022-01-28,synthetic
f_14488947555,14488947555,openverse/flickr,https://live.staticflickr.com/5512/14488947555_505794b129_b.jpg,photos/raw/14488947555.jpg,1024,681,1406|14x|70200mmf28gvr|concert|concerts|d700|eddievedder|fx|jeffament|lightningbolt|live|mattcameron|mikemccready|nikon|pearljam|photography|robale|rv|stonegossard|tc|tc14eii|tour|youngrobv,ep060,2023-06-25,synthetic
f_6975100728,6975100728,openverse/flickr,https://live.staticflickr.com/7115/6975100728_d9edb36f91.jpg,photos/raw/6975100728.jpg,500,333,barbarawilli|billycobham|cobham|concert|guitarist|hand|band|concert|festival|guitar|jazz|music|musician|performance|singer|stage,ep060,2023-06-25,synthetic
f_5698166245,5698166245,openverse/flickr,https://live.staticflickr.com/2534/5698166245_14a0b8a13f_b.jpg,photos/raw/5698166245.jpg,1024,768,2010|concert|convention|expo|japan|juillet|long|party|shot|villepinte,ep060,2023-06-23,synthetic
f_3780195067,3780195067,openverse/flickr,https://live.staticflickr.com/2602/3780195067_d6649dd368_b.jpg,photos/raw/3780195067.jpg,1024,602,butterflies|coldplay|coldplayconcert|concert|concertstage|crowd|festival|fireworks|montreal|montru00e9al|montr\xe9al|osheaga|osheaga2009|osheagafestival|stage|stageconcert|celebration|concert|festival|light|music|party|performance,ep060,2023-06-25,synthetic
f_3786725982,3786725982,openverse/flickr,https://live.staticflickr.com/2618/3786725982_b0ea8bfb3a_b.jpg,photos/raw/3786725982.jpg,1024,355,coldplay|concert|concertcrowd|crowd|montru00e9al|montr\xe9al|osheaga|osheaga2009|osheagafestival|audience|concert|crowd|election|festival|group|many|people|politician|race (competition)|rally|spectator|sports fan,ep060,2023-06-24,synthetic
f_3734360895,3734360895,openverse/flickr,https://live.staticflickr.com/3490/3734360895_9ca52b84a2_b.jpg,photos/raw/3734360895.jpg,1024,616,applause|audience|concert|crowd|day|green|greenday|hands|live|montreal|performance|punk|rock|tour|adult|audience|ceremony|concert|crowd|festival|group|group together|man|many|people|sports fan|woman,ep060,2023-06-24,synthetic
f_3735156428,3735156428,openverse/flickr,https://live.staticflickr.com/2584/3735156428_4f41312bbc_b.jpg,photos/raw/3735156428.jpg,787,1024,concert|cool|day|green|greenday|live|montreal|performance|punk|rock|tour|tre|trecool|band|concert|drum|drummer|festival|guitar|instrument|microphone|music|musician|percussion instrument|performance|pop music|singer|stage,ep051,2023-04-23,synthetic
f_3734371003,3734371003,openverse/flickr,https://live.staticflickr.com/3424/3734371003_69799893e9_b.jpg,photos/raw/3734371003.jpg,627,1024,americanidiot|armstrong|billie|billiejoearmstrong|concert|day|green|greenday|joe|live|montreal|performance|punk|rock|tour|band|concert|festival|guitar|guitarist|music|musician|people|performance|pop music|singer|stadium|stage|stringed instrument,ep014,2022-03-14,synthetic
f_8716298623,8716298623,openverse/flickr,https://live.staticflickr.com/7442/8716298623_7575e192a3_b.jpg,photos/raw/8716298623.jpg,683,1024,alcoholic|alone|bar|daydreaming|drinking|flash|grumpy|guest|old|reception|smart|suit|thoughtful|tie|wedding|wrinkles,ep127,2024-12-18,synthetic
f_6882947989,6882947989,openverse/flickr,https://live.staticflickr.com/7187/6882947989_859c8fd885.jpg,photos/raw/6882947989.jpg,357,499,afnikkor55200mmf456vr|arizonastatecentennial|artisawoman|beautiful|candid|chercherlafemme|d90|eoshe|phoenix|portrait|valentinesday2012|wedding,ep003,2022-01-15,synthetic
f_12303877786,12303877786,openverse/flickr,https://live.staticflickr.com/7404/12303877786_708945d4b2_b.jpg,photos/raw/12303877786.jpg,738,1024,dress|father|girls|guests|portrait|sanaa|wedding|yemen|yemeni,ep137,2025-02-16,synthetic
f_4859003355,4859003355,openverse/flickr,https://live.staticflickr.com/4078/4859003355_50f88fe591.jpg,photos/raw/4859003355.jpg,500,375,wedding,ep041,2023-01-28,synthetic
f_4222188646,4222188646,openverse/flickr,https://live.staticflickr.com/2558/4222188646_436f95d86f_b.jpg,photos/raw/4222188646.jpg,1024,768,weddingguests,ep041,2023-01-27,synthetic
f_15170799925,15170799925,openverse/flickr,https://live.staticflickr.com/3913/15170799925_ae3d7bf9cc_b.jpg,photos/raw/15170799925.jpg,697,1024,butt|suit|suited,ep079,2023-12-07,synthetic
f_18342657161,18342657161,openverse/flickr,https://live.staticflickr.com/8865/18342657161_2d4722d8c7_b.jpg,photos/raw/18342657161.jpg,1024,684,celebration|city|dance|east|festive|group|guests|marriage|middle|night|nightphotography|old|sanaa|square|traditional|wedding|yemen|yemeni,ep117,2024-10-09,synthetic
f_3001585493,3001585493,openverse/flickr,https://live.staticflickr.com/3058/3001585493_595ae13f42.jpg,photos/raw/3001585493.jpg,500,486,autumninistanbul|eyup|istanbul|laturquie|octoberinistanbul|stamboul|turchia|turk|turkey|turkije|turkish|turkishman|turkiye|weloveistanbul,ep003,2022-01-15,synthetic
f_6823001970,6823001970,openverse/flickr,https://live.staticflickr.com/7186/6823001970_8dc29f6372_b.jpg,photos/raw/6823001970.jpg,1024,683,2011|indonesia|indonesianwedding|indonesianwomen|pulauselayar|selayar|southsulawesi|sulawesi|wedding|weddingguests|women,ep048,2023-04-08,synthetic
f_4222166398,4222166398,openverse/flickr,https://live.staticflickr.com/4050/4222166398_8cafc90a8e_b.jpg,photos/raw/4222166398.jpg,1024,768,bride|weddingguests,ep021,2022-06-13,synthetic
f_2237618906,2237618906,openverse/flickr,https://live.staticflickr.com/2373/2237618906_8eede9d68c_b.jpg,photos/raw/2237618906.jpg,1024,734,castle|guests|lithuania|supershot|thatsclassy|trakai|wedding,ep048,2023-04-08,synthetic
f_2749653250,2749653250,openverse/flickr,https://live.staticflickr.com/2028/2749653250_238a7cccc4_b.jpg,photos/raw/2749653250.jpg,638,1023,andalucia|andalusia|dress|espau00f1a|guest|invitati|jerezdelafrontera|matrimonio|red|rosso|spagna|spain|vespa|wedding|city|people|street|travel|urban|woman,ep125,2024-12-07,synthetic
f_4800935027,4800935027,openverse/flickr,https://live.staticflickr.com/4082/4800935027_2a1dc733c7_b.jpg,photos/raw/4800935027.jpg,1023,709,handout|plan|seating|wedding|achievement|business|commerce|computer|currency|data|diagram|economy|facts|finance|gain|graph|growth|investment|market|money|number|savings|technology|wealth,ep033,2022-10-26,synthetic
f_3002421880,3002421880,openverse/flickr,https://live.staticflickr.com/3032/3002421880_3c0cc97252_b.jpg,photos/raw/3002421880.jpg,1024,970,autumninistanbul|eyup|istanbul|laturquie|octoberinistanbul|stamboul|turchia|turk|turkey|turkije|turkish|turkishman|turkiye|weloveistanbul,ep003,2022-01-15,synthetic
f_3747941435,3747941435,openverse/flickr,https://live.staticflickr.com/2460/3747941435_a68836e2c3_b.jpg,photos/raw/3747941435.jpg,1024,652,gramophone|old|photo|photograph|real|vintage|wedding,ep049,2023-04-13,synthetic
f_45449375284,45449375284,openverse/flickr,https://live.staticflickr.com/4903/45449375284_363a1c331c_b.jpg,photos/raw/45449375284.jpg,683,1023,bottle|buddhist|candid|ceremony|china|chinese|cigarettes|cultural|culture|ethnic|ethnicity|gifts|hats|men|minority|mosuo|nuptial|outdoor|people|regalia|tibetan|traditional|wedding|wine|woman|yunnan,ep117,2024-10-11,synthetic
f_3099300379,3099300379,openverse/flickr,https://live.staticflickr.com/3125/3099300379_f9aa8dfd2c_b.jpg,photos/raw/3099300379.jpg,1024,776,abigfave|goldstaraward|guests|lithuania|mywinner|mywinners|portrait|trakai|wedding,ep069,2023-08-18,synthetic
f_2846858118,2846858118,openverse/flickr,https://live.staticflickr.com/3156/2846858118_cf0a3122a7_b.jpg,photos/raw/2846858118.jpg,1024,768,ali|basri|behu00e7et|beh\xe7et|brothers|bulgaria|bulgaristan|celebrations|easterneurope|fikran|guests|polyanovo|raif|recep|ru00fcu015ftu00fc|r\xfcşt\xfc|weddings,ep049,2023-04-13,synthetic
f_38874012612,38874012612,openverse/flickr,https://live.staticflickr.com/4559/38874012612_47661683f2.jpg,photos/raw/38874012612.jpg,500,333,dresses|wedding,ep048,2023-04-08,synthetic
f_4222519906,4222519906,openverse/flickr,https://live.staticflickr.com/2774/4222519906_bfddd01d84_b.jpg,photos/raw/4222519906.jpg,1024,768,weddingguests,ep021,2022-06-13,synthetic
f_8541751950,8541751950,openverse/flickr,https://live.staticflickr.com/8252/8541751950_332723d052_b.jpg,photos/raw/8541751950.jpg,1000,667,festival|future|music|ranwick,ep060,2023-06-24,synthetic
f_6856302039,6856302039,openverse/flickr,https://live.staticflickr.com/7200/6856302039_df65b644c0_b.jpg,photos/raw/6856302039.jpg,683,1024,canberra|festival|multicultural|national,ep120,2024-10-28,synthetic
f_111961238,111961238,openverse/flickr,https://live.staticflickr.com/34/111961238_e6586f13ca_b.jpg,photos/raw/111961238.jpg,1024,768,festival|japan|nagaoka|penis|poster,ep055,2023-05-10,synthetic
f_2183963258,2183963258,openverse/flickr,https://live.staticflickr.com/2334/2183963258_54f68a17e6_b.jpg,photos/raw/2183963258.jpg,1024,768,cornwall|festival|midwinter|montol|penzance|wintersolstice,ep022,2022-06-19,synthetic
f_6477034889,6477034889,openverse/flickr,https://live.staticflickr.com/7029/6477034889_cb50832309_b.jpg,photos/raw/6477034889.jpg,1024,683,culturadigitalbr|festival|audience|celebration|concert|crowd|festival|flame|group|many|music|people|performance|rally|rebellion|sports fan,ep060,2023-06-24,synthetic
f_5520102237,5520102237,openverse/flickr,https://live.staticflickr.com/5059/5520102237_2430cd583f_b.jpg,photos/raw/5520102237.jpg,1024,683,2011|eva|festival|future|music|photography|rinaldi,ep079,2023-12-06,synthetic
f_5520987043,5520987043,openverse/flickr,https://live.staticflickr.com/5260/5520987043_44aaf55688_b.jpg,photos/raw/5520987043.jpg,683,1024,2011|eva|festival|future|music|photography|rinaldi,ep079,2023-12-08,synthetic
f_5520569330,5520569330,openverse/flickr,https://live.staticflickr.com/5180/5520569330_732412a65a_b.jpg,photos/raw/5520569330.jpg,1024,683,2011|eva|festival|future|music|photography|rinaldi,ep060,2023-06-26,synthetic
f_5520102209,5520102209,openverse/flickr,https://live.staticflickr.com/5291/5520102209_407ce2d1c4_b.jpg,photos/raw/5520102209.jpg,1024,683,2011|eva|festival|future|music|photography|rinaldi,ep050,2023-04-18,synthetic
f_5520954947,5520954947,openverse/flickr,https://live.staticflickr.com/5217/5520954947_5fb83c22d5_b.jpg,photos/raw/5520954947.jpg,1024,683,2011|eva|festival|future|music|photography|rinaldi,ep060,2023-06-27,synthetic
f_330129089,330129089,openverse/flickr,https://live.staticflickr.com/125/330129089_1e0c966a32_b.jpg,photos/raw/330129089.jpg,768,1024,festival|ganesh|ganpati|god|india|mumbai|visarjan,ep075,2023-09-23,synthetic
f_5520569336,5520569336,openverse/flickr,https://live.staticflickr.com/5292/5520569336_9eff16e291_b.jpg,photos/raw/5520569336.jpg,1024,683,2011|eva|festival|future|music|photography|rinaldi,ep060,2023-06-26,synthetic
f_5520517106,5520517106,openverse/flickr,https://live.staticflickr.com/5213/5520517106_6101caf684_b.jpg,photos/raw/5520517106.jpg,683,1024,2011|eva|festival|future|music|photography|rinaldi,ep079,2023-12-04,synthetic
f_2583976737,2583976737,openverse/flickr,https://live.staticflickr.com/3079/2583976737_72884ab668_b.jpg,photos/raw/2583976737.jpg,679,1024,belper|belpermusicfestival|festival|music,ep022,2022-06-19,synthetic
f_10308041696,10308041696,openverse/flickr,https://live.staticflickr.com/7367/10308041696_3f56edc59e_b.jpg,photos/raw/10308041696.jpg,983,512,1010|affenfaust|festival|knoten,ep055,2023-05-12,synthetic
f_5521624880,5521624880,openverse/flickr,https://live.staticflickr.com/5013/5521624880_dace9ac08f_b.jpg,photos/raw/5521624880.jpg,683,1024,2011|eva|festival|future|futuremusicfestival2011evarinaldi|music|pendulum|photography|rinaldi,ep060,2023-06-26,synthetic
f_51910810962,51910810962,openverse/flickr,https://live.staticflickr.com/65535/51910810962_a8526f3b63_b.jpg,photos/raw/51910810962.jpg,1024,768,annual|attraction|chinatown|downtown|festival|merchant|onasill|street|tourist|travel,ep074,2023-09-16,synthetic
f_3993788412,3993788412,openverse/flickr,https://live.staticflickr.com/2562/3993788412_dff4c3fd85_b.jpg,photos/raw/3993788412.jpg,1023,685,ca|computer|festival|mountainview|us|usa|vcf|vcf10|vintagecomputer|vintagecomputerfestival,ep147,2025-04-13,synthetic
f_9260036040,9260036040,openverse/flickr,https://live.staticflickr.com/7352/9260036040_3771083479_b.jpg,photos/raw/9260036040.jpg,1024,695,festival|musicfestival|adult|crowd|dawn|dusk|evening|festival|group|landscape|light|man|many|people|religion|sunset,ep060,2023-06-24,synthetic
f_7746558832,7746558832,openverse/flickr,https://live.staticflickr.com/8431/7746558832_588148521d_b.jpg,photos/raw/7746558832.jpg,1024,683,festival|japan|sapporo|u4ecbu8b77|u4ecbu8b77u65bdu8a2d|u8001u4eba|u8001u4ebau65bdu8a2d,ep118,2024-10-21,synthetic
f_14409124094,14409124094,openverse/flickr,https://live.staticflickr.com/3855/14409124094_74aeec9bdd_b.jpg,photos/raw/14409124094.jpg,1024,788,alone|blackandwhite|bw|candid|citylife|germany|journey|man|moment|monochrome|olympus|public|reflection|streetphotography|travel|window|adult|child|man|monochrome|music|one|people|portrait|profile,ep164,2025-08-22,synthetic
f_3102445960,3102445960,openverse/flickr,https://live.staticflickr.com/3012/3102445960_7592041193_b.jpg,photos/raw/3102445960.jpg,1024,683,frafrance|journey|openbaarvervoer|publictransport|rail|railtravel|tgv|thalys|train|trainjourney|transport|trein,ep102,2024-06-29,synthetic
f_14748041950,14748041950,openverse/flickr,https://live.staticflickr.com/3888/14748041950_d5a37400b6_b.jpg,photos/raw/14748041950.jpg,1024,877,blackandwhite|candid|chiaroscuro|germany|hat|monochrome|olympus|public|reflection|shadow|sitting|streetlife|streetphotography|sun|train|trainjourney|window|women|adult|black and white|dark|light|man|monochrome|one|people|portrait|shadow|street,ep155,2025-06-27,synthetic
f_5953623482,5953623482,openverse/flickr,https://live.staticflickr.com/6021/5953623482_60d4746d42_b.jpg,photos/raw/5953623482.jpg,1024,680,20hours|20hourtrainjourney|anadolu|anatolia|icandolumaviekspres|icandolumaviexpress|istanbultoadana|tcdd|turkishterain,ep154,2025-06-17,synthetic
f_3326814938,3326814938,openverse/flickr,https://live.staticflickr.com/3599/3326814938_f9d9851ece_b.jpg,photos/raw/3326814938.jpg,1024,683,berlin|berliner|bvb|dienstfahrt|fahrschule|friedrichshagen|gotha|grosraumwagen|grossraumtriebwagen|grossraumwagen|l|strasenbahn|strassenbahn|t462|tram|zahlbox,ep015,2022-04-15,synthetic
f_5953061433,5953061433,openverse/flickr,https://live.staticflickr.com/6008/5953061433_33c81089d0_b.jpg,photos/raw/5953061433.jpg,1023,680,20hours|20hourtrainjourney|anadolu|anatolia|icandolumaviekspres|icandolumaviexpress|istanbultoadana|tcdd|turkishterain,ep154,2025-06-18,synthetic
f_5953622068,5953622068,openverse/flickr,https://live.staticflickr.com/6022/5953622068_61f38ae260_b.jpg,photos/raw/5953622068.jpg,1023,680,20hours|20hourtrainjourney|anadolu|anatolia|icandolumaviekspres|icandolumaviexpress|istanbultoadana|tcdd|turkishterain,ep065,2023-07-28,synthetic
f_5953617012,5953617012,openverse/flickr,https://live.staticflickr.com/6015/5953617012_361fbd4b5e_b.jpg,photos/raw/5953617012.jpg,1023,680,20hours|20hourtrainjourney|anadolu|anatolia|icandolumaviekspres|icandolumaviexpress|istanbultoadana|tcdd|turkishterain,ep007,2022-02-05,synthetic
f_5953059787,5953059787,openverse/flickr,https://live.staticflickr.com/6135/5953059787_7ce63e6781_b.jpg,photos/raw/5953059787.jpg,1023,680,20hours|20hourtrainjourney|anadolu|anatolia|icandolumaviekspres|icandolumaviexpress|istanbultoadana|tcdd|turkishterain,ep095,2024-05-13,synthetic
f_5953061629,5953061629,openverse/flickr,https://live.staticflickr.com/6144/5953061629_5e6f259a2e_b.jpg,photos/raw/5953061629.jpg,1024,678,20hours|20hourtrainjourney|anadolu|anatolia|icandolumaviekspres|icandolumaviexpress|istanbultoadana|tcdd|turkishterain,ep119,2024-10-25,synthetic
f_5953619536,5953619536,openverse/flickr,https://live.staticflickr.com/6015/5953619536_64a106b699_b.jpg,photos/raw/5953619536.jpg,1023,680,20hours|20hourtrainjourney|anadolu|anatolia|icandolumaviekspres|icandolumaviexpress|istanbultoadana|tcdd|turkishterain,ep154,2025-06-19,synthetic
f_5953064365,5953064365,openverse/flickr,https://live.staticflickr.com/6027/5953064365_67196b82e9_b.jpg,photos/raw/5953064365.jpg,1023,680,20hours|20hourtrainjourney|anadolu|anatolia|icandolumaviekspres|icandolumaviexpress|istanbultoadana|tcdd|turkishterain,ep154,2025-06-19,synthetic
f_3101613453,3101613453,openverse/flickr,https://live.staticflickr.com/3225/3101613453_3069f6e252_b.jpg,photos/raw/3101613453.jpg,1023,683,frafrance|journey|openbaarvervoer|publictransport|rail|railtravel|tgv|thalys|train|trainjourney|transport|trein,ep102,2024-06-29,synthetic
f_3102449766,3102449766,openverse/flickr,https://live.staticflickr.com/3165/3102449766_a1fc871af9_b.jpg,photos/raw/3102449766.jpg,1024,683,frafrance|journey|openbaarvervoer|publictransport|rail|railtravel|tgv|thalys|train|trainjourney|transport|trein,ep003,2022-01-15,synthetic
f_29250707711,29250707711,openverse/flickr,https://live.staticflickr.com/8296/29250707711_49bed933e5_b.jpg,photos/raw/29250707711.jpg,1024,683,,ep148,2025-04-29,synthetic
f_33609602312,33609602312,openverse/flickr,https://live.staticflickr.com/3804/33609602312_c13c320c20_b.jpg,photos/raw/33609602312.jpg,1023,351,burma|holidays|lightroom|myanmar|onestoptraveltours|topazlabs|trains|yangon,ep168,2025-09-24,synthetic
f_29295858816,29295858816,openverse/flickr,https://live.staticflickr.com/8160/29295858816_13a065f892_b.jpg,photos/raw/29295858816.jpg,1024,683,,ep148,2025-04-27,synthetic
f_3101603331,3101603331,openverse/flickr,https://live.staticflickr.com/3063/3101603331_76a12dff07_b.jpg,photos/raw/3101603331.jpg,1024,684,frafrance|journey|openbaarvervoer|publictransport|rail|railtravel|tgv|thalys|train|trainjourney|transport|trein,ep121,2024-11-03,synthetic
f_3102451524,3102451524,openverse/flickr,https://live.staticflickr.com/3066/3102451524_42bbaf24d0_b.jpg,photos/raw/3102451524.jpg,1024,683,frafrance|journey|openbaarvervoer|publictransport|rail|railtravel|tgv|thalys|train|trainjourney|transport|trein,ep118,2024-10-16,synthetic
f_4490471476,4490471476,openverse/flickr,https://live.staticflickr.com/4033/4490471476_5e6a7df587_b.jpg,photos/raw/4490471476.jpg,1023,680,blur|d40|exposure|gorillapod|light|lightpainting|lights|london|long|longexposure|motion|movement|nikkorafsdx1855mm|nikon|nikonista|nikonistas|railway|time|train|trains,ep087,2024-01-20,synthetic
f_2138079368,2138079368,openverse/flickr,https://live.staticflickr.com/2099/2138079368_871cf2c224_b.jpg,photos/raw/2138079368.jpg,1024,768,family|malaysia,ep017,2022-05-12,synthetic
f_98007901,98007901,openverse/flickr,https://live.staticflickr.com/33/98007901_e885a79a73.jpg,photos/raw/98007901.jpg,375,500,family|mom,ep106,2024-07-27,synthetic
f_2137296049,2137296049,openverse/flickr,https://live.staticflickr.com/2218/2137296049_b40c3ef9f8_b.jpg,photos/raw/2137296049.jpg,1024,768,family|malaysia,ep017,2022-05-12,synthetic
f_2137321193,2137321193,openverse/flickr,https://live.staticflickr.com/2239/2137321193_60e9b46bf7_b.jpg,photos/raw/2137321193.jpg,1024,768,family|malaysia|popiah,ep110,2024-08-23,synthetic
f_2465122923,2465122923,openverse/flickr,https://live.staticflickr.com/3192/2465122923_1b6d4bf20d_b.jpg,photos/raw/2465122923.jpg,1024,686,bierman|edbierman|family|memorial,ep041,2023-01-26,synthetic
f_6522303105,6522303105,openverse/flickr,https://live.staticflickr.com/7169/6522303105_5b5ea1006f_b.jpg,photos/raw/6522303105.jpg,1024,683,christmasholidayxmasnoelthanksgiving|dinnerfamily,ep118,2024-10-18,synthetic
f_98007900,98007900,openverse/flickr,https://live.staticflickr.com/39/98007900_b09eb5c2c8.jpg,photos/raw/98007900.jpg,500,375,family|grandpa,ep049,2023-04-13,synthetic
f_2783745281,2783745281,openverse/flickr,https://live.staticflickr.com/3270/2783745281_ee1f9c0fd9_b.jpg,photos/raw/2783745281.jpg,1023,566,2008|200808|20080807|bethanybeach|bunnyear|bunnyears|comedy|delaware|dinner|dinner20080807|dinner20080807bethanybeachfamilydinner|funny|grouppicture|jonathansawyer|juliekrier|lowellsawyer|magnolias|marksawyer|meal|priscillacornelio|restaurant|standing|stevesawyer|timothysawyer,ep073,2023-09-11,synthetic
f_2783754445,2783754445,openverse/flickr,https://live.staticflickr.com/3273/2783754445_e974452a3c_b.jpg,photos/raw/2783754445.jpg,1024,661,2008|200808|20080807|allisonsawyer|bethanybeach|comedy|delaware|dinner|dinner20080807|dinner20080807bethanybeachfamilydinner|funny|funnyface|leaning|magnolias|meal|melaniesawyer|restaurant|sitting,ep129,2024-12-28,synthetic
f_8030748985,8030748985,openverse/flickr,https://live.staticflickr.com/8041/8030748985_e7b6a9fa81_b.jpg,photos/raw/8030748985.jpg,1023,683,1stladyofmaryland|judgekatherineomalley|katieomalley|militaryfamiliesdinner,ep133,2025-01-13,synthetic
f_6518405269,6518405269,openverse/flickr,https://live.staticflickr.com/7143/6518405269_765bf151b1_b.jpg,photos/raw/6518405269.jpg,1024,768,2011whitehouseholidayreception|blueroom|bluespruce|bo|capitolchristmastree|chinaroom|christmas|christmas2011|eastcolonnade|eastroom|eastwing|gingerbreadhouse|give|greenroom|holidayreception|jeffersonmemorial|kennedygarden|libraryroom|nationalchristmastree|nationalparkservice|redroom|share|shine|statediningroom|thewhitehouse|veteranherostree|veteransheros|washington|washingtonmonument|whitehouse|whitehousechocolatehouse,ep066,2023-08-01,synthetic
f_15586962880,15586962880,openverse/flickr,https://live.staticflickr.com/8682/15586962880_59173fcd62_b.jpg,photos/raw/15586962880.jpg,1024,819,andymorffew|birdperfect|feeding|hungary|kestrels|morffew|naturethroughthelens,ep174,2025-11-24,synthetic
f_2783747959,2783747959,openverse/flickr,https://live.staticflickr.com/3080/2783747959_696ec523aa_b.jpg,photos/raw/2783747959.jpg,1023,565,2008|200808|20080807|bethanybeach|chasepickett|delaware|dinner|dinner20080807|dinner20080807bethanybeachfamilydinner|diptych|jgerardsawyer|kayleepickett|laughing|magnolias|meal|restaurant|wrestling,ep031,2022-10-18,synthetic
f_5710362794,5710362794,openverse/flickr,https://live.staticflickr.com/2262/5710362794_e378842908_b.jpg,photos/raw/5710362794.jpg,1000,751,easyfindlids|glass|glasswitheasyfindlids|rubbermaid|rubbermaidglass|adult|child|cooking|enjoyment|facial expression|family|furniture|happiness|indoors|lunch|man|meal|people|room|sit|table|togetherness|two|woman,ep106,2024-07-27,synthetic
f_3631658226,3631658226,openverse/flickr,https://live.staticflickr.com/2449/3631658226_d19ca68343_b.jpg,photos/raw/3631658226.jpg,1023,584,family|sanfrancisco|decoration|desktop|food,ep123,2024-11-29,synthetic
f_66651663,66651663,openverse/flickr,https://live.staticflickr.com/24/66651663_fc878c42c2_b.jpg,photos/raw/66651663.jpg,1024,768,family|thanksgiving,ep041,2023-01-25,synthetic
f_2784622756,2784622756,openverse/flickr,https://live.staticflickr.com/3240/2784622756_16de7b4a45_b.jpg,photos/raw/2784622756.jpg,1024,561,2008|200808|20080807|bethanybeach|carolyn|comedy|delaware|dinner|dinner20080807|dinner20080807bethanybeachfamilydinner|funny|funnyface|isabellapsillidio|jonathansawyer|magnolias|marksawyer|meal|priscillacornelio|restaurant|sitting|smile|smiling|tassospsillidio,ep041,2023-01-26,synthetic
f_985821588,985821588,openverse/flickr,https://live.staticflickr.com/1176/985821588_edef864b6b_b.jpg,photos/raw/985821588.jpg,1024,733,50mm|andreas|bw|dinner|evening|f18|family|film|gru00f6ndal|gunnar|lennart|margit|olympusom1|trollhu00e4ttan,ep106,2024-07-27,synthetic
f_11134044313,11134044313,openverse/flickr,https://live.staticflickr.com/5536/11134044313_974a961abe_b.jpg,photos/raw/11134044313.jpg,1023,682,360modena|50anniversario|50thanniversary|911turbo|automobile|aventador|bmw|cars|e92|evora|exoticcars|ferrari|gallardo|gallardose|heftierperformance|lamborghini|lotus|lp560|m3|panamera|panamera4s|perth|porsche|superleggera|techart|turbo|twinturbo|westernaustralia|worldcars,ep002,2022-01-12,synthetic
f_2784614060,2784614060,openverse/flickr,https://live.staticflickr.com/3039/2784614060_469124d908_b.jpg,photos/raw/2784614060.jpg,1024,577,2008|200808|20080807|allisonsawyer|bethanybeach|brandonkillen|davidrice|delaware|dinner|dinner20080807|dinner20080807bethanybeachfamilydinner|jgerardsawyer|jonathansawyer|juliekrier|lisakillen|magnolias|margarethasawyer|mariasawyer|marksawyer|meal|melaniesawyer|nickharrigan|restaurant|samanthasawyer|sitting|stevesawyer|timothysawyer,ep143,2025-03-28,synthetic
f_2575853548,2575853548,openverse/flickr,https://live.staticflickr.com/3121/2575853548_8cbe46962e_b.jpg,photos/raw/2575853548.jpg,1024,682,loiclemeur|paris,ep011,2022-02-19,synthetic
f_2575873028,2575873028,openverse/flickr,https://live.staticflickr.com/3014/2575873028_1277acc251_b.jpg,photos/raw/2575873028.jpg,1024,682,loiclemeur|paris,ep011,2022-02-20,synthetic
f_2575041111,2575041111,openverse/flickr,https://live.staticflickr.com/3016/2575041111_4e3b43aa22_b.jpg,photos/raw/2575041111.jpg,682,1024,loiclemeur|paris,ep049,2023-04-13,synthetic
f_2575872166,2575872166,openverse/flickr,https://live.staticflickr.com/3036/2575872166_d80bd0f1cd_b.jpg,photos/raw/2575872166.jpg,1024,682,loiclemeur|paris,ep011,2022-02-20,synthetic
f_2575854114,2575854114,openverse/flickr,https://live.staticflickr.com/3140/2575854114_5a56af35a1_b.jpg,photos/raw/2575854114.jpg,682,1024,loiclemeur|paris,ep048,2023-04-08,synthetic
f_2575845296,2575845296,openverse/flickr,https://live.staticflickr.com/3088/2575845296_a8ccb8b07e_b.jpg,photos/raw/2575845296.jpg,1024,682,loiclemeur|paris,ep011,2022-02-19,synthetic
f_2575840752,2575840752,openverse/flickr,https://live.staticflickr.com/3262/2575840752_1d3d2e8fb6_b.jpg,photos/raw/2575840752.jpg,1024,682,loiclemeur|paris,ep041,2023-01-26,synthetic
f_3699991085,3699991085,openverse/flickr,https://live.staticflickr.com/2462/3699991085_1cf4c06112_b.jpg,photos/raw/3699991085.jpg,659,1024,,ep069,2023-08-18,synthetic
f_2575030535,2575030535,openverse/flickr,https://live.staticflickr.com/3080/2575030535_b8746e7494_b.jpg,photos/raw/2575030535.jpg,1024,682,loiclemeur|paris,ep011,2022-02-21,synthetic
f_2294966273,2294966273,openverse/flickr,https://live.staticflickr.com/3213/2294966273_55eab59fc6_b.jpg,photos/raw/2294966273.jpg,1024,625,2007|december|friends|inhouse|life|notperfectapartment|onestep|party|polaroid|taipei|wonderfultime,ep022,2022-06-19,synthetic
f_2575022201,2575022201,openverse/flickr,https://live.staticflickr.com/3180/2575022201_389eac2072_b.jpg,photos/raw/2575022201.jpg,1024,682,loiclemeur|paris,ep011,2022-02-21,synthetic
f_2575859238,2575859238,openverse/flickr,https://live.staticflickr.com/3158/2575859238_32d7230b2e_b.jpg,photos/raw/2575859238.jpg,682,1024,loiclemeur|paris,ep003,2022-01-15,synthetic
f_2575032747,2575032747,openverse/flickr,https://live.staticflickr.com/3186/2575032747_6a7727c460_b.jpg,photos/raw/2575032747.jpg,1024,682,loiclemeur|paris,ep011,2022-02-19,synthetic
f_2575021141,2575021141,openverse/flickr,https://live.staticflickr.com/3019/2575021141_911340261c_b.jpg,photos/raw/2575021141.jpg,1024,682,loiclemeur|paris,ep011,2022-02-19,synthetic
f_2575028597,2575028597,openverse/flickr,https://live.staticflickr.com/3276/2575028597_234cdf208c_b.jpg,photos/raw/2575028597.jpg,682,1024,loiclemeur|paris,ep041,2023-01-26,synthetic
f_2575029639,2575029639,openverse/flickr,https://live.staticflickr.com/3071/2575029639_e85e112259_b.jpg,photos/raw/2575029639.jpg,1024,682,loiclemeur|paris,ep011,2022-02-19,synthetic
f_463710732,463710732,openverse/flickr,https://live.staticflickr.com/209/463710732_aed34ec648_b.jpg,photos/raw/463710732.jpg,1024,768,party|web2xpo,ep022,2022-06-19,synthetic
f_2575031877,2575031877,openverse/flickr,https://live.staticflickr.com/3073/2575031877_e6fbfea95a_b.jpg,photos/raw/2575031877.jpg,682,1024,loiclemeur|paris,ep011,2022-02-21,synthetic
f_6672525109,6672525109,openverse/flickr,https://live.staticflickr.com/7034/6672525109_c1e4822b69_b.jpg,photos/raw/6672525109.jpg,768,1024,phonecam,ep098,2024-05-27,synthetic
f_386826115,386826115,openverse/flickr,https://live.staticflickr.com/170/386826115_485ac26121_b.jpg,photos/raw/386826115.jpg,1024,768,jenniferandrewsgalleryspyparty|karaoke|nyc|parties,ep031,2022-10-19,synthetic
f_8686482079,8686482079,openverse/flickr,https://live.staticflickr.com/8541/8686482079_39159251a9_b.jpg,photos/raw/8686482079.jpg,1024,1024,85|arizona|az|burbs|mc|mc85|phoenix|phx|road|roadtrip|suburbs|trip|valley|west|westbuckeye|westernphoenix|westphoenix|westvalley,ep160,2025-07-25,synthetic
f_8686102479,8686102479,openverse/flickr,https://live.staticflickr.com/8256/8686102479_5b32238fb7_b.jpg,photos/raw/8686102479.jpg,1024,683,arizona|az|burbs|capiceria|carlos|graffiti|phoenix|phx|road|roadtrip|suburbs|trip|upholstery|valley|vekswon|west|westernphoenix|westphoenix|westvalley|architecture|building|graffiti|outdoors|road|signal|signalise|stock|street|town|travel|urban,ep153,2025-06-13,synthetic
f_8687220286,8687220286,openverse/flickr,https://live.staticflickr.com/8264/8687220286_7bfb052841_b.jpg,photos/raw/8687220286.jpg,1024,683,arizona|az|bar|burbs|mothers|phoenix|phx|road|roadtrip|saloon|sign|suburbs|tolleson|trip|valley|west|westernphoenix|westphoenix|westvalley|whypaymore|banner|bill|billboard|business|information|road|sign|signal|signalise|signpost|street|symbol|text|warning,ep093,2024-05-01,synthetic
f_8687595822,8687595822,openverse/flickr,https://live.staticflickr.com/8545/8687595822_8fa0fd3f5b_b.jpg,photos/raw/8687595822.jpg,1024,684,arizona|az|bank|buckeyevalley|burbs|food|foodbank|phoenix|phx|road|roadtrip|suburbs|trip|valley|west|westernphoenix|westphoenix|westvalley|architecture|door|family|house|wood,ep089,2024-03-21,synthetic
f_8686481853,8686481853,openverse/flickr,https://live.staticflickr.com/8266/8686481853_d5e9d34231_b.jpg,photos/raw/8686481853.jpg,1024,1024,85|arizona|az|burbs|mc|mc85|phoenix|phx|road|roadtrip|suburbs|trip|valley|west|westbuckeye|westernphoenix|westphoenix|westvalley|architecture|building|empty|family|home|house|museum|painting|picture frame|rustic|wall|window|wood,ep074,2023-09-17,synthetic
f_8687594888,8687594888,openverse/flickr,https://live.staticflickr.com/8115/8687594888_70b6c8bb64_b.jpg,photos/raw/8687594888.jpg,1024,1024,abandoned|architecture|arizona|az|broken|burbs|entropy|fallingapart|house|phoenix|phx|road|roadtrip|suburbs|trip|valley|west|westernphoenix|westphoenix|westvalley|abandoned|architecture|building|daylight|family|home|house|outdoors|rustic|tree|window|wood,ep160,2025-07-25,synthetic
f_8686102631,8686102631,openverse/flickr,https://live.staticflickr.com/8539/8686102631_5746ee6209_b.jpg,photos/raw/8686102631.jpg,1024,1023,abandoned|arizona|az|broken|burbs|phoenix|phx|road|roadtrip|shadows|suburbs|trip|valley|watchtower|west|westernphoenix|westphoenix|westvalley|window|architecture|building|construction|expression|exterior|facade|family|glass items|house|modern|roof|sky|window,ep126,2024-12-13,synthetic
f_8686478293,8686478293,openverse/flickr,https://live.staticflickr.com/8536/8686478293_b0374118a8_b.jpg,photos/raw/8686478293.jpg,1024,1024,abandoned|architecture|arizona|az|broken|burbs|entropy|fallingapart|house|phoenix|phx|road|roadtrip|suburbs|trip|valley|west|westernphoenix|westphoenix|westvalley|broken|cold|danger|dirty|nature|old|outdoors|rope|rustic|rusty|snow|winter|wood,ep087,2024-01-24,synthetic
f_8687598528,8687598528,openverse/flickr,https://live.staticflickr.com/8124/8687598528_d0e13b53e2_b.jpg,photos/raw/8687598528.jpg,1024,684,85|arizona|az|burbs|mc|mc85|phoenix|phx|road|roadtrip|suburbs|trip|valley|west|westbuckeye|westernphoenix|westphoenix|westvalley|competition|nature|outdoors|people|religion|summer|travel,ep160,2025-07-25,synthetic
f_8686480631,8686480631,openverse/flickr,https://live.staticflickr.com/8546/8686480631_fa9483f786_b.jpg,photos/raw/8686480631.jpg,1024,1024,arizona|az|burbs|doors|fashion|garbagebag|phoenix|phx|road|roadtrip|store|suburbs|thrifts|trip|valley|west|westernphoenix|westphoenix|westvalley|architecture|building|city|door|entrance|house|old|signal|signalise|stock|street|text|town|urban|wall,ep124,2024-12-02,synthetic
f_8687595168,8687595168,openverse/flickr,https://live.staticflickr.com/8533/8687595168_3eb4c61567_b.jpg,photos/raw/8687595168.jpg,1024,1024,abandoned|architecture|arizona|az|broken|burbs|entropy|fallingapart|house|phoenix|phx|road|roadtrip|suburbs|trip|valley|west|westernphoenix|westphoenix|westvalley|abandoned|architecture|bench|building|exterior|family|flora|house|nature|old|seat|wall|window|wood|wooden,ep160,2025-07-24,synthetic
f_14860574017,14860574017,openverse/flickr,https://live.staticflickr.com/3850/14860574017_5265b3a6a0_b.jpg,photos/raw/14860574017.jpg,1024,683,1750mm|camera|d7100|dc|dslr|ex|f28|inside|lens|light|mm|natural|nikon|os|outdoor|road|shot|sigma|through|trip|truck|window|zoom,ep148,2025-04-27,synthetic
f_447313764,447313764,openverse/flickr,https://live.staticflickr.com/218/447313764_ea209ff212_b.jpg,photos/raw/447313764.jpg,1024,766,1998|map|mesuper|pentax|puzzle|roadtrip1998|route|scan|usa,ep063,2023-07-19,synthetic
f_49941185696,49941185696,openverse/flickr,https://live.staticflickr.com/65535/49941185696_4599709483_b.jpg,photos/raw/49941185696.jpg,731,1024,island|lake|newzealand|ratcliff|snow|south|stuckincustoms|stuckincustomscom|sunrise|sunset|tree|trey|treyratcliff|wanaka,ep161,2025-08-07,synthetic
f_3497402560,3497402560,openverse/flickr,https://live.staticflickr.com/3343/3497402560_c4079f345f_b.jpg,photos/raw/3497402560.jpg,1024,879,40d|50mm|arizona|az|boondocks|burbs|cactus|canon|cross|cruz|desert|gila|indian|memorial|montezuma|mountain|phoenix|reservation|road|roadside|saguaro|santa|southwest|suburbs|trip|adult|cropland|cross|daylight|landscape|one|outdoors|people|travel|vehicle,ep124,2024-12-02,synthetic
f_52441156453,52441156453,openverse/flickr,https://live.staticflickr.com/65535/52441156453_6e8cfe5081_b.jpg,photos/raw/52441156453.jpg,1023,535,2022|alberta|albertabadlands|albertadinosaurprovincialpark|badlands|bentonitebentonite|bentoniteclay|canada|cans2s|d750luminar|dinosaurprovincialpark|dinosaurprovincialparkalberta|dometed|fxnikon|inapark|mcgrathteds|neo|park|parkscene|photoscroppedvignettingnikonnikon|roadtrip|unesco|unescoworldheritagesite,ep175,2025-11-28,synthetic
f_3841971934,3841971934,openverse/flickr,https://live.staticflickr.com/2481/3841971934_3e64fdd61c_b.jpg,photos/raw/3841971934.jpg,1024,768,montana|road|summer|trip,ep157,2025-07-09,synthetic
f_8687594796,8687594796,openverse/flickr,https://live.staticflickr.com/8120/8687594796_a7b70b3df3_b.jpg,photos/raw/8687594796.jpg,1024,1024,abandoned|architecture|arizona|az|broken|burbs|entropy|fallingapart|house|phoenix|phx|road|roadtrip|suburbs|trip|valley|west|westernphoenix|westphoenix|westvalley,ep148,2025-04-27,synthetic
f_2922234011,2922234011,openverse/flickr,https://live.staticflickr.com/3085/2922234011_2147ab51bd_b.jpg,photos/raw/2922234011.jpg,1024,768,blond|doorway|grayteeshirt|hairdown|natural|nomakeup|petite|pocketdragons|ponytail|sarah|shortsleeves|small|surprisedlook,ep031,2022-10-20,synthetic
f_22663722328,22663722328,openverse/flickr,https://live.staticflickr.com/729/22663722328_bcc30691ff_b.jpg,photos/raw/22663722328.jpg,1024,441,advertisment|americanindian|billboard|midcentury|roadsigns|route66|teepee,ep124,2024-12-02,synthetic
f_22127819056,22127819056,openverse/flickr,https://live.staticflickr.com/5801/22127819056_fd468b34f1_b.jpg,photos/raw/22127819056.jpg,1024,595,antique|automobile|black|blackwhite|car|city|found|foundphotograph|monochrome|old|photograph|scene|snapshot|street|streetscene|town|vernacular|vintage|white,ep168,2025-09-25,synthetic
f_21612137360,21612137360,openverse/flickr,https://live.staticflickr.com/5706/21612137360_e627764591_b.jpg,photos/raw/21612137360.jpg,1024,682,50mm14g|adobecameraraw|attributionlicense|creativecommons|d4|eyewideopen|fastglass|fxformat|horizontal|image|night|nightphotography|nighttime|nikon|photo|primelens|probono|probonopublico|rnialbradshaw|royaltyfree|stockphoto|stockphotography|beach|car|city|dawn|dusk|evening|flame|light|pollution|sky|street|sunset|transportation system|travel|vehicle|water,ep148,2025-04-27,synthetic
f_6309198592,6309198592,openverse/flickr,https://live.staticflickr.com/6118/6309198592_dffbe4b2be_b.jpg,photos/raw/6309198592.jpg,1024,768,franciscou201d|francisco\u201d|octoberu201d|october\u201d|u201c2011|\u201c2011|u201csan|\u201csan,ep089,2024-03-21,synthetic
f_24851705692,24851705692,openverse/flickr,https://live.staticflickr.com/1459/24851705692_0c34c215c4_b.jpg,photos/raw/24851705692.jpg,1024,683,,ep001,2022-01-07,synthetic
f_399018107,399018107,openverse/flickr,https://live.staticflickr.com/183/399018107_ef15f55c30_b.jpg,photos/raw/399018107.jpg,1024,576,1755mmf28g|beach|bridge|building|crossprocess|florida|xp,ep089,2024-03-21,synthetic
f_19685569,19685569,openverse/flickr,https://live.staticflickr.com/16/19685569_1ad536a292_b.jpg,photos/raw/19685569.jpg,1024,768,auto|automobile|baybridge|bridge|california|car|embarcadero|ferrybuilding|financialdistrict|road|sanfrancisco|unitedstates|unitedstatesofamerica|usa,ep087,2024-01-19,synthetic
f_25805915922,25805915922,openverse/flickr,https://live.staticflickr.com/1544/25805915922_7433412508_b.jpg,photos/raw/25805915922.jpg,1024,750,antique|automobile|black|blackwhite|car|dirt|dirtroad|driving|found|foundphotograph|ireland|monochrome|old|photograph|road|snapshot|vernacular|vintage|white,ep159,2025-07-19,synthetic
f_6797497400,6797497400,openverse/flickr,https://live.staticflickr.com/7176/6797497400_25b832a6c8_b.jpg,photos/raw/6797497400.jpg,1024,692,7d|amsterdam|blackandwhite|canon|driving|eos|essay|fitc|fitc12|road|tunnel,ep087,2024-01-20,synthetic
f_6968297684,6968297684,openverse/flickr,https://live.staticflickr.com/7232/6968297684_7c866fc3b4_m.jpg,photos/raw/6968297684.jpg,240,180,flir,ep092,2024-04-16,synthetic
f_52115811658,52115811658,openverse/flickr,https://live.staticflickr.com/65535/52115811658_2db6504274_b.jpg,photos/raw/52115811658.jpg,938,707,aotearoa|archives|archivesnewzealand|archivesnz|disaster|earthquake|marlborough|murchison|nelson|newzealand|newzealandhistory|nz|nzhistory|southisland,ep126,2024-12-14,synthetic
f_16047214858,16047214858,openverse/flickr,https://live.staticflickr.com/8618/16047214858_c65ea4e71d_b.jpg,photos/raw/16047214858.jpg,1024,678,40mmafs28g|adobecameraraw|apsc|attributionlicense|creativecommons|d7000|dxformat|iso320|nikon|photoshopcc|primelens|rnialbradshaw|royaltyfree|s1613|stockphotography|action|asphalt|blacktop|blur|car|city|competition|highway|hurry|pavement|race|road|street|traffic|transportation system|travel|vehicle,ep148,2025-04-27,synthetic
f_30633490070,30633490070,openverse/flickr,https://live.staticflickr.com/5707/30633490070_af21bc71c4_b.jpg,photos/raw/30633490070.jpg,1024,576,alanya|animals|antalya|beach|sea|side|turkey,ep157,2025-07-09,synthetic
f_5968330114,5968330114,openverse/flickr,https://live.staticflickr.com/6016/5968330114_5540d90bca_b.jpg,photos/raw/5968330114.jpg,1024,680,drivingonthesidewalk|kiev|kyiv|u043au0438u0435u0432|u043au0438u0457u0432|action|car|city|pavement|people|road|street|traffic|transportation system|travel|urban|vehicle,ep118,2024-10-18,synthetic
f_2923181654,2923181654,openverse/flickr,https://live.staticflickr.com/3270/2923181654_4f242bee6d_b.jpg,photos/raw/2923181654.jpg,1024,685,2008|argentina|bluesky|cycling|lake|magicalworld|original|patagonia|roadsign|rutadesietelagos|sign|southamerica|travel|yellowsign|yellowwarning,ep157,2025-07-10,synthetic
f_5992132546,5992132546,openverse/flickr,https://live.staticflickr.com/6027/5992132546_3cb1af2ed6_b.jpg,photos/raw/5992132546.jpg,1024,768,1454mm|alberta|calgary|canada|classiccar|drivethru|dslr|e3|festival|inglewood|olympus|olympuse3|sunfest|zuiko|zuikohighgrade|car|road|street|traffic|transportation system|travel|vehicle,ep082,2023-12-27,synthetic
f_25574753875,25574753875,openverse/flickr,https://live.staticflickr.com/1703/25574753875_cfe92733b4_b.jpg,photos/raw/25574753875.jpg,1024,682,2470mm28|adobecameraraw|attributionlicense|cars|creativecommons|d4|daviscoutyutah|fullframe|fxformat|horizontal|image|night|nightphotography|nighttime|nikkor2470f28originalworkhorsemodel|nikon|photo|probono|probonopublico|rnialbradshaw|royaltyfree|stockphoto|stockphotography|thezoomthatcould,ep089,2024-03-15,synthetic
f_3777269181,3777269181,openverse/flickr,https://live.staticflickr.com/2666/3777269181_8429f79c76_b.jpg,photos/raw/3777269181.jpg,1024,768,1902|automobile|cars|electric|japan|museum|nagoya|toyota|vintage,ep080,2023-12-15,synthetic
f_2842803819,2842803819,openverse/flickr,https://live.staticflickr.com/3226/2842803819_045661e334_b.jpg,photos/raw/2842803819.jpg,1024,768,arcade|co|colorado|manitousprings|road|steeringwheel|test,ep074,2023-09-18,synthetic
f_5967780465,5967780465,openverse/flickr,https://live.staticflickr.com/6029/5967780465_8af7ca0d37_b.jpg,photos/raw/5967780465.jpg,1024,680,drivingonthesidewalk|kiev|kyiv|u043au0438u0435u0432|\u043a\u0438\u0435\u0432|u043au0438u0457u0432|\u043a\u0438\u0457\u0432,ep087,2024-01-19,synthetic
f_8179896434,8179896434,openverse/flickr,https://live.staticflickr.com/8481/8179896434_56f5403600_b.jpg,photos/raw/8179896434.jpg,1024,683,beach|desert|landscape|nature|ocean|outdoors|sand|sea|seashore|sky|summer|sun|travel|water,ep103,2024-07-05,synthetic
f_3147547404,3147547404,openverse/flickr,https://live.staticflickr.com/3241/3147547404_b70581c132_b.jpg,photos/raw/3147547404.jpg,1023,768,bookshelf|livingroom,ep004,2022-01-23,synthetic
f_2738462048,2738462048,openverse/flickr,https://live.staticflickr.com/3108/2738462048_706dc58313_b.jpg,photos/raw/2738462048.jpg,1024,768,bookshelf|sf,ep016,2022-04-20,synthetic
f_2822078529,2822078529,openverse/flickr,https://live.staticflickr.com/3196/2822078529_d0e2faf8f9_b.jpg,photos/raw/2822078529.jpg,1024,681,bookshelf,ep016,2022-04-22,synthetic
f_6342958280,6342958280,openverse/flickr,https://live.staticflickr.com/6216/6342958280_bc924bca48_b.jpg,photos/raw/6342958280.jpg,735,1023,1999468|belt|bluejeans|bookshelf|chairsletter|comdom|inbox|india|intibetanandenglish|men|officeworkers|phone|safetyposter|sense|sex|stop|stopunprotectedsex|tibetansettlement|trashcan|unprotected|use|useyourcomdomsensestopunprotectedsex|whiteshirt|womanworkingwithacomputer|working|writing|your|adult|illustration|man|paper|people|woman,ep164,2025-08-22,synthetic
f_5343309870,5343309870,openverse/flickr,https://live.staticflickr.com/5162/5343309870_b0706029ea_b.jpg,photos/raw/5343309870.jpg,1024,768,books|bookshelf|literature|shelf,ep016,2022-04-22,synthetic
f_1071030418,1071030418,openverse/flickr,https://live.staticflickr.com/1325/1071030418_376f0e4c0a_b.jpg,photos/raw/1071030418.jpg,768,1024,bookshelf|bookshop|bookstore,ep033,2022-10-26,synthetic
f_3417288462,3417288462,openverse/flickr,https://live.staticflickr.com/3538/3417288462_9d3f7dd0fc_b.jpg,photos/raw/3417288462.jpg,1023,892,apartment|books|bookshelf|couple|dantekgeek|hamiltonheights|harlem|knitting|manhattan|move|nyc|theresaanna|together|yarn,ep102,2024-06-27,synthetic
f_1330790063,1330790063,openverse/flickr,https://live.staticflickr.com/1428/1330790063_b64baabd9c_b.jpg,photos/raw/1330790063.jpg,1023,682,books|bookshelf|bu00fccher|bu00fccherregal|cocoa|code|coding|computer|java|latex|literature|nerd|objectivec|programmieren|programming|python|technical|tex|book|bookcase|bookstore|college|education|facts|knowledge|library|literature|novel|order|page|research|school|shelf|stacks|study|university|wisdom,ep036,2022-12-11,synthetic
f_2118564636,2118564636,openverse/flickr,https://live.staticflickr.com/2262/2118564636_cc6abfc647_b.jpg,photos/raw/2118564636.jpg,685,1023,book|books|bookshelf|nikkor1835mm|shelf,ep004,2022-01-21,synthetic
f_4239651,4239651,openverse/flickr,https://live.staticflickr.com/3/4239651_8786b17db0_b.jpg,photos/raw/4239651.jpg,1024,657,biocosm|biohazard|blog|books|bookshelf|code|complexity|cover|dawkins|deutsch|dna|feynman|gates|genetic|hotmail|juanenriquez|kurzweil|lessig|library|macniven|mindwideopen|molecularelectronics|nanotech|onintelligence|pobronson|programming|ridley|scientistinthecrib|ted|topv333|watson|williams|wolfram|business|data|education|facts|information|internet|library|shelf|text,ep019,2022-06-03,synthetic
f_852134142,852134142,openverse/flickr,https://live.staticflickr.com/1038/852134142_aabd5468d8_b.jpg,photos/raw/852134142.jpg,681,1024,books|bookshelf|rainbow|rainbowbookshelf,ep004,2022-01-20,synthetic
f_4802264783,4802264783,openverse/flickr,https://live.staticflickr.com/4134/4802264783_8bcaa52253_b.jpg,photos/raw/4802264783.jpg,768,1024,books|bookshelf|book bindings|bookcase|bookstore|education|furniture|indoors|knowledge|library|literature|room|shelf,ep016,2022-04-20,synthetic
f_21938357,21938357,openverse/flickr,https://live.staticflickr.com/17/21938357_a21b571612_b.jpg,photos/raw/21938357.jpg,768,1024,bookshelf|howto|make|server|business|commerce|competition|computer|finance|industry|money|offense|technology|vehicle,ep033,2022-10-26,synthetic
f_14261237958,14261237958,openverse/flickr,https://live.staticflickr.com/5233/14261237958_9209f44c62_b.jpg,photos/raw/14261237958.jpg,1024,681,books|bookshelf|clutter|shelf|shelves,ep016,2022-04-20,synthetic
f_3245988988,3245988988,openverse/flickr,https://live.staticflickr.com/3480/3245988988_600aeeacca_b.jpg,photos/raw/3245988988.jpg,768,1024,bookcovers|books|bookshelf|studio|workspace,ep004,2022-01-21,synthetic
f_2578771930,2578771930,openverse/flickr,https://live.staticflickr.com/3123/2578771930_2eb58faff2_b.jpg,photos/raw/2578771930.jpg,706,1024,literature|carbonsf|wideangle|carbonnyc|shelf|photogamer|books|shelves|book|mybookshelf|bookshelf|bookcase|business|intensity|money|shelf|pile|currency|library|facts|research,ep004,2022-01-22,synthetic
f_2367926525,2367926525,openverse/flickr,https://live.staticflickr.com/3229/2367926525_bfb8a3296a.jpg,photos/raw/2367926525.jpg,345,500,black|book|bookshelf|u8c93|window|yellow|bookcase|cat|furniture|indoors|kitten|mammal|one|pet|portrait|room|shelf,ep105,2024-07-20,synthetic
f_270429124,270429124,openverse/flickr,https://live.staticflickr.com/109/270429124_93a5499430_b.jpg,photos/raw/270429124.jpg,1024,964,ajo65|biography|books|bookshelf|bookshelfbiography,ep004,2022-01-21,synthetic
f_390777823,390777823,openverse/flickr,https://live.staticflickr.com/183/390777823_ecb5faf2e8_b.jpg,photos/raw/390777823.jpg,1024,681,books|bookshelf|bookcase|bookstore|business|education|indoors|information|knowledge|library|literature|page|shelf|text|university,ep082,2023-12-26,synthetic
f_3236942684,3236942684,openverse/flickr,https://live.staticflickr.com/3264/3236942684_1ce61a2768_b.jpg,photos/raw/3236942684.jpg,768,1024,books|bookshelf,ep004,2022-01-20,synthetic
f_1526740259,1526740259,openverse/flickr,https://live.staticflickr.com/2046/1526740259_f997a1db24.jpg,photos/raw/1526740259.jpg,500,291,motorcycle|ride|vintage,ep057,2023-05-23,synthetic
f_15608135347,15608135347,openverse/flickr,https://live.staticflickr.com/7529/15608135347_6c94b233b2_b.jpg,photos/raw/15608135347.jpg,1024,768,motorcycle|police|yamaha,ep127,2024-12-18,synthetic
f_16827965444,16827965444,openverse/flickr,https://live.staticflickr.com/7727/16827965444_1c6ca7c807_b.jpg,photos/raw/16827965444.jpg,1023,624,cowboyhat|marvinyourdon|motorcycle|saddlebags|truck,ep126,2024-12-14,synthetic
f_3418202002,3418202002,openverse/flickr,https://live.staticflickr.com/3348/3418202002_561659be67_b.jpg,photos/raw/3418202002.jpg,1024,768,bsabantam|gpo|motorcycle|postoffice|royalmail,ep057,2023-05-21,synthetic
f_25501658798,25501658798,openverse/flickr,https://live.staticflickr.com/4679/25501658798_4e9b8a86a5_b.jpg,photos/raw/25501658798.jpg,1024,684,automotivephotography|automotiveportrait|bike|classic|depthoffield|dof|geotagged|harleydavidson|harleydavidsonmotorcycle|haywoodcounty|haywoodcountynorthcarolina|historic|httpswheelsthroughtimecom|maggievalley|maggievalleyfairgrounds|maggievalleyfestivalgrounds|maggievalleynorthcarolina|masking|motorbike|motorcycle|motorcyclemuseum|motorcyclephotography|northcarolina|photoshop|photoshoplensblur|unitedstates|usa|vintage|westernnorthcarolina|wheelsthroughtimemotorcyclemuseum|wheelsthroughtimemuseum|wnc,ep057,2023-05-25,synthetic
f_4171852711,4171852711,openverse/flickr,https://live.staticflickr.com/2761/4171852711_d883187188_b.jpg,photos/raw/4171852711.jpg,1024,744,agusta|aprilia|bandit|bike|biker|bikerboy|buell|ducati|f650|hayabusa|honda|kawa|kawasaki|kawasakiboys|leather|motorcycle|motorgp|motorrad|shovelhead|streetfighter|superbike|suzuki|yamaha,ep128,2024-12-24,synthetic
f_4215027176,4215027176,openverse/flickr,https://live.staticflickr.com/2766/4215027176_c5a83d94da.jpg,photos/raw/4215027176.jpg,493,500,1950s|japan|motorcycle|rickshaw|tokyo|vehicle,ep164,2025-08-22,synthetic
f_5364921942,5364921942,openverse/flickr,https://live.staticflickr.com/5089/5364921942_36db278b73_b.jpg,photos/raw/5364921942.jpg,1024,765,flickroid|motorcycle|police|vehicle,ep047,2023-04-01,synthetic
f_4972369819,4972369819,openverse/flickr,https://live.staticflickr.com/4152/4972369819_3c7e1a1e5a_b.jpg,photos/raw/4972369819.jpg,635,1024,auto|autotag|autotags|bike|biker|canada|car|carplate|carplates|cars|cartag|cartags|collection|edmonton|foreign|foreignplates|foreigns|license|licenseplate|licenseplates|licenses|motorcycle|number|numberplate|numberplates|photographs|photos|pl8s|plate|plates|platetag|sign|tag|tags|vintage|woody|world|worldplate|worldplates,ep036,2022-12-11,synthetic
f_14293061987,14293061987,openverse/flickr,https://live.staticflickr.com/3896/14293061987_fb812cb6c3_b.jpg,photos/raw/14293061987.jpg,1024,768,alpinstars|aprilia|bmv|bmvu306eu30c9u30e9u30a4u30d0u306eu30aau30fcu30c8u30d0u30a4u306eu9769|bmvのドライバのオートバイの革|buell|cagiva|dainese|daytona|driver|ducati|guzziu30c8u30e9u30a4u30a2u30f3u30d5u30c7u30a4u30c8u30ca|honda|husqvarna|kawasaki|ktm|leathers|motoguzzi|motorcycle|simson|suzuki|triumph|u30a2u30d7u30eau30eau30a2u30abu30b8u30d0u30dbu30f3u30c0u30cfu30b9u30afu30d0u30fcu30cau5dddu5d0ektmu30b5u30e0u30bdu30f3|u30aau30fcu30c8u30d0u30a4|u30b9u30bau30adu30e4u30deu30cfu30c9u30a5u30abu30c6u30a3u30d3u30e5u30fcu30a8u30ebmoto|u53f8u6a5f|u6469u6258u8eca|u76aeu9769|yamaha|アプリリアカジバホンダハスクバーナ川崎ktmサムソン,ep155,2025-06-25,synthetic
f_5922005506,5922005506,openverse/flickr,https://live.staticflickr.com/6021/5922005506_ffb6bcfed8_b.jpg,photos/raw/5922005506.jpg,1024,498,classics|motorbikes|motorcycles|racing|rudge|tt|ulster,ep047,2023-04-01,synthetic
f_123858583,123858583,openverse/flickr,https://live.staticflickr.com/40/123858583_31d07f7f07.jpg,photos/raw/123858583.jpg,500,375,100v10f|1111v11f|111v1f|222v2f|333v3f|444v4f|555v5f|666v6f|777v7f|888v8f|999v9f|accident|ambulance|cameraphone|crash|deer|feet|geolat38323983|geolon77387888|geotagged|geotoolgmif|honda|hondamagna|magna|motorcycle|roadkill|shoe|sock|standingthere|stupiddeer|topv111|topv1111|topv222|topv333|topv555|topv666|topv777|topv888|topv999|venison|wow|yormom,ep089,2024-03-15,synthetic
f_422491983,422491983,openverse/flickr,https://live.staticflickr.com/163/422491983_994877431b.jpg,photos/raw/422491983.jpg,480,384,cameraphone|highway|i35|motorcycle|texas,ep047,2023-04-03,synthetic
f_5863249502,5863249502,openverse/flickr,https://live.staticflickr.com/3084/5863249502_da0e463f66_b.jpg,photos/raw/5863249502.jpg,1024,681,classics|gt750|motorbikes|motorcycles|suzuki,ep057,2023-05-21,synthetic
f_4972397149,4972397149,openverse/flickr,https://live.staticflickr.com/4130/4972397149_605dc8c536_b.jpg,photos/raw/4972397149.jpg,671,1024,america|auto|autotag|autotags|bike|biker|canada|car|carplate|carplates|cars|cartag|cartags|collection|edmonton|foreign|foreignplates|foreigns|guam|hawaii|license|licenseplate|licenseplates|licenses|motorcycle|number|numberplate|numberplates|photographs|photos|pl8s|plate|plates|platetag|puertorico|sign|tag|tags|usa|usvirginislands|vintage|woody|world|worldplate|worldplates,ep082,2023-12-25,synthetic
f_6900624530,6900624530,openverse/flickr,https://live.staticflickr.com/7130/6900624530_c4fa18fcde_b.jpg,photos/raw/6900624530.jpg,1024,917,3d|abs|autodesk|fab|fdm|francisco|gallery|hq|makers|motorcycle|printed|robots|san|thermoplastics|bike|car|competition|drive|engine|exhibition|fast|hurry|machine|power|race|sport|transportation system|vehicle|wheel,ep057,2023-05-26,synthetic
f_13667211083,13667211083,openverse/flickr,https://live.staticflickr.com/7272/13667211083_9feebb4f97_b.jpg,photos/raw/13667211083.jpg,1024,768,alpinstars|aprilia|bmv|bmvu306eu30c9u30e9u30a4u30d0u306eu30aau30fcu30c8u30d0u30a4u306eu9769|bmvのドライバのオートバイの革|buell|cagiva|dainese|daytona|driver|ducati|guzziトライアンフデイトナ|guzziu30c8u30e9u30a4u30a2u30f3u30d5u30c7u30a4u30c8u30ca|honda|husqvarna|kawasaki|ktm|leathers|スズキヤマハドゥカティビューエルmoto|motoguzzi|motorcycle|simson|suzuki|triumph|u30a2u30d7u30eau30eau30a2u30abu30b8u30d0u30dbu30f3u30c0u30cfu30b9u30afu30d0u30fcu30cau5dddu5d0ektmu30b5u30e0u30bdu30f3|u30aau30fcu30c8u30d0u30a4|u30b9u30bau30adu30e4u30deu30cfu30c9u30a5u30abu30c6u30a3u30d3u30e5u30fcu30a8u30ebmoto|u53f8u6a5f|u6469u6258u8eca|u76aeu9769|yamaha|司機|摩托車|皮革,ep128,2024-12-24,synthetic
f_5953313925,5953313925,openverse/flickr,https://live.staticflickr.com/6018/5953313925_afab711c68_b.jpg,photos/raw/5953313925.jpg,1024,681,classics|mondial|motorbikes|motorcycles|racer,ep057,2023-05-21,synthetic
f_5351300311,5351300311,openverse/flickr,https://live.staticflickr.com/5050/5351300311_7b96cc57ea_b.jpg,photos/raw/5351300311.jpg,1024,681,classics|excelsior|motorbikes|motorcycles|talisman,ep057,2023-05-21,synthetic
f_22696167804,22696167804,openverse/flickr,https://live.staticflickr.com/599/22696167804_39a0f93c73_b.jpg,photos/raw/22696167804.jpg,1024,683,helmet|motorcycle|rider|sanfrancisco|streetphotography|yourdon,ep155,2025-06-30,synthetic
f_8111835848,8111835848,openverse/flickr,https://live.staticflickr.com/8473/8111835848_bc7b875ecc_b.jpg,photos/raw/8111835848.jpg,1023,685,authentic|food|israel|morrocan|oriental,ep123,2024-11-25,synthetic
f_7165844647,7165844647,openverse/flickr,https://live.staticflickr.com/8012/7165844647_a9d70f0a1b_b.jpg,photos/raw/7165844647.jpg,768,1024,45mm|age|alone|black|blackwhite|bw|candid|eating|ep3|f18|flickraward|food|gazing|glasses|greatyarmouth|male|man|market|noiretblanc|old|olympus|pen|people|portrait|spectacles|staring|street|streetphotography|urban|white|administration|adult|elderly|leader|man|monochrome|newspaper|one|people|portrait|street,ep166,2025-09-14,synthetic
f_14607976179,14607976179,openverse/flickr,https://live.staticflickr.com/2903/14607976179_f0dc5c39ba_b.jpg,photos/raw/14607976179.jpg,1024,668,europe|italy|palermo|sicily|streetfood|urbanlandscapce|urbanlife,ep125,2024-12-05,synthetic
f_7094974491,7094974491,openverse/flickr,https://live.staticflickr.com/5320/7094974491_2e422dc93e_b.jpg,photos/raw/7094974491.jpg,1024,577,2012|hoian|restaurant|vietnam|cooking|delicious|dinner|dish|food|lunch|meal|vegetable,ep084,2024-01-07,synthetic
f_38449582436,38449582436,openverse/flickr,https://live.staticflickr.com/4583/38449582436_5b0df75e21_b.jpg,photos/raw/38449582436.jpg,1024,683,50mm|art|asia|city|essen|fische|fish|food|korea|leica|m10|market|markt|old|retro|seafood|seoul|stadt|strase|street|summicron|urban|vintage,ep087,2024-01-22,synthetic
f_6587339803,6587339803,openverse/flickr,https://live.staticflickr.com/7018/6587339803_22a8211281_b.jpg,photos/raw/6587339803.jpg,1024,613,chayen|drink|food|glassnoodle|icedtea|kaogaeng|kaogaengthai|mungbeannoodle|noodle|pork|sausage|springvale|springvalevic|stirfry|streetfood|sukiyaki|thaifood|thaiicedtea|thaisausage|thaistreetfood|thaisukiyaki|vic,ep076,2023-09-27,synthetic
f_8111835396,8111835396,openverse/flickr,https://live.staticflickr.com/8190/8111835396_6946c70e43_b.jpg,photos/raw/8111835396.jpg,1023,685,authentic|food|israel|morrocan|oriental,ep121,2024-11-03,synthetic
f_6723032923,6723032923,openverse/flickr,https://live.staticflickr.com/7026/6723032923_e09f8a75f5_b.jpg,photos/raw/6723032923.jpg,1024,768,asakusa|japan|night|street|tokyo,ep110,2024-08-23,synthetic
f_18573144006,18573144006,openverse/flickr,https://live.staticflickr.com/8847/18573144006_11bde9731f_b.jpg,photos/raw/18573144006.jpg,1024,683,estonia|festival|streetfood|tallinn|telliskivi,ep153,2025-06-13,synthetic
f_16031421543,16031421543,openverse/flickr,https://live.staticflickr.com/8570/16031421543_ff7410d2f1_b.jpg,photos/raw/16031421543.jpg,740,1024,europe|italy|palermo|sicily|streetfood|u03b9u03c4u03b1u03bbu03afu03b1|u03c3u03b9u03bau03b5u03bbu03afu03b1|urbanlandscapce|urbanlife|ιταλία|σικελία,ep112,2024-09-13,synthetic
f_32548205264,32548205264,openverse/flickr,https://live.staticflickr.com/3854/32548205264_b1dde17031_b.jpg,photos/raw/32548205264.jpg,877,1024,hoian|holidays|impressions|mangojouneys|streetfood|topazlabs|vietnam,ep110,2024-08-23,synthetic
f_6072046960,6072046960,openverse/flickr,https://live.staticflickr.com/6090/6072046960_040d925d2a_b.jpg,photos/raw/6072046960.jpg,1024,768,,ep046,2023-03-18,synthetic
f_5730269676,5730269676,openverse/flickr,https://live.staticflickr.com/5188/5730269676_cf5f9fac43_b.jpg,photos/raw/5730269676.jpg,1023,683,booth|city|commerce|crowd|festival|group|many|market|people|road|shop|shopping|stock|street|tourism|tourist|vehicle,ep125,2024-12-06,synthetic
f_3561829122,3561829122,openverse/flickr,https://live.staticflickr.com/3316/3561829122_6c6a9e25c4_b.jpg,photos/raw/3561829122.jpg,1024,768,food|portland|sidewalk|street,ep168,2025-09-23,synthetic
f_3183238128,3183238128,openverse/flickr,https://live.staticflickr.com/3344/3183238128_81af44b754_b.jpg,photos/raw/3183238128.jpg,1024,768,asian|bhaji|breadroll|carrot|cilantro|corander|dinner|food|indian|mixedvegetablecurry|pavbahji|redonion|snack|south|vegetarianfood,ep084,2024-01-07,synthetic
f_4253415952,4253415952,openverse/flickr,https://live.staticflickr.com/4054/4253415952_ac76943ef4_b.jpg,photos/raw/4253415952.jpg,1024,684,beef|chicken|food|gf1|hanoi|microfourthirds|night|pho|street|vietnam|bike|biker|city|cyclist|group|group together|many|motorcyclist|people|road|seated|street|transportation system|vehicle|wheel,ep125,2024-12-07,synthetic
f_10034054784,10034054784,openverse/flickr,https://live.staticflickr.com/2849/10034054784_f83c052800_b.jpg,photos/raw/10034054784.jpg,1024,690,1600iso|cibodistrada|colore|colour|england|film|food|fujifilm|inghilterra|night|nightlife|nikonfe|notte|pellicola|snack|spuntino|street|superia|uk|van,ep022,2022-06-19,synthetic
f_3365837444,3365837444,openverse/flickr,https://live.staticflickr.com/3595/3365837444_d72ac5573f_b.jpg,photos/raw/3365837444.jpg,1024,828,cambridgemass|cityandtownlife|cityplanning|documentaryphotography|grocerystores|kepeslynchphotographcollection|massachusettsavenueperspectivescentralsquareessexstreettonorfolkstreetcambridgema|massachusettsinstituteoftechnology|neonsigns|restaurants|retailstores|shopsigns|storefronts|urbanareas|urbanlanduse|urbanplanningandenvironment,ep082,2023-12-28,synthetic
f_8111833115,8111833115,openverse/flickr,https://live.staticflickr.com/8334/8111833115_2ea87268c0_b.jpg,photos/raw/8111833115.jpg,1023,685,authentic|food|israel|morrocan|oriental,ep123,2024-11-24,synthetic
f_8111839182,8111839182,openverse/flickr,https://live.staticflickr.com/8049/8111839182_9e5a7ae157_b.jpg,photos/raw/8111839182.jpg,1023,685,authentic|food|israel|morrocan|oriental,ep123,2024-11-25,synthetic
f_2867910940,2867910940,openverse/flickr,https://live.staticflickr.com/3055/2867910940_c2caee65bc_b.jpg,photos/raw/2867910940.jpg,1024,768,broccoli|cheese|cooking|ef|food|mushrooms|onions|rice|tomatoes|vegetables|cooking|food|grow|indoors|knife|still life|vegetable|wood,ep121,2024-11-03,synthetic
f_8858448076,8858448076,openverse/flickr,https://live.staticflickr.com/2865/8858448076_a8f000f408_b.jpg,photos/raw/8858448076.jpg,1024,710,cooking|cuisine|food|foodphotography|imkelsi|lifestyle|lifestylephotography|pescetarian|teen|teenphotography|vegetarian,ep084,2024-01-07,synthetic
f_452475110,452475110,openverse/flickr,https://live.staticflickr.com/247/452475110_35c6c27139_b.jpg,photos/raw/452475110.jpg,1024,766,books|cookerybooks|cooking,ep082,2023-12-25,synthetic
f_2804335829,2804335829,openverse/flickr,https://live.staticflickr.com/3028/2804335829_48f653da23_b.jpg,photos/raw/2804335829.jpg,1023,655,2008|berlin|bratwurst|europe|germancuisine|germany|mariahennig|sauerkraut,ep137,2025-02-16,synthetic
f_14204262131,14204262131,openverse/flickr,https://live.staticflickr.com/5556/14204262131_2bf94acbca_b.jpg,photos/raw/14204262131.jpg,1000,668,food|thailand,ep123,2024-11-27,synthetic
f_112620103,112620103,openverse/flickr,https://live.staticflickr.com/56/112620103_cb68eb0967_b.jpg,photos/raw/112620103.jpg,1024,768,americana|food,ep027,2022-09-07,synthetic
f_5548155935,5548155935,openverse/flickr,https://live.staticflickr.com/5252/5548155935_2845bd888f_b.jpg,photos/raw/5548155935.jpg,1024,768,dinner|meal|plate|supper|cooking|cuisine|delicious|dinner|dish|food|grow|healthy|hot|lunch|meal|meat|plate|vegetable,ep076,2023-10-03,synthetic
f_5687072955,5687072955,openverse/flickr,https://live.staticflickr.com/5228/5687072955_b486fc87a6_b.jpg,photos/raw/5687072955.jpg,696,1024,appliances|vintagead|wstinghouse,ep063,2023-07-19,synthetic
f_2185224530,2185224530,openverse/flickr,https://live.staticflickr.com/2332/2185224530_def9a0fe6b.jpg,photos/raw/2185224530.jpg,500,375,chinese|food|indian|streetfood,ep084,2024-01-07,synthetic
f_40240036,40240036,openverse/flickr,https://live.staticflickr.com/24/40240036_4237c51b5c.jpg,photos/raw/40240036.jpg,500,375,casio|cheeyeen|exilim|fish|food|gailan|homecooked|newspaper|salmon,ep076,2023-09-27,synthetic
f_8192282921,8192282921,openverse/flickr,https://live.staticflickr.com/8480/8192282921_ef425a1184_b.jpg,photos/raw/8192282921.jpg,1024,768,autumn|diner|eastvillage|manhattan|neonsign|newyork|newyorkcity|ny|nyc|odessa|restaurant,ep061,2023-07-09,synthetic
f_8303403050,8303403050,openverse/flickr,https://live.staticflickr.com/8220/8303403050_23d44841b0_b.jpg,photos/raw/8303403050.jpg,1024,768,food|hawaii|oahu|waianae|asparagus|beef|cooking|cuisine|delicious|dinner|dish|food|grow|lunch|meal|meat|pepper|plate|pork|red meat|restaurant|steak|vegetable,ep027,2022-09-07,synthetic
f_50244369172,50244369172,openverse/flickr,https://live.staticflickr.com/65535/50244369172_43956c2eb7_b.jpg,photos/raw/50244369172.jpg,687,1024,35mm|35mmfilm|400|45mmplanar|american|colorfilm|contax|contaxg2|diner|film|flag|kodak|negatives|philipsburg|portra|portra400|roadtrip|sign|us|usflag,ep168,2025-09-24,synthetic
f_6982374003,6982374003,openverse/flickr,https://live.staticflickr.com/7192/6982374003_c2c456dc27_b.jpg,photos/raw/6982374003.jpg,976,1023,collage|homecooking|homesweethome,ep110,2024-08-23,synthetic
f_8367052739,8367052739,openverse/flickr,https://live.staticflickr.com/8511/8367052739_580bfb1178_b.jpg,photos/raw/8367052739.jpg,1024,657,georgia|motels|postcards|restaurants|tichnorbrothers,ep042,2023-02-01,synthetic
f_15906869847,15906869847,openverse/flickr,https://live.staticflickr.com/7513/15906869847_c7cbba938f_b.jpg,photos/raw/15906869847.jpg,1024,683,35mm|550d|canon|cooking|ef|eos|f14l|home|kimchi|meat|usm|bowl|food|indoors|still life,ep121,2024-11-03,synthetic
f_30290708071,30290708071,openverse/flickr,https://live.staticflickr.com/8415/30290708071_f552d74cd9_b.jpg,photos/raw/30290708071.jpg,1024,1024,hefe|instagramapp|iphoneography|square,ep110,2024-08-23,synthetic
f_6321334092,6321334092,openverse/flickr,https://live.staticflickr.com/6049/6321334092_21afb30f0c_b.jpg,photos/raw/6321334092.jpg,1024,768,carbonara|cooking|food|home|leftovers|shrimp,ep084,2024-01-07,synthetic
f_1378096132,1378096132,openverse/flickr,https://live.staticflickr.com/1395/1378096132_a20ff59b71_b.jpg,photos/raw/1378096132.jpg,1024,768,,ep084,2024-01-07,synthetic
f_8367052597,8367052597,openverse/flickr,https://live.staticflickr.com/8374/8367052597_757c8cdc98_b.jpg,photos/raw/8367052597.jpg,1024,659,georgia|motels|postcards|restaurants|tichnorbrothers|competition|football|outdoors|track|travel,ep120,2024-10-28,synthetic
f_39245146715,39245146715,openverse/flickr,https://live.staticflickr.com/4609/39245146715_d6be6b455f_b.jpg,photos/raw/39245146715.jpg,1024,683,,ep001,2022-01-06,synthetic
f_39245139285,39245139285,openverse/flickr,https://live.staticflickr.com/4617/39245139285_3953da29b7_b.jpg,photos/raw/39245139285.jpg,1024,683,,ep001,2022-01-06,synthetic
f_2644303178,2644303178,openverse/flickr,https://live.staticflickr.com/3039/2644303178_bbdfac6d65_b.jpg,photos/raw/2644303178.jpg,1024,506,alien|beach|bright|california|family|figures|fun|mars|red|rojo|silhouettes|together|vivid|water|wet,ep082,2023-12-26,synthetic
f_25023233676,25023233676,openverse/flickr,https://live.staticflickr.com/1489/25023233676_a1e9906f3b_b.jpg,photos/raw/25023233676.jpg,1024,768,bakerbeach|beach|boy|california|dig|girl|instagramapp|iphoneography|kids|pacificocean|play|sand|sanfrancisco|shovel|square|toddler|water|wet,ep172,2025-11-13,synthetic
f_9347406119,9347406119,openverse/flickr,https://live.staticflickr.com/5488/9347406119_98a3ffec7a_b.jpg,photos/raw/9347406119.jpg,1024,768,beach|beach|daylight|fair weather|island|landscape|ocean|sand|sea|seascape|seashore|sky|summer|surf|travel|vacation|water,ep112,2024-09-08,synthetic
f_396874380,396874380,openverse/flickr,https://live.staticflickr.com/153/396874380_acef9198ff_b.jpg,photos/raw/396874380.jpg,1024,728,beach|canary|canaryislands|evening|fanabebeach|hisgett|islands|ortegalrestaurant|romantic|sail|sailing|sea|spain|sunset|tenerife,ep103,2024-07-04,synthetic
f_14409206039,14409206039,openverse/flickr,https://live.staticflickr.com/3865/14409206039_6fae91de20_b.jpg,photos/raw/14409206039.jpg,1024,683,beach|brasil|brazil|camaçari|camau00e7ari|itacimirim|praia|praiaitacimirim,ep103,2024-07-05,synthetic
f_1001647564,1001647564,openverse/flickr,https://live.staticflickr.com/1265/1001647564_f31b67ccc2.jpg,photos/raw/1001647564.jpg,480,360,2007|beach|ca|cameraphone|fog|mobile|moblog|nokia|pacific|sanclemente|sand|sea|socal|surf,ep135,2025-01-20,synthetic
f_36139092070,36139092070,openverse/flickr,https://live.staticflickr.com/4407/36139092070_c18a99b5c5_b.jpg,photos/raw/36139092070.jpg,1024,500,augustus2013|flickrexplore|gdebfotografeert|strandvannoordwijk,ep171,2025-11-07,synthetic
f_8580110227,8580110227,openverse/flickr,https://live.staticflickr.com/8092/8580110227_f5ba45d260_b.jpg,photos/raw/8580110227.jpg,1024,683,,ep103,2024-07-05,synthetic
f_16002367378,16002367378,openverse/flickr,https://live.staticflickr.com/8618/16002367378_ae82ee8920_b.jpg,photos/raw/16002367378.jpg,1024,452,kitesurfing|palmbeach,ep143,2025-03-27,synthetic
f_26270537088,26270537088,openverse/flickr,https://live.staticflickr.com/4711/26270537088_6b3e498070_b.jpg,photos/raw/26270537088.jpg,1024,683,,ep171,2025-11-06,synthetic
f_4781926491,4781926491,openverse/flickr,https://live.staticflickr.com/4142/4781926491_50a910d6a5_b.jpg,photos/raw/4781926491.jpg,1024,687,beach|goa,ep103,2024-07-07,synthetic
f_7319063980,7319063980,openverse/flickr,https://live.staticflickr.com/7227/7319063980_0782c91442_b.jpg,photos/raw/7319063980.jpg,1024,748,beach|hawaii|maui|ocean|wailea|beach|chair|exotic|leisure|ocean|people|recreation|relaxation|resort|sand|sea|seashore|summer|sunshade|travel|tropical|umbrella|vacation|water,ep103,2024-07-07,synthetic
f_16189826755,16189826755,openverse/flickr,https://live.staticflickr.com/8617/16189826755_3558513c69_b.jpg,photos/raw/16189826755.jpg,1022,244,,ep155,2025-06-26,synthetic
f_10233541303,10233541303,openverse/flickr,https://live.staticflickr.com/7346/10233541303_848974c927_b.jpg,photos/raw/10233541303.jpg,960,720,foursquare|ifttt|bread|cheese|chicken|delicious|dinner|food|lettuce|lunch|meal|meat|plate|refreshment|salad|vegetable,ep146,2025-04-10,synthetic
f_6495463501,6495463501,openverse/flickr,https://live.staticflickr.com/7161/6495463501_7ab2881a26_b.jpg,photos/raw/6495463501.jpg,1024,763,arizona|art|avant|beach|bing|california|color|creative|daum|duck|earth|facebook|fascinating|flickr|france|google|guarde|image|interesting|island|life|light|ma|newburyport|normal|outside|parker|perfectly|photoshop|pinterest|plum|pond|refuge|river|solar|stumbleupon|surreal|system|tinder|tumbler|unique|universe|unusual|usa|yahoo,ep126,2024-12-11,synthetic
f_39245152905,39245152905,openverse/flickr,https://live.staticflickr.com/4702/39245152905_94ed089a6a_b.jpg,photos/raw/39245152905.jpg,1024,683,,ep001,2022-01-06,synthetic
f_6280744989,6280744989,openverse/flickr,https://live.staticflickr.com/6215/6280744989_7018928882.jpg,photos/raw/6280744989.jpg,500,375,beach|sandtravelogueofcaliforniaattractions|santamonica|summer|swim,ep112,2024-09-10,synthetic
f_3761246104,3761246104,openverse/flickr,https://live.staticflickr.com/2467/3761246104_5695c94a41_b.jpg,photos/raw/3761246104.jpg,1024,768,beach|englishbay|vancouver,ep172,2025-11-13,synthetic
f_8645723913,8645723913,openverse/flickr,https://live.staticflickr.com/8519/8645723913_8ba2a85f6f_b.jpg,photos/raw/8645723913.jpg,1024,588,birthday|dog|party|puppy,ep151,2025-06-01,synthetic
f_17260126389,17260126389,openverse/flickr,https://live.staticflickr.com/7670/17260126389_2423f0f4bb_b.jpg,photos/raw/17260126389.jpg,1023,680,birthday|cake|cakes|custom|child|fun|toy,ep010,2022-02-14,synthetic
f_237379252,237379252,openverse/flickr,https://live.staticflickr.com/85/237379252_cd4cadda61_b.jpg,photos/raw/237379252.jpg,1024,682,birthday|birthdaycake|cake|child|messy|pug|sharing,ep110,2024-08-23,synthetic
f_5963893657,5963893657,openverse/flickr,https://live.staticflickr.com/6134/5963893657_3d21bd2e94_b.jpg,photos/raw/5963893657.jpg,941,922,12yrsold|birthday|cat|july23|missstevie,ep056,2023-05-18,synthetic
f_5402313112,5402313112,openverse/flickr,https://live.staticflickr.com/5135/5402313112_98c9d8ba98_b.jpg,photos/raw/5402313112.jpg,1024,678,birthday|cake|ffion|nikon85mmf18|pepperpig,ep040,2023-01-21,synthetic
f_4390737616,4390737616,openverse/flickr,https://live.staticflickr.com/4013/4390737616_d310ffd5cd_b.jpg,photos/raw/4390737616.jpg,1024,683,birthday|cake|cute|rainbow|chocolate|food|still life,ep040,2023-01-21,synthetic
f_26903429590,26903429590,openverse/flickr,https://live.staticflickr.com/7104/26903429590_f040e99d7f_b.jpg,photos/raw/26903429590.jpg,1023,685,birthday|blueeyes|boy|contactgroups|greatshotss|portraitunlimited|portraitworld|saariysqualitypictures|smile,ep102,2024-06-30,synthetic
f_210467069,210467069,openverse/flickr,https://live.staticflickr.com/71/210467069_a206747891_b.jpg,photos/raw/210467069.jpg,1024,768,air|bel|birthday|hotel|oprah|party|person|snapshot|winfrey,ep012,2022-02-26,synthetic
f_6920330816,6920330816,openverse/flickr,https://live.staticflickr.com/7254/6920330816_cbf99ec75f_b.jpg,photos/raw/6920330816.jpg,1024,765,birthday|party|pinterest|birthday|cake|candy|celebration|Christmas|decoration|food|gift|heart|love|sugar|sweet|wedding,ep010,2022-02-14,synthetic
f_2311733808,2311733808,openverse/flickr,https://live.staticflickr.com/2317/2311733808_3b6f395f31_b.jpg,photos/raw/2311733808.jpg,683,1024,birthday|cake|candle|chocolate|confetti|cupcake|explore|frosting|jadeite|pink|baking|birthday|cake|candle|candy|celebration|chocolate|cream|delicious|indulgence|sprinkles|sugar|sweet,ep040,2023-01-18,synthetic
f_2930346554,2930346554,openverse/flickr,https://live.staticflickr.com/3288/2930346554_000d973c7a_b.jpg,photos/raw/2930346554.jpg,1023,534,alicia|bakedgoods|birthday|chocolate|cupcake|foil|frosting|peanutbutter|polkadots|recipe,ep040,2023-01-20,synthetic
f_2851024109,2851024109,openverse/flickr,https://live.staticflickr.com/3100/2851024109_0a4984e87c_b.jpg,photos/raw/2851024109.jpg,721,1024,13|2008|banafsaj|birthday|golddragon|goldstaraward|happy|httpwwwflickrcomphotosbanafsaj|nonoq8|september,ep010,2022-02-14,synthetic
f_3705798755,3705798755,openverse/flickr,https://live.staticflickr.com/2606/3705798755_21c59a716c_b.jpg,photos/raw/3705798755.jpg,1024,768,2009|austin|birthday|party|swim|swimparty|tx,ep003,2022-01-15,synthetic
f_3706654282,3706654282,openverse/flickr,https://live.staticflickr.com/2512/3706654282_68563a7a18_b.jpg,photos/raw/3706654282.jpg,768,1024,2009|austin|birthday|party|swim|swimparty|tx,ep031,2022-10-20,synthetic
f_3706833540,3706833540,openverse/flickr,https://live.staticflickr.com/2552/3706833540_52f47aa3ee_b.jpg,photos/raw/3706833540.jpg,1024,768,2009|austin|birthday|party|swim|swimparty|tx,ep031,2022-10-19,synthetic
f_5754481003,5754481003,openverse/flickr,https://live.staticflickr.com/2708/5754481003_55916cc746_b.jpg,photos/raw/5754481003.jpg,682,1023,birthday|gift|present|ribbon|anniversary|birthday|bow|box|celebration|Christmas|decoration|generosity|gift|gift to|greeting|knot|love|paper|shining|surprise|thread|wrap|wrapping paper,ep069,2023-08-18,synthetic
f_3705731233,3705731233,openverse/flickr,https://live.staticflickr.com/3418/3705731233_142ac92609_b.jpg,photos/raw/3705731233.jpg,768,1024,2009|austin|birthday|party|swim|swimparty|tx,ep031,2022-10-17,synthetic
f_3706616800,3706616800,openverse/flickr,https://live.staticflickr.com/2452/3706616800_366be6fbb4_b.jpg,photos/raw/3706616800.jpg,1024,768,2009|austin|birthday|party|swim|swimparty|tx,ep048,2023-04-08,synthetic
f_3705848733,3705848733,openverse/flickr,https://live.staticflickr.com/2490/3705848733_c95922054c_b.jpg,photos/raw/3705848733.jpg,768,1024,2009|austin|birthday|party|swim|swimparty|tx,ep079,2023-12-06,synthetic
f_4070275719,4070275719,openverse/flickr,https://live.staticflickr.com/2483/4070275719_d5e8392a8e.jpg,photos/raw/4070275719.jpg,500,378,birthday|crown|cupcake|flower|montrealsclevercupcakes|pink|princess|bakery|baking|birthday|cake|candy|celebration|chocolate|confection|cream|fairy|fondant|marzipan|muffin|party|pastry|sprinkles|sugar|sweet|sweetmeat,ep010,2022-02-14,synthetic
f_2680939150,2680939150,openverse/flickr,https://live.staticflickr.com/3178/2680939150_71711c4fea_b.jpg,photos/raw/2680939150.jpg,681,1024,hiking|northcarolina|path|pilotmountain|trail|dawn|environment|fair weather|flora|flower|garden|growth|guidance|landscape|leaf|light|lush|nature|outdoors|park|road|trail|tree|wood,ep103,2024-07-09,synthetic
f_32593961475,32593961475,openverse/flickr,https://live.staticflickr.com/412/32593961475_51300c4dec_b.jpg,photos/raw/32593961475.jpg,1023,683,asheville|bullcreek|clouds|dormant|forest|geotagged|hiking|hikingtrail|lookingup|nature|northcarolina|northcarolinahikingtrail|outdoor|riceville|ricevilleroad|sky|swannanoa|trees|treetops|unitedstates|upshot|upward|usa|warrenwilsoncollege|winter|wwc|zenith,ep161,2025-08-05,synthetic
f_31647121264,31647121264,openverse/flickr,https://live.staticflickr.com/470/31647121264_e7a6e319a1_b.jpg,photos/raw/31647121264.jpg,1023,683,asheville|bullcreek|dark|eerie|fog|foggy|forest|geotagged|hiking|hikingtrail|leaves|nature|northcarolina|northcarolinahikingtrail|outdoor|path|pathway|riceville|ricevilleroad|surreal|swannanoa|trail|trees|unitedstates|usa|warrenwilsoncollege|wwc,ep161,2025-08-06,synthetic
f_3561421265,3561421265,openverse/flickr,https://live.staticflickr.com/3401/3561421265_bdeaf8be95_b.jpg,photos/raw/3561421265.jpg,718,1024,andes|argentina|art|artistic|autumn|blue|buddha|buddhists|calm|cavern|caverne|chill|cliffs|color|colors|composition|cool|d3x|eden|elcalafate|energy|fall|falls|fantastic|fresh|fun|glow|god|green|grey|hdr|heaven|hidden|hike|hikes|hiking|idyllic|landscape|light|love|meditation|modern|mountains|natural|nature|nice|out|paradise|patagonia|peace|perfect|photographer|photography|pro|professional|ratcliff|relax|rocks|romantic|scenic|season|serene|shoot|shot|spring|stream|stuckincustoms|textures|top100|trails|treatment|trey|water|waterfall|wind|cascade|creek|fall|flow|landscape|leaf|moss|motion|nature|river|rock|splash|stone|stream|travel|water|waterfall|wet|wild|wood,ep176,2025-12-02,synthetic
f_1583081273,1583081273,openverse/flickr,https://live.staticflickr.com/2196/1583081273_6fc453f2b3_b.jpg,photos/raw/1583081273.jpg,1024,768,alhikesaz|anawesomeshot|arizona|arizonapassages|az|azhike|azwexplore|backpacking|bluesky|camping|clouds|explore|hiking|mountain|naturesfinest|passages|quote|redrock|redrockwilderness|secretcanyon|sedona|sierraclub|soe|supershot|unature|unaturefav|virtualjourney|wilderness,ep160,2025-07-25,synthetic
f_8982521338,8982521338,openverse/flickr,https://live.staticflickr.com/5448/8982521338_bb324c8629_b.jpg,photos/raw/8982521338.jpg,1024,683,explore|exploring|grapevinecanyon|hike|hikers|hiking|recreation|walk|walking,ep160,2025-07-25,synthetic
f_19094201398,19094201398,openverse/flickr,https://live.staticflickr.com/502/19094201398_8c79fe6546_b.jpg,photos/raw/19094201398.jpg,1024,768,hiking,ep160,2025-07-25,synthetic
f_18661293023,18661293023,openverse/flickr,https://live.staticflickr.com/461/18661293023_9db8d53fe4_b.jpg,photos/raw/18661293023.jpg,1024,768,hiking,ep160,2025-07-24,synthetic
f_19915712028,19915712028,openverse/flickr,https://live.staticflickr.com/505/19915712028_62670328d0_b.jpg,photos/raw/19915712028.jpg,1024,768,hiking,ep161,2025-08-06,synthetic
f_19547474830,19547474830,openverse/flickr,https://live.staticflickr.com/496/19547474830_68f05a660c_b.jpg,photos/raw/19547474830.jpg,1024,768,hiking,ep143,2025-03-26,synthetic
f_19112200964,19112200964,openverse/flickr,https://live.staticflickr.com/439/19112200964_e0ef1a45e2_b.jpg,photos/raw/19112200964.jpg,1024,768,hiking,ep160,2025-07-25,synthetic
f_19281777555,19281777555,openverse/flickr,https://live.staticflickr.com/362/19281777555_c7f722cbde_b.jpg,photos/raw/19281777555.jpg,1024,768,hiking,ep112,2024-09-08,synthetic
f_19546764620,19546764620,openverse/flickr,https://live.staticflickr.com/484/19546764620_2eab18c975_b.jpg,photos/raw/19546764620.jpg,1024,768,hiking,ep160,2025-07-25,synthetic
f_20105805585,20105805585,openverse/flickr,https://live.staticflickr.com/550/20105805585_e965e7b513_b.jpg,photos/raw/20105805585.jpg,768,1024,hiking,ep161,2025-08-06,synthetic
f_14054243509,14054243509,openverse/flickr,https://live.staticflickr.com/2933/14054243509_f5aa5e3a98_b.jpg,photos/raw/14054243509.jpg,1023,683,hiking,ep176,2025-12-02,synthetic
f_19917828640,19917828640,openverse/flickr,https://live.staticflickr.com/502/19917828640_d9cec668c1_b.jpg,photos/raw/19917828640.jpg,1024,768,hiking,ep160,2025-07-24,synthetic
f_2229660080,2229660080,openverse/flickr,https://live.staticflickr.com/2011/2229660080_8c964e6712_b.jpg,photos/raw/2229660080.jpg,1024,768,hike,ep157,2025-07-10,synthetic
f_19094215060,19094215060,openverse/flickr,https://live.staticflickr.com/453/19094215060_de6549b159_b.jpg,photos/raw/19094215060.jpg,1024,768,hiking,ep160,2025-07-24,synthetic
f_14700182324,14700182324,openverse/flickr,https://live.staticflickr.com/2910/14700182324_34868e28f4_b.jpg,photos/raw/14700182324.jpg,1024,683,coniferous|creativecommons|deciduous|diffusedlight|forest|goldeneagletrail|hiking|lowlight|lycomingcounty|nature|path|pennsylvania|pennsylvaniawilds|summer|tiadaghtonstateforest|trail|trees|undergrowth|understory|wolfrunwildarea,ep161,2025-08-05,synthetic
f_182206645,182206645,openverse/flickr,https://live.staticflickr.com/47/182206645_99ffda0621_b.jpg,photos/raw/182206645.jpg,1024,768,adventure|alpine|bc|blueribbonwinner|britishcolumbia|canada|cascademountains|cascaderange|chilliwack|chilliwackvalley|clearcut|climbing|fun|glacier|granite|hiking|landslide|mountain|mountainclimbing|mountrexford|nesakwatchcreek|northcascades|planecrash|rexford|rock|rockclimbing|skagitrange|slesse|slessemountain|spire|trail|valley,ep176,2025-12-04,synthetic
f_5345116700,5345116700,openverse/flickr,https://live.staticflickr.com/5082/5345116700_0ea4a858a7_b.jpg,photos/raw/5345116700.jpg,1024,683,city|hiroshima|photography|street|business|city|man|motion|pavement|people|police|road|street|urban,ep087,2024-01-19,synthetic
f_19667745433,19667745433,openverse/flickr,https://live.staticflickr.com/3789/19667745433_cd9a211be4_b.jpg,photos/raw/19667745433.jpg,1024,683,bodypaint|city|newyork|portrait|timessquare|topless,ep119,2024-10-25,synthetic
f_3013481733,3013481733,openverse/flickr,https://live.staticflickr.com/3060/3013481733_42a44f6dde_b.jpg,photos/raw/3013481733.jpg,1024,768,arte|black|blackberry|cafe|city|coffee|day|life|new|newspaper|white|york|car|furniture|monochrome|people|street|transportation system|vehicle,ep087,2024-01-23,synthetic
f_52185958813,52185958813,openverse/flickr,https://live.staticflickr.com/65535/52185958813_818e1466d3_b.jpg,photos/raw/52185958813.jpg,820,1024,0622|2022|boston|buildings|family|iphone3652022|large|massachusetts|street|unitedstates,ep087,2024-01-22,synthetic
f_20459036592,20459036592,openverse/flickr,https://live.staticflickr.com/415/20459036592_1ca7c46184_b.jpg,photos/raw/20459036592.jpg,1024,683,apple|city|eating|madisonavenue|newyork|newyorkcity|street,ep129,2024-12-28,synthetic
f_24446003304,24446003304,openverse/flickr,https://live.staticflickr.com/1666/24446003304_045e0c5b33_b.jpg,photos/raw/24446003304.jpg,1024,791,,ep082,2023-12-28,synthetic
f_3957209226,3957209226,openverse/flickr,https://live.staticflickr.com/3471/3957209226_9ea8c39b4a_b.jpg,photos/raw/3957209226.jpg,1024,666,canon450d|greece|greekisland|odd|samosseptember2009|samostown|silhouette|streetlights|architecture|building|city|hanging|house|lamp|light|outdoors|travel,ep154,2025-06-21,synthetic
f_6121000351,6121000351,openverse/flickr,https://live.staticflickr.com/6202/6121000351_ce1e7e6bbf_b.jpg,photos/raw/6121000351.jpg,1024,768,blue|car|cityscape|danger|hazards|lego|lights|racing|red|road|streets|traffic|vehicle|abstract|art|blur|festival|flame|motion|music|performance,ep155,2025-06-28,synthetic
f_4056053019,4056053019,openverse/flickr,https://live.staticflickr.com/2426/4056053019_d0e5bb93ca_b.jpg,photos/raw/4056053019.jpg,1024,768,campus|city|dunedin|newzealand|rainy|rainycitystreets|rainyday|scenes|streets|streetscenes|studentaccommodation|studenthousing|universityarea|architecture|building|city|estate|family|home|house|outdoors|real|residential|street|town|travel|urban,ep125,2024-12-08,synthetic
f_3382783006,3382783006,openverse/flickr,https://live.staticflickr.com/3576/3382783006_e06cbd84c8_b.jpg,photos/raw/3382783006.jpg,1024,817,aerialviewsofbostonbostonma|automobiles|bostonmass|cityandtownlife|cityplanning|clocktowers|documentaryphotography|johnhancockbuildingbostonma|kepeslynchphotographcollection|massachusettsinstituteoftechnology|multistorybuildings|rooftops|trinitychurchbostonmass|urbanareas|urbanlanduse|urbanplanningandenvironment,ep025,2022-08-04,synthetic
f_19363912333,19363912333,openverse/flickr,https://live.staticflickr.com/354/19363912333_ff137bf0fa_b.jpg,photos/raw/19363912333.jpg,1024,683,chinatown|city|icecream|newyork|street|urban,ep110,2024-08-23,synthetic
f_313798744,313798744,openverse/flickr,https://live.staticflickr.com/101/313798744_4ab6a6d9b3_b.jpg,photos/raw/313798744.jpg,683,1024,asia|china|city|eastasia|hk|holiday|hong|kong|light|lights|lightshow|neon|night|road|sar|soho|straight|street|trip|u4e2du56fd|u4e2du570b|u9999u6e2f|vacation|中国|中國|香港,ep087,2024-01-19,synthetic
f_19667616963,19667616963,openverse/flickr,https://live.staticflickr.com/3691/19667616963_5ebddf8b21_b.jpg,photos/raw/19667616963.jpg,1024,683,city|crying|fifthavenue|holdinghands|newyork|sidewalk|street,ep048,2023-04-08,synthetic
f_46880159275,46880159275,openverse/flickr,https://live.staticflickr.com/65535/46880159275_d4e3d292de_b.jpg,photos/raw/46880159275.jpg,1023,752,2019|britishcolumbia|camerafujifilmx100f|canada|citystreets|classicchromefilmsimulation|dinearoundtown|march8|rapatersonphotograph|urbanforest|victoriabc,ep074,2023-09-17,synthetic
f_5967171097,5967171097,openverse/flickr,https://live.staticflickr.com/6025/5967171097_dca39d829e_b.jpg,photos/raw/5967171097.jpg,1024,683,gctc|moscow|starcity,ep095,2024-05-13,synthetic
f_15673883278,15673883278,openverse/flickr,https://live.staticflickr.com/8579/15673883278_542521a858_b.jpg,photos/raw/15673883278.jpg,1024,768,ベルリン|architecture|berlin|berlinskyline|buildings|city|cityplanning|cityscape|potsdamerplatz|street|sunset|u30d9u30ebu30eau30f3|u4e0au304bu3089|u5efau7269|u90fdu4f1a|u9ad8u5c64u30d3u30eb|urban|urbanplanning|上から|建物|都会|高層ビル,ep118,2024-10-18,synthetic
f_27101764800,27101764800,openverse/flickr,https://live.staticflickr.com/7086/27101764800_144fb83124_b.jpg,photos/raw/27101764800.jpg,1024,683,blackandwhite|ciclavia|leica|leicaq|losangeles|southeastcities|street|twt,ep119,2024-10-25,synthetic
f_9364532828,9364532828,openverse/flickr,https://live.staticflickr.com/5548/9364532828_53df7906f4_b.jpg,photos/raw/9364532828.jpg,1023,605,6|6690|6wheeledtractorsplowingsnowfromcitystreets|alaska|anchorage|city|cloudyday|downtown|from|midwinter|plowing|saltboxhouse|snow|snowplow|snowplows|snowremovalwithsnowgrators|stayback50ft|streets|tractors|trees|usa|wheeled|cold|road|snow|snowstorm|track|transportation system|vehicle|weather|winter,ep107,2024-08-05,synthetic
f_8494421526,8494421526,openverse/flickr,https://live.staticflickr.com/8235/8494421526_8caf278b47_b.jpg,photos/raw/8494421526.jpg,1024,768,buildings|cafe|cc|corner|lego|modular|town,ep102,2024-06-29,synthetic
f_6175128234,6175128234,openverse/flickr,https://live.staticflickr.com/6170/6175128234_0b672c2b80_b.jpg,photos/raw/6175128234.jpg,995,587,,ep082,2023-12-23,synthetic
f_12010661504,12010661504,openverse/flickr,https://live.staticflickr.com/5471/12010661504_3878429f3e.jpg,photos/raw/12010661504.jpg,500,500,,ep174,2025-11-24,synthetic
f_3870072921,3870072921,openverse/flickr,https://live.staticflickr.com/2499/3870072921_1228887770_b.jpg,photos/raw/3870072921.jpg,1024,957,boys|chrislowe|concert|montreal|neiltennant|pandemonium|pet|petshopboys|petshopboysconcert|psb|review|shop|tour,ep051,2023-04-23,synthetic
f_953567966,953567966,openverse/flickr,https://live.staticflickr.com/1285/953567966_ad4817389e_b.jpg,photos/raw/953567966.jpg,1024,683,animals|castle|endangered|endangeredspecies|greatbritain|guineapigs|house|longleat|longleathouse|longleatsafaripark|lordbath|maze|mazes|park|pets|petscorner|safari|safaripark|species|themepark|warminster|wiltshire|zoo,ep105,2024-07-20,synthetic
f_7151522297,7151522297,openverse/flickr,https://live.staticflickr.com/7111/7151522297_1f0d9b8a8b_b.jpg,photos/raw/7151522297.jpg,1024,680,anjeong|anjeongri|army|asia|base|camp|camphumphreys|cat|city|clinic|command|demo|demonstration|dog|fest|festival|force|garrison|guinea|humphreys|imcom|installation|installationmanagementcommand|k6|korea|management|military|outdoor|paengseong|paengseongeub|paws|pet|pig|pyeongtaek|recreation|soldier|soldiers|south|states|united|unitedstatesforceskorea|usa|usaghumphreys|usfk|vet|veterinary|walk|working|animal|canine|dog|mammal|pet|puppy,ep151,2025-05-29,synthetic
f_7151482661,7151482661,openverse/flickr,https://live.staticflickr.com/5239/7151482661_265a5b1a8e_b.jpg,photos/raw/7151482661.jpg,1024,680,anjeong|anjeongri|army|asia|base|camp|camphumphreys|cat|city|clinic|command|demo|demonstration|dog|fest|festival|force|garrison|guinea|humphreys|imcom|installation|installationmanagementcommand|k6|korea|management|military|outdoor|paengseong|paengseongeub|paws|pet|pig|pyeongtaek|recreation|soldier|soldiers|south|states|united|unitedstatesforceskorea|usa|usaghumphreys|usfk|vet|veterinary|walk|working|canine|dog|friendship|mammal|one|people|pet,ep151,2025-05-31,synthetic
f_2809215743,2809215743,openverse/flickr,https://live.staticflickr.com/3063/2809215743_a68df1967c_b.jpg,photos/raw/2809215743.jpg,1024,679,dog|food|manhattan|newyork|parkavenue|raw|woman,ep105,2024-07-20,synthetic
f_30596651332,30596651332,openverse/flickr,https://live.staticflickr.com/5562/30596651332_88eaf6121e_b.jpg,photos/raw/30596651332.jpg,1024,678,2016|austin|austinpetexpo|palmereventscenter|tx,ep151,2025-05-30,synthetic
f_35025280746,35025280746,openverse/flickr,https://live.staticflickr.com/4202/35025280746_9bf1877f25_b.jpg,photos/raw/35025280746.jpg,1024,678,2017|austin|cedarstreet|petrescuelounge|sxsw|tx,ep151,2025-06-01,synthetic
f_5900601222,5900601222,openverse/flickr,https://live.staticflickr.com/5312/5900601222_1ca85558c3_b.jpg,photos/raw/5900601222.jpg,1024,768,commodorepet|computer|computerhistorymuseum|business|commerce|computer|display|finance|money|office|paper|screen|technology|telephone,ep019,2022-06-03,synthetic
f_2146771586,2146771586,openverse/flickr,https://live.staticflickr.com/2026/2146771586_707f05f9f5_b.jpg,photos/raw/2146771586.jpg,683,1024,,ep153,2025-06-13,synthetic
f_20366390013,20366390013,openverse/flickr,https://live.staticflickr.com/5819/20366390013_3321ccae58_b.jpg,photos/raw/20366390013.jpg,1024,576,apprentice|art|caricatura|caricature|cartoon|commentary|donaldjohntrump|donaldtrump|donkeyhotey|face|illustration|karikatur|karikatuur|manipulation|photo|photomanipulation|photoshop|political|politicalart|politicalcommentary|politician|politics|sr|thedonald,ep063,2023-07-19,synthetic
f_211924140,211924140,openverse/flickr,https://live.staticflickr.com/62/211924140_21b3d1a69b_m.jpg,photos/raw/211924140.jpg,240,182,antibush|buckfush|bush|bushism|fuckbush|warmonger|adult|leader|people|portrait,ep052,2023-04-28,synthetic
f_2911868961,2911868961,openverse/flickr,https://live.staticflickr.com/2325/2911868961_73b8090818_b.jpg,photos/raw/2911868961.jpg,680,1024,cellphone|denhaag|facemepls|gsm|highheels|hogehakken|jeans|jongevrouw|leatherboots|malieveld|mobieltje|nederland|nikond300|telefoneren|thenetherlands|thnxtothegoldenearring|werelddierendag2008|youngwoman|zwartelerenlaarzen|active|fun|lifestyle|people|woman,ep079,2023-12-06,synthetic
f_2515936612,2515936612,openverse/flickr,https://live.staticflickr.com/2234/2515936612_57829ef12d_b.jpg,photos/raw/2515936612.jpg,1023,683,2008|alley|anawesomeshot|auto|automobile|blueribbonwinner|car|cars|city|cute|europe|fiat|fiat500|italian|italie|italy|loveit|macchina|macchine|mezzogiorno|platinumheartawards|platinumphoto|road|sicilia|sicilie|sicily|straat|strasse|street|theunforgettablepictures|tindari|u201cisawyoufirstu201d|vehicle|via|voertuig|weg|architecture|building|car|city|house|road|street|urban|vehicle,ep112,2024-09-10,synthetic
f_20250554894,20250554894,openverse/flickr,https://live.staticflickr.com/772/20250554894_4755b37cf4_b.jpg,photos/raw/20250554894.jpg,1024,678,2015|austin|austinpetexpo|palmereventscenter|tx,ep151,2025-05-30,synthetic
f_4462185144,4462185144,openverse/flickr,https://live.staticflickr.com/4062/4462185144_34c3290993.jpg,photos/raw/4462185144.jpg,500,344,animal|attractive|beautiful|brown|close|concept|conceptual|creature|critter|cuddly|cute|domestic|ears|eyes|face|female|frettchen|funny|fur|furry|gerbil|girl|glass|gorgeous|grey|hairs|hairy|hamster|hase|isolated|kleintier|kleintiere|macro|meerschwein|mice|mouse|nose|pest|pet|pretty|rat|rodent|small|tail|up|vermin|whiskers|white|wine|young|animal|cute|domestic|fur|little|looking|mammal|pet|rodent|whisker,ep105,2024-07-20,synthetic
f_15636300633,15636300633,openverse/flickr,https://live.staticflickr.com/8595/15636300633_ee6874c53f.jpg,photos/raw/15636300633.jpg,500,478,adult|animal|app|application|background|canine|care|computer|consultation|cute|doc|doctor|dog|drugs|exam|examining|female|girl|health|hispanic|internet|isolated|labrador|latin|latinamerican|lifestyle|little|pet|petclinic|veterinaryclinic,ep174,2025-11-24,synthetic
f_10155563606,10155563606,openverse/flickr,https://live.staticflickr.com/3800/10155563606_5abba1acc9_b.jpg,photos/raw/10155563606.jpg,615,1023,antique|black|blackwhite|bull|hat|monochrome|old|pet|photograph|pit|pitbull|porch|stoop|vintage|white|woman|adult|child|one|people|portrait|street|two,ep049,2023-04-13,synthetic
f_6205670737,6205670737,openverse/flickr,https://live.staticflickr.com/6021/6205670737_137c0cfb68_b.jpg,photos/raw/6205670737.jpg,683,1024,pet,ep151,2025-06-01,synthetic
f_8446357254,8446357254,openverse/flickr,https://live.staticflickr.com/8082/8446357254_d71d958d6a_b.jpg,photos/raw/8446357254.jpg,1024,576,animals|louisiana|mardigras|petparade|pets|shreveport|animal|dog|festival|mammal|parade|people|pet|portrait|street,ep158,2025-07-16,synthetic
f_8034442704,8034442704,openverse/flickr,https://live.staticflickr.com/8172/8034442704_7efbc8c2de_b.jpg,photos/raw/8034442704.jpg,1024,683,garden|grey|greywater|greywaterrecycling|landcaping|landscapedesign|modern|sustainable|sustainablegarden|water|waterconservation|architecture|backyard|flower|garden|home|house|outdoors|patio|wood,ep114,2024-09-25,synthetic
f_52158725027,52158725027,openverse/flickr,https://live.staticflickr.com/65535/52158725027_da413ea98c_b.jpg,photos/raw/52158725027.jpg,838,1024,attractive|badzo|bill|fiinger|flowers|garden|gardens|historic|lakes|mustsee|nrhp|nude|ontariocounty|orchid|pink|sex|sexy|sonnenberg|tourist|travel|unitedstates,ep152,2025-06-07,synthetic
f_8570416286,8570416286,openverse/flickr,https://live.staticflickr.com/8094/8570416286_5beaf2074c_b.jpg,photos/raw/8570416286.jpg,1024,590,blossom|flowers|garden|hamarikyu|march|rapeseed|spring|tokyo|yellow,ep164,2025-08-22,synthetic
f_166405949,166405949,openverse/flickr,https://live.staticflickr.com/47/166405949_b327f49e42_b.jpg,photos/raw/166405949.jpg,1024,768,art|australian|brunos|bush|ceramic|garden|gardenart|marysville|sculpture,ep111,2024-09-04,synthetic
f_2648345303,2648345303,openverse/flickr,https://live.staticflickr.com/3225/2648345303_024543bb05_b.jpg,photos/raw/2648345303.jpg,1024,768,botanical|flower|foster|fruit|garden|mammosum|nipple|solanum|udder,ep152,2025-06-08,synthetic
f_30048662917,30048662917,openverse/flickr,https://live.staticflickr.com/1903/30048662917_4fe4ccbd7d_b.jpg,photos/raw/30048662917.jpg,1024,876,begging|fox|garden|olivertwist|patiently|redhill|vixen|waiting|wildlifecentre,ep174,2025-11-24,synthetic
f_6230918947,6230918947,openverse/flickr,https://live.staticflickr.com/6040/6230918947_0a76270cdf_b.jpg,photos/raw/6230918947.jpg,1023,768,childrenslibrarygarden|garden|geotagged|haringey|londonn15|marcusgarveylibrary|newlibrarygarden|tottenham|tottenhamleisurecentre,ep083,2024-01-02,synthetic
f_40899514061,40899514061,openverse/flickr,https://live.staticflickr.com/803/40899514061_6605713b73_b.jpg,photos/raw/40899514061.jpg,1024,684,20|70200mm|butterflies|butterfly|closeup|f28|flower|frederick|frederikmeijergardens|garden|gardens|grandrapids|macro|meijer|michigan|nikon|nikon70200f28|nikond600|spring|tc|tc20|westmichigan,ep161,2025-08-08,synthetic
f_2486156939,2486156939,openverse/flickr,https://live.staticflickr.com/2139/2486156939_7468751dc9_b.jpg,photos/raw/2486156939.jpg,683,1024,berkeley|garden|grahamthomas|guardsman|party|pelargonium|phormium|platinum|rosa|rose|sallyholmes|blooming|flora|flower|garden|growth|leaf|nature|outdoors|shrub|summer|tree,ep114,2024-09-25,synthetic
f_12381690675,12381690675,openverse/flickr,https://live.staticflickr.com/7438/12381690675_d635e02967_b.jpg,photos/raw/12381690675.jpg,1024,768,auckland|garden|lumix|nz|panasonic|tz20,ep114,2024-09-23,synthetic
f_52160383508,52160383508,openverse/flickr,https://live.staticflickr.com/65535/52160383508_9d47534900_b.jpg,photos/raw/52160383508.jpg,1024,771,anne|architecture|building|canandaigua|county|finger|flower|foral|garden|gardens|hdr|historic|historical|japanese|lakes|mansion|nrhp|ny|onasill|ontario|park|queen|sonnenberg,ep152,2025-06-07,synthetic
f_7806044,7806044,openverse/flickr,https://live.staticflickr.com/7/7806044_d7c0a6a31f.jpg,photos/raw/7806044.jpg,500,392,1on1|amillionphotos|belly|blog|botany|dgr|empty|emptybelly|flora|flower|flowers|garden|gardens|goddaym1|goodday|gtaggroup|multicoloured|nature|obsessiveflickrites|plant|plants|spring|views500,ep152,2025-06-07,synthetic
f_5543062417,5543062417,openverse/flickr,https://live.staticflickr.com/5094/5543062417_205309e1cf_b.jpg,photos/raw/5543062417.jpg,1024,683,11320|3652011|day79|day79365|gardening|gardeningtools|gloves|tools|trowel|wateringcan,ep152,2025-06-09,synthetic
f_250729883,250729883,openverse/flickr,https://live.staticflickr.com/109/250729883_dea7d03374_b.jpg,photos/raw/250729883.jpg,1024,652,california|container|garden|isabellegreene|landscapearchitecture|montecito|northwesthorticulturesociety|plantae|santabarbara|succulent,ep152,2025-06-08,synthetic
f_4589516102,4589516102,openverse/flickr,https://live.staticflickr.com/4023/4589516102_5677e63a57_b.jpg,photos/raw/4589516102.jpg,1024,569,food|gardens|shanghai|sustainableagriculture|sustainableurbanism|urbandesign|urbanfarming|verticalfarm|walkway|water,ep033,2022-10-26,synthetic
f_51651310313,51651310313,openverse/flickr,https://live.staticflickr.com/65535/51651310313_5449e23fb5_b.jpg,photos/raw/51651310313.jpg,1024,683,autumn|cloudy|fallcolors|fallseason|garden|japanesegarden|jchoate|on1pics|peaceful|trees,ep114,2024-09-25,synthetic
f_52459615789,52459615789,openverse/flickr,https://live.staticflickr.com/65535/52459615789_7609980204_b.jpg,photos/raw/52459615789.jpg,1024,819,2022|agave|alhikesaz|arizona|arizonapassages|arizonawonders|az|botanical|chihuly|desert|desertbotanicalgarden|deserttowers|garden|gardens|glass|intphoenix|papago|papagopark|park|phoenix|scottsdale|sculpture|towers|yellow,ep111,2024-09-04,synthetic
f_5421533252,5421533252,openverse/flickr,https://live.staticflickr.com/5174/5421533252_19d0188e59_b.jpg,photos/raw/5421533252.jpg,1024,768,commons|creative|design|ekologisk|garden|gardens|landscape|rosa|rose|roses|rosor|sustainability|sverige|sweden|tru00e4dgu00e5rd|tru00e4dgu00e5rdar|tr\xe4dg\xe5rd|tr\xe4dg\xe5rdar|vilseskogen|wij,ep114,2024-09-22,synthetic
f_52467909565,52467909565,openverse/flickr,https://live.staticflickr.com/65535/52467909565_25e39fe6f8_b.jpg,photos/raw/52467909565.jpg,819,1024,2022|alhikesaz|arizona|arizonawonders|az|botanical|cactus|crested|crestedwhortleberrycactus|cristata|desert|desertbotanicalgarden|garden|gardens|geometrizans|intphoenix|myrtillocactus|myrtillocactusgeometrizansfmacristata|papago|papagopark|park|phoenix|scottsdale|whortleberry,ep152,2025-06-09,synthetic
f_250728612,250728612,openverse/flickr,https://live.staticflickr.com/79/250728612_1f0712fdf5_b.jpg,photos/raw/250728612.jpg,1024,683,california|christopheralexander|garden|isabellegreene|landscapearchitecture|montecito|natureoforder|northwesthorticulturesociety|phenomenomoflife|plantae|santabarbara,ep114,2024-09-28,synthetic
f_8142526823,8142526823,openverse/flickr,https://live.staticflickr.com/8047/8142526823_0c9fba36e0_b.jpg,photos/raw/8142526823.jpg,1023,688,cabinets|kitchen|wooden,ep054,2023-05-07,synthetic
f_8286396576,8286396576,openverse/flickr,https://live.staticflickr.com/8504/8286396576_9c93ff07b7_b.jpg,photos/raw/8286396576.jpg,768,1024,bath|kitchen|remodeling,ep115,2024-10-01,synthetic
f_4631195155,4631195155,openverse/flickr,https://live.staticflickr.com/3328/4631195155_5a2c0eb22e_b.jpg,photos/raw/4631195155.jpg,1024,768,house|kitchen|newkitchen,ep034,2022-11-19,synthetic
f_3681729838,3681729838,openverse/flickr,https://live.staticflickr.com/3661/3681729838_1723722c43_b.jpg,photos/raw/3681729838.jpg,1024,691,clutter|kitchen|massage,ep023,2022-06-28,synthetic
f_14761033486,14761033486,openverse/flickr,https://live.staticflickr.com/3876/14761033486_06a448a17d_b.jpg,photos/raw/14761033486.jpg,1024,641,bedrooms|cabinets|cooking|cupboard|cupboards|design|designer|dining|drawers|fitted|furniture|handles|home|homes|interior|interiors|kitchen|kitchens|light|lighting|living|oven|rustic|storage|table|tap|trade|unit|units|worktop,ep108,2024-08-10,synthetic
f_1491255731,1491255731,openverse/flickr,https://live.staticflickr.com/1239/1491255731_117365ac77_b.jpg,photos/raw/1491255731.jpg,1024,683,arbor|beds|conference|contemporary|design|garden|gwa2007|herbs|kimtaylor|kitchen|krt|krtinfl|oklahoma|path|raised|raisedbed|trellis|vegetable|writers,ep114,2024-09-23,synthetic
f_5410477507,5410477507,openverse/flickr,https://live.staticflickr.com/5058/5410477507_bf42ec75e3_b.jpg,photos/raw/5410477507.jpg,1024,768,kitchen|smart,ep038,2023-01-10,synthetic
f_4001362176,4001362176,openverse/flickr,https://live.staticflickr.com/2465/4001362176_13a3846d35_b.jpg,photos/raw/4001362176.jpg,1024,680,house|kitchen,ep038,2023-01-07,synthetic
f_2427994414,2427994414,openverse/flickr,https://live.staticflickr.com/2398/2427994414_45a73d3508.jpg,photos/raw/2427994414.jpg,500,363,kitchen|renovation,ep038,2023-01-10,synthetic
f_62012878,62012878,openverse/flickr,https://live.staticflickr.com/26/62012878_1b2120ab46_b.jpg,photos/raw/62012878.jpg,1024,768,house|kitchen,ep038,2023-01-06,synthetic
f_23695008,23695008,openverse/flickr,https://live.staticflickr.com/18/23695008_7b73ea5ca7.jpg,photos/raw/23695008.jpg,385,500,cookingarea|crownhill|frenchcountryhobbit|freshapplepie|interior|interiordesign|kitchen|makeover|mirrors|redesign|renovation|seattle|simple|staging|toile|usa|vintagefrenchtoileplates|wa|washington|wonderlane,ep153,2025-06-13,synthetic
f_9437578305,9437578305,openverse/flickr,https://live.staticflickr.com/7307/9437578305_eb2f9bea54_b.jpg,photos/raw/9437578305.jpg,1024,386,2013|493|kitchen|refinishing,ep038,2023-01-10,synthetic
f_5841186008,5841186008,openverse/flickr,https://live.staticflickr.com/5308/5841186008_bcd86f623f_b.jpg,photos/raw/5841186008.jpg,768,1024,1|cabin|kitchen|tl,ep038,2023-01-10,synthetic
f_2211525724,2211525724,openverse/flickr,https://live.staticflickr.com/2325/2211525724_b45863e41e_b.jpg,photos/raw/2211525724.jpg,768,1024,apartment|kitchen,ep038,2023-01-06,synthetic
f_2313460953,2313460953,openverse/flickr,https://live.staticflickr.com/3066/2313460953_6c2e0c3924.jpg,photos/raw/2313460953.jpg,500,375,dishwasher|fridge|kitchen|sink,ep038,2023-01-10,synthetic
f_6012292695,6012292695,openverse/flickr,https://live.staticflickr.com/6022/6012292695_8635be11b6_b.jpg,photos/raw/6012292695.jpg,1024,733,bichon|button|cheesedoff|dog|frise|hat|kitchen|lampshade|redhill|sad|sonydsctx5|animal|canine|cute|dog|fur|indoors|little|mammal|one|pet|portrait,ep077,2023-11-10,synthetic
f_5410474045,5410474045,openverse/flickr,https://live.staticflickr.com/5252/5410474045_d19325dd38_b.jpg,photos/raw/5410474045.jpg,1024,768,kitchen,ep038,2023-01-10,synthetic
f_14455423103,14455423103,openverse/flickr,https://live.staticflickr.com/3887/14455423103_b9fe08103a_b.jpg,photos/raw/14455423103.jpg,1024,642,cabinets|chrome|cream|cupboards|design|grey|kitchen|kitchens|stool,ep115,2024-10-01,synthetic
f_889934105,889934105,openverse/flickr,https://live.staticflickr.com/1324/889934105_c0e5c2727a_b.jpg,photos/raw/889934105.jpg,1024,681,kitchen,ep038,2023-01-06,synthetic
f_7642059598,7642059598,openverse/flickr,https://live.staticflickr.com/7277/7642059598_fb6c423a97_b.jpg,photos/raw/7642059598.jpg,1023,685,kitchen,ep038,2023-01-07,synthetic
f_9045324726,9045324726,openverse/flickr,https://live.staticflickr.com/7391/9045324726_4acc2b90e1_b.jpg,photos/raw/9045324726.jpg,768,1024,antics|casual|desk|developer|funny|geek|informationtechnology|it|moblog|nerd|office|programmer|relaxed|samsunggalaxysiii|softwaredeveloper|woking|work|working|workspace,ep146,2025-04-10,synthetic
f_2249277085,2249277085,openverse/flickr,https://live.staticflickr.com/2039/2249277085_3e7f3f064a_b.jpg,photos/raw/2249277085.jpg,1024,768,desk|office|work|workplace,ep112,2024-09-11,synthetic
f_5167267622,5167267622,openverse/flickr,https://live.staticflickr.com/4044/5167267622_ee17e514e0_b.jpg,photos/raw/5167267622.jpg,1024,768,librariesandlibrarians|business|office|desks,ep102,2024-06-30,synthetic
f_2232683319,2232683319,openverse/flickr,https://live.staticflickr.com/2009/2232683319_04fb798ea4_b.jpg,photos/raw/2232683319.jpg,768,1024,adformatie|amsterdam|babes|bob|bureau|business|casablanca|computer|cubicle|desk|desktop|dylan|jeroen|kantoor|moet|office|redactie|unit|webloggen|werk|work|working|workplace,ep016,2022-04-23,synthetic
f_8676463892,8676463892,openverse/flickr,https://live.staticflickr.com/8115/8676463892_0fe6d49bc8_b.jpg,photos/raw/8676463892.jpg,768,1024,antics|casual|cubical|cubicle|desk|employee|fun|funny|geek|informationtechnology|it|moblog|nerd|office|programmer|relaxed|samsunggalaxysiii|softwaredeveloper|work|workday|workplace,ep146,2025-04-10,synthetic
f_483097020,483097020,openverse/flickr,https://live.staticflickr.com/218/483097020_babfb6726d_b.jpg,photos/raw/483097020.jpg,1024,768,church|desk|office|business|chair|desk|furniture|home|indoors|interior design|office|room|seat|table|trading floor|window,ep039,2023-01-14,synthetic
f_456554648,456554648,openverse/flickr,https://live.staticflickr.com/228/456554648_8460d50b10_b.jpg,photos/raw/456554648.jpg,1024,768,55broad|55broadstreet|desk|edcostello|epc|ibm|ibm55broadstreet|ibmcom|ibmcorporateinternetprograms|ibminternet|ibmintranet|ibmnewyorkcity|ibmsiliconalley|ibmweb|ibmwebmaster|ibmwebsite|webmaster|wwwibmcom,ep011,2022-02-21,synthetic
f_405192841,405192841,openverse/flickr,https://live.staticflickr.com/156/405192841_9286db8776_b.jpg,photos/raw/405192841.jpg,1024,802,desk|it|office|work,ep030,2022-10-09,synthetic
f_8116903762,8116903762,openverse/flickr,https://live.staticflickr.com/8336/8116903762_6fc81f99f4_b.jpg,photos/raw/8116903762.jpg,768,1024,casual|desk|developer|fun|funny|geek|it|moblog|nerd|office|programmer|samsunggalaxysiii|sandiego|software|work|working|workplace,ep077,2023-11-10,synthetic
f_995405481,995405481,openverse/flickr,https://live.staticflickr.com/1304/995405481_5744e1e486_b.jpg,photos/raw/995405481.jpg,1024,768,ctxflickr|jaiku|noblue|office|pieniroobertinkatu|thinglink|adult|chair|classroom|desk|education|furniture|group|home|indoors|interior design|people|room|seat|table|window,ep033,2022-10-26,synthetic
f_3660999583,3660999583,openverse/flickr,https://live.staticflickr.com/3543/3660999583_e80b83070b_b.jpg,photos/raw/3660999583.jpg,1024,683,desk|office|apartment|bedroom|chair|family|furniture|home|house|indoors|interior design|light|room|seat|table|trading floor|window,ep033,2022-10-26,synthetic
f_8705100671,8705100671,openverse/flickr,https://live.staticflickr.com/8260/8705100671_10426d27fa_b.jpg,photos/raw/8705100671.jpg,1024,768,antics|casual|cubical|cubicle|desk|employee|fun|funny|geek|informationtechnology|it|moblog|nerd|office|programmer|relaxed|samsunggalaxysiii|softwaredeveloper|work|workday|workplace,ep106,2024-07-27,synthetic
f_8644403438,8644403438,openverse/flickr,https://live.staticflickr.com/8535/8644403438_4672502436_b.jpg,photos/raw/8644403438.jpg,768,1024,antics|casual|cubical|cubicle|desk|employee|fun|funny|geek|informationtechnology|it|moblog|nerd|office|programmer|relaxed|samsunggalaxysiii|softwaredeveloper|work|workday|workplace,ep145,2025-04-05,synthetic
f_8659667622,8659667622,openverse/flickr,https://live.staticflickr.com/8102/8659667622_d2f69c69d4_b.jpg,photos/raw/8659667622.jpg,1024,768,antics|casual|cubical|cubicle|desk|employee|fun|funny|geek|informationtechnology|it|moblog|nerd|office|programmer|relaxed|samsunggalaxysiii|softwaredeveloper|work|workday|workplace,ep145,2025-04-05,synthetic
f_14883726354,14883726354,openverse/flickr,https://live.staticflickr.com/5571/14883726354_37400dd8e6_b.jpg,photos/raw/14883726354.jpg,729,1023,1965|29|advertisement|desk|march|newsweek|office|shawwalker|business|paper|service|woman,ep147,2025-04-13,synthetic
f_4491753526,4491753526,openverse/flickr,https://live.staticflickr.com/4004/4491753526_9785d6de5b_b.jpg,photos/raw/4491753526.jpg,1023,769,,ep039,2023-01-14,synthetic
f_8721312298,8721312298,openverse/flickr,https://live.staticflickr.com/7397/8721312298_f397aac243_b.jpg,photos/raw/8721312298.jpg,768,1024,antics|casual|comfortable|corporate|cubical|cubicle|desk|developer|funny|geek|informationtechnology|it|moblog|nerd|office|programmer|relaxation|relaxed|samsunggalaxysiii|slacker|softwaredeveloper|woking|work|working|workplace|workspace,ep145,2025-04-05,synthetic
f_100850903,100850903,openverse/flickr,https://live.staticflickr.com/28/100850903_d3d51edc35.jpg,photos/raw/100850903.jpg,500,375,desk|metachat|moblog|office,ep039,2023-01-14,synthetic
f_4338439363,4338439363,openverse/flickr,https://live.staticflickr.com/4036/4338439363_faec1610a8_b.jpg,photos/raw/4338439363.jpg,1024,768,,ep039,2023-01-14,synthetic
f_5279616618,5279616618,openverse/flickr,https://live.staticflickr.com/5006/5279616618_ba263d655b_b.jpg,photos/raw/5279616618.jpg,1024,818,cornelluniversitylibrary|kheelcenterforlabormanagementdocumentationandarchives|laborleaders|offices|administration|adult|furniture|group|home|leader|man|people|room|two|war|woman,ep080,2023-12-15,synthetic
f_4530725185,4530725185,openverse/flickr,https://live.staticflickr.com/4063/4530725185_5d11e9fe69_b.jpg,photos/raw/4530725185.jpg,1024,1024,2010|27|40d|arizona|arts|award|buildingbridges|canon|center|chapin|concert|expressive|family|feb|fun|gilbert|grammy|healthychoices|higley|inclusiveness|male|music|performing|respect|singer|songwriter|threetime|time|tolerance|tom|tomchapin|winner|adult|band|concert|concert hall|festival|guitar|guitarist|instrument|music|musician|one|people|performance|singer|stage|stringed instrument|theater,ep028,2022-09-23,synthetic
f_3583105294,3583105294,openverse/flickr,https://live.staticflickr.com/2426/3583105294_53d974f444_b.jpg,photos/raw/3583105294.jpg,1023,655,bellcenter|billy|billyjoel|canada|centrebell|concert|crowd|fan|fans|gig|joel|music|performance|rock|tour,ep060,2023-06-23,synthetic
f_3725130319,3725130319,openverse/flickr,https://live.staticflickr.com/2557/3725130319_d0a6fcf57c_b.jpg,photos/raw/3725130319.jpg,1023,702,bellcenter|centrebell|concert|concertstage|ericsinger|fireworks|genesimmons|kiss|kissalive35|montreal|paulstanley|pyrotechnics|rock|stage|stageconcert|tommythayer,ep005,2022-01-28,synthetic
f_1577793391,1577793391,openverse/flickr,https://live.staticflickr.com/2328/1577793391_b70c2b3ebe_b.jpg,photos/raw/1577793391.jpg,1024,716,band|brokenmusic|casio|cimg5376|concert|exs500|live|music|photography|photos|robale|rock|show|sting|supersix|tour|youngrobv,ep079,2023-12-07,synthetic
f_3506673588,3506673588,openverse/flickr,https://live.staticflickr.com/3638/3506673588_672b015fc2_b.jpg,photos/raw/3506673588.jpg,1023,634,20march2009|bell|bellcenter|bellcentre|brit|britney|britneyspears|canada|center|centre|centrebell|circus|concert|montreal|performance|quebec|spears,ep060,2023-06-25,synthetic
f_3804553528,3804553528,openverse/flickr,https://live.staticflickr.com/2630/3804553528_38ae7f12e8_b.jpg,photos/raw/3804553528.jpg,1024,957,acdc|acdcmontreal|black|blackice|blackicetour|concert|concertstage|ice|montreal|olympic|olympicstadium|review|rock|rocknroll|roll|stadium|stage|stageconcert|tour,ep060,2023-06-27,synthetic
f_3517961204,3517961204,openverse/flickr,https://live.staticflickr.com/3318/3517961204_13bbb57198_b.jpg,photos/raw/3517961204.jpg,1024,966,ambient|bell|canada|center|centre|centrebell|classical|concert|instruments|live|montreal|music|musician|newage|quebec|toronto|tour|voices|yanni,ep005,2022-01-28,synthetic
f_2814945436,2814945436,openverse/flickr,https://live.staticflickr.com/3035/2814945436_80f03eb321_b.jpg,photos/raw/2814945436.jpg,1023,643,bell|bellcenter|canada|celine|celinedion|center|centre|centrebell|chances|concert|concertstage|dion|live|montreal|music|performance|pop|quebec|stage|stageconcert|taking|takingchances,ep005,2022-01-28,synthetic
f_3735163474,3735163474,openverse/flickr,https://live.staticflickr.com/3418/3735163474_318d90a1a0_b.jpg,photos/raw/3735163474.jpg,791,1024,bunny|concert|day|drunk|easter|green|greenday|live|montreal|performance|punk|rock|tour|adult|circus|dog|Halloween|one|people|performance|portrait|theater,ep098,2024-05-27,synthetic
f_2056803476,2056803476,openverse/flickr,https://live.staticflickr.com/2333/2056803476_b923dbcc37_b.jpg,photos/raw/2056803476.jpg,1024,768,bellcenter|bellcentre|canada|carol|carols|christmas|concert|concertstage|live|montreal|music|orchestra|performance|quebec|show|siberian|stage|stageconcert|tour|trans|transsiberianorchestra|tso,ep051,2023-04-23,synthetic
f_52229127013,52229127013,openverse/flickr,https://live.staticflickr.com/65535/52229127013_1f9e0ff24c_b.jpg,photos/raw/52229127013.jpg,707,1024,1930s|barcelona|catalanlanguage|catalunya|cataluña|concerts|conductors|españa|francescdassísgalí|orquestrapaucasals|pablocasals|palaudelamúsicacatalana|spain|vintagecatalonianillustration|vintageillustration|vintageperformanceposters,ep066,2023-08-01,synthetic
f_14017189730,14017189730,openverse/flickr,https://live.staticflickr.com/2929/14017189730_a957b6042c_b.jpg,photos/raw/14017189730.jpg,1023,682,africa|algeria|berber|black|blue|concert|desert|drum|merzouga|morocco|music|night|north|players|song|tent,ep112,2024-09-09,synthetic
f_2046282436,2046282436,openverse/flickr,https://live.staticflickr.com/2151/2046282436_7fc678274b_b.jpg,photos/raw/2046282436.jpg,1024,768,band|bell|bellcenter|bellcentre|bon|bonjovi|canada|center|centre|concert|country|crowd|fan|fans|jovi|live|losthighway|montreal|music|performance|quebec|rock|show|stadium|tour,ep060,2023-06-24,synthetic
f_3848670017,3848670017,openverse/flickr,https://live.staticflickr.com/3507/3848670017_f0f9ae3029_b.jpg,photos/raw/3848670017.jpg,1024,886,babes|belgium|brief|bureau|concert|dancers|danseressen|eurosong|festival|girls|hadise|hadiseau00e7u0131kgu00f6z|hadisea\xe7ıkg\xf6z|longdistancerelationship|maanrock|mechelen|missmol|mol|optreden|performance|pop|schrijven|singer|turkey|zangeres,ep050,2023-04-18,synthetic
f_2045735047,2045735047,openverse/flickr,https://live.staticflickr.com/2382/2045735047_b864159e51_b.jpg,photos/raw/2045735047.jpg,1024,768,allaboutbonjovi|band|bell|bellcenter|bellcentre|bon|bonjovi|canada|center|centerstage|centre|concert|concertstage|country|crowd|jovi|live|losthighway|montreal|music|performance|quebec|rock|show|stage|stageconcert|tour,ep060,2023-06-24,synthetic
f_7379165468,7379165468,openverse/flickr,https://live.staticflickr.com/7236/7379165468_6b7cb31074_b.jpg,photos/raw/7379165468.jpg,907,1024,baikovicius|blanktakantic|canon|canon5dmkii|center|concert|concierto|florida|jikatu|makroplanart2100|music|people|pinkfloyd|plantation|published|red|roger|rogerwaters|rojo|stun|stunning|supershow|tour|usa|waters|zeiss|zeissmakroplanart2100|zemakroplanar,ep173,2025-11-18,synthetic
f_3549344806,3549344806,openverse/flickr,https://live.staticflickr.com/2484/3549344806_8cc18bf486_b.jpg,photos/raw/3549344806.jpg,685,1023,architecture|architectuur|architektur|architettura|arquitectura|arquitetura|cc|commons|concert|concrete|copenhagen|creative|danish|detail|dr|glass|hall|jean|jeannouvel|københavn|modern|modernism|modernist|nouvel|ørestad|plastic|radio|seierseier|light,ep082,2023-12-23,synthetic
f_2043826802,2043826802,openverse/flickr,https://live.staticflickr.com/2033/2043826802_eb2236952c_b.jpg,photos/raw/2043826802.jpg,1024,631,album|allrightsreserved|argentique|art|blogworld|book|chance|concert|contemporain|cru00e9ation|dec|design|durable|esthu00e9tique|eventoblog|experimental|expo|exposition|film|france|fun|gildas|gmprod|groupe|international|jaune|journalisme|kodak|lca|light|live|loireatlantique|lomo|lumineux|lumiu00e8re|maquaire|me|media|mode|musicien|musique|nantes|nov|olympic|oneaday|paysdelaloire|pellicule|photo|pictureaday|power|presse|pro|scan|scopic|scopict|session|show|son|style|test|toycamera|travel|trip|urbain|webstandards|wedding|yellow|concert|energy|light|music|musician|performance|singer|stage,ep060,2023-06-26,synthetic
f_11449846,11449846,openverse/flickr,https://live.staticflickr.com/6/11449846_f474d307f6.jpg,photos/raw/11449846.jpg,500,428,alanis|concert|morissette,ep050,2023-04-18,synthetic
f_1588435884,1588435884,openverse/flickr,https://live.staticflickr.com/2109/1588435884_2d1fc4a3fd_b.jpg,photos/raw/1588435884.jpg,768,1024,concert|quatro|suzi,ep051,2023-04-23,synthetic
f_13371557575,13371557575,openverse/flickr,https://live.staticflickr.com/7308/13371557575_f1d27b8aed.jpg,photos/raw/13371557575.jpg,392,500,,ep069,2023-08-16,synthetic
f_52471744979,52471744979,openverse/flickr,https://live.staticflickr.com/65535/52471744979_83f643be9b_b.jpg,photos/raw/52471744979.jpg,1024,683,blackandwhite|candid|china|chinese|cultural|culture|ethnic|ethnicity|group|guests|home|house|minority|mono|monochrome|mosuo|people|tibetan|wedding|yunnan,ep164,2025-08-22,synthetic
f_360175127,360175127,openverse/flickr,https://live.staticflickr.com/127/360175127_bad20ad040_b.jpg,photos/raw/360175127.jpg,1024,763,addtofeed|dress|guest|mexican|nathan|print|red|reddress|rosario|scan|wedding,ep042,2023-02-01,synthetic
f_5030895457,5030895457,openverse/flickr,https://live.staticflickr.com/4089/5030895457_de598058f4_b.jpg,photos/raw/5030895457.jpg,768,1024,aberdeenshire|kildrummycastlegardens|scotland|wedding|weddingguests|whiteumbrella,ep083,2024-01-02,synthetic
f_144267960,144267960,openverse/flickr,https://live.staticflickr.com/45/144267960_cc8f3aef71_b.jpg,photos/raw/144267960.jpg,768,1024,britain|british|castle|england|english|fortress|madametussauds|warwickcastle,ep166,2025-09-13,synthetic
f_4222499446,4222499446,openverse/flickr,https://live.staticflickr.com/2594/4222499446_2575cb2095_b.jpg,photos/raw/4222499446.jpg,1024,768,weddingguests,ep073,2023-09-11,synthetic
f_14792635274,14792635274,openverse/flickr,https://live.staticflickr.com/3916/14792635274_4ee42909fa_b.jpg,photos/raw/14792635274.jpg,1024,678,af35mmf2d|balloonbear|choc|georgia|ghost|goldenisles|kingandprince|moo|nikond7000|stsimonsisland|vacation|wedding,ep083,2024-01-02,synthetic
f_9639081710,9639081710,openverse/flickr,https://live.staticflickr.com/5451/9639081710_d45a63ba40_b.jpg,photos/raw/9639081710.jpg,1024,624,newtonhall|northumberlandwedding|wedding|weddingphotography|adult|blur|business|connection|girl|indoors|light|man|one|people|room|technology|telephone|woman,ep155,2025-06-30,synthetic
f_5155405218,5155405218,openverse/flickr,https://live.staticflickr.com/4007/5155405218_8976e176a7_b.jpg,photos/raw/5155405218.jpg,1024,768,pergola|weddingguests,ep073,2023-09-09,synthetic
f_52966914220,52966914220,openverse/flickr,https://live.staticflickr.com/65535/52966914220_fd30bed651_b.jpg,photos/raw/52966914220.jpg,677,1024,bridesmaid|crossdresser|dress|handbag|highheels|pink|sandals|satin|scarf|silk|sissy|tgirl|tgurl|transvestite,ep041,2023-01-28,synthetic
f_4218323155,4218323155,openverse/flickr,https://live.staticflickr.com/2804/4218323155_2999780c65_b.jpg,photos/raw/4218323155.jpg,1024,768,weddingguests,ep041,2023-01-26,synthetic
f_4859004877,4859004877,openverse/flickr,https://live.staticflickr.com/4077/4859004877_0d867782ef.jpg,photos/raw/4859004877.jpg,500,375,wedding,ep041,2023-01-28,synthetic
f_4801563354,4801563354,openverse/flickr,https://live.staticflickr.com/4138/4801563354_186956a35e_b.jpg,photos/raw/4801563354.jpg,1024,768,handout|plan|seating|wedding|bank|business|commerce|computer|currency|data|diagram|economy|euro|finance|financial|gain|investment|market|money|number|paper|shares|technology|wealth,ep033,2022-10-26,synthetic
f_4061570105,4061570105,openverse/flickr,https://live.staticflickr.com/2561/4061570105_c07c3ce9d7_b.jpg,photos/raw/4061570105.jpg,1023,685,art|cana|christ|christian|contemporary|jesus|religion|sacred|stainedglassmarraigeatcanawindow|window,ep174,2025-11-24,synthetic
f_6996654982,6996654982,openverse/flickr,https://live.staticflickr.com/8001/6996654982_b57a6ec757.jpg,photos/raw/6996654982.jpg,357,499,afnikkor35mmf18d|beautiful|blackandwhite|chandlerarizona|chercherlafemme|d90|kiley|monochrome|portrait|smile|wedding,ep069,2023-08-16,synthetic
f_4922001349,4922001349,openverse/flickr,https://live.staticflickr.com/4115/4922001349_aef8311b0b_b.jpg,photos/raw/4922001349.jpg,1024,683,carrying|chairs|guests|wedding,ep055,2023-05-12,synthetic
f_5882535168,5882535168,openverse/flickr,https://live.staticflickr.com/5272/5882535168_94e6fb33b9_b.jpg,photos/raw/5882535168.jpg,1024,750,boy|boyfriend|car|ceremonly|church|couple|drink|event|femal|girl|girlfriend|male|man|married|outwood|portraits|wedding|wife,ep048,2023-04-08,synthetic
f_4221825883,4221825883,openverse/flickr,https://live.staticflickr.com/2745/4221825883_4cb12b7d2f_b.jpg,photos/raw/4221825883.jpg,1024,768,weddingguests,ep031,2022-10-15,synthetic
f_9607423952,9607423952,openverse/flickr,https://live.staticflickr.com/2851/9607423952_096eb51499_b.jpg,photos/raw/9607423952.jpg,683,1024,candid|child|kilt|portrait|wedding,ep166,2025-09-13,synthetic
f_6888450787,6888450787,openverse/flickr,https://live.staticflickr.com/7054/6888450787_cd45be8742.jpg,photos/raw/6888450787.jpg,357,499,afnikkor55200mmf456vr|artisawoman|beautiful|blackandwhite|chercherlafemme|d90|monochrome|portrait,ep079,2023-12-07,synthetic
f_51404334163,51404334163,openverse/flickr,https://live.staticflickr.com/65535/51404334163_d1709b6258_b.jpg,photos/raw/51404334163.jpg,768,1024,county|festival|flowers|highland|lilac|monroe|new|ny|onasill|park|rochester|york,ep152,2025-06-08,synthetic
f_9265784068,9265784068,openverse/flickr,https://live.staticflickr.com/3737/9265784068_009b8ddef1_b.jpg,photos/raw/9265784068.jpg,784,1024,1001nights|1001nightsmagiccity|festival|flowers|highland|lilac|monroecounty|newyork|ny|onasill|park|rochester,ep152,2025-06-08,synthetic
f_4338369986,4338369986,openverse/flickr,https://live.staticflickr.com/4036/4338369986_c8d9c1723f.jpg,photos/raw/4338369986.jpg,500,500,festive|graphicdesign|grungy|patterns|photoshop|seamless|textures|tileable|webresources|webtreasetc|webtreats|webtreatsmysitemywaycom,ep055,2023-05-12,synthetic
f_16522941831,16522941831,openverse/flickr,https://live.staticflickr.com/8625/16522941831_06d78a6d5b_b.jpg,photos/raw/16522941831.jpg,1024,683,bangladesh|coloursplosion|falgun|festival|girls|selfie|simplysuperb|women,ep075,2023-09-23,synthetic
f_5969238953,5969238953,openverse/flickr,https://live.staticflickr.com/6001/5969238953_d57f7330d1_b.jpg,photos/raw/5969238953.jpg,768,1024,armandomoreschi|bodypainting|festival|festivalitalianopitturacorpo|fregene|jangabeach|model|modella|pitturacorpo,ep063,2023-07-19,synthetic
f_2739770568,2739770568,openverse/flickr,https://live.staticflickr.com/3238/2739770568_dcf969e595.jpg,photos/raw/2739770568.jpg,334,500,festival|justinmeldaljohnsen|lightsinthesky|nin|nineinchnails|ninwz6p5fdq99|pemberton|performance|tour,ep050,2023-04-18,synthetic
f_7668859772,7668859772,openverse/flickr,https://live.staticflickr.com/7138/7668859772_6d89c1b10a_b.jpg,photos/raw/7668859772.jpg,1024,684,babes|beauties|belgium|boom|cuties|dancefestival|feesten|festival|festivalgangers|filles|five|girls|meiden|meisjes|party|portrait|portret|retratos|ritratti|tomorrowland|tomorrowland2012|vrouwen|women|festival|friendship|fun|group|music|people|portrait|recreation|woman,ep048,2023-04-08,synthetic
f_14251730514,14251730514,openverse/flickr,https://live.staticflickr.com/2925/14251730514_871f8994bf_b.jpg,photos/raw/14251730514.jpg,1024,683,crowd|dance|dj|edm|energetic|festival|handsup|mixing|mixtribe|music|summer|sunshin|u91ceu5916u30d5u30a7u30b9|young|野外フェス|battle|celebration|competition|crowd|drag race|festival|flag|group|group together|man|many|people|rally,ep060,2023-06-25,synthetic
f_14639646053,14639646053,openverse/flickr,https://live.staticflickr.com/2925/14639646053_3001324d49_b.jpg,photos/raw/14639646053.jpg,968,651,50d|festival|fusion|fusion2014|fusionfestival|fusionweb|live|lu00e4rz|music|musica|musik|punkrock|raw|tamron|turbostaat,ep060,2023-06-23,synthetic
f_2862194481,2862194481,openverse/flickr,https://live.staticflickr.com/3022/2862194481_1f76dcfa2f_b.jpg,photos/raw/2862194481.jpg,1024,512,art|arte|colombia|cultura|de|design|diseu00f1o|enslap|festival|javierpiragauta|lights|mascaras|photoshop|teatro|tunja,ep044,2023-03-03,synthetic
f_2739771426,2739771426,openverse/flickr,https://live.staticflickr.com/3220/2739771426_6f949f6d61.jpg,photos/raw/2739771426.jpg,334,500,alessandrocortini|festival|justinmeldaljohnsen|lightsinthesky|nin|nineinchnails|ninwz6p5fdq99|pemberton|performance|tour,ep050,2023-04-18,synthetic
f_2738931283,2738931283,openverse/flickr,https://live.staticflickr.com/2353/2738931283_2bcaac316c.jpg,photos/raw/2738931283.jpg,500,333,festival|lightsinthesky|nin|nineinchnails|ninwz6p5fdq99|pemberton|performance|thewarning|tour|trentreznor,ep022,2022-06-19,synthetic
f_2670415229,2670415229,openverse/flickr,https://live.staticflickr.com/3146/2670415229_6c9056640a_b.jpg,photos/raw/2670415229.jpg,968,652,30d|amigos|bandejas|cables|festival|flash|fusion|fusionfestival|gente|music|people|sigma|u0444u0443u0437u0438u043eu043d|vinilosmusica|wires|фузион,ep022,2022-06-19,synthetic
f_17173385389,17173385389,openverse/flickr,https://live.staticflickr.com/8714/17173385389_b9b70030f1_b.jpg,photos/raw/17173385389.jpg,1024,726,bodypaint|costume|crazy|eastsussex|facepainting|fancydress|festival|funny|green|greenman|hastings|hastingsoldtown|jackinthegreen|mayday|morrisdancers|pagan|paganfestival,ep166,2025-09-10,synthetic
f_16737422124,16737422124,openverse/flickr,https://live.staticflickr.com/8725/16737422124_2fde779c74_b.jpg,photos/raw/16737422124.jpg,1024,958,bodypaint|costume|crazy|eastsussex|facepainting|fancydress|festival|funny|green|greenman|hastings|hastingsoldtown|jackinthegreen|mayday|morrisdancers|pagan|paganfestival,ep166,2025-09-11,synthetic
f_17171726250,17171726250,openverse/flickr,https://live.staticflickr.com/7793/17171726250_ceba1a1285_b.jpg,photos/raw/17171726250.jpg,853,1023,bodypaint|costume|crazy|eastsussex|facepainting|fancydress|festival|funny|green|greenman|hastings|hastingsoldtown|jackinthegreen|mayday|morrisdancers|pagan|paganfestival,ep070,2023-08-24,synthetic
f_17171640260,17171640260,openverse/flickr,https://live.staticflickr.com/7673/17171640260_01c4fee98a_b.jpg,photos/raw/17171640260.jpg,1023,855,bodypaint|costume|crazy|eastsussex|facepainting|fancydress|festival|funny|green|greenman|hastings|hastingsoldtown|jackinthegreen|mayday|morrisdancers|pagan|paganfestival,ep173,2025-11-18,synthetic
f_17359015501,17359015501,openverse/flickr,https://live.staticflickr.com/8733/17359015501_84596135cf_b.jpg,photos/raw/17359015501.jpg,790,1024,bodypaint|costume|crazy|eastsussex|facepainting|fancydress|festival|funny|green|greenman|hastings|hastingsoldtown|jackinthegreen|mayday|morrisdancers|pagan|paganfestival,ep166,2025-09-10,synthetic
f_17334794066,17334794066,openverse/flickr,https://live.staticflickr.com/8719/17334794066_c5aabdd5a3_b.jpg,photos/raw/17334794066.jpg,685,1023,bodypaint|costume|crazy|eastsussex|facepainting|fancydress|festival|funny|green|greenman|hastings|hastingsoldtown|jackinthegreen|mayday|morrisdancers|pagan|paganfestival,ep152,2025-06-08,synthetic
f_17173132910,17173132910,openverse/flickr,https://live.staticflickr.com/7762/17173132910_d47347e648_b.jpg,photos/raw/17173132910.jpg,522,1024,bodypaint|costume|crazy|eastsussex|facepainting|fancydress|festival|funny|green|greenman|hastings|hastingsoldtown|jackinthegreen|mayday|morrisdancers|pagan|paganfestival,ep053,2023-05-03,synthetic
f_9873880034,9873880034,openverse/flickr,https://live.staticflickr.com/3801/9873880034_253aa2aea3.jpg,photos/raw/9873880034.jpg,333,500,beyond|europe|magazine|sognogfjordane|train|unforgettable,ep154,2025-06-19,synthetic
f_9805148195,9805148195,openverse/flickr,https://live.staticflickr.com/7335/9805148195_71de512f35_b.jpg,photos/raw/9805148195.jpg,683,1024,bangladesh|children|day|dhaka|railwaystation|street|streetphotography|train,ep148,2025-04-29,synthetic
f_2098273347,2098273347,openverse/flickr,https://live.staticflickr.com/2138/2098273347_f106ff261e_b.jpg,photos/raw/2098273347.jpg,1024,768,deutschebahn|geotagged|traininterior|trains,ep037,2023-01-01,synthetic
f_3101615417,3101615417,openverse/flickr,https://live.staticflickr.com/3082/3101615417_1b3fdf4f7f_b.jpg,photos/raw/3101615417.jpg,1024,683,frafrance|journey|openbaarvervoer|publictransport|rail|railtravel|tgv|thalys|train|trainjourney|transport|trein,ep154,2025-06-17,synthetic
f_2257049091,2257049091,openverse/flickr,https://live.staticflickr.com/2018/2257049091_de1277cc70_b.jpg,photos/raw/2257049091.jpg,1024,685,2008|asia|cambodia|hammock|magicalworld|old|people|railroad|rustic|southeastasia|train|transport|travel|worldtrip,ep117,2024-10-11,synthetic
f_9873871125,9873871125,openverse/flickr,https://live.staticflickr.com/3710/9873871125_573321b48d_b.jpg,photos/raw/9873871125.jpg,1024,680,beyond|europe|magazine|sognogfjordane|train|unforgettable,ep154,2025-06-22,synthetic
f_9873870115,9873870115,openverse/flickr,https://live.staticflickr.com/7334/9873870115_c4d6a1935b_b.jpg,photos/raw/9873870115.jpg,1024,673,beyond|europe|magazine|sognogfjordane|train|unforgettable,ep149,2025-05-11,synthetic
f_9873877826,9873877826,openverse/flickr,https://live.staticflickr.com/7339/9873877826_15310e2c58_b.jpg,photos/raw/9873877826.jpg,1024,683,beyond|europe|magazine|norway|sognogfjordane|train|unforgettable,ep154,2025-06-16,synthetic
f_3102439076,3102439076,openverse/flickr,https://live.staticflickr.com/3113/3102439076_e6204512a0_b.jpg,photos/raw/3102439076.jpg,1024,684,frafrance|journey|rail|railtravel|tgv|thalys|train|trainjourney|trein,ep117,2024-10-10,synthetic
f_3101610293,3101610293,openverse/flickr,https://live.staticflickr.com/3068/3101610293_5f7aeff0d9_b.jpg,photos/raw/3101610293.jpg,1024,683,frafrance|journey|openbaarvervoer|publictransport|rail|railtravel|tgv|thalys|train|trainjourney|transport|trein,ep087,2024-01-22,synthetic
f_9873883724,9873883724,openverse/flickr,https://live.staticflickr.com/3673/9873883724_b06c1346cc_b.jpg,photos/raw/9873883724.jpg,1024,680,beyond|europe|magazine|sognogfjordane|train|unforgettable,ep154,2025-06-16,synthetic
f_9873879136,9873879136,openverse/flickr,https://live.staticflickr.com/2849/9873879136_b31fbdca29.jpg,photos/raw/9873879136.jpg,452,500,beyond|europe|magazine|sognogfjordane|train|unforgettable,ep154,2025-06-19,synthetic
f_3102446710,3102446710,openverse/flickr,https://live.staticflickr.com/3265/3102446710_1530681b7d_b.jpg,photos/raw/3102446710.jpg,1024,684,frafrance|journey|openbaarvervoer|publictransport|rail|railtravel|tgv|thalys|train|trainjourney|transport|trein,ep074,2023-09-15,synthetic
f_3102450548,3102450548,openverse/flickr,https://live.staticflickr.com/3130/3102450548_d863366fa4_b.jpg,photos/raw/3102450548.jpg,1024,683,frafrance|journey|openbaarvervoer|publictransport|rail|railtravel|tgv|thalys|train|trainjourney|transport|trein,ep118,2024-10-18,synthetic
f_3101614669,3101614669,openverse/flickr,https://live.staticflickr.com/3042/3101614669_d11c58fdca.jpg,photos/raw/3101614669.jpg,333,500,frafrance|journey|openbaarvervoer|publictransport|rail|railtravel|tgv|thalys|train|trainjourney|transport|trein,ep070,2023-08-24,synthetic
f_9873990763,9873990763,openverse/flickr,https://live.staticflickr.com/3757/9873990763_f15e093630_b.jpg,photos/raw/9873990763.jpg,1024,682,beyond|europe|magazine|sognogfjordane|train|unforgettable,ep154,2025-06-16,synthetic
f_9873992473,9873992473,openverse/flickr,https://live.staticflickr.com/3808/9873992473_343d78ea6a_b.jpg,photos/raw/9873992473.jpg,1024,680,beyond|europe|magazine|sognogfjordane|train|unforgettable,ep068,2023-08-11,synthetic
f_179942470,179942470,openverse/flickr,https://live.staticflickr.com/71/179942470_96b7f90da3.jpg,photos/raw/179942470.jpg,341,500,bsbred|cyberscorpion|indiantrains|people|tekal|traintravel|weekendshoot,ep164,2025-08-22,synthetic
f_3101611329,3101611329,openverse/flickr,https://live.staticflickr.com/3179/3101611329_0b0923565d_b.jpg,photos/raw/3101611329.jpg,1023,588,frafrance|journey|openbaarvervoer|publictransport|rail|railtravel|tgv|thalys|train|trainjourney|transport|trein,ep118,2024-10-16,synthetic
f_3101607233,3101607233,openverse/flickr,https://live.staticflickr.com/3284/3101607233_b80936f7cf_b.jpg,photos/raw/3101607233.jpg,1024,683,frafrance|journey|openbaarvervoer|publictransport|rail|railtravel|tgv|thalys|train|trainjourney|transport|trein,ep074,2023-09-15,synthetic
f_15666288834,15666288834,openverse/flickr,https://live.staticflickr.com/7581/15666288834_e97c9d078b.jpg,photos/raw/15666288834.jpg,500,500,candid|cooking|egg|hibachi|instagramapp|iphoneography|motion|square,ep043,2023-02-07,synthetic
f_98007897,98007897,openverse/flickr,https://live.staticflickr.com/31/98007897_73c70351f4.jpg,photos/raw/98007897.jpg,500,375,family|meirale|mom|tal,ep022,2022-06-19,synthetic
f_8030764369,8030764369,openverse/flickr,https://live.staticflickr.com/8035/8030764369_0ab496e226_b.jpg,photos/raw/8030764369.jpg,1024,819,1stladyofmaryland|judgekatherineomalley|katieomalley|militaryfamiliesdinner,ep133,2025-01-13,synthetic
f_2784583374,2784583374,openverse/flickr,https://live.staticflickr.com/3154/2784583374_338af747a1_b.jpg,photos/raw/2784583374.jpg,1024,581,2008|200808|20080807|bethanybeach|delaware|dinner|dinner20080807|dinner20080807bethanybeachfamilydinner|jgerardsawyer|kimpickett|magnolias|mariasawyer|meal|priscillacornelio|restaurant|sitting,ep041,2023-01-25,synthetic
f_5413615529,5413615529,openverse/flickr,https://live.staticflickr.com/5260/5413615529_f4464d6cee_b.jpg,photos/raw/5413615529.jpg,1024,678,850mmf14|85mmf14|d7000|evening|luckylabrador|night|nikon|oregon|portland|rokinon|usa|winter,ep155,2025-06-28,synthetic
f_4169679542,4169679542,openverse/flickr,https://live.staticflickr.com/2695/4169679542_7927beb63b_b.jpg,photos/raw/4169679542.jpg,1024,576,cletrip09|dinner|family,ep041,2023-01-26,synthetic
f_4259381215,4259381215,openverse/flickr,https://live.staticflickr.com/2740/4259381215_e88fec8d01_b.jpg,photos/raw/4259381215.jpg,462,1023,2008|200808|20080807|allisonsawyer|bethanybeach|carolyn|delaware|dinner|dinner20080807|dinner20080807bethanybeachfamilydinner|jonathansawyer|magnolias|meal|restaurant|samanthasawyer|sitting|smile|smiling|stickingouttongue|tenso|tongue|waving,ep031,2022-10-18,synthetic
f_4572957254,4572957254,openverse/flickr,https://live.staticflickr.com/4048/4572957254_ba5d11c329_b.jpg,photos/raw/4572957254.jpg,1024,713,alabama|antique|frstyfrolkvintagesoutherndinnerfamilyusablackwhitelollarsbirmingham|administration|adult|group|group together|leader|man|many|people|several|wear|woman,ep025,2022-08-04,synthetic
f_6723395569,6723395569,openverse/flickr,https://live.staticflickr.com/7002/6723395569_505a136a76_b.jpg,photos/raw/6723395569.jpg,1024,1024,america|automobile|california|car|chevrolet|chevy|eastbay|emilvillas|neon|restaurant|sanleandro|unitedstates|unitedstatesofamerica|usa,ep087,2024-01-20,synthetic
f_3838591035,3838591035,openverse/flickr,https://live.staticflickr.com/3535/3838591035_5665bdb925_b.jpg,photos/raw/3838591035.jpg,1023,682,arcata|california|dinner|douglasclan|familydinner|jenisue|karaoke|karaokenight|pub|restaurant|sixriversbrewery|woman,ep049,2023-04-13,synthetic
f_2783762877,2783762877,openverse/flickr,https://live.staticflickr.com/3140/2783762877_cb6dea6081_b.jpg,photos/raw/2783762877.jpg,1023,568,2008|200808|20080807|bethanybeach|chasepickett|delaware|dinner|dinner20080807|dinner20080807bethanybeachfamilydinner|jgerardsawyer|kayleepickett|kimpickett|magnolias|meal|restaurant|sitting|smile|smiling,ep031,2022-10-19,synthetic
f_20481051114,20481051114,openverse/flickr,https://live.staticflickr.com/5681/20481051114_ba802782fe_b.jpg,photos/raw/20481051114.jpg,1023,676,austin|eating|longhorn|pioneerfarms|texas|unitedstates|us,ep111,2024-09-04,synthetic
f_4958006056,4958006056,openverse/flickr,https://live.staticflickr.com/4108/4958006056_676b105581_b.jpg,photos/raw/4958006056.jpg,1024,709,2010|201008|20100806|alcohol|allisonsawyer|capecod|clint|comedy|drink|food|franksawyer|funny|funnyface|lobsterclaw|massachusetts|orange|restaurant|royrogers|shirleytemple|vacation|vacationtocapecod|vacationtocapecod2010,ep031,2022-10-18,synthetic
f_5760111268,5760111268,openverse/flickr,https://live.staticflickr.com/5021/5760111268_dafb39d4e9_b.jpg,photos/raw/5760111268.jpg,1024,1024,500x500|groundhogs|woodchucks,ep105,2024-07-20,synthetic
f_3649155456,3649155456,openverse/flickr,https://live.staticflickr.com/3393/3649155456_1ff0ee2aa4_b.jpg,photos/raw/3649155456.jpg,768,1024,dinner|family|khas|sate|senayan|sunday,ep017,2022-05-12,synthetic
f_2784589834,2784589834,openverse/flickr,https://live.staticflickr.com/3076/2784589834_d37d3cbe99_b.jpg,photos/raw/2784589834.jpg,1024,732,2008|200808|20080807|bethanybeach|braiding|braidinghair|carolyn|delaware|dinner|dinner20080807|dinner20080807bethanybeachfamilydinner|hair|isabellapsillidio|magnolias|meal|restaurant|sitting,ep031,2022-10-16,synthetic
f_95456993,95456993,openverse/flickr,https://live.staticflickr.com/42/95456993_5c3691bbd6.jpg,photos/raw/95456993.jpg,500,377,dinner|family|reneemayfamily,ep106,2024-07-27,synthetic
f_2784617998,2784617998,openverse/flickr,https://live.staticflickr.com/3253/2784617998_2e3587b966_b.jpg,photos/raw/2784617998.jpg,1024,570,2008|200808|20080807|allisonsawyer|bethanybeach|carolyn|delaware|dinner|dinner20080807|dinner20080807bethanybeachfamilydinner|jonathansawyer|magnolias|meal|restaurant|samanthasawyer|sitting|smile|smiling|stickingouttongue|waving,ep031,2022-10-16,synthetic
f_4957377155,4957377155,openverse/flickr,https://live.staticflickr.com/4119/4957377155_85a1472a8b_b.jpg,photos/raw/4957377155.jpg,1023,570,2010|201008|20100806|allisonsawyer|capecod|chasepickett|kayleepickett|lobsterclaw|massachusetts|restaurant|sitting|thumbsup|vacation|vacationtocapecod|vacationtocapecod2010,ep031,2022-10-17,synthetic
f_5663134569,5663134569,openverse/flickr,https://live.staticflickr.com/5304/5663134569_3d32d00bf4.jpg,photos/raw/5663134569.jpg,500,261,adult|child|facial expression|furniture|group|indoors|people|room|teacher|woman,ep094,2024-05-10,synthetic
f_27528458496,27528458496,openverse/flickr,https://live.staticflickr.com/7380/27528458496_fcee3e4d93_b.jpg,photos/raw/27528458496.jpg,820,1024,ifttt|instagram,ep112,2024-09-09,synthetic
f_14691414038,14691414038,openverse/flickr,https://live.staticflickr.com/3909/14691414038_d915317726.jpg,photos/raw/14691414038.jpg,500,500,instagramapp|iphoneography|rise|square,ep056,2023-05-18,synthetic
f_5820388792,5820388792,openverse/flickr,https://live.staticflickr.com/2233/5820388792_7ae282a262.jpg,photos/raw/5820388792.jpg,500,500,instagramapp|iphoneography|normal|square,ep022,2022-06-19,synthetic
f_5043485746,5043485746,openverse/flickr,https://live.staticflickr.com/4148/5043485746_c8ded6950d_b.jpg,photos/raw/5043485746.jpg,1024,768,,ep085,2024-01-10,synthetic
f_195928261,195928261,openverse/flickr,https://live.staticflickr.com/75/195928261_134b38187f_b.jpg,photos/raw/195928261.jpg,683,1024,friends|party|steves,ep041,2023-01-26,synthetic
f_8989118907,8989118907,openverse/flickr,https://live.staticflickr.com/8256/8989118907_820f639819.jpg,photos/raw/8989118907.jpg,500,375,cell|mcarls,ep116,2024-10-04,synthetic
f_6672522459,6672522459,openverse/flickr,https://live.staticflickr.com/7026/6672522459_043bc5ef1b_b.jpg,photos/raw/6672522459.jpg,768,1024,phonecam,ep056,2023-05-18,synthetic
f_6672511725,6672511725,openverse/flickr,https://live.staticflickr.com/7172/6672511725_17e2d098f2_b.jpg,photos/raw/6672511725.jpg,768,1024,phonecam,ep056,2023-05-18,synthetic
f_6672518401,6672518401,openverse/flickr,https://live.staticflickr.com/7144/6672518401_a2c6ba2ac4_b.jpg,photos/raw/6672518401.jpg,768,1024,phonecam,ep056,2023-05-18,synthetic
f_6006702414,6006702414,openverse/flickr,https://live.staticflickr.com/6146/6006702414_15ab6cdca5.jpg,photos/raw/6006702414.jpg,500,500,brannan|instagramapp|iphoneography|square,ep022,2022-06-19,synthetic
f_6672515041,6672515041,openverse/flickr,https://live.staticflickr.com/7168/6672515041_85d19c7d8f_b.jpg,photos/raw/6672515041.jpg,768,1024,phonecam,ep019,2022-06-03,synthetic
f_195928264,195928264,openverse/flickr,https://live.staticflickr.com/62/195928264_9a1378c692_b.jpg,photos/raw/195928264.jpg,1024,683,friends|party|steves,ep031,2022-10-19,synthetic
f_195928262,195928262,openverse/flickr,https://live.staticflickr.com/70/195928262_88902f01e7_b.jpg,photos/raw/195928262.jpg,1024,683,friends|party|steves,ep022,2022-06-19,synthetic
f_195928266,195928266,openverse/flickr,https://live.staticflickr.com/57/195928266_c9a4d00ba4_b.jpg,photos/raw/195928266.jpg,1024,683,friends|party|steves,ep022,2022-06-19,synthetic
f_10062351794,10062351794,openverse/flickr,https://live.staticflickr.com/5488/10062351794_a91fa205ce.jpg,photos/raw/10062351794.jpg,500,500,,ep017,2022-05-12,synthetic
f_15659411187,15659411187,openverse/flickr,https://live.staticflickr.com/7558/15659411187_76d3ae33b9_b.jpg,photos/raw/15659411187.jpg,1024,686,,ep049,2023-04-13,synthetic
f_18099464519,18099464519,openverse/flickr,https://live.staticflickr.com/8875/18099464519_f51c55c82e.jpg,photos/raw/18099464519.jpg,500,500,instagramapp|iphoneography|square|adult|facial expression|five|four|furniture|girl|group|group together|man|people|portrait|room|seat|sit|three|wear|woman,ep143,2025-03-29,synthetic
f_7835949440,7835949440,openverse/flickr,https://live.staticflickr.com/8428/7835949440_cd4fc3183e_b.jpg,photos/raw/7835949440.jpg,1024,683,,ep078,2023-12-01,synthetic
f_5046411048,5046411048,openverse/flickr,https://live.staticflickr.com/4151/5046411048_5c2974eb93_b.jpg,photos/raw/5046411048.jpg,1024,803,,ep109,2024-08-19,synthetic
f_195928259,195928259,openverse/flickr,https://live.staticflickr.com/70/195928259_307e2aeb39_b.jpg,photos/raw/195928259.jpg,1024,683,friends|party|steves,ep003,2022-01-15,synthetic
f_150160407,150160407,openverse/flickr,https://live.staticflickr.com/56/150160407_9d6a8da1b3_b.jpg,photos/raw/150160407.jpg,1024,681,cars|downtowndisney|lightningmcqueen|pixar|waltdisneyworld,ep002,2022-01-12,synthetic
f_8241893681,8241893681,openverse/flickr,https://live.staticflickr.com/8200/8241893681_527d4daf18_b.jpg,photos/raw/8241893681.jpg,1023,635,moerakiboulders|newzealand|ratcliff|stuckincustoms|stuckincustomscom|trey|treyratcliff,ep103,2024-07-05,synthetic
f_150160910,150160910,openverse/flickr,https://live.staticflickr.com/50/150160910_1b01b81019_b.jpg,photos/raw/150160910.jpg,1024,681,cars|downtowndisney|pixar|sally|waltdisneyworld,ep174,2025-11-24,synthetic
f_25365338233,25365338233,openverse/flickr,https://live.staticflickr.com/1564/25365338233_778568a7b4_b.jpg,photos/raw/25365338233.jpg,1024,724,2010|black|blue|brown|clouds|color|colour|colouring|d3x|dailyphoto|day|dramatic|february|field|gray|grey|hdr|hdrphoto|hdrphotography|hill|horizontal|landscape|mountain|newzealand|nikon|otago|outdoor|outdoors|outside|p2016|purple|ratcliff|road|rr|south|southisland|straight|stuckincustoms|stuckincustomscom|symmetrical|symmetry|travel|trey|white|yellow,ep176,2025-12-04,synthetic
f_7272216534,7272216534,openverse/flickr,https://live.staticflickr.com/7093/7272216534_5c29419316_b.jpg,photos/raw/7272216534.jpg,1024,683,35|35mm|bagel|bicycle|bike|fixed|fixie|fuji|fujifilm|gear|people|road|trip|xf35mm|xpro|xpro1,ep102,2024-06-29,synthetic
f_15114724336,15114724336,openverse/flickr,https://live.staticflickr.com/3847/15114724336_189eb3e636_b.jpg,photos/raw/15114724336.jpg,1024,682,35mm|iceland|landscape|leak|light|lomo|lomography|nature|road|trip|dawn|landscape|nature|outdoors|road|sky|storm|sunset|travel,ep157,2025-07-11,synthetic
f_18473304589,18473304589,openverse/flickr,https://live.staticflickr.com/528/18473304589_22d6a7fe15_b.jpg,photos/raw/18473304589.jpg,1024,768,road,ep168,2025-09-27,synthetic
f_8687597604,8687597604,openverse/flickr,https://live.staticflickr.com/8393/8687597604_f7b0b05216_b.jpg,photos/raw/8687597604.jpg,1024,1024,abandoned|architecture|arizona|az|broken|burbs|entropy|fallingapart|house|phoenix|phx|road|roadtrip|suburbs|trip|valley|west|westernphoenix|westphoenix|westvalley|industry|vehicle,ep102,2024-06-29,synthetic
f_8687594716,8687594716,openverse/flickr,https://live.staticflickr.com/8266/8687594716_cf8a035ff3_b.jpg,photos/raw/8687594716.jpg,1024,1024,abandoned|architecture|arizona|az|broken|burbs|entropy|fallingapart|house|phoenix|phx|road|roadtrip|suburbs|trip|valley|west|westernphoenix|westphoenix|westvalley|family|old|travel,ep089,2024-03-20,synthetic
f_8686480427,8686480427,openverse/flickr,https://live.staticflickr.com/8394/8686480427_8cc88fca07_b.jpg,photos/raw/8686480427.jpg,1024,683,arizona|az|burbs|phoenix|phx|road|roadtrip|suburbs|trip|valley|west|westernphoenix|westphoenix|westvalley|architecture|building|family|home|house|window,ep074,2023-09-18,synthetic
f_4719794652,4719794652,openverse/flickr,https://live.staticflickr.com/4024/4719794652_b92c5da8d9_b.jpg,photos/raw/4719794652.jpg,1024,957,120|kodakportra160vc2|litchfieldcountyct|motion|pinhole|pinholingwhiledriving|roadtrip|route7|vwjettatdi|zero2000|zeroimage|asphalt|blur|car|dawn|dusk|evening|fast|highway|landscape|light|nature|road|sky|storm|street|sun|sunset|transportation system|travel,ep087,2024-01-22,synthetic
f_35616851543,35616851543,openverse/flickr,https://live.staticflickr.com/4433/35616851543_d4def5bf46_b.jpg,photos/raw/35616851543.jpg,1023,637,2017|bc|bigorangebridge|bigorangebridgenelson|bob|bridge|bridgedeck|bridgenelson|canada|cans2s|cropped|curb|highway|motorcycle|nelson|nelsonbc|nelsonbigorangebridge|nelsonbridge|nikon|nikond750|nikonfx|railing|railings|road|roadway|sidewalk|street|streetscene|tedmcgrath|tedsphotos|vignetting|yellowline,ep089,2024-03-17,synthetic
f_128485006,128485006,openverse/flickr,https://live.staticflickr.com/51/128485006_437cd3f3c1.jpg,photos/raw/128485006.jpg,499,333,road|trip|virginia,ep168,2025-09-28,synthetic
f_8686098361,8686098361,openverse/flickr,https://live.staticflickr.com/8113/8686098361_8ed15e5478_b.jpg,photos/raw/8686098361.jpg,683,1023,arizona|az|burbs|composition|downtown|phoenix|phx|road|roadtrip|suburbs|trip|valley|west|westernphoenix|westphoenix|westvalley|architecture|building|door|exterior|facade|family|house|old|wall|window,ep102,2024-06-29,synthetic
f_9611180158,9611180158,openverse/flickr,https://live.staticflickr.com/7439/9611180158_c67cffae83_b.jpg,photos/raw/9611180158.jpg,1024,683,dixienationalforest|hdr|jamesmarvinphelps|jmpphotography|mandj98|oldcar|photography|redcanyon|road|sevierriver|southwest|utah,ep160,2025-07-25,synthetic
f_14768515053,14768515053,openverse/flickr,https://live.staticflickr.com/5576/14768515053_714b54cac9_b.jpg,photos/raw/14768515053.jpg,1024,683,sigmadp2quattro|thart2009|tomhart|trybeforeyoubuy|equipment|technology,ep139,2025-02-28,synthetic
f_1427896994,1427896994,openverse/flickr,https://live.staticflickr.com/1397/1427896994_e6150d775e_b.jpg,photos/raw/1427896994.jpg,1024,833,2007|autumn|car|d200|dirt|driving|fall|flickr|geotag|geotagged|holiday|journey|mirror|newzealand|nikon|nikond200|photo|photos|pic|picture|randomtravelerssociety|reflect|reflection|roadtrip|rts|september|travel|trip|vacation|wikipedia|yahoo|year2007|blur|car|daylight|exploration|fair weather|glass|landscape|lens|mirror|nature|one|outdoors|reflection|summer|sun|transportation system|travel|vehicle|zoom,ep154,2025-06-16,synthetic
f_14975700576,14975700576,openverse/flickr,https://live.staticflickr.com/5568/14975700576_0d5a57e71e_b.jpg,photos/raw/14975700576.jpg,1024,683,1750mm|america|american|bokeh|child|children|color|d7100|f28|hsm|kids|lens|light|natural|nikon|os|outdoor|people|pictures|portrait|portraits|road|sigma|states|trip|united|usa|zoom,ep107,2024-08-05,synthetic
f_4558695284,4558695284,openverse/flickr,https://live.staticflickr.com/3337/4558695284_b72e34b560_b.jpg,photos/raw/4558695284.jpg,1024,518,april23242010|cbsp|coloradobendstatepark|gormanfalls|nikond200|panorama|photoshop|road|texas|trip,ep157,2025-07-09,synthetic
f_28004229516,28004229516,openverse/flickr,https://live.staticflickr.com/7321/28004229516_7c204749b9_b.jpg,photos/raw/28004229516.jpg,1024,684,2016|alberta|cans2s|clouds|crimsonlake|crimsonlakealberta|cropped|lake|nikon|nikond750|nikonfx|reflection|tedmcgrath|tedsphotos|vignetting|water|waterreflection,ep161,2025-08-06,synthetic
f_624359804,624359804,openverse/flickr,https://live.staticflickr.com/1292/624359804_4f87f0f909_b.jpg,photos/raw/624359804.jpg,685,1024,dog|dogs|friends|georgia|pets|puppies|puppy|street|truffle,ep105,2024-07-20,synthetic
f_2327896471,2327896471,openverse/flickr,https://live.staticflickr.com/3052/2327896471_44fbb4d2ab_b.jpg,photos/raw/2327896471.jpg,1023,685,arc|corollatimoglock|f1|formula1timoglock|nealebates|rally|timoglock|toyota,ep001,2022-01-05,synthetic
f_2328713370,2328713370,openverse/flickr,https://live.staticflickr.com/2026/2328713370_6673419759_b.jpg,photos/raw/2328713370.jpg,1023,685,arc|corollatimoglock|f1|formula1timoglock|nealebates|rally|timoglock|toyota,ep047,2023-04-01,synthetic
f_14170522311,14170522311,openverse/flickr,https://live.staticflickr.com/2922/14170522311_6f93cbdd8b_b.jpg,photos/raw/14170522311.jpg,1024,678,d7000|delaware|lewes|unitedstates,ep168,2025-09-28,synthetic
f_34247658326,34247658326,openverse/flickr,https://live.staticflickr.com/2867/34247658326_238ca5dfaa_b.jpg,photos/raw/34247658326.jpg,680,1024,2017|april|blackwhite|day|italy|montepulciano|street|sunny|tuscany|vacation|warm,ep126,2024-12-13,synthetic
f_28143569601,28143569601,openverse/flickr,https://live.staticflickr.com/8707/28143569601_4bbb59ca99_b.jpg,photos/raw/28143569601.jpg,1024,574,cars|copenhagen|driving|hansknudsensplads|mobile|sky|sunset,ep162,2025-08-14,synthetic
f_2328714848,2328714848,openverse/flickr,https://live.staticflickr.com/2178/2328714848_8ed382a38d_b.jpg,photos/raw/2328714848.jpg,1023,685,arc|corollatimoglock|f1|formula1timoglock|nealebates|rally|timoglock|toyota,ep001,2022-01-06,synthetic
f_5393466718,5393466718,openverse/flickr,https://live.staticflickr.com/5254/5393466718_3ea5142580_b.jpg,photos/raw/5393466718.jpg,1024,678,,ep089,2024-03-21,synthetic
f_22552000343,22552000343,openverse/flickr,https://live.staticflickr.com/580/22552000343_2624a19eaf_b.jpg,photos/raw/22552000343.jpg,1024,684,clocktower|herbiekohler|kohler|kohlercompany|kohlerstrike|olb|overpasslightbrigade|strike|uaw|uawlocal833|union|unionpower|watertowers|wisconsin,ep158,2025-07-16,synthetic
f_4691058420,4691058420,openverse/flickr,https://live.staticflickr.com/4067/4691058420_a221785b23.jpg,photos/raw/4691058420.jpg,500,401,imlsdcc|shoreline|unitedstates|washingtonstate|calamity|campsite|flood|home|house|people|water,ep068,2023-08-11,synthetic
f_331578016,331578016,openverse/flickr,https://live.staticflickr.com/155/331578016_6d9b0c9a08_b.jpg,photos/raw/331578016.jpg,1024,683,alberta|canada|city|edmonton|lights|mastermaq|night|skyline,ep168,2025-09-24,synthetic
f_49637840738,49637840738,openverse/flickr,https://live.staticflickr.com/65535/49637840738_693067ef06_b.jpg,photos/raw/49637840738.jpg,867,1024,car|daily|drive|for|his|tom|waits,ep069,2023-08-16,synthetic
f_5724134979,5724134979,openverse/flickr,https://live.staticflickr.com/5097/5724134979_7aab024d15_b.jpg,photos/raw/5724134979.jpg,1024,571,boat|car|driving|paris|seineriver|boat|building|calamity|city|flood|outdoors|ship|tourism|transportation system|travel|urban|vehicle|water|watercraft,ep168,2025-09-24,synthetic
f_4690411459,4690411459,openverse/flickr,https://live.staticflickr.com/4003/4690411459_97f722dbc1.jpg,photos/raw/4690411459.jpg,500,349,imlsdcc|lakeforestpark|unitedstates|washingtonstate,ep159,2025-07-19,synthetic
f_2328716428,2328716428,openverse/flickr,https://live.staticflickr.com/3075/2328716428_576f6571f3_b.jpg,photos/raw/2328716428.jpg,1023,685,arc|corollatimoglock|f1|formula1timoglock|nealebates|rally|timoglock|toyota,ep001,2022-01-05,synthetic
f_4726915738,4726915738,openverse/flickr,https://live.staticflickr.com/1414/4726915738_5c9e1e1839_b.jpg,photos/raw/4726915738.jpg,1024,1024,,ep074,2023-09-18,synthetic
f_3401624385,3401624385,openverse/flickr,https://live.staticflickr.com/3419/3401624385_b45bae39e2_b.jpg,photos/raw/3401624385.jpg,1024,768,2009|200903|20090327|alexandria|car|clintandcarolynshouse|driving|frontyard|newcameratest|newcameratest20090327|street|vehicle|virginia|yard,ep053,2023-05-03,synthetic
f_9428631325,9428631325,openverse/flickr,https://live.staticflickr.com/2880/9428631325_a85e6bc425_b.jpg,photos/raw/9428631325.jpg,1023,685,circus|monifieth|scotland|uk|zippos,ep089,2024-03-15,synthetic
f_2328716298,2328716298,openverse/flickr,https://live.staticflickr.com/3115/2328716298_1b1bfdf904_b.jpg,photos/raw/2328716298.jpg,1023,685,arc|corollatimoglock|f1|formula1timoglock|nealebates|rally|timoglock|toyota|action|car|championship|competition|dust|endurance|hurry|race|racer|road|soil|track|vehicle,ep001,2022-01-05,synthetic
f_9442835219,9442835219,openverse/flickr,https://live.staticflickr.com/5502/9442835219_5c46ddb673_b.jpg,photos/raw/9442835219.jpg,1023,680,371productions|bevisible|bradlichtenstein|holdersofthelight|ledlights|milwaukee|occupyriverwest|olb|overpasslightbrigade|plannedparenthood|prochoice|reproductiverights|wisconsin|women,ep154,2025-06-21,synthetic
f_6542592269,6542592269,openverse/flickr,https://live.staticflickr.com/7005/6542592269_37d07abc43_b.jpg,photos/raw/6542592269.jpg,1023,948,book|bookshelf|fiction|paperback|science|book|book bindings|bookcase|bookstore|college|cover|education|hardcover|intensity|knowledge|library|literature|school|shelf|stacks|study|succession,ep102,2024-06-27,synthetic
f_3180693014,3180693014,openverse/flickr,https://live.staticflickr.com/3445/3180693014_0bb7b194af_b.jpg,photos/raw/3180693014.jpg,1023,685,abandoned|abandonedphotography|beirut|creativecommons|infiltration|trespassing|urbandecay|urbanexploring|urbex|wood,ep102,2024-06-26,synthetic
f_1357334604,1357334604,openverse/flickr,https://live.staticflickr.com/1001/1357334604_5b3e40b372.jpg,photos/raw/1357334604.jpg,500,333,books|ironingboard|powdercoating|red|business|indoors,ep036,2022-12-11,synthetic
f_2382179561,2382179561,openverse/flickr,https://live.staticflickr.com/2321/2382179561_e4f79bd41d_b.jpg,photos/raw/2382179561.jpg,1023,362,books|bookshelf|book|book bindings|bookcase|bookstore|education|facts|hardcover|knowledge|library|literature|order|page|pile|research|school|shelf|study|succession|university|wisdom,ep004,2022-01-22,synthetic
f_4147698924,4147698924,openverse/flickr,https://live.staticflickr.com/2756/4147698924_5ed03cccf2_b.jpg,photos/raw/4147698924.jpg,1024,683,books|bookshelf|classical|latin|loeb|oct|ovid|oxford|petronius|tacitus|texts|vergil|book|book bindings|bookcase|bookstore|college|education|facts|hardcover|knowledge|library|literature|page|research|school|shelf|study|textbook|university|wisdom,ep004,2022-01-20,synthetic
f_10880254063,10880254063,openverse/flickr,https://live.staticflickr.com/3824/10880254063_fa640fbf6e_b.jpg,photos/raw/10880254063.jpg,682,1024,bookshelf|galileo|nikkor3580mm1456|nikond70,ep101,2024-06-20,synthetic
f_85598840,85598840,openverse/flickr,https://live.staticflickr.com/41/85598840_af6150d280.jpg,photos/raw/85598840.jpg,500,375,apartment|bookshelf|cameraphone|shozu,ep016,2022-04-22,synthetic
f_133552712,133552712,openverse/flickr,https://live.staticflickr.com/52/133552712_84bdbb7755_b.jpg,photos/raw/133552712.jpg,769,1023,bookshelf|bookshelfmeme|ikeashelving,ep004,2022-01-22,synthetic
f_433303454,433303454,openverse/flickr,https://live.staticflickr.com/176/433303454_d7a63d0c35_b.jpg,photos/raw/433303454.jpg,768,1024,books|bookshelf|home,ep016,2022-04-20,synthetic
f_6830922098,6830922098,openverse/flickr,https://live.staticflickr.com/7051/6830922098_b7a38be734_b.jpg,photos/raw/6830922098.jpg,768,1024,books|bookshelf|library|bookcase|business|education|order|paper|shelf,ep016,2022-04-23,synthetic
f_3269442687,3269442687,openverse/flickr,https://live.staticflickr.com/3371/3269442687_1922106338_b.jpg,photos/raw/3269442687.jpg,1024,768,books|bookshelf|project365,ep082,2023-12-28,synthetic
f_4446315978,4446315978,openverse/flickr,https://live.staticflickr.com/2428/4446315978_a41928ccce_b.jpg,photos/raw/4446315978.jpg,1023,685,bookcase|books|dd|rpg|wilwheaton,ep081,2023-12-20,synthetic
f_16622544583,16622544583,openverse/flickr,https://live.staticflickr.com/8817/16622544583_e446fa3049_b.jpg,photos/raw/16622544583.jpg,1024,680,abdellah|abdellahtaïa|abdellahtau00efa|dertagdeskönigs|dertagdesku00f6nigs|dievertreibungausdemserail|dvd|georgklauda|infidèles|infidu00e8les|korayyilmazgu00fcnay|korayyilmazgünay|kungensdag|larméedusalut|larmu00e9edusalut|mélancoliearabe|mu00e9lancoliearabe|muslimeversusschwule|rougetarbouche|salvationarmy|taherbenjelloun|taïa|tau00efa|u0627u0644u0643u064fu0641u0627u0631|u0639u0628u062fu0627u0644u0644u0647u0627u0644u0637u0627u064au0639|u064au0648u0645u0627u0644u0645u0644u0643|unpayspourmourir|الكُفار|عبداللهالطايع|يومالملك,ep144,2025-04-02,synthetic
f_18008661489,18008661489,openverse/flickr,https://live.staticflickr.com/7743/18008661489_19813edf96_b.jpg,photos/raw/18008661489.jpg,1024,683,collaboration|design|groote|hospital|innovation|interior|meeting|office|schuur|staff|work|workplace|achievement|aid|business|finance|internet|money|paper|security,ep158,2025-07-16,synthetic
f_3243570243,3243570243,openverse/flickr,https://live.staticflickr.com/3310/3243570243_f0c5361d22_b.jpg,photos/raw/3243570243.jpg,1023,776,actionfigure|harpomarx,ep055,2023-05-12,synthetic
f_3290116025,3290116025,openverse/flickr,https://live.staticflickr.com/3515/3290116025_d2f9a8995f_b.jpg,photos/raw/3290116025.jpg,683,1024,book|bookshelf|sigma30mmf14|wood,ep004,2022-01-21,synthetic
f_337114196,337114196,openverse/flickr,https://live.staticflickr.com/124/337114196_5f01273945_b.jpg,photos/raw/337114196.jpg,1024,768,books|bookshelf|mundane|psychoanalyticalbookshop,ep004,2022-01-20,synthetic
f_5395595533,5395595533,openverse/flickr,https://live.staticflickr.com/5220/5395595533_278b7c7302_b.jpg,photos/raw/5395595533.jpg,1024,680,apartment|bookshelf|karell|modern,ep063,2023-07-19,synthetic
f_4147699992,4147699992,openverse/flickr,https://live.staticflickr.com/2762/4147699992_23ac4fb545_b.jpg,photos/raw/4147699992.jpg,1024,683,books|bookshelf|greek,ep004,2022-01-20,synthetic
f_506151726,506151726,openverse/flickr,https://live.staticflickr.com/204/506151726_986a01bb88.jpg,photos/raw/506151726.jpg,500,375,2007|books|bookshelf|chezniqui|home|storage,ep016,2022-04-21,synthetic
f_5166505058,5166505058,openverse/flickr,https://live.staticflickr.com/4133/5166505058_9cb5832a5d_b.jpg,photos/raw/5166505058.jpg,1024,649,classics|dot|motorbikes|motorcycles|trials|villiers,ep047,2023-04-03,synthetic
f_344717006,344717006,openverse/flickr,https://live.staticflickr.com/128/344717006_8a0d932778.jpg,photos/raw/344717006.jpg,500,375,accident|californiahighwaypatrol|chp|crash|fatal|homicide|losangelescountyfiredepartment|motorcycle|murder|reckless|trafficcollision,ep089,2024-03-15,synthetic
f_2413502791,2413502791,openverse/flickr,https://live.staticflickr.com/2176/2413502791_879faee9af.jpg,photos/raw/2413502791.jpg,493,493,10000views|15000views|48cylinder|custom|motorcycle|oddity|simonwhitlock,ep047,2023-04-03,synthetic
f_7427997786,7427997786,openverse/flickr,https://live.staticflickr.com/7126/7427997786_369e57c3ee_b.jpg,photos/raw/7427997786.jpg,1024,678,blinkagain|motorcycle|norton|thegalaxy|u03bcu03b7u03c7u03b1u03bdu03ae|u03bcu03bfu03c4u03bfu03c3u03c5u03bau03bbu03adu03c4u03b1|μηχανή|μοτοσυκλέτα,ep047,2023-04-02,synthetic
f_148166171,148166171,openverse/flickr,https://live.staticflickr.com/48/148166171_fcf1df262b.jpg,photos/raw/148166171.jpg,491,500,blackand|dok1|motorcycles|wellstonohio|white,ep155,2025-06-29,synthetic
f_2176087215,2176087215,openverse/flickr,https://live.staticflickr.com/2009/2176087215_18ed66cabc_b.jpg,photos/raw/2176087215.jpg,800,942,illustration|motorcycle|whiteboard|art|chalk out|graphic|heart|illustration|shot|sketchy|vector,ep055,2023-05-10,synthetic
f_29210608075,29210608075,openverse/flickr,https://live.staticflickr.com/8045/29210608075_c5c55b5a5b_b.jpg,photos/raw/29210608075.jpg,1023,683,2013custommotorcycle|2016hotnightscoolridescarshow|airbrush|americanmotorvehicle|automotivephotography|awesome|beautiful|bike|carshow|carshowphotography|carstrobing|carstrobist|chopper|classiccarshow|cool|customchopper|custommotorcycle|forestcity|forestcitynorthcarolina|geotagged|greenmotorcycle|hotnightscoolridescarshow|motoramicpics|motorbike|motorcycle|motorcyclestrobing|nikon2470|nikond800|northcarolina|rutherfordcounty|rutherfordcountync|rutherfordcountynorthcarolina|strobe|strobephotography|strobing|strobist|stunning|tire|unitedstates|usa|vehicle|vehiclestrobing|vehiclestrobist|véhicule|vehículo|vehu00edculo|veh\xedculo|voiture|vu00e9hicule|v\xe9hicule|westernnorthcarolina|wheel|wheels|wnc,ep057,2023-05-26,synthetic
f_6139511528,6139511528,openverse/flickr,https://live.staticflickr.com/6066/6139511528_91b02c8862_b.jpg,photos/raw/6139511528.jpg,1024,658,motorcycle,ep089,2024-03-17,synthetic
f_15233368842,15233368842,openverse/flickr,https://live.staticflickr.com/3924/15233368842_794d2cc430_b.jpg,photos/raw/15233368842.jpg,1024,683,cloud|d7100|japan|kotoku|motorcycle|sky|tokinaatx1228prodx|tokyo|tokyogatebridge|wakasu,ep155,2025-06-29,synthetic
f_2576476731,2576476731,openverse/flickr,https://live.staticflickr.com/3035/2576476731_5841c68fae_b.jpg,photos/raw/2576476731.jpg,1024,681,d300|highiso|motorcycles|bike|car|competition|drive|exhibition|race|track|transportation system|vehicle|wheel,ep057,2023-05-26,synthetic
f_7153914565,7153914565,openverse/flickr,https://live.staticflickr.com/7196/7153914565_1ccc6e9136_b.jpg,photos/raw/7153914565.jpg,1024,683,motorcycle|one|wheeling|bike|drive|driver|hurry|race|tournament|track,ep155,2025-06-27,synthetic
f_14380165936,14380165936,openverse/flickr,https://live.staticflickr.com/3925/14380165936_8eabf9351c_b.jpg,photos/raw/14380165936.jpg,1024,768,aprilia|bmv|buell|cagiva|daytona|driver|ducati|honda|husqvarna|kawasaki|ktm|leathers|motoguzzi|motorcycle|simson|suzuki|triumph|yamaha,ep155,2025-06-29,synthetic
f_14527258573,14527258573,openverse/flickr,https://live.staticflickr.com/5493/14527258573_20ece5a8c0_b.jpg,photos/raw/14527258573.jpg,1024,768,aprilia|bmv|buell|cagiva|daytona|driver|ducati|honda|husqvarna|kawasaki|ktm|leathers|motoguzzi|motorcycle|simson|suzuki|triumph|yamaha,ep128,2024-12-24,synthetic
f_14654389363,14654389363,openverse/flickr,https://live.staticflickr.com/5586/14654389363_5a7c860348_b.jpg,photos/raw/14654389363.jpg,1023,713,aprilia|bmv|buell|cagiva|daytona|driver|ducati|honda|husqvarna|kawasaki|ktm|leathers|motoguzzi|motorcycle|simson|suzuki|triumph|yamaha,ep155,2025-06-30,synthetic
f_14170679470,14170679470,openverse/flickr,https://live.staticflickr.com/2896/14170679470_e6ff4d42e8_b.jpg,photos/raw/14170679470.jpg,1024,548,aprilia|banknotes|bmv|buell|cagiva|daytona|driver|ducati|honda|husqvarna|kawasaki|ktm|leathers|motoguzzi|motorcycle|simson|suzuki|triumph|yamaha,ep132,2025-01-08,synthetic
f_13595359965,13595359965,openverse/flickr,https://live.staticflickr.com/7304/13595359965_9710319d3d_b.jpg,photos/raw/13595359965.jpg,1024,574,100€|100u20ac|aprilia|banknotes|bmv|buell|cagiva|daytona|driver|ducati|honda|husqvarna|kawasaki|ktm|leathers|motoguzzi|motorcycle|simson|suzuki|triumph|yamaha,ep128,2024-12-24,synthetic
f_6062978142,6062978142,openverse/flickr,https://live.staticflickr.com/6067/6062978142_3ba93b1886_b.jpg,photos/raw/6062978142.jpg,1024,768,12birminghamstreetoldbury|14birminghamstreetoldbury|16birminghamstreetoldbury|abrahamhartill|aharthillmotorcycles|ahartillsons|apreedyandsons|apreedyandsonsltd|bicycles|blackcountry|blackcountrylivingmuseum|blackcountrymuseum|buildersu2019merchants|dudley|england|greatbritain|hartills|hartillsmotorcycleshop|highclassgrates|humphreybros|humphreybrothers|independenttobacconists|isleofmanttriders|josephandwilliamhumphrey|motorcycledealers|mountpleasantbilston|oldbirminghamrd|oldbirminghamroad|secondhandmotorcycles|socialandindustrialheritage|tiptonrd|unitedkingdom|westmidlands|architecture|city|commerce|horizontal plane|outdoors|pavement|road|stock|street|town|travel,ep136,2025-02-08,synthetic
f_14082449743,14082449743,openverse/flickr,https://live.staticflickr.com/5489/14082449743_641121ac4d_b.jpg,photos/raw/14082449743.jpg,1023,689,35mm|film|gold100|housingcomplex|japan|kodak|kodakgold100|motorcycle|sa9|sigma|sigma3514|sigma3514art|sigma35mm|sigma35mmart|sigma35mmf14|sigma35mmf14art|sigmasa9|u660eu821eu56e3u5730|yamaha|明舞団地,ep155,2025-06-29,synthetic
f_2921859466,2921859466,openverse/flickr,https://live.staticflickr.com/3023/2921859466_731b4296b6_b.jpg,photos/raw/2921859466.jpg,1024,768,motorcycle|tiltshift,ep128,2024-12-24,synthetic
f_3108274,3108274,openverse/flickr,https://live.staticflickr.com/2/3108274_c008f156f1_b.jpg,photos/raw/3108274.jpg,1024,768,bike|british|engine|engineering|machinary|motorbike|motorcycle|run|triumph|vintage|wheels|bike|people|transportation system|vehicle|wheel,ep057,2023-05-23,synthetic
f_8111834164,8111834164,openverse/flickr,https://live.staticflickr.com/8054/8111834164_053912a596_b.jpg,photos/raw/8111834164.jpg,1023,685,authentic|food|israel|morrocan|oriental,ep123,2024-11-27,synthetic
f_8111839744,8111839744,openverse/flickr,https://live.staticflickr.com/8051/8111839744_ba1004e4b8_b.jpg,photos/raw/8111839744.jpg,1023,685,authentic|food|israel|morrocan|oriental,ep084,2024-01-07,synthetic
f_8111843666,8111843666,openverse/flickr,https://live.staticflickr.com/8469/8111843666_3289b4d8fe_b.jpg,photos/raw/8111843666.jpg,1023,685,authentic|food|israel|italian|pizza,ep125,2024-12-08,synthetic
f_3883332177,3883332177,openverse/flickr,https://live.staticflickr.com/2546/3883332177_7547e1e0eb_b.jpg,photos/raw/3883332177.jpg,1023,798,omino71,ep030,2022-10-09,synthetic
f_8111841058,8111841058,openverse/flickr,https://live.staticflickr.com/8194/8111841058_934f8e22d8_b.jpg,photos/raw/8111841058.jpg,1023,685,authentic|burger|food|israel,ep125,2024-12-07,synthetic
f_8111831521,8111831521,openverse/flickr,https://live.staticflickr.com/8047/8111831521_d339a8e21c_b.jpg,photos/raw/8111831521.jpg,1023,685,authentic|food|israel|morrocan|oriental,ep123,2024-11-27,synthetic
f_8484619644,8484619644,openverse/flickr,https://live.staticflickr.com/8085/8484619644_92305343c5_b.jpg,photos/raw/8484619644.jpg,1024,683,girl|hanoi|night|streetfood|vietnam|adult|booth|city|commerce|festival|food|group|grow|man|market|merchant|people|restaurant|sell|shopping|stall|stock|street|wear|woman,ep125,2024-12-07,synthetic
f_27589192139,27589192139,openverse/flickr,https://live.staticflickr.com/4633/27589192139_f04e29a2ea_b.jpg,photos/raw/27589192139.jpg,1024,769,anjapietsch|apeach|beijing|china|dashilar|lumix|m43|mft|micro43|microfourthird|olympusm918mm|panasonic|panasoniclumixg3|street|streetfood|travel,ep125,2024-12-07,synthetic
f_43671814494,43671814494,openverse/flickr,https://live.staticflickr.com/1885/43671814494_3c7f963ac8_b.jpg,photos/raw/43671814494.jpg,1023,992,asiafavorites|candid|china|eating|food|girl|happyplanet|outdoor|portrait|street|streetfood|streetphotography|traditional|yunnan,ep110,2024-08-23,synthetic
f_3748116243,3748116243,openverse/flickr,https://live.staticflickr.com/2497/3748116243_9dfb2ceb0d.jpg,photos/raw/3748116243.jpg,500,375,omino71|romastreetfood|streetart|streetfood,ep055,2023-05-10,synthetic
f_33727652076,33727652076,openverse/flickr,https://live.staticflickr.com/3789/33727652076_f26cec2c81_b.jpg,photos/raw/33727652076.jpg,1024,872,burma|holidays|lightroom|myanmar|onestoptraveltours|streetfood|streetscapes|topazlabs|yangon,ep125,2024-12-07,synthetic
f_6590410833,6590410833,openverse/flickr,https://live.staticflickr.com/7171/6590410833_53b370625a_b.jpg,photos/raw/6590410833.jpg,1024,686,beef|chayen|drink|food|glassnoodle|icedtea|kaogaeng|kaogaengthai|mungbeannoodle|namtok|namtokboatnoodles|namtoknoodles|noodle|pork|sausage|soup|springvale|springvalevic|stirfry|streetfood|sukiyaki|thaifood|thaiicedtea|thaisausage|thaistreetfood|thaisukiyaki|vic|waterfallnoodles,ep121,2024-11-05,synthetic
f_16292992417,16292992417,openverse/flickr,https://live.staticflickr.com/7409/16292992417_61d4e20705_b.jpg,photos/raw/16292992417.jpg,1024,683,canon|delicious|food|myanmar|rangoon|street|yangon,ep084,2024-01-07,synthetic
f_6444787265,6444787265,openverse/flickr,https://live.staticflickr.com/7142/6444787265_848fb46b8d_b.jpg,photos/raw/6444787265.jpg,1024,683,food|india|jaipur|street,ep123,2024-11-28,synthetic
f_24945140388,24945140388,openverse/flickr,https://live.staticflickr.com/4573/24945140388_bccecafe8d_b.jpg,photos/raw/24945140388.jpg,1024,585,2017|ballcap|bicycle|bike|cart|cropped|dents|fat|gear|guadalajara|guadalajarajalisco|guadalajaramexico|helmut|males|men|mexico|motorcycle|nikon|nikond750|nikonfx|people|peopleandpaths|pose|posing|riders|riding|spokes|street|streetscene|tedmcgrath|tedsphotos|tedsphotosmexico|teeth|thumsup|vignetting|wheel|wheels,ep117,2024-10-11,synthetic
f_4427926296,4427926296,openverse/flickr,https://live.staticflickr.com/2700/4427926296_e57dcb4854_b.jpg,photos/raw/4427926296.jpg,1024,685,byt|colors|india|objects|people|adult|burn|chef|cooking|cookware|flame|food|heat|hot|kitchenware|meal|meat|one|oven|pan|people|preparation|restaurant|smoke|stove,ep110,2024-08-23,synthetic
f_7113967189,7113967189,openverse/flickr,https://live.staticflickr.com/5191/7113967189_04cd50da61_b.jpg,photos/raw/7113967189.jpg,1024,577,2012|chiangmai|food|nikon|outdoor|p300|stall|thailand|bargain|booth|city|commerce|food|grow|local|market|marketplace|merchandise|merchant|people|sale|sell|shop|shopping|stall|stock|street|supermarket,ep125,2024-12-07,synthetic
f_3509714739,3509714739,openverse/flickr,https://live.staticflickr.com/3651/3509714739_f755ecf38c_b.jpg,photos/raw/3509714739.jpg,1024,768,food|geotagged|kualalumpur|malaysia|market|stalls,ep125,2024-12-05,synthetic
f_8111828215,8111828215,openverse/flickr,https://live.staticflickr.com/8471/8111828215_35763a3609_b.jpg,photos/raw/8111828215.jpg,1023,685,authentic|food|israel|spices,ep123,2024-11-27,synthetic
f_22827190459,22827190459,openverse/flickr,https://live.staticflickr.com/5798/22827190459_578fb715c6_b.jpg,photos/raw/22827190459.jpg,1023,627,carts|food|oregon|portland|street,ep087,2024-01-22,synthetic
f_8367052865,8367052865,openverse/flickr,https://live.staticflickr.com/8470/8367052865_380eddc2ae_b.jpg,photos/raw/8367052865.jpg,1024,653,georgia|motels|postcards|restaurants|tichnorbrothers|architecture|car|horizontal plane|outdoors|road|signal|street|transportation system|travel,ep113,2024-09-17,synthetic
f_2522537498,2522537498,openverse/flickr,https://live.staticflickr.com/2070/2522537498_e0da2f89f3_b.jpg,photos/raw/2522537498.jpg,1024,768,architecture|building|car|city|daylight|home|house|outdoors|pavement|street|travel,ep168,2025-09-26,synthetic
f_15324058364,15324058364,openverse/flickr,https://live.staticflickr.com/8578/15324058364_ba56d64d1b_b.jpg,photos/raw/15324058364.jpg,1024,768,2014|bavette|berlin|bolognese|champignon|feldsalat|gurken|hönow|hu00f6now|knofi|lunch|mittagessen|möhrchen|mu00f6hrchen|november|paprika|parmesan|sonnenblumenkerne|spaghetti|tofu|tomaten|zwiebel,ep084,2024-01-07,synthetic
f_16475314418,16475314418,openverse/flickr,https://live.staticflickr.com/8635/16475314418_e4db0e41a4.jpg,photos/raw/16475314418.jpg,500,500,instagramapp|iphoneography|square,ep112,2024-09-07,synthetic
f_8521795496,8521795496,openverse/flickr,https://live.staticflickr.com/8531/8521795496_b0aebfb2a8_b.jpg,photos/raw/8521795496.jpg,1024,771,beef|homecooked|macro|steak|tataki,ep121,2024-11-06,synthetic
f_6104677542,6104677542,openverse/flickr,https://live.staticflickr.com/6081/6104677542_270f34bd70_b.jpg,photos/raw/6104677542.jpg,1024,861,amyspizza|pizza,ep084,2024-01-07,synthetic
f_6839328722,6839328722,openverse/flickr,https://live.staticflickr.com/7189/6839328722_1bdec24af1_b.jpg,photos/raw/6839328722.jpg,647,1024,postcards|texas|tichnorbrothers,ep095,2024-05-13,synthetic
f_6985450013,6985450013,openverse/flickr,https://live.staticflickr.com/7186/6985450013_486529d292_b.jpg,photos/raw/6985450013.jpg,652,1024,postcards|texas|tichnorbrothers,ep023,2022-06-28,synthetic
f_7762210134,7762210134,openverse/flickr,https://live.staticflickr.com/8423/7762210134_2f5751326f_b.jpg,photos/raw/7762210134.jpg,1024,768,centennial|chuckwagoncooking|fws|nationalelkrefuge|nationalwildliferefugesystem|nature|outdoors|usfishandwildlifeservice|usfws|wildlife|daylight|house|outdoors|people|tent,ep112,2024-09-12,synthetic
f_6358719885,6358719885,openverse/flickr,https://live.staticflickr.com/6120/6358719885_9b2afd143b_b.jpg,photos/raw/6358719885.jpg,1024,768,arts|cooking|culinary|food|home,ep027,2022-09-07,synthetic
f_3151352022,3151352022,openverse/flickr,https://live.staticflickr.com/3117/3151352022_c14a85595d_b.jpg,photos/raw/3151352022.jpg,1024,768,cajuncooking|chicken|food|jambalaya|louisiana|sausage|shenandoah|unitedstates,ep084,2024-01-06,synthetic
f_376350909,376350909,openverse/flickr,https://live.staticflickr.com/178/376350909_2e06a2ffc7_b.jpg,photos/raw/376350909.jpg,1024,768,beef|deutschland|dinner|eat|food|germany|meal|noodles|redwine|salad|subsistence|table|wine,ep027,2022-09-07,synthetic
f_11919129556,11919129556,openverse/flickr,https://live.staticflickr.com/2894/11919129556_f5b5c7bb4d_b.jpg,photos/raw/11919129556.jpg,1024,711,davemeyer|taos|trailer,ep089,2024-03-20,synthetic
f_48057016097,48057016097,openverse/flickr,https://live.staticflickr.com/65535/48057016097_83ca4a9f91_b.jpg,photos/raw/48057016097.jpg,1024,768,applepie|homecooking|homemadepies|morroelsie|pies,ep121,2024-11-04,synthetic
f_6985449435,6985449435,openverse/flickr,https://live.staticflickr.com/7208/6985449435_fb6ac67030_b.jpg,photos/raw/6985449435.jpg,1024,649,postcards|texas|tichnorbrothers|building|grass|house|landscape|nature|old|outdoors|park|sky|summer|tree|wood,ep124,2024-12-02,synthetic
f_2624672799,2624672799,openverse/flickr,https://live.staticflickr.com/3012/2624672799_643d96c530_b.jpg,photos/raw/2624672799.jpg,768,1024,barbeque|chicken|food|grill|home|zucchini,ep076,2023-09-30,synthetic
f_1435444587,1435444587,openverse/flickr,https://live.staticflickr.com/1423/1435444587_ef35e55156_b.jpg,photos/raw/1435444587.jpg,1024,768,foto|gal|image|lady|photo|photograph|picture|snapshot|woman,ep110,2024-08-23,synthetic
f_4241440376,4241440376,openverse/flickr,https://live.staticflickr.com/2645/4241440376_8f0d001702_b.jpg,photos/raw/4241440376.jpg,1023,685,beijing|chili|china|chinese|cookingclass|food|garlic|peppers|thehutong,ep123,2024-11-29,synthetic
f_16143628389,16143628389,openverse/flickr,https://live.staticflickr.com/7472/16143628389_8938d6fa6f_b.jpg,photos/raw/16143628389.jpg,768,1024,365daysofhappy|day20|egg|food|gravy|meal|rice,ep084,2024-01-07,synthetic
f_36445064272,36445064272,openverse/flickr,https://live.staticflickr.com/4417/36445064272_ccddf3bf76.jpg,photos/raw/36445064272.jpg,499,347,bathingbelleswimwear|beachday|beautypageant|bluffersbeach|missteenagecanada|missteencanada|regionaldelegates|scarboroughbluffs|snappytowels|teenmodels,ep109,2024-08-19,synthetic
f_4777655171,4777655171,openverse/flickr,https://live.staticflickr.com/4141/4777655171_f41818ce1e_b.jpg,photos/raw/4777655171.jpg,1024,737,beach|drurydrama|eaglest|explore|massachusetts|northadams|radin|sand,ep107,2024-08-05,synthetic
f_52254189301,52254189301,openverse/flickr,https://live.staticflickr.com/65535/52254189301_3a8edfde97_b.jpg,photos/raw/52254189301.jpg,1024,683,atlanticocean|beach|d7500|nature|nikon|ocean|sand,ep103,2024-07-09,synthetic
f_52254506965,52254506965,openverse/flickr,https://live.staticflickr.com/65535/52254506965_a7e4191067_b.jpg,photos/raw/52254506965.jpg,1024,683,2022|beach|d7500|july|nc|nikon|northcarolina|sunsetbeach,ep103,2024-07-09,synthetic
f_52254003661,52254003661,openverse/flickr,https://live.staticflickr.com/65535/52254003661_1f815f1464_b.jpg,photos/raw/52254003661.jpg,768,1024,2022|beach|cellphone|july|nc|northcarolina|s22ultra|samsung|sunsetbeach,ep143,2025-03-26,synthetic
f_49569407096,49569407096,openverse/flickr,https://live.staticflickr.com/65535/49569407096_db3809c6a7_b.jpg,photos/raw/49569407096.jpg,1024,505,,ep155,2025-06-29,synthetic
f_32522882974,32522882974,openverse/flickr,https://live.staticflickr.com/2927/32522882974_5101163d99_b.jpg,photos/raw/32522882974.jpg,1024,683,blue|caribbean|chairs|clouds|jamaica|ochorios|palmtree|shadow|sky|thejamaicainn,ep103,2024-07-05,synthetic
f_13906320791,13906320791,openverse/flickr,https://live.staticflickr.com/2938/13906320791_de0c6ce94f_b.jpg,photos/raw/13906320791.jpg,768,1024,beach|dollymarkettravelingyeolume|hawaii|penny|pennythetravelingyeolume|podo|rewigged|sand|travelingdoll|travelingyeolume|yeolume,ep135,2025-01-20,synthetic
f_46538858384,46538858384,openverse/flickr,https://live.staticflickr.com/7849/46538858384_cd000b733d_b.jpg,photos/raw/46538858384.jpg,1023,604,,ep112,2024-09-12,synthetic
f_16187992361,16187992361,openverse/flickr,https://live.staticflickr.com/7536/16187992361_0122f9d45b_b.jpg,photos/raw/16187992361.jpg,1024,691,,ep143,2025-03-26,synthetic
f_48410253116,48410253116,openverse/flickr,https://live.staticflickr.com/65535/48410253116_1cce40ba35_b.jpg,photos/raw/48410253116.jpg,1024,670,,ep105,2024-07-20,synthetic
f_11227061273,11227061273,openverse/flickr,https://live.staticflickr.com/3729/11227061273_bb7306642d_b.jpg,photos/raw/11227061273.jpg,1024,576,2013|beach|bridge|california|cometa|eeuu|estadosunidos|goldengatebridge|goldengatepromenade|honeymoon|kite|lunademiel|playa|puente|sanfrancisco|sanfranciscobaytrail|summer|usa|verano|viajemoñest|viajemou00f1est|viajemo\xf1est,ep171,2025-11-08,synthetic
f_14784050129,14784050129,openverse/flickr,https://live.staticflickr.com/5582/14784050129_a842f7ebdc_b.jpg,photos/raw/14784050129.jpg,807,1024,beach|chaise|chaises|mer|plage|sea|seat|seats,ep102,2024-06-29,synthetic
f_52215058618,52215058618,openverse/flickr,https://live.staticflickr.com/65535/52215058618_a8d1fb0e61_b.jpg,photos/raw/52215058618.jpg,1024,683,beach|boys|chile|clouds|invierno|la|nubes|playa|playing|serena|winter,ep171,2025-11-05,synthetic
f_3591409665,3591409665,openverse/flickr,https://live.staticflickr.com/3303/3591409665_05100d1884_b.jpg,photos/raw/3591409665.jpg,1024,768,biodiesel|bus|donnathepiper|ecotourism|eigg|environment|fuel|green|hebrides|innerhebrides|island|islands|isleofeigg|laigbeach|renewableenergy|scotland|scottishisland|winter|wood,ep020,2022-06-06,synthetic
f_52253089717,52253089717,openverse/flickr,https://live.staticflickr.com/65535/52253089717_b58222523e_b.jpg,photos/raw/52253089717.jpg,1024,683,2022|d7500|july|maze|nc|nikon|northcarolina|sunsetbeach,ep143,2025-03-26,synthetic
f_4460074495,4460074495,openverse/flickr,https://live.staticflickr.com/2710/4460074495_63f7a6c1e0.jpg,photos/raw/4460074495.jpg,500,375,chartertrain|privaterailcars|privatetrain|railcar|salisburybeach|simonpielow|sleepercar|traincharter|trainchartering|u043du0430u043du044fu0442u044cu043fu043eu0435u0437u0434|u043du0430u043du044fu0442u044cu0447u0430u0441u0442u043du044bu0445u0436u0435u043bu0435u0437u043du043eu0434u043eu0440u043eu0436u043du044bu0445u043fu0435u0440u0435u0432u043eu0437u043eu043a|u0447u0430u0441u0442u043du044bu0439u043fu043eu0435u0437u0434|нанятьпоезд|нанятьчастныхжелезнодорожныхперевозок|частныйпоезд,ep118,2024-10-19,synthetic
f_52226008493,52226008493,openverse/flickr,https://live.staticflickr.com/65535/52226008493_e919044d82_b.jpg,photos/raw/52226008493.jpg,1024,683,2022|beach|chile|clouds|dog|invierno|julio|la|nubes|perro|playa|serena|winter,ep161,2025-08-10,synthetic
f_5291537823,5291537823,openverse/flickr,https://live.staticflickr.com/5050/5291537823_e348b8540b_b.jpg,photos/raw/5291537823.jpg,1024,683,2470mm|beach|canon|girl|kid|ocean|portrait|pretty|sand|water|beach|beautiful|fun|leisure|nature|ocean|outdoors|people|portrait|sea|summer|travel|vacation|water|winter|woman,ep161,2025-08-10,synthetic
f_11862428144,11862428144,openverse/flickr,https://live.staticflickr.com/5512/11862428144_0bd72466ea_b.jpg,photos/raw/11862428144.jpg,1024,683,14mm|650d|australia|bay|beach|canon|cropsensor|esplanade|hevery|pier|samyang|sunny,ep103,2024-07-08,synthetic
f_9369781919,9369781919,openverse/flickr,https://live.staticflickr.com/7311/9369781919_7c011e62b6_b.jpg,photos/raw/9369781919.jpg,873,1024,birthday|forever|gold|happy|jewellery|love|wife|you,ep088,2024-01-27,synthetic
f_2913789700,2913789700,openverse/flickr,https://live.staticflickr.com/3104/2913789700_a81879d6f2_b.jpg,photos/raw/2913789700.jpg,768,1024,2008|austin|birthday|fun|girl|girls|party|tx,ep031,2022-10-15,synthetic
f_3440833817,3440833817,openverse/flickr,https://live.staticflickr.com/3612/3440833817_fef1ef835f.jpg,photos/raw/3440833817.jpg,500,500,1|birthday|floral|flowers|fuchsia|montrealsclevercupcakes|pink|birthday|candy|card|confection|decoration|design|floral|flower|greeting|illustration|invitation|leaf|love|nature|ornate|picture frame|sugar|vector|wedding,ep078,2023-12-01,synthetic
f_33402762562,33402762562,openverse/flickr,https://live.staticflickr.com/2816/33402762562_fcf50fcff7_b.jpg,photos/raw/33402762562.jpg,1024,694,3452|birthday|bokeh|cake|candle|celebration|crystal|glass|gold|macro|macromondays|swarovski,ep040,2023-01-22,synthetic
f_3808078114,3808078114,openverse/flickr,https://live.staticflickr.com/3550/3808078114_874ff2c895.jpg,photos/raw/3808078114.jpg,500,375,birthday|crowns|flowers|frogprinces|glassslipper|montrealsclevercupcakes|pink|wands|bakery|baking|birthday|cake|candy|celebration|chocolate|confection|cookie|cream|decoration|fairy|muffin|party|pastry|sprinkles|sugar|sugary|sweet|sweetmeat,ep010,2022-02-14,synthetic
f_5563591206,5563591206,openverse/flickr,https://live.staticflickr.com/5188/5563591206_efe1a5e4b6_b.jpg,photos/raw/5563591206.jpg,1024,680,birthday|cake|bakery|baking|birthday|cake|candy|celebration|chocolate|cream|delicious|food|heart|homemade|indulgence|love|pastry|pie|sugar|sweet|wedding,ep010,2022-02-14,synthetic
f_4957783660,4957783660,openverse/flickr,https://live.staticflickr.com/4146/4957783660_c95cdf457e_b.jpg,photos/raw/4957783660.jpg,685,1023,2010|austin|beerpong|birthday|party|supersoaker|swim|swimparty|tx,ep155,2025-06-30,synthetic
f_4957615780,4957615780,openverse/flickr,https://live.staticflickr.com/4119/4957615780_664d779ed9_b.jpg,photos/raw/4957615780.jpg,685,1023,2010|austin|beerpong|birthday|party|supersoaker|swim|swimparty|tx,ep079,2023-12-06,synthetic
f_4957784230,4957784230,openverse/flickr,https://live.staticflickr.com/4145/4957784230_eb5893141a_b.jpg,photos/raw/4957784230.jpg,685,1023,2010|austin|beerpong|birthday|party|supersoaker|swim|swimparty|tx,ep031,2022-10-19,synthetic
f_16826131653,16826131653,openverse/flickr,https://live.staticflickr.com/8729/16826131653_6fe07ccfa9_b.jpg,photos/raw/16826131653.jpg,768,1024,birthday|cake|cakes|custom|cake|candy|celebration|chocolate|Christmas|decoration|food|party|winter,ep116,2024-10-04,synthetic
f_2504422384,2504422384,openverse/flickr,https://live.staticflickr.com/3045/2504422384_ecefd28392_b.jpg,photos/raw/2504422384.jpg,768,1024,bar|birthday|birthdayparty|brandi|brandisbirthday|chele|chilkootcharlies|family|idnarb|koots|party,ep031,2022-10-20,synthetic
f_3267707664,3267707664,openverse/flickr,https://live.staticflickr.com/1087/3267707664_e1de21a7cb.jpg,photos/raw/3267707664.jpg,326,500,3|birthday|cake|candle|cupcake|curly|cute|kids|party|pastels|popsicle|purple|ribbon|soap|soapsicle|soapylove|sprinkles|three|white|baking|birthday|cake|candy|celebration|chocolate|cream|delicious|food|goody|muffin|party|pastry|sprinkles|sugar|sweet|sweetmeat,ep010,2022-02-14,synthetic
f_344758751,344758751,openverse/flickr,https://live.staticflickr.com/95/344758751_a87de34cbd_b.jpg,photos/raw/344758751.jpg,1024,659,40th|bath|birthday|cake|dog|exfordy|child|family|indoors|people|relaxation|woman,ep010,2022-02-14,synthetic
f_16439819931,16439819931,openverse/flickr,https://live.staticflickr.com/8673/16439819931_15b832c200_b.jpg,photos/raw/16439819931.jpg,1024,768,birthday|coffee|flatwhite|fortnumandmason|fortnums|icecream|london|parlour|picadilly|poesy|seventh|uk,ep112,2024-09-11,synthetic
f_13604025374,13604025374,openverse/flickr,https://live.staticflickr.com/7262/13604025374_dd1ce25992_b.jpg,photos/raw/13604025374.jpg,1023,682,birthday|birthdaycake|birthdaygift|custom|customdoll|customdollclothing|customdolltshirt|customkendoll|dollclothes|fashiondoll|fashiondollclothes|gift|giftidea|hegemony77|ken|kendoll|personalized|personalizeddoll,ep116,2024-10-04,synthetic
f_9445626166,9445626166,openverse/flickr,https://live.staticflickr.com/7387/9445626166_d50fb3a537_b.jpg,photos/raw/9445626166.jpg,1000,643,army|birthday|british|ceremony|colour|defence|defense|free|london|male|man|military|nonidentifiable|parade|personnel|soldier|trooping|uk,ep083,2024-01-02,synthetic
f_15241132542,15241132542,openverse/flickr,https://live.staticflickr.com/3902/15241132542_7c32312f65_b.jpg,photos/raw/15241132542.jpg,1024,576,16th|adelaide|badger|birthday|black|bokeh|bottle|brush|grandfather|grandmother|green|hair|present|samsung|shaving|theen|white|wine,ep054,2023-05-07,synthetic
f_4713210348,4713210348,openverse/flickr,https://live.staticflickr.com/4056/4713210348_06cd78fdd7_b.jpg,photos/raw/4713210348.jpg,1024,816,178mm|50|aero|birthday|bokeh|cake|dof|ektar|f25|fuji|graflex|kodak|pacemaker|people|shingo|sof|speedgraphic|velvia,ep161,2025-08-07,synthetic
f_7066411111,7066411111,openverse/flickr,https://live.staticflickr.com/7116/7066411111_2f96821c3a_b.jpg,photos/raw/7066411111.jpg,765,1024,birthday|party|pinterest|adult|furniture|group|indoors|man|people|room|seat|two|woman,ep106,2024-07-27,synthetic
f_7090266325,7090266325,openverse/flickr,https://live.staticflickr.com/7252/7090266325_e8dafa4b12_b.jpg,photos/raw/7090266325.jpg,1024,768,birthday|cake,ep010,2022-02-14,synthetic
f_13080500995,13080500995,openverse/flickr,https://live.staticflickr.com/7297/13080500995_90ddd08cb3_b.jpg,photos/raw/13080500995.jpg,1024,768,bare|barefoot|desnudo|du00fcsseldorf|düsseldorf|fkk|flashing|hiking|himmelgeist|naakt|nackt|naturism|naturist|nude|nudism|nudist|nue|public|rhein|rhine|wandern,ep155,2025-06-26,synthetic
f_3435250831,3435250831,openverse/flickr,https://live.staticflickr.com/3570/3435250831_f62b400611_b.jpg,photos/raw/3435250831.jpg,1024,717,2009|amazing|andes|angle|argentina|art|artist|autumn|background|beautiful|blue|bright|capture|clouds|cold|composition|cool|d3x|edge|elchalten|emotions|exposure|foliage|framing|fun|glacier|glowing|hdr|hike|hiking|image|intense|landscape|light|lighting|lordoftherings|lovely|magical|modern|mood|mountain|mountains|natural|nikon|painting|patagonia|perfect|photographer|photography|picture|portfolio|pro|processing|reflections|resolution|scenic|shoot|shot|stream|stuckincustoms|stunning|surreal|texture|tolkien|tones|top100|treatment|treyratcliff|unique|valley|vibrant|wallpaper|water,ep176,2025-12-04,synthetic
f_31753580434,31753580434,openverse/flickr,https://live.staticflickr.com/763/31753580434_394aca38c1_b.jpg,photos/raw/31753580434.jpg,683,1023,asheville|bullcreek|forest|geotagged|hemlockspringstrail|hiking|hikingphotography|hikingsign|hikingtrail|hikingtrailsign|landscape|leaves|nature|northcarolina|northcarolinahikingtrail|outdoor|outdoorphotography|path|pathway|riceville|ricevilleroad|sign|signage|swannanoa|trail|trailsign|tree|trees|unitedstates|usa|walkingpath|walkingtrail|warrenwilsoncollege|winter|woodensign|wwc,ep169,2025-10-17,synthetic
f_234836191,234836191,openverse/flickr,https://live.staticflickr.com/84/234836191_47fa4aae40_b.jpg,photos/raw/234836191.jpg,1024,768,georgia|hiking|outside|adventure|backpacker|daylight|hike|hiking|leisure|man|nature|outdoors|park|people|recreation|summer|travel|tree|wood,ep161,2025-08-05,synthetic
f_51340398662,51340398662,openverse/flickr,https://live.staticflickr.com/65535/51340398662_16e1ecfddd_b.jpg,photos/raw/51340398662.jpg,1024,684,1001nightsthenewmagiccity|blue|clouds|hdr|hiking|historic|iceland|july|landmannalaugar|landmark|landscape|mountain|nature|onasill|outdoor|peaceful|reykjavík|river|route|serene|sky|snow|trail|tranquility|tunnel|ultramannalaugar,ep176,2025-12-03,synthetic
f_4418592181,4418592181,openverse/flickr,https://live.staticflickr.com/4068/4418592181_4d38637a3a_b.jpg,photos/raw/4418592181.jpg,1024,640,4wd|arizona|ash|catalinamountains|helensdome|hike|n54az|redingtonpass|rescuehelicopter|rinconmountains|spudrock|sycamore|tanqueverdefalls|tree|ice|landscape|mountain|nature|outdoors|rock|sea|sky|snow|travel|water|winter,ep169,2025-10-17,synthetic
f_25228806103,25228806103,openverse/flickr,https://live.staticflickr.com/1453/25228806103_f2fbfde3e5_b.jpg,photos/raw/25228806103.jpg,1024,576,11|12|13|14|4|5|6|actions|adobe|angle|cc|color|commercial|commons|creative|cs|distribute|edit|elements|fantastic|free|hiking|image|k|land|landscape|lenny|lennykphotography|lightroom|nice|non|noncommercial|photo|photography|photoshop|remix|scape|scenery|sheep|toolkit|use|vintage|wide,ep157,2025-07-10,synthetic
f_51301879439,51301879439,openverse/flickr,https://live.staticflickr.com/65535/51301879439_b8af6fd2e2_b.jpg,photos/raw/51301879439.jpg,1024,684,blue|clouds|hdr|hiking|historic|iceland|july|landmannalaugar|landmark|landscape|lava|mountain|nature|onasill|outdoor|peaceful|reykjavík|river|rocks|route|serene|sky|snow|trail|tranquility|tunnel|ultramannalaugar,ep176,2025-12-03,synthetic
f_14710522893,14710522893,openverse/flickr,https://live.staticflickr.com/3925/14710522893_bf52d95cac_b.jpg,photos/raw/14710522893.jpg,1023,264,hike|mohonk|rocks,ep160,2025-07-25,synthetic
f_14850573067,14850573067,openverse/flickr,https://live.staticflickr.com/3909/14850573067_dec68cb60e_b.jpg,photos/raw/14850573067.jpg,1023,682,hike|me|river,ep161,2025-08-05,synthetic
f_15998178607,15998178607,openverse/flickr,https://live.staticflickr.com/7535/15998178607_419a92d51f.jpg,photos/raw/15998178607.jpg,500,500,andyarthur|fuscopark|hiking,ep169,2025-10-17,synthetic
f_52238178416,52238178416,openverse/flickr,https://live.staticflickr.com/65535/52238178416_32e0cccea0_b.jpg,photos/raw/52238178416.jpg,1024,684,camp|canon|climb|climbing|clouds|hdr|hiking|historic|iceland|july|landmannalaugar|landmark|landscape|mono|monochrome|mountain|nature|onasill|outdoor|people|raw|reykjavík|route|s95|site|sky|slope|snow|trail|ultramannalaugar,ep176,2025-12-04,synthetic
f_7960290272,7960290272,openverse/flickr,https://live.staticflickr.com/8038/7960290272_14d7a8b786_b.jpg,photos/raw/7960290272.jpg,1024,686,2012|aotearoa|august|beautiful|blog|camp|customs|digital|dynamic|fiordlandnationalpark|fjord|flora|greenstone|hdr|hdrtutorial|high|hike|hiking|icon|iconic|imaging|island|lake|milford|mitrepeak|mount|mountain|natural|nature|new|newzealand|nikond800|outdoors|pacific|peak|photoblog|photography|photographyblog|piopiotahi|plants|postcard|processing|range|ratcliff|reflection|scenic|software|sound|south|southwest|stuck|stuckincustoms|stuckincustomscom|tewāhipounamu|tewaipounamu|tewu0101hipounamu|travel|travelblog|trey|treyratcliff|tutorial|unescoworldheritagesite|water|wild|wilderness|zealand,ep157,2025-07-10,synthetic
f_43013769704,43013769704,openverse/flickr,https://live.staticflickr.com/940/43013769704_fb14750dcf_b.jpg,photos/raw/43013769704.jpg,1023,448,bavaria|beautiful|beautifulcapture|blue|clouds|ferien|flowersplants|germany|grass|green|hiking|ilce7m2|lake|landscape|mountain|mountains|nature|panorama|see|sky|sonya7ii|spitzingsee|tree|urlaub|vacations|vintagelense|voigtländercolorultron50mm|voigtlu00e4ndercolorultron50mm|wandern|wasser|water,ep157,2025-07-10,synthetic
f_36580860680,36580860680,openverse/flickr,https://live.staticflickr.com/4411/36580860680_47ed6e7574_b.jpg,photos/raw/36580860680.jpg,1023,683,adventure|beavercreek|deadtrees|explore|exploring|geotagged|grandteton|grandtetonmountainrange|grandtetonnationalpark|grandtetons|hiking|httpsenwikipediaorgwikigrandtetonnationalpark|landscape|moose|nationalpark|nationalparkservice|naturalwonder|nature|outdoor|pinetree|scenic|scenicspot|scenicview|spring|spring2017|springwildflowers|teton|tetoncounty|tetonmountainrange|tetons|tourism|touristattraction|trail|travel|travelblog|travelblogphoto|travelingadventures|travelphoto|travelphotography|tree|trees|unitedstates|unitedstatesnationalpark|usa|usnationalpark|usnationalparkservice|vista|wildflowers|wildlife|worldadventures|worldtravel|wy|wyoming,ep176,2025-12-04,synthetic
f_51844439161,51844439161,openverse/flickr,https://live.staticflickr.com/65535/51844439161_482c81ee4d_b.jpg,photos/raw/51844439161.jpg,1024,684,birds|blue|climbing|clouds|field|hdr|hikers|hiking|historic|iceland|july|landmannalaugar|landmark|landscape|lava|mountain|nature|onasill|outdoor|peaceful|reykjavík|river|rocks|route|serene|sky|snow|soil|trail|tranquility|tunnel|ultramannalaugar,ep157,2025-07-10,synthetic
f_19547449648,19547449648,openverse/flickr,https://live.staticflickr.com/356/19547449648_07a2096724_b.jpg,photos/raw/19547449648.jpg,1024,768,hiking,ep160,2025-07-25,synthetic
f_51849863613,51849863613,openverse/flickr,https://live.staticflickr.com/65535/51849863613_fd8af754e0_b.jpg,photos/raw/51849863613.jpg,1024,684,blue|caps|clouds|hdr|hiking|historic|iceland|july|landmannalaugar|landmark|landscape|lava|mountain|mountains|nature|onasill|outdoor|peaceful|place|reykjavík|river|rocks|route|serene|sky|snow|trail|tranquility|travel|trekking|tunnel|ultramannalaugar|unseco|white,ep157,2025-07-10,synthetic
f_51665629396,51665629396,openverse/flickr,https://live.staticflickr.com/65535/51665629396_05273da0ca_b.jpg,photos/raw/51665629396.jpg,1024,684,blue|canon|clouds|hdr|hiking|historic|iceland|july|lake|lakesky|landmannalaugar|landmark|landscape|lava|montains|monument|mountain|nature|onasill|outdoor|peaceful|power|reykjavík|river|route|serene|shot|sky|snow|stone|trail|tranquility|tunnel|ultramannalaugar|valley|view,ep176,2025-12-02,synthetic
f_18727031725,18727031725,openverse/flickr,https://live.staticflickr.com/8845/18727031725_6fcfd4e319_b.jpg,photos/raw/18727031725.jpg,1024,768,adventure|fitness|hiking|outdoors,ep160,2025-07-24,synthetic
f_40145148415,40145148415,openverse/flickr,https://live.staticflickr.com/873/40145148415_11f58b5182_b.jpg,photos/raw/40145148415.jpg,1024,1019,botanica|iphone|newyork,ep091,2024-04-01,synthetic
f_8494423988,8494423988,openverse/flickr,https://live.staticflickr.com/8231/8494423988_942bd1ca93_b.jpg,photos/raw/8494423988.jpg,1024,768,buildings|cafe|cc|corner|lego|modular|town,ep033,2022-10-26,synthetic
f_26305003116,26305003116,openverse/flickr,https://live.staticflickr.com/1687/26305003116_d17242618f_b.jpg,photos/raw/26305003116.jpg,1024,576,,ep087,2024-01-19,synthetic
f_48967470522,48967470522,openverse/flickr,https://live.staticflickr.com/65535/48967470522_3103c1377c_b.jpg,photos/raw/48967470522.jpg,1024,683,56ljubičevskekonjičkeigare|56ljubičevskiekonjičkeigare|56ljubiu010devskekonjiu010dkeigare|56ljubiu010devskiekonjiu010dkeigare|canoneosm50|city|event|fiaker|flags|horse|horsecarriage|horseriders|ivanradic|ljubičevskekonjičkeigre2019|ljubiu010devskekonjiu010dkeigre2019|pferd|pferdewagen|pozarevac|reiter|rider|serbia|serbien|sigma105mmf14dghsmart|srbija|stadt|strase|street|veranstaltung,ep168,2025-09-28,synthetic
f_2533534525,2533534525,openverse/flickr,https://live.staticflickr.com/2040/2533534525_4603b7751b.jpg,photos/raw/2533534525.jpg,500,297,bigapple|canon2470|canon5d|city|cubs|metrò|metru00f2|newyork|night|ny|nyc|sigma1224|street|streets|sunset|taxi|usa|yellow,ep087,2024-01-19,synthetic
f_5702267780,5702267780,openverse/flickr,https://live.staticflickr.com/3095/5702267780_6c8137e8b0_b.jpg,photos/raw/5702267780.jpg,1023,681,april2011infomatique|belfast|belfast2011infomatique|belfastapril2011infomatique|belfastbyinfomatique|belfastcity|belfastinfomatique|city|entertainer|entertainment|europe|infomatique|ireland|northern|northernireland|street|streetsofbelfast|uk|williammurphy,ep129,2024-12-28,synthetic
f_2534349040,2534349040,openverse/flickr,https://live.staticflickr.com/2258/2534349040_3203a0f9d2.jpg,photos/raw/2534349040.jpg,499,280,bigapple|canon2470|canon5d|city|cubs|metrò|metru00f2|metr\xf2|newyork|night|ny|nyc|sigma1224|street|streets|sunset|taxi|usa|yellow,ep087,2024-01-19,synthetic
f_31584471114,31584471114,openverse/flickr,https://live.staticflickr.com/287/31584471114_66e5efe91f_b.jpg,photos/raw/31584471114.jpg,1024,683,,ep118,2024-10-16,synthetic
f_8494422552,8494422552,openverse/flickr,https://live.staticflickr.com/8365/8494422552_62973cbbaa_b.jpg,photos/raw/8494422552.jpg,1024,768,buildings|cafe|cc|corner|foitsop|lego|modular|town,ep081,2023-12-20,synthetic
f_123634746,123634746,openverse/flickr,https://live.staticflickr.com/39/123634746_19d04711a2_b.jpg,photos/raw/123634746.jpg,1024,793,321|catania|italia|sicilia|sonycybershotw5|streetsofcatania|architecture|building|business|city|expression|old|sky|street|tourism|town|travel|urban,ep087,2024-01-23,synthetic
f_5025992680,5025992680,openverse/flickr,https://live.staticflickr.com/4111/5025992680_b9e9559c43_b.jpg,photos/raw/5025992680.jpg,1024,683,auckland|cars|floweringtree|lights|newzealand|nz|paulownia|paulowniatomentosa|scrophulariaceae|street|traffic|tree|building|bus|car|city|highway|intersection|light|police|road|street|traffic|transportation system|travel|urban|vehicle,ep087,2024-01-19,synthetic
f_20446597475,20446597475,openverse/flickr,https://live.staticflickr.com/426/20446597475_c44261c7de_b.jpg,photos/raw/20446597475.jpg,1024,683,city|eating|fifthavenue|hotdog|newyork|street|adult|child|friendship|group|happiness|interaction|man|outdoors|people|togetherness|woman,ep129,2024-12-28,synthetic
f_3319977021,3319977021,openverse/flickr,https://live.staticflickr.com/3608/3319977021_5b9a9472e3.jpg,photos/raw/3319977021.jpg,500,375,city|newyork|soho|street|summer,ep087,2024-01-24,synthetic
f_14684084459,14684084459,openverse/flickr,https://live.staticflickr.com/5552/14684084459_4456e5dba0_b.jpg,photos/raw/14684084459.jpg,1024,646,ciudad|ciudaddemexico|de|district|federal|federaldistrict|mexico|mexicocity|pedestrian|pedestrians|walk|walking,ep158,2025-07-16,synthetic
f_14599829264,14599829264,openverse/flickr,https://live.staticflickr.com/2924/14599829264_bd7b2e8f7b_b.jpg,photos/raw/14599829264.jpg,1024,706,newyork|street|timessquare,ep098,2024-05-27,synthetic
f_20262590696,20262590696,openverse/flickr,https://live.staticflickr.com/347/20262590696_fe35ba4fe3_b.jpg,photos/raw/20262590696.jpg,1024,731,candid|city|couple|phone|subway|train|urban|adult|airport|group|locomotive|man|monochrome|people|portrait|railway|seat|street|subway system|three|train|transportation system|two|vehicle|wear|woman,ep119,2024-10-25,synthetic
f_8494427264,8494427264,openverse/flickr,https://live.staticflickr.com/8110/8494427264_ca60fafafb_b.jpg,photos/raw/8494427264.jpg,1024,768,buildings|cafe|cc|corner|lego|modular|town,ep102,2024-06-24,synthetic
f_5692093611,5692093611,openverse/flickr,https://live.staticflickr.com/3502/5692093611_79a2105a8f_b.jpg,photos/raw/5692093611.jpg,1024,714,,ep140,2025-03-09,synthetic
f_40647868053,40647868053,openverse/flickr,https://live.staticflickr.com/65535/40647868053_4c3bd30cd4_b.jpg,photos/raw/40647868053.jpg,1023,752,2019|britishcolumbia|busstops|camerafujifilmx100f|canada|citystreets|march13|rapatersonphotograph|velviavividfilmsimulation|victoriabc|victoriajubilee,ep074,2023-09-15,synthetic
f_8493328437,8493328437,openverse/flickr,https://live.staticflickr.com/8505/8493328437_c63070f6d5_b.jpg,photos/raw/8493328437.jpg,1024,768,buildings|cafe|cc|corner|lego|modular|town,ep102,2024-06-24,synthetic
f_6447975921,6447975921,openverse/flickr,https://live.staticflickr.com/7175/6447975921_c0de212ba6_b.jpg,photos/raw/6447975921.jpg,1024,791,birthday|cake|pet|shop|toys|baking|birthday|cake|candy|celebration|child|confetti|cream|cute|fairy|fondant|fun|groom|love|marzipan|party|sprinkles|sugar|sweet,ep078,2023-12-01,synthetic
f_17012197462,17012197462,openverse/flickr,https://live.staticflickr.com/7624/17012197462_d84a400d3c_b.jpg,photos/raw/17012197462.jpg,1023,683,ara|bird|parrot|pet,ep105,2024-07-20,synthetic
f_46468616414,46468616414,openverse/flickr,https://live.staticflickr.com/7921/46468616414_12b1a7bdda_b.jpg,photos/raw/46468616414.jpg,683,1024,bestmeow|cat|catlove|catsofinstagram|catstagram|dailycats|ilovecats|longhaircat|lovecat|meow|pet|petstagram|priscillau8309u8309|priscilla茉茉|ragdoll|ragdollcat|ragdollcats|ragdollkitten|ragdolllovers|ragdollworld|u5e03u5076u8c93|u8c93|布偶貓|貓,ep151,2025-06-01,synthetic
f_6638823029,6638823029,openverse/flickr,https://live.staticflickr.com/7156/6638823029_a4f4c986c9_m.jpg,photos/raw/6638823029.jpg,240,240,adopt|adoption|animal|dog|humanesocietyofgreaterrochester|lollypopfarm|newyork|ny|pet|petoftheweek|pets|rochester,ep056,2023-05-18,synthetic
f_3763912574,3763912574,openverse/flickr,https://live.staticflickr.com/3474/3763912574_f3e1137256_b.jpg,photos/raw/3763912574.jpg,1024,683,pet|pics,ep069,2023-08-18,synthetic
f_221238656,221238656,openverse/flickr,https://live.staticflickr.com/62/221238656_bd2fe7022c_b.jpg,photos/raw/221238656.jpg,1024,774,imaging|medicalsaga|medicine|nuclearmedicine|pet|petscan|scan|scanner|technology|bed|bedroom|chair|clinic|furniture|healthcare|hospital|indoors|inside|lamp|medical practitioner|medicine|patient|room|surgery|table|treatment,ep007,2022-02-05,synthetic
f_7151479079,7151479079,openverse/flickr,https://live.staticflickr.com/7130/7151479079_aeac0ee9cf_b.jpg,photos/raw/7151479079.jpg,680,1024,anjeong|anjeongri|army|asia|base|camp|camphumphreys|cat|city|clinic|command|demo|demonstration|dog|fest|festival|force|garrison|guinea|humphreys|imcom|installation|installationmanagementcommand|k6|korea|management|military|outdoor|paengseong|paengseongeub|paws|pet|pig|pyeongtaek|recreation|soldier|soldiers|south|states|united|unitedstatesforceskorea|usa|usaghumphreys|usfk|vet|veterinary|walk|working,ep069,2023-08-16,synthetic
f_7005484308,7005484308,openverse/flickr,https://live.staticflickr.com/7045/7005484308_02758df418_b.jpg,photos/raw/7005484308.jpg,1024,680,anjeong|anjeongri|army|asia|base|camp|camphumphreys|cat|city|clinic|command|demo|demonstration|dog|fest|festival|force|garrison|guinea|humphreys|imcom|installation|installationmanagementcommand|k6|korea|management|military|outdoor|paengseong|paengseongeub|paws|pet|pig|pyeongtaek|recreation|soldier|soldiers|south|states|united|unitedstatesforceskorea|usa|usaghumphreys|usfk|vet|veterinary|walk|working,ep105,2024-07-20,synthetic
f_7005603890,7005603890,openverse/flickr,https://live.staticflickr.com/7260/7005603890_afbdab000f_b.jpg,photos/raw/7005603890.jpg,1024,680,anjeong|anjeongri|army|asia|base|camp|camphumphreys|cat|city|clinic|command|demo|demonstration|dog|fest|festival|force|garrison|guinea|humphreys|imcom|installation|installationmanagementcommand|k6|korea|management|military|outdoor|paengseong|paengseongeub|paws|pet|pig|pyeongtaek|recreation|soldier|soldiers|south|states|united|unitedstatesforceskorea|usa|usaghumphreys|usfk|vet|veterinary|walk|working,ep151,2025-06-01,synthetic
f_7005608052,7005608052,openverse/flickr,https://live.staticflickr.com/7071/7005608052_ae7259a437_b.jpg,photos/raw/7005608052.jpg,1024,680,anjeong|anjeongri|army|asia|base|camp|camphumphreys|cat|city|clinic|command|demo|demonstration|dog|fest|festival|force|garrison|guinea|humphreys|imcom|installation|installationmanagementcommand|k6|korea|management|military|outdoor|paengseong|paengseongeub|paws|pet|pig|pyeongtaek|recreation|soldier|soldiers|south|states|united|unitedstatesforceskorea|usa|usaghumphreys|usfk|vet|veterinary|walk|working,ep151,2025-05-29,synthetic
f_7005389006,7005389006,openverse/flickr,https://live.staticflickr.com/5280/7005389006_23035e2d4c_b.jpg,photos/raw/7005389006.jpg,1024,680,anjeong|anjeongri|army|asia|base|camp|camphumphreys|cat|city|clinic|command|demo|demonstration|dog|fest|festival|force|garrison|guinea|humphreys|imcom|installation|installationmanagementcommand|k6|korea|management|military|outdoor|paengseong|paengseongeub|paws|pet|pig|pyeongtaek|recreation|soldier|soldiers|south|states|united|unitedstatesforceskorea|usa|usaghumphreys|usfk|vet|veterinary|walk|working,ep151,2025-05-29,synthetic
f_7005398622,7005398622,openverse/flickr,https://live.staticflickr.com/7255/7005398622_456bf7e45d_b.jpg,photos/raw/7005398622.jpg,680,1024,anjeong|anjeongri|army|asia|base|camp|camphumphreys|cat|city|clinic|command|demo|demonstration|dog|fest|festival|force|garrison|guinea|humphreys|imcom|installation|installationmanagementcommand|k6|korea|management|military|outdoor|paengseong|paengseongeub|paws|pet|pig|pyeongtaek|recreation|soldier|soldiers|south|states|united|unitedstatesforceskorea|usa|usaghumphreys|usfk|vet|veterinary|walk|working,ep105,2024-07-20,synthetic
f_7151668227,7151668227,openverse/flickr,https://live.staticflickr.com/5034/7151668227_09c12bf475_b.jpg,photos/raw/7151668227.jpg,1024,680,anjeong|anjeongri|army|asia|base|camp|camphumphreys|cat|city|clinic|command|demo|demonstration|dog|fest|festival|force|garrison|guinea|humphreys|imcom|installation|installationmanagementcommand|k6|korea|management|military|outdoor|paengseong|paengseongeub|paws|pet|pig|pyeongtaek|recreation|soldier|soldiers|south|states|united|unitedstatesforceskorea|usa|usaghumphreys|usfk|vet|veterinary|walk|working,ep151,2025-06-01,synthetic
f_7005429894,7005429894,openverse/flickr,https://live.staticflickr.com/7059/7005429894_33ecc59242_b.jpg,photos/raw/7005429894.jpg,1024,680,anjeong|anjeongri|army|asia|base|camp|camphumphreys|cat|city|clinic|command|demo|demonstration|dog|fest|festival|force|garrison|guinea|humphreys|imcom|installation|installationmanagementcommand|k6|korea|management|military|outdoor|paengseong|paengseongeub|paws|pet|pig|pyeongtaek|recreation|soldier|soldiers|south|states|united|unitedstatesforceskorea|usa|usaghumphreys|usfk|vet|veterinary|walk|working,ep105,2024-07-20,synthetic
f_10744716945,10744716945,openverse/flickr,https://live.staticflickr.com/5527/10744716945_79bc887490_b.jpg,photos/raw/10744716945.jpg,1024,685,50mm|50mmf14|adapted|adapter|adaptiert|blurrybackground|c|cat|cctv|cctvlens|cmount|cmount50mmf14|dof|f14|feline|gingercat|ivanradic|jungefrau|katze|lens|manuallens|manuellesobjektiv|mount|nikon|nikon1|nikon1v1|nikonv1|objektiv|petting|streichelt|u00fcberwachungskameraobjekitv|vintagelens|youngwoman,ep151,2025-06-01,synthetic
f_6677003839,6677003839,openverse/flickr,https://live.staticflickr.com/7174/6677003839_8cf739b6b7_b.jpg,photos/raw/6677003839.jpg,1024,768,bare|chest|dog|man|pet,ep003,2022-01-15,synthetic
f_6866627177,6866627177,openverse/flickr,https://live.staticflickr.com/7199/6866627177_b5338dd66a_b.jpg,photos/raw/6866627177.jpg,1024,1024,canine|dog|hearts|lasvegas|petconvention|petexpo|pets|valentine,ep105,2024-07-20,synthetic
f_226626299,226626299,openverse/flickr,https://live.staticflickr.com/93/226626299_2c7667ca71_b.jpg,photos/raw/226626299.jpg,1000,667,cat|dog|pets,ep069,2023-08-16,synthetic
f_4047292002,4047292002,openverse/flickr,https://live.staticflickr.com/2673/4047292002_00cfbe654b_b.jpg,photos/raw/4047292002.jpg,695,1024,bag|breda|buy|dog|doggy|dogmatic|ginger|hond|koopzondag|leiband|meisje|merchandise|pet|pheomelanism|portraiture|portret|redhead|roodharig|roodharigendag|ros|shopping|street|streetphotography,ep079,2023-12-08,synthetic
f_11903260294,11903260294,openverse/flickr,https://live.staticflickr.com/2881/11903260294_7cffb164e8_b.jpg,photos/raw/11903260294.jpg,683,1024,beautiful|dog|doggies|doggy|dogs|israel|k9|pet|pets|photographer|photography|portrait|portraits|puppies|puppy,ep069,2023-08-16,synthetic
f_3487120706,3487120706,openverse/flickr,https://live.staticflickr.com/3570/3487120706_b7612c3ff4_b.jpg,photos/raw/3487120706.jpg,1024,768,awesome|computergarden|computerscreen|garden|gift|plant|present,ep152,2025-06-09,synthetic
f_4449586891,4449586891,openverse/flickr,https://live.staticflickr.com/4070/4449586891_437d50b1f2_b.jpg,photos/raw/4449586891.jpg,1024,768,acerjapanesemaples|beech|bluesky|britain|copperbeech|dawnredwood|eastsussex|england|english|englishgardens|englishtravel|garden|gardens|japanesemaples|lake|maples|metasequoia|nationaltrust|rhododendron|sheffieldpark|sky|spring|springtime|superlativas|sussex|unitedkingdom,ep114,2024-09-27,synthetic
f_7269483794,7269483794,openverse/flickr,https://live.staticflickr.com/7082/7269483794_c64bdfff3e_b.jpg,photos/raw/7269483794.jpg,1024,683,garden|agriculture|environment|farm|flora|flower|garden|grass|hayfield|landscape|lawn|leaf|nature|outdoors|park|rural|summer|tree,ep114,2024-09-25,synthetic
f_3507303760,3507303760,openverse/flickr,https://live.staticflickr.com/3586/3507303760_562ebf5ce4_b.jpg,photos/raw/3507303760.jpg,1024,768,azaleas|bushes|england|garden|gardens|green|horsham|kingdom|landscape|leonardslee|nature|orange|pink|red|rock|shrubs|spring|sussex|united|west|flower|garden|leaf|nature|outdoors|park|shrub|summer|tree,ep114,2024-09-25,synthetic
f_17198643097,17198643097,openverse/flickr,https://live.staticflickr.com/8777/17198643097_b71ff08cb5_b.jpg,photos/raw/17198643097.jpg,1023,685,borders|eastsussex|gardencentre|gardens|hurstgreen|landscape|merriments|merrimentsgardens|nursery|saariysqualitypictures|sky|trees,ep114,2024-09-22,synthetic
f_41143909882,41143909882,openverse/flickr,https://live.staticflickr.com/866/41143909882_dbbd4c8acb_b.jpg,photos/raw/41143909882.jpg,1024,883,contactgroups|flowers|garden|haroldnicolson|nationaltrust|saariysqualitypictures|secretenchantedgardens|sissinghurst|sissinghurstcastlegarden|vitasackvillewest|wealdofkent|whitegarden,ep114,2024-09-22,synthetic
f_9847273603,9847273603,openverse/flickr,https://live.staticflickr.com/2817/9847273603_d34f416d64_b.jpg,photos/raw/9847273603.jpg,1024,640,allerton|beach|garden|hawaii|island|kauai|palms|surf,ep172,2025-11-13,synthetic
f_321739247,321739247,openverse/flickr,https://live.staticflickr.com/138/321739247_3dc06be306_b.jpg,photos/raw/321739247.jpg,1024,738,ancient|california|gardens|hanginggardens|mharrsch|rosicrucianegyptianmuseum|sanjose|sevenwonders,ep144,2025-04-02,synthetic
f_5245543784,5245543784,openverse/flickr,https://live.staticflickr.com/5162/5245543784_c9ecde84ce_b.jpg,photos/raw/5245543784.jpg,1024,683,angeles|botanical|bridge|ca|california|garden|huntington|japan|japanese|konomark|la|library|los|pasadena|pond|water|wood|wooden|architecture|bridge|daylight|garden|nature|outdoors|park|travel|tree|water|wood,ep114,2024-09-24,synthetic
f_7138157357,7138157357,openverse/flickr,https://live.staticflickr.com/7070/7138157357_d36a647fbd_b.jpg,photos/raw/7138157357.jpg,1024,683,garden|japanese|tokyo|beautiful|environment|flora|garden|grass|landscape|leaf|nature|outdoors|park|season|summer|travel|tree|water|wild|wood,ep114,2024-09-24,synthetic
f_11245604903,11245604903,openverse/flickr,https://live.staticflickr.com/7303/11245604903_026d83180a_b.jpg,photos/raw/11245604903.jpg,1024,683,arches|archesnationalpark|canon6d|eden|eos6d|garden|gardenofeden|landscape|national|park|pwlandscape|utah|windowsdistrict,ep160,2025-07-24,synthetic
f_19620399,19620399,openverse/flickr,https://live.staticflickr.com/13/19620399_9560e9fbd0_b.jpg,photos/raw/19620399.jpg,1024,768,britishcolumbia|butchartgardens|canada|fengshui|flowers|gardens|hedge|ilovenature|nature|pond|urbannature|victoria|zoomzoom,ep114,2024-09-25,synthetic
f_48121415291,48121415291,openverse/flickr,https://live.staticflickr.com/65535/48121415291_4268ebe014_b.jpg,photos/raw/48121415291.jpg,1023,685,contactgroups|england|flowerarebeautiful|flowers|foxgloves|garden|haroldnicolson|kent|nationaltrust|sissinghurst|sissinghurstcastlegarden|vitasackvillewest|whitegarden,ep083,2024-01-02,synthetic
f_5518057205,5518057205,openverse/flickr,https://live.staticflickr.com/5254/5518057205_f38fb3dbac_b.jpg,photos/raw/5518057205.jpg,1023,694,angels|babies|barebreasts|canoneos450d|disappointmentguaranteed|dogs|garden|gardencentre|gardenornaments|gnomes|greekgoddesses|horses|indiangoddess|nakedladies|notquitewhatyouhadinmind|sentimental|sussex|tat|togas|twee|waterbabies|westsussex|wychcross|younggirls|architecture|garden|outdoors|patio|seat|summer,ep073,2023-09-08,synthetic
f_2595433144,2595433144,openverse/flickr,https://live.staticflickr.com/3263/2595433144_c419cbda89_b.jpg,photos/raw/2595433144.jpg,1024,768,castle|creativecommons|east|garden|herb|kent|medieval|museum|prison|rye|sussex|tower|yprestower|architecture|brick|building|bungalow|exterior|family|flora|flower|garden|home|house|ivy|old|outdoors|stone|window|yard,ep114,2024-09-24,synthetic
f_15016074948,15016074948,openverse/flickr,https://live.staticflickr.com/3910/15016074948_9fddbbe8fe_b.jpg,photos/raw/15016074948.jpg,1024,768,bakewell|clerkofworks|dorothyvernon|dukeofrutland|england|field|fortifiedmanorhouse|garden|gardens|gradeilisted|gradeilistedbuilding|greatbritain|haddon|haddonhall|johnmanners|leadedroof|limestoneandgritstonerubbleandashlargritstonewithgritstonedressingsandquoins|lordedwardmanners|manners|mannersfamily|mannersvernon|manorofnetherhaddon|mrleonardstanhope|netherhaddon|riverwye|seatofthedukesofrutland|tree|trees|unitedkingdom|vernon|vernonfamily,ep083,2024-01-02,synthetic
f_15016018357,15016018357,openverse/flickr,https://live.staticflickr.com/5565/15016018357_04e1bdc2bf_b.jpg,photos/raw/15016018357.jpg,768,1024,bakewell|chapel|clerkofworks|dorothyvernon|dukeofrutland|england|fortifiedmanorhouse|garden|gardens|gradeilisted|gradeilistedbuilding|greatbritain|haddon|haddonhall|johnmanners|leadedroof|limestoneandgritstonerubbleandashlargritstonewithgritstonedressingsandquoins|lordedwardmanners|manners|mannersfamily|mannersvernon|manorofnetherhaddon|mrleonardstanhope|netherhaddon|riverwye|seatofthedukesofrutland|tree|trees|unitedkingdom|vernon|vernonfamily,ep083,2024-01-02,synthetic
f_1549164636,1549164636,openverse/flickr,https://live.staticflickr.com/2242/1549164636_26d77e9a09_b.jpg,photos/raw/1549164636.jpg,1023,737,2007|colourful|essjaynz|flower|flowers|gardens|hamilton|sarahmacmillan|taken2007,ep152,2025-06-07,synthetic
f_14250355448,14250355448,openverse/flickr,https://live.staticflickr.com/3923/14250355448_e624a46327_b.jpg,photos/raw/14250355448.jpg,1024,683,bandung|cloud|garden|indonesia|kebun|lembang|sky|tea|teh,ep154,2025-06-19,synthetic
f_8496328126,8496328126,openverse/flickr,https://live.staticflickr.com/8512/8496328126_36507800d3_b.jpg,photos/raw/8496328126.jpg,684,1024,biot|bw|crossprocessed|dof|garden|gate|light|mood|secret,ep126,2024-12-13,synthetic
f_2475749283,2475749283,openverse/flickr,https://live.staticflickr.com/2368/2475749283_e4b0ee6082_b.jpg,photos/raw/2475749283.jpg,768,1024,floor|kitchen|tiles,ep034,2022-11-19,synthetic
f_3119068272,3119068272,openverse/flickr,https://live.staticflickr.com/3126/3119068272_1215b58c25_b.jpg,photos/raw/3119068272.jpg,683,1024,before|kitchen|old,ep038,2023-01-07,synthetic
f_4631796774,4631796774,openverse/flickr,https://live.staticflickr.com/4013/4631796774_340a67f746_b.jpg,photos/raw/4631796774.jpg,768,1024,house|kitchen|newkitchen,ep034,2022-11-19,synthetic
f_8220942184,8220942184,openverse/flickr,https://live.staticflickr.com/8197/8220942184_071cc156e0_b.jpg,photos/raw/8220942184.jpg,1024,768,cuisine|kitchen|renovation,ep038,2023-01-11,synthetic
f_2247747598,2247747598,openverse/flickr,https://live.staticflickr.com/2058/2247747598_57a6aba316.jpg,photos/raw/2247747598.jpg,500,375,house|kitchen|remodel,ep038,2023-01-10,synthetic
f_5232340364,5232340364,openverse/flickr,https://live.staticflickr.com/5010/5232340364_7e3ac1448b_b.jpg,photos/raw/5232340364.jpg,1024,705,kitchen|lego|victorian,ep033,2022-10-26,synthetic
f_15606512391,15606512391,openverse/flickr,https://live.staticflickr.com/3938/15606512391_c3d818561e_b.jpg,photos/raw/15606512391.jpg,1024,683,architecture|eaglerock|greenarchitecture|home|house|interior|kitchen|losangeles|losangelesarchitecture|modernarchitecture|modernhome|modernhouse|passivecooling|passivedaylighting|recycledmaterials|sustainability|sustainable|sustainablekitchen,ep074,2023-09-18,synthetic
f_9244783591,9244783591,openverse/flickr,https://live.staticflickr.com/5492/9244783591_eaee3e23c1_b.jpg,photos/raw/9244783591.jpg,1024,768,barbie|dollhouse|kitchen|miniature|rement,ep129,2024-12-28,synthetic
f_2699551032,2699551032,openverse/flickr,https://live.staticflickr.com/3271/2699551032_c1db70e400_b.jpg,photos/raw/2699551032.jpg,1024,768,kitchen|louisiana|neworleans|ourhouse|painted,ep038,2023-01-09,synthetic
f_5328898227,5328898227,openverse/flickr,https://live.staticflickr.com/5242/5328898227_631912e510_b.jpg,photos/raw/5328898227.jpg,1024,768,kitchen|mkroepfl77|stove|cabinet|contemporary|counter|cupboard|family|faucet|furniture|home|home appliance|house|indoors|interior design|oven|refrigerator|room|shelf|stainless steel|stove|window,ep032,2022-10-23,synthetic
f_8286394616,8286394616,openverse/flickr,https://live.staticflickr.com/8485/8286394616_350f54dab4_b.jpg,photos/raw/8286394616.jpg,1024,768,bath|kitchen|remodeling|apartment|cabinet|contemporary|counter|cupboard|family|faucet|furniture|home|house|indoors|interior design|oven|refrigerator|room|stainless steel|stove|trading floor|window,ep038,2023-01-10,synthetic
f_259865571,259865571,openverse/flickr,https://live.staticflickr.com/93/259865571_54fb825b70_b.jpg,photos/raw/259865571.jpg,683,1024,kitchen|projectprecita|safety|safetyscorecard|sign,ep095,2024-05-13,synthetic
f_8285340421,8285340421,openverse/flickr,https://live.staticflickr.com/8484/8285340421_ed410c355e_b.jpg,photos/raw/8285340421.jpg,1024,768,bath|kitchen|remodeling,ep038,2023-01-10,synthetic
f_425272884,425272884,openverse/flickr,https://live.staticflickr.com/153/425272884_63f645cb15_b.jpg,photos/raw/425272884.jpg,864,1024,fisheye|home|kitchen|wide,ep074,2023-09-16,synthetic
f_2277727606,2277727606,openverse/flickr,https://live.staticflickr.com/2221/2277727606_09ac142614_b.jpg,photos/raw/2277727606.jpg,768,1024,kitchen|renovation,ep038,2023-01-10,synthetic
f_5411084528,5411084528,openverse/flickr,https://live.staticflickr.com/5212/5411084528_7f18eeb3b7_b.jpg,photos/raw/5411084528.jpg,1024,768,kitchen|cabinet|contemporary|counter|cupboard|drawer|family|furniture|home appliance|house|indoors|interior design|luxury|microwave|oven|refrigerator|room|stainless steel|stove,ep038,2023-01-07,synthetic
f_2336288488,2336288488,openverse/flickr,https://live.staticflickr.com/3059/2336288488_c3f50bb4a1_b.jpg,photos/raw/2336288488.jpg,1024,679,craftsmanbungalow|hakatai|houseofantiquehardware|jadeite|kitchen|kitchenremodel|missionrevival|remodel|cabinet|contemporary|cookware|counter|cupboard|family|furniture|home|home appliance|house|indoors|interior design|kitchenware|oven|refrigerator|room|shelf|stainless steel|stove|window,ep038,2023-01-07,synthetic
f_15281588850,15281588850,openverse/flickr,https://live.staticflickr.com/5599/15281588850_fc950cdbb6_b.jpg,photos/raw/15281588850.jpg,1023,682,1960s|1967|apartment|architecture|balfrontower|britain|brutalism|ccbysa|england|ernőgoldfinger|ernu0151goldfinger|flat|formica|frigidaire|gradeiilisted|highrise|imagesgeorgerex|interior|kitchen|leisuresink|lino|london|londonboroughoftowerhamlets|modernism|nikon|photobygeorgerex|reinforcedconcrete|residential|supataps|uk|unitedkingdom,ep074,2023-09-18,synthetic
f_5955140654,5955140654,openverse/flickr,https://live.staticflickr.com/6139/5955140654_20fa788d0e_b.jpg,photos/raw/5955140654.jpg,1024,769,1930s|appliances|cupboards|handcolored|houses|interiors|kitchens|seattle|seattlemunicipalarchives|women|adult|hospital|indoors|laboratory|light|man|medicine|mirror|one|people|room|science|technology,ep055,2023-05-12,synthetic
f_4253642491,4253642491,openverse/flickr,https://live.staticflickr.com/4053/4253642491_4ce61d8fcf_b.jpg,photos/raw/4253642491.jpg,1024,768,backsplash|granitecharlotte|granitecolors|granitecounters|granitecountertops|graniteedge|graniteedges|granitephotos|granitetops|kitchen|sink|tile|tilebacksplash|tiledesign|tileexamples|cabinet|contemporary|family|furniture|home|home appliance|house|indoors|interior design|oven|room|stainless steel|stove|wood,ep032,2022-10-23,synthetic
f_6623637109,6623637109,openverse/flickr,https://live.staticflickr.com/7157/6623637109_0dce5ba3a8_b.jpg,photos/raw/6623637109.jpg,960,720,,ep036,2022-12-11,synthetic
f_5720595132,5720595132,openverse/flickr,https://live.staticflickr.com/2380/5720595132_674838f0e7_b.jpg,photos/raw/5720595132.jpg,1024,768,bookcase|business|commerce|computer|desk|education|furniture|indoors|office|paper|room|school|shelf|stock,ep106,2024-07-27,synthetic
f_546319408,546319408,openverse/flickr,https://live.staticflickr.com/1009/546319408_b0df2bdc99.jpg,photos/raw/546319408.jpg,500,375,e250|icg|lleida,ep118,2024-10-21,synthetic
f_8642935003,8642935003,openverse/flickr,https://live.staticflickr.com/8522/8642935003_8c846ed365_b.jpg,photos/raw/8642935003.jpg,768,1024,antics|casual|cubical|cubicle|desk|employee|fun|funny|geek|informationtechnology|it|moblog|nerd|office|programmer|relaxed|samsunggalaxysiii|softwaredeveloper|work|workday|workplace,ep145,2025-04-05,synthetic
f_3369416007,3369416007,openverse/flickr,https://live.staticflickr.com/3582/3369416007_d0fe4c48f1_b.jpg,photos/raw/3369416007.jpg,1024,768,office|tidy|unclutter|business|computer|contemporary|desk|furniture|indoors|laptop|monitor|office|room|screen|table|technology|window,ep019,2022-06-03,synthetic
f_8982740008,8982740008,openverse/flickr,https://live.staticflickr.com/8123/8982740008_d851f5a78e_b.jpg,photos/raw/8982740008.jpg,1024,794,antics|casual|comfortable|corporate|cubical|cubicle|desk|developer|funny|geek|informationtechnology|it|moblog|nerd|office|programmer|relaxation|relaxed|samsunggalaxysiii|slacker|softwaredeveloper|woking|work|working|workplace|workspace,ep145,2025-04-05,synthetic
f_3075265456,3075265456,openverse/flickr,https://live.staticflickr.com/3238/3075265456_faa3b658c8_b.jpg,photos/raw/3075265456.jpg,1024,768,buffalo|cable|compaq|ddwrt|desk|jbl|keyboard|logitech|lx5|modem|monitor|motorola|mouse|mv500|presario|s510|sb5100|setup|speakers|surfboard|ubuntu|whrg54s|chair|contemporary|family|furniture|home|house|indoors|interior design|lamp|room|seat|table,ep039,2023-01-14,synthetic
f_8057926269,8057926269,openverse/flickr,https://live.staticflickr.com/8035/8057926269_317c5c7f1c_b.jpg,photos/raw/8057926269.jpg,1024,608,antics|casual|cubical|cubicle|desk|developer|employee|fun|funny|geek|informationtechnology|it|moblog|nerd|office|programmer|relaxed|samsunggalaxysiii|sandiego|software|softwaredeveloper|work|workday|working|workplace,ep146,2025-04-10,synthetic
f_8806723399,8806723399,openverse/flickr,https://live.staticflickr.com/2888/8806723399_19d3a089fa_b.jpg,photos/raw/8806723399.jpg,768,1024,antics|casual|comfortable|corporate|cubical|cubicle|desk|developer|funny|geek|informationtechnology|it|moblog|nerd|office|programmer|relaxation|relaxed|samsunggalaxysiii|slacker|softwaredeveloper|woking|work|working|workplace|workspace,ep146,2025-04-10,synthetic
f_8676346133,8676346133,openverse/flickr,https://live.staticflickr.com/8544/8676346133_fb9c927c35_b.jpg,photos/raw/8676346133.jpg,768,1024,antics|casual|cubical|cubicle|desk|employee|fun|funny|geek|informationtechnology|it|moblog|nerd|office|programmer|relaxed|samsunggalaxysiii|softwaredeveloper|work|workday|workplace,ep098,2024-05-27,synthetic
f_8675990497,8675990497,openverse/flickr,https://live.staticflickr.com/8389/8675990497_d7de9da3a2_b.jpg,photos/raw/8675990497.jpg,768,1024,antics|casual|cubical|cubicle|desk|employee|fun|funny|geek|informationtechnology|it|moblog|nerd|office|programmer|relaxed|samsunggalaxysiii|softwaredeveloper|work|workday|workplace,ep146,2025-04-10,synthetic
f_19928653864,19928653864,openverse/flickr,https://live.staticflickr.com/5699/19928653864_6fc1294551_b.jpg,photos/raw/19928653864.jpg,1024,768,2015|desk|ikea|leaf|macbookpro|monitors|office|work,ep138,2025-02-21,synthetic
f_8892102013,8892102013,openverse/flickr,https://live.staticflickr.com/7409/8892102013_ee845760c0_b.jpg,photos/raw/8892102013.jpg,768,1024,antics|casual|comfortable|corporate|cubical|cubicle|desk|developer|funny|geek|informationtechnology|it|moblog|nerd|office|programmer|relaxation|relaxed|samsunggalaxysiii|slacker|softwaredeveloper|woking|work|working|workplace|workspace,ep145,2025-04-05,synthetic
f_8960538147,8960538147,openverse/flickr,https://live.staticflickr.com/5461/8960538147_1ee169bbcd_b.jpg,photos/raw/8960538147.jpg,768,1024,antics|casual|comfortable|corporate|cubical|cubicle|desk|developer|funny|geek|informationtechnology|it|moblog|nerd|office|programmer|relaxation|relaxed|samsunggalaxysiii|slacker|softwaredeveloper|woking|work|working|workplace|workspace,ep145,2025-04-05,synthetic
f_8735665269,8735665269,openverse/flickr,https://live.staticflickr.com/7282/8735665269_0bea6ffa44_b.jpg,photos/raw/8735665269.jpg,768,1024,antics|casual|comfortable|corporate|cubical|cubicle|desk|developer|funny|geek|informationtechnology|it|moblog|nerd|office|programmer|relaxation|relaxed|samsunggalaxysiii|slacker|softwaredeveloper|woking|work|working|workplace|workspace,ep145,2025-04-05,synthetic
f_9036680917,9036680917,openverse/flickr,https://live.staticflickr.com/2882/9036680917_52ae16e710_b.jpg,photos/raw/9036680917.jpg,768,1024,antics|casual|comfortable|corporate|cubical|cubicle|desk|developer|funny|geek|informationtechnology|it|moblog|nerd|office|programmer|relaxation|relaxed|samsunggalaxysiii|slacker|softwaredeveloper|woking|work|working|workplace|workspace,ep039,2023-01-14,synthetic
f_9036791071,9036791071,openverse/flickr,https://live.staticflickr.com/7320/9036791071_ce537f016c_b.jpg,photos/raw/9036791071.jpg,768,1024,antics|casual|comfortable|corporate|cubical|cubicle|desk|developer|funny|geek|informationtechnology|it|moblog|nerd|office|programmer|relaxation|relaxed|samsunggalaxysiii|slacker|softwaredeveloper|woking|work|working|workplace|workspace,ep036,2022-12-11,synthetic
f_5279661654,5279661654,openverse/flickr,https://live.staticflickr.com/5126/5279661654_9c5ab51a44_b.jpg,photos/raw/5279661654.jpg,1000,664,envatonotesworkspaces|chair|contemporary|desk|furniture|home|indoors|interior design|lamp|room|seat|table|window,ep039,2023-01-14,synthetic
f_16916258456,16916258456,openverse/flickr,https://live.staticflickr.com/8717/16916258456_78db1dae50_b.jpg,photos/raw/16916258456.jpg,1024,768,anantabhadralamichhane|anantalcom|wwwanantalcom|computer|contemporary|desk|furniture|indoors|office|room|screen|table|technology|window,ep039,2023-01-14,synthetic
f_8653528418,8653528418,openverse/flickr,https://live.staticflickr.com/8399/8653528418_bd32e85907_b.jpg,photos/raw/8653528418.jpg,768,1024,antics|casual|cubical|cubicle|desk|employee|fun|funny|geek|informationtechnology|it|moblog|nerd|office|programmer|relaxed|samsunggalaxysiii|softwaredeveloper|work|workday|workplace,ep146,2025-04-10,synthetic
f_3550741931,3550741931,openverse/flickr,https://live.staticflickr.com/3541/3550741931_c90c7e9879_b.jpg,photos/raw/3550741931.jpg,1024,745,architecture|architectuur|architektur|architettura|arquitectura|arquitetura|cc|commons|concert|copenhagen|creative|danish|dr|hall|interior|jean|jeannouvel|ku00f8benhavn|modern|modernism|modernist|nouvel|radio|seierseier|studio|u00f8restad|abstract|architecture|city|design|fast|illustration|light|sunset|technology|travel,ep033,2022-10-26,synthetic
f_3842687379,3842687379,openverse/flickr,https://live.staticflickr.com/2457/3842687379_9ca699a4de_b.jpg,photos/raw/3842687379.jpg,1024,1018,2006|200612|20061222|album|albumcover|alcohol|autograph|cigar|cigarette|club|clubfive|concert|concert20061222|concert20061222voltaire|concertvoltaire|concertvoltaire20061222|cover|dc|devil|drink|entertainment|fire|horn|horns|music|smoking|voltaire|voltairealbum|voltairealbumcover|voltaireconcert|voltaireconcert20061222|voltairecover|voltairezombieprostitute|voltairezombieprostitutealbumcover|voltairezombieprostitutecover|washington|washingtondc|wine|zombieprostitute|zombieprostitutecover,ep018,2022-05-25,synthetic
f_2292254139,2292254139,openverse/flickr,https://live.staticflickr.com/2370/2292254139_2c8e5fa0c7_b.jpg,photos/raw/2292254139.jpg,1024,682,111southgrandavenue|architecture|building|city|cityscape|concert|disney|flickrslegend|frankgehry|frankogehry|frankogehrypartnerswaltdisneyconcerthall|gehry|hall|hdr|la|losangeles|losangelesmusiccenter|losangelesphilharmonic|urban|walt|waltdisney|waltdisneyconcerthall|architecture|building|business|city|downtown|dusk|evening|futuristic|hotel|light|modern|museum|outdoors|sky|skyscraper|street|sunset|travel|urban,ep153,2025-06-13,synthetic
f_133308141,133308141,openverse/flickr,https://live.staticflickr.com/44/133308141_fa212b6548_b.jpg,photos/raw/133308141.jpg,756,1008,20031026|babes|bizarrefuchsia|boots|california|choker|concert|dressedup|excited|fishnets|fishnetstockings|fmbs|girls|glistening|hot|lipstick|makeup|megan|rachel|rachellind|rachellovedreilinger|sanfrancisco|sexy|shorthair|shortskirt|sisters|skinny|skirt|skirts|slim|smiling|stockings|strokes|strokesshirt|strokestshirt|sweaty|thin|tights|tshirt|tshirts|women,ep012,2022-02-26,synthetic
f_9440044730,9440044730,openverse/flickr,https://live.staticflickr.com/5539/9440044730_346a116885_b.jpg,photos/raw/9440044730.jpg,1024,683,concert|montgomerycountypa|outdoorconcert|upperprovidencetownship,ep158,2025-07-16,synthetic
f_26239175911,26239175911,openverse/flickr,https://live.staticflickr.com/1523/26239175911_328bd1dce7_b.jpg,photos/raw/26239175911.jpg,1024,576,abstract|architecture|background|blu|building|california|city|concert|fuji|fujifilm|fujix|fujixt10|geotagged|hall|lines|losangeles|onsale|orange|photo|photography|sky|unitedstates|urban|us|usa|wallpaper|waltdisney|waltdisneyconcerthall|xt10,ep087,2024-01-19,synthetic
f_989887014,989887014,openverse/flickr,https://live.staticflickr.com/1145/989887014_cbeaf75220_b.jpg,photos/raw/989887014.jpg,1023,758,concert|crowd|police|sting|thepolice,ep060,2023-06-25,synthetic
f_14919880753,14919880753,openverse/flickr,https://live.staticflickr.com/3941/14919880753_5c8d7890d6_b.jpg,photos/raw/14919880753.jpg,1024,829,concert|music|performance,ep173,2025-11-18,synthetic
f_8388623869,8388623869,openverse/flickr,https://live.staticflickr.com/8224/8388623869_38f6727fc4_b.jpg,photos/raw/8388623869.jpg,1024,683,concert|mega|nation|nigam|sonu|tri,ep005,2022-01-28,synthetic
f_8657919101,8657919101,openverse/flickr,https://live.staticflickr.com/8123/8657919101_a382356a7a_b.jpg,photos/raw/8657919101.jpg,1024,683,color|concert|documentary|entertainment|music|photojournalism,ep051,2023-04-23,synthetic
f_3878231068,3878231068,openverse/flickr,https://live.staticflickr.com/2584/3878231068_a8fe542d19_b.jpg,photos/raw/3878231068.jpg,1023,662,concert|ferdinand|franz|franzferdinand|metropolis|montreal,ep060,2023-06-25,synthetic
f_7514066478,7514066478,openverse/flickr,https://live.staticflickr.com/8167/7514066478_f31ded295c_b.jpg,photos/raw/7514066478.jpg,1024,681,1206|2x|70200mmf28gvr|concert|concerts|d700|fx|live|madonna|mdna|photography|robale|rv|tc20eii|tour|youngrobv,ep005,2022-01-28,synthetic
f_7406721864,7406721864,openverse/flickr,https://live.staticflickr.com/7279/7406721864_778725baf9_b.jpg,photos/raw/7406721864.jpg,681,1024,1206|2x|70200mmf28gvr|abigfave|concert|concerts|d700|fx|live|madonna|mdna|photography|robale|rv|tc20eii|tour|youngrobv,ep079,2023-12-06,synthetic
f_14110704700,14110704700,openverse/flickr,https://live.staticflickr.com/3735/14110704700_603c1ac6de_b.jpg,photos/raw/14110704700.jpg,1024,683,concert|guitaristsvocalsstageconcert|ilobsterit|livemusic|musicfest|band|concert|festival|guitar|guitarist|music|musician|performance|pop music|singer|stage,ep051,2023-04-24,synthetic
f_5482718682,5482718682,openverse/flickr,https://live.staticflickr.com/5293/5482718682_65654574b6_b.jpg,photos/raw/5482718682.jpg,892,1023,concert|consolenergycenter|gaga|lady|ladygaga|ladygagaconcert|pittsburgh,ep050,2023-04-18,synthetic
f_5831608187,5831608187,openverse/flickr,https://live.staticflickr.com/2479/5831608187_9787af9e18_b.jpg,photos/raw/5831608187.jpg,1024,683,2011|concert|muziek|nationaalconcert|nationaalhistorischmuseum|park|utrecht|wilhelminapark,ep118,2024-10-16,synthetic
f_5831625263,5831625263,openverse/flickr,https://live.staticflickr.com/3198/5831625263_e1eb74314f_b.jpg,photos/raw/5831625263.jpg,1024,683,2011|concert|muziek|nationaalconcert|nationaalhistorischmuseum|park|utrecht|wilhelminapark,ep052,2023-04-28,synthetic
f_5832166528,5832166528,openverse/flickr,https://live.staticflickr.com/5233/5832166528_be9b9ac147_b.jpg,photos/raw/5832166528.jpg,1024,683,2011|concert|muziek|nationaalconcert|nationaalhistorischmuseum|park|utrecht|wilhelminapark,ep119,2024-10-25,synthetic
f_2406188038,2406188038,openverse/flickr,https://live.staticflickr.com/3008/2406188038_7fe5b8825c_b.jpg,photos/raw/2406188038.jpg,1024,683,avrillavigne|concert|kingston|krockcentre|ontario,ep079,2023-12-06,synthetic
f_2878446829,2878446829,openverse/flickr,https://live.staticflickr.com/3080/2878446829_65ec3387f1.jpg,photos/raw/2878446829.jpg,397,500,concert|craft|handmade|quilt|tshirts,ep108,2024-08-10,synthetic
f_4869390774,4869390774,openverse/flickr,https://live.staticflickr.com/4080/4869390774_8ce6f505df_b.jpg,photos/raw/4869390774.jpg,1024,768,aude|chat|chatting|corbieres|france|freeassociation|guest|guests|marriage|portel|porteldescorbieres|talk|talking|tree|wedding,ep041,2023-01-26,synthetic
f_5154054521,5154054521,openverse/flickr,https://live.staticflickr.com/4049/5154054521_14c71b0ed4_b.jpg,photos/raw/5154054521.jpg,1024,768,bride|groom|lauren|mark|weddingguests,ep021,2022-06-13,synthetic
f_16479547032,16479547032,openverse/flickr,https://live.staticflickr.com/8659/16479547032_b3c34dd413_m.jpg,photos/raw/16479547032.jpg,153,239,weddingaccessories|weddingcards|weddinggifts,ep131,2025-01-05,synthetic
f_4221367251,4221367251,openverse/flickr,https://live.staticflickr.com/2601/4221367251_d9d2bf48d2_b.jpg,photos/raw/4221367251.jpg,1024,768,weddingguests,ep021,2022-06-13,synthetic
f_22110044074,22110044074,openverse/flickr,https://live.staticflickr.com/563/22110044074_5b763795cb_b.jpg,photos/raw/22110044074.jpg,1024,683,aimg2677|denhaag|dutch|holland|hoogstraat|koninkrijkdernederland|men|nederland|netherlands|party|thehague|wedding|women|zuid,ep048,2023-04-08,synthetic
f_32218699194,32218699194,openverse/flickr,https://live.staticflickr.com/753/32218699194_995d1ceb6c.jpg,photos/raw/32218699194.jpg,499,314,wedding,ep012,2022-02-26,synthetic
f_4218609617,4218609617,openverse/flickr,https://live.staticflickr.com/4011/4218609617_983b796095_b.jpg,photos/raw/4218609617.jpg,1024,768,photographers|weddingguests,ep041,2023-01-26,synthetic
f_4222188638,4222188638,openverse/flickr,https://live.staticflickr.com/2628/4222188638_be23016b0e_b.jpg,photos/raw/4222188638.jpg,1024,768,gazebo|weddingguests,ep073,2023-09-08,synthetic
f_4221444291,4221444291,openverse/flickr,https://live.staticflickr.com/4049/4221444291_12ddd72c2f_b.jpg,photos/raw/4221444291.jpg,1024,768,weddingguests,ep021,2022-06-13,synthetic
f_1663192494,1663192494,openverse/flickr,https://live.staticflickr.com/2395/1663192494_4a5c5b9033_b.jpg,photos/raw/1663192494.jpg,722,1024,afnikkor50mmf18d|d50|guest|wedding,ep069,2023-08-19,synthetic
f_873175576,873175576,openverse/flickr,https://live.staticflickr.com/1297/873175576_81ca17600d_b.jpg,photos/raw/873175576.jpg,1024,822,archway|bench|gardens|seattle|vines,ep114,2024-09-22,synthetic
f_3488419,3488419,openverse/flickr,https://live.staticflickr.com/2/3488419_635766126e_b.jpg,photos/raw/3488419.jpg,1024,683,2004|cmastreani|jcapper|newzealand|waiheke|wedding|beach|leisure|ocean|people|recreation|sand|sea|seashore|travel|vacation|water|woman,ep171,2025-11-09,synthetic
f_4220583820,4220583820,openverse/flickr,https://live.staticflickr.com/2678/4220583820_fe5d17284c_b.jpg,photos/raw/4220583820.jpg,1000,664,2009|christshospitalschool|horsham|summer|wedding,ep083,2024-01-02,synthetic
f_7171210719,7171210719,openverse/flickr,https://live.staticflickr.com/8158/7171210719_3919b30a5c_b.jpg,photos/raw/7171210719.jpg,989,1024,2012|house|landonhousewedding2012landon|landonwedding,ep069,2023-08-16,synthetic
f_4221717999,4221717999,openverse/flickr,https://live.staticflickr.com/2766/4221717999_4467a4f994_b.jpg,photos/raw/4221717999.jpg,1024,768,weddingguests,ep069,2023-08-16,synthetic
f_44134194,44134194,openverse/flickr,https://live.staticflickr.com/33/44134194_af5bedbf1a_b.jpg,photos/raw/44134194.jpg,768,1024,girl|japan|japanese|kimono|meiji|shrine|tokyo,ep007,2022-02-05,synthetic
f_4222450816,4222450816,openverse/flickr,https://live.staticflickr.com/2722/4222450816_77fd8beb64_b.jpg,photos/raw/4222450816.jpg,1024,768,weddingguest,ep031,2022-10-20,synthetic
f_4222423104,4222423104,openverse/flickr,https://live.staticflickr.com/2508/4222423104_7888b44ed7_b.jpg,photos/raw/4222423104.jpg,1024,768,weddingguest,ep021,2022-06-13,synthetic
f_4222188654,4222188654,openverse/flickr,https://live.staticflickr.com/4036/4222188654_785b31c280_b.jpg,photos/raw/4222188654.jpg,1024,768,weddingguests,ep021,2022-06-13,synthetic
f_8315751023,8315751023,openverse/flickr,https://live.staticflickr.com/8074/8315751023_94df90f409_b.jpg,photos/raw/8315751023.jpg,1023,792,celebration|costume|dracula|dressup|halloween|haunt|hearse|horror|makeup|monster|oregon|portland|scary|vampire|wedding|weird|wolfgirl|adult|car|convertible|girl|people,ep155,2025-06-26,synthetic
f_17360163511,17360163511,openverse/flickr,https://live.staticflickr.com/7772/17360163511_345fe0c06c_b.jpg,photos/raw/17360163511.jpg,1024,1019,bodypaint|costume|crazy|eastsussex|facepainting|fancydress|festival|funny|green|greenman|hastings|hastingsoldtown|jackinthegreen|mayday|morrisdancers|pagan|paganfestival,ep166,2025-09-14,synthetic
f_17358867061,17358867061,openverse/flickr,https://live.staticflickr.com/8832/17358867061_c5ba99daa7_b.jpg,photos/raw/17358867061.jpg,685,1023,bodypaint|costume|crazy|eastsussex|facepainting|fancydress|festival|funny|green|greenman|hastings|hastingsoldtown|jackinthegreen|mayday|morrisdancers|pagan|paganfestival,ep166,2025-09-10,synthetic
f_17334297696,17334297696,openverse/flickr,https://live.staticflickr.com/7719/17334297696_c9fca6b8ee_b.jpg,photos/raw/17334297696.jpg,1024,716,bodypaint|costume|crazy|eastsussex|facepainting|fancydress|festival|funny|green|greenman|hastings|hastingsoldtown|jackinthegreen|mayday|morrisdancers|pagan|paganfestival,ep166,2025-09-10,synthetic
f_17334194256,17334194256,openverse/flickr,https://live.staticflickr.com/7719/17334194256_fd46692c59_b.jpg,photos/raw/17334194256.jpg,759,1024,bodypaint|costume|crazy|eastsussex|facepainting|fancydress|festival|funny|green|greenman|hastings|hastingsoldtown|jackinthegreen|mayday|morrisdancers|pagan|paganfestival,ep166,2025-09-14,synthetic
f_17173650989,17173650989,openverse/flickr,https://live.staticflickr.com/8858/17173650989_4d1fbe221e_b.jpg,photos/raw/17173650989.jpg,723,1024,bodypaint|costume|crazy|eastsussex|facepainting|fancydress|festival|funny|green|greenman|hastings|hastingsoldtown|jackinthegreen|mayday|morrisdancers|pagan|paganfestival,ep173,2025-11-18,synthetic
f_17171868708,17171868708,openverse/flickr,https://live.staticflickr.com/7667/17171868708_70b6686773_b.jpg,photos/raw/17171868708.jpg,635,1023,bodypaint|costume|crazy|eastsussex|facepainting|fancydress|festival|funny|green|greenman|hastings|hastingsoldtown|jackinthegreen|mayday|morrisdancers|pagan|paganfestival,ep166,2025-09-10,synthetic
f_17174699069,17174699069,openverse/flickr,https://live.staticflickr.com/7794/17174699069_2b821caeb0_b.jpg,photos/raw/17174699069.jpg,1024,741,bodypaint|costume|crazy|eastsussex|facepainting|fancydress|festival|funny|green|greenman|hastings|hastingsoldtown|jackinthegreen|mayday|morrisdancers|pagan|paganfestival,ep166,2025-09-13,synthetic
f_17333942616,17333942616,openverse/flickr,https://live.staticflickr.com/7790/17333942616_e636711ec3_b.jpg,photos/raw/17333942616.jpg,1024,828,bodypaint|costume|crazy|eastsussex|facepainting|fancydress|festival|funny|green|greenman|hastings|hastingsoldtown|jackinthegreen|mayday|morrisdancers|pagan|paganfestival,ep166,2025-09-11,synthetic
f_17334816816,17334816816,openverse/flickr,https://live.staticflickr.com/7673/17334816816_38fef65909_b.jpg,photos/raw/17334816816.jpg,685,1023,bodypaint|costume|crazy|eastsussex|facepainting|fancydress|festival|funny|green|greenman|hastings|hastingsoldtown|jackinthegreen|mayday|morrisdancers|pagan|paganfestival,ep126,2024-12-14,synthetic
f_17173075498,17173075498,openverse/flickr,https://live.staticflickr.com/7717/17173075498_5c803368cd_b.jpg,photos/raw/17173075498.jpg,1024,732,bodypaint|costume|crazy|eastsussex|facepainting|fancydress|festival|funny|green|greenman|hastings|hastingsoldtown|jackinthegreen|mayday|morrisdancers|pagan|paganfestival,ep166,2025-09-11,synthetic
f_17357506902,17357506902,openverse/flickr,https://live.staticflickr.com/7755/17357506902_168fbde11b_b.jpg,photos/raw/17357506902.jpg,1023,929,bodypaint|costume|crazy|eastsussex|facepainting|fancydress|festival|funny|green|greenman|hastings|hastingsoldtown|jackinthegreen|mayday|morrisdancers|pagan|paganfestival,ep166,2025-09-10,synthetic
f_52494837829,52494837829,openverse/flickr,https://live.staticflickr.com/65535/52494837829_064b474f74_b.jpg,photos/raw/52494837829.jpg,1023,681,avalon|boyd|coffee|conservation|day|easton|festival|gov|governor|k|lt|maryland|rutherford|theater|veterans|vfw|waterfowl,ep073,2023-09-11,synthetic
f_16739461843,16739461843,openverse/flickr,https://live.staticflickr.com/8778/16739461843_60182695d8_b.jpg,photos/raw/16739461843.jpg,1023,652,bodypaint|costume|crazy|eastsussex|facepainting|fancydress|festival|funny|green|greenman|hastings|hastingsoldtown|jackinthegreen|mayday|morrisdancers|pagan|paganfestival,ep166,2025-09-09,synthetic
f_17359257375,17359257375,openverse/flickr,https://live.staticflickr.com/8875/17359257375_da1ba9f59a_b.jpg,photos/raw/17359257375.jpg,594,1023,bodypaint|costume|crazy|eastsussex|facepainting|fancydress|festival|funny|green|greenman|hastings|hastingsoldtown|jackinthegreen|mayday|morrisdancers|pagan|paganfestival,ep166,2025-09-11,synthetic
f_17173068450,17173068450,openverse/flickr,https://live.staticflickr.com/8760/17173068450_15daa3eb0c_b.jpg,photos/raw/17173068450.jpg,750,1024,bodypaint|costume|crazy|eastsussex|facepainting|fancydress|festival|funny|green|greenman|hastings|hastingsoldtown|jackinthegreen|mayday|morrisdancers|pagan|paganfestival,ep166,2025-09-13,synthetic
f_17358356442,17358356442,openverse/flickr,https://live.staticflickr.com/7744/17358356442_1e9b7097dd_b.jpg,photos/raw/17358356442.jpg,1024,716,bodypaint|costume|crazy|eastsussex|facepainting|fancydress|festival|funny|green|greenman|hastings|hastingsoldtown|jackinthegreen|mayday|morrisdancers|pagan|paganfestival,ep166,2025-09-13,synthetic
f_17172974900,17172974900,openverse/flickr,https://live.staticflickr.com/7740/17172974900_1764273ec7_b.jpg,photos/raw/17172974900.jpg,1024,800,bodypaint|costume|crazy|eastsussex|facepainting|fancydress|festival|funny|green|greenman|hastings|hastingsoldtown|jackinthegreen|mayday|morrisdancers|pagan|paganfestival,ep166,2025-09-11,synthetic
f_17333477596,17333477596,openverse/flickr,https://live.staticflickr.com/8715/17333477596_27d8e61ee8_b.jpg,photos/raw/17333477596.jpg,1023,929,bodypaint|costume|crazy|eastsussex|facepainting|fancydress|festival|funny|green|greenman|hastings|hastingsoldtown|jackinthegreen|mayday|morrisdancers|pagan|paganfestival,ep166,2025-09-10,synthetic
f_17171825080,17171825080,openverse/flickr,https://live.staticflickr.com/7663/17171825080_2478a044d8_b.jpg,photos/raw/17171825080.jpg,790,1024,bodypaint|costume|crazy|eastsussex|facepainting|fancydress|festival|funny|green|greenman|hastings|hastingsoldtown|jackinthegreen|mayday|morrisdancers|pagan|paganfestival,ep158,2025-07-16,synthetic
f_17359986425,17359986425,openverse/flickr,https://live.staticflickr.com/7729/17359986425_2531f92dee_b.jpg,photos/raw/17359986425.jpg,790,1024,bodypaint|costume|crazy|eastsussex|facepainting|fancydress|festival|funny|green|greenman|hastings|hastingsoldtown|jackinthegreen|mayday|morrisdancers|pagan|paganfestival,ep166,2025-09-09,synthetic
f_3102448546,3102448546,openverse/flickr,https://live.staticflickr.com/3048/3102448546_7115f700f6_b.jpg,photos/raw/3102448546.jpg,1024,683,frafrance|journey|openbaarvervoer|publictransport|rail|railtravel|tgv|thalys|train|trainjourney|transport|trein,ep176,2025-12-04,synthetic
f_3102447264,3102447264,openverse/flickr,https://live.staticflickr.com/3204/3102447264_7707cbcc49_b.jpg,photos/raw/3102447264.jpg,1024,683,frafrance|journey|openbaarvervoer|publictransport|rail|railtravel|tgv|thalys|train|trainjourney|transport|trein,ep067,2023-08-05,synthetic
f_3101615697,3101615697,openverse/flickr,https://live.staticflickr.com/3086/3101615697_fd26d6bfa4_b.jpg,photos/raw/3101615697.jpg,1024,683,frafrance|journey|openbaarvervoer|publictransport|rail|railtravel|tgv|thalys|train|trainjourney|transport|trein,ep119,2024-10-25,synthetic
f_4457804879,4457804879,openverse/flickr,https://live.staticflickr.com/2746/4457804879_cb733b34a9_b.jpg,photos/raw/4457804879.jpg,768,1024,amt|biro|crossword|dichohecho|food|grid|guardian|kakuro|red|squares|stroopwaffel|sudoku|sunlight|tea|toffeewaffle,ep052,2023-04-28,synthetic
f_14820170172,14820170172,openverse/flickr,https://live.staticflickr.com/5570/14820170172_800b9f71d5_b.jpg,photos/raw/14820170172.jpg,1024,819,ger|mongoloia|steppe|train|transsiberian|ulanbataar,ep154,2025-06-19,synthetic
f_2203044093,2203044093,openverse/flickr,https://live.staticflickr.com/2212/2203044093_8575174762_b.jpg,photos/raw/2203044093.jpg,1024,683,0017sec|0ev|40d|56mm|bilf|book|canon|chronicle|ebay|eos|f45|groupvintageengland|groupyourbooks|hpexif|iso100|ispy|leol30random|news|newschronicle|vintage|xleol30x|xratio3x2x|xx2008xx,ep019,2022-06-03,synthetic
f_2203841384,2203841384,openverse/flickr,https://live.staticflickr.com/2133/2203841384_b12ae55321_b.jpg,photos/raw/2203841384.jpg,768,1024,0033sec|0ev|40d|53mm|bilf|book|canon|chronicle|ebay|eos|f8|groupyourbooks|hpexif|iso100|ispy|leol30random|news|newschronicle|vintage|xleol30x|xratio3x4x|xx2008xx,ep036,2022-12-11,synthetic
f_2098271313,2098271313,openverse/flickr,https://live.staticflickr.com/2029/2098271313_999f54197c_b.jpg,photos/raw/2098271313.jpg,1024,768,baureihe101|dbagclass101|deutschebahn|geotagged|trains,ep163,2025-08-18,synthetic
f_3102438210,3102438210,openverse/flickr,https://live.staticflickr.com/3174/3102438210_fca64b0a7c_b.jpg,photos/raw/3102438210.jpg,1024,683,frafrance|journey|rail|railtravel|tgv|thalys|train|trainjourney|trein,ep074,2023-09-18,synthetic
f_2147433930,2147433930,openverse/flickr,https://live.staticflickr.com/2309/2147433930_32fd0a0be2_b.jpg,photos/raw/2147433930.jpg,1024,768,bahn|expressdeutsche|geotagged|highspeedtrain|ice|ice3|intercity|train,ep118,2024-10-16,synthetic
f_31406772,31406772,openverse/flickr,https://live.staticflickr.com/22/31406772_5a457e2d80_b.jpg,photos/raw/31406772.jpg,678,1024,bomb|london,ep162,2025-08-14,synthetic
f_38056288482,38056288482,openverse/flickr,https://live.staticflickr.com/4456/38056288482_2329f51d4e_b.jpg,photos/raw/38056288482.jpg,1024,683,1v600820aberdeentopenzance|2017|birmingham|british|class221|crosscountry|demu|flickr|greatbritain|images|jeremysegrott|longestjourney|october|photographs|photography|photos|pictures|railroads|railways|sellyoak|station|supervoyager|trains|transport|uk|unit|unitedkingdom|voyager,ep163,2025-08-18,synthetic
f_3102439872,3102439872,openverse/flickr,https://live.staticflickr.com/3273/3102439872_1be2dd24f1_b.jpg,photos/raw/3102439872.jpg,1024,684,frafrance|journey|rail|railtravel|tgv|thalys|train|trainjourney|trein,ep065,2023-07-28,synthetic
f_15163429101,15163429101,openverse/flickr,https://live.staticflickr.com/5586/15163429101_f6202df8c1_b.jpg,photos/raw/15163429101.jpg,1024,768,caledoniansleeper|easthighlandway|easthighlandwayday1|highlands|rannochmoor|scotland|scottishhighlands|walk|westhighlandline,ep176,2025-12-04,synthetic
f_2098272511,2098272511,openverse/flickr,https://live.staticflickr.com/2164/2098272511_b34a715512_b.jpg,photos/raw/2098272511.jpg,1024,768,deutschebahn|geotagged|ice|ice3|traininterior|trains,ep118,2024-10-19,synthetic
f_31720075501,31720075501,openverse/flickr,https://live.staticflickr.com/5590/31720075501_8ec8f778e3_b.jpg,photos/raw/31720075501.jpg,738,1023,no|norway|sognogfjordane,ep175,2025-11-28,synthetic
f_14574380052,14574380052,openverse/flickr,https://live.staticflickr.com/5531/14574380052_2a04281890_b.jpg,photos/raw/14574380052.jpg,1024,652,india|steamtrain,ep164,2025-08-22,synthetic
f_40226303401,40226303401,openverse/flickr,https://live.staticflickr.com/4768/40226303401_6decd4d1fc_b.jpg,photos/raw/40226303401.jpg,1024,683,agriculture|farming|fields|green|india|indianrailway|trainjourney|westbengal,ep148,2025-04-29,synthetic
f_7671599850,7671599850,openverse/flickr,https://live.staticflickr.com/8283/7671599850_06be7f823f_b.jpg,photos/raw/7671599850.jpg,1024,683,2012|july,ep106,2024-07-27,synthetic
f_5573429633,5573429633,openverse/flickr,https://live.staticflickr.com/5030/5573429633_ff40e03973_b.jpg,photos/raw/5573429633.jpg,1024,680,coach|d5000|delhi|engine|f18|nikon|railway|station|track|train,ep154,2025-06-16,synthetic
f_2783753471,2783753471,openverse/flickr,https://live.staticflickr.com/3101/2783753471_fc53c41a79_b.jpg,photos/raw/2783753471.jpg,1024,648,2008|200808|20080807|bethanybeach|crab|crableg|crablegs|delaware|dinner|dinner20080807|dinner20080807bethanybeachfamilydinner|eating|food|leg|legs|lowellsawyer|magnolias|meal|restaurant|sitting,ep049,2023-04-13,synthetic
f_2783761859,2783761859,openverse/flickr,https://live.staticflickr.com/3204/2783761859_a7047e14f8_b.jpg,photos/raw/2783761859.jpg,1023,580,2008|200808|20080807|bethanybeach|delaware|dinner|dinner20080807|dinner20080807bethanybeachfamilydinner|drawing|irelandkillen|isabellapsillidio|magnolias|meal|priscillacornelio|restaurant|sitting|smile|smiling|tassospsillidio|tracypsillidio,ep041,2023-01-26,synthetic
f_2783774049,2783774049,openverse/flickr,https://live.staticflickr.com/3133/2783774049_4f1d55d386_b.jpg,photos/raw/2783774049.jpg,1024,566,2008|200808|20080807|bethanybeach|cell|cellphone|comedy|delaware|dinner|dinner20080807|dinner20080807bethanybeachfamilydinner|franksawyer|funny|funnyface|hardware|jgerardsawyer|magnolias|meal|phone|restaurant|sitting,ep031,2022-10-17,synthetic
f_5173243668,5173243668,openverse/flickr,https://live.staticflickr.com/4112/5173243668_0c2fda776d_b.jpg,photos/raw/5173243668.jpg,1023,598,2010|201011|20101101|allysonh|aubreys|bethbowen|britt|camerapersondad|charlottes|chrisn|dad|daksgrill|dinner|dinner20101101|dinner20101101tatianasvisit|emily|geraldh|grouppicture|jennifer|laine|meal|mikebowen|mom|restaurant|tatianaprophet|tatianaprophetvisit|tatianaprophetvisit20101101|virginia|visit|visiting|woodbridge|adult|facial expression|group|group together|leader|man|people|portrait|woman,ep021,2022-06-13,synthetic
f_11017363906,11017363906,openverse/flickr,https://live.staticflickr.com/2814/11017363906_972ed1c37f_b.jpg,photos/raw/11017363906.jpg,1024,683,blackandwhite|fastfood|foodcourt|mall|modernfamily|sawgrassmillsmall|shopping|streetphotography,ep118,2024-10-20,synthetic
f_301922802,301922802,openverse/flickr,https://live.staticflickr.com/109/301922802_1489f9516a_b.jpg,photos/raw/301922802.jpg,1024,768,chocolate|delicious|dessert|recipe|souffle|yum|baking|bowl|chocolate|cream|dairy product|delicious|food|grow|homemade|sugar|sweet,ep043,2023-02-07,synthetic
f_4958011218,4958011218,openverse/flickr,https://live.staticflickr.com/4128/4958011218_1b0d76bd20_b.jpg,photos/raw/4958011218.jpg,1024,768,2010|201008|20100806|capecod|jonathansawyer|kimsawyer|lobsterclaw|massachusetts|oliviasawyer|restaurant|sitting|smile|smiling|vacation|vacationtocapecod|vacationtocapecod2010,ep031,2022-10-19,synthetic
f_8885162988,8885162988,openverse/flickr,https://live.staticflickr.com/5349/8885162988_c4145e137c.jpg,photos/raw/8885162988.jpg,500,500,instagramapp|iphoneography|square|xproii,ep106,2024-07-27,synthetic
f_2784617026,2784617026,openverse/flickr,https://live.staticflickr.com/3257/2784617026_1d53ea7c56_b.jpg,photos/raw/2784617026.jpg,1024,635,2008|200808|20080807|alcohol|bethanybeach|delaware|dinner|dinner20080807|dinner20080807bethanybeachfamilydinner|drink|game|jonathansawyer|kylekillen|leaning|lisakillen|magnolias|meal|melaniesawyer|playingvideogame|playingvideogames|restaurant|sitting|stavospsillidio|timothysawyer|videogame|wine,ep041,2023-01-26,synthetic
f_7775250696,7775250696,openverse/flickr,https://live.staticflickr.com/7119/7775250696_e0b80f4679_b.jpg,photos/raw/7775250696.jpg,1024,693,2012|201207|20120726|animal|animals|aquarium|beachtrip|beachtrip2012|bethanybeach|bethanybeachtrip|bethanybeachtrip2012|coral|delaware|delawarebeachtrip|delawarebeachtrip2012|dinner|dinner20120726|dinner20120726bethanybeachfamilydinner|fish|glowing|glowingintheblacklight|magnolias|meal|restaurant,ep054,2023-05-07,synthetic
f_2783772335,2783772335,openverse/flickr,https://live.staticflickr.com/3273/2783772335_7c17fc81b1_b.jpg,photos/raw/2783772335.jpg,1023,564,2008|200808|20080807|bethanybeach|delaware|dinner|dinner20080807|dinner20080807bethanybeachfamilydinner|eating|juliekrier|magnolias|margarethasawyer|meal|nickharrigan|restaurant|samanthasawyer|sitting|stevesawyer,ep073,2023-09-06,synthetic
f_2783766845,2783766845,openverse/flickr,https://live.staticflickr.com/3032/2783766845_6d55818d3d_b.jpg,photos/raw/2783766845.jpg,1023,568,2008|200808|20080807|bethanybeach|broccoli|chicken|davidrice|delaware|dinner|dinner20080807|dinner20080807bethanybeachfamilydinner|ethanrice|food|jenniferrice|kevinrice|magnolias|meal|restaurant|sitting|smile|smiling,ep031,2022-10-19,synthetic
f_3196949419,3196949419,openverse/flickr,https://live.staticflickr.com/3103/3196949419_ccec093d36_b.jpg,photos/raw/3196949419.jpg,1024,569,2008|200808|20080807|alcohol|annesawyer|beer|bethanybeach|budweiser|budweiserbeer|camerapersonjgerardsawyer|carolyn|clint|delaware|dinner|dinner20080807|dinner20080807bethanybeachfamilydinner|drink|lowellsawyer|magnolias|meal|restaurant|sitting|smile|smiling,ep041,2023-01-25,synthetic
f_5663702686,5663702686,openverse/flickr,https://live.staticflickr.com/5187/5663702686_8b3509d542_b.jpg,photos/raw/5663702686.jpg,1024,576,barcodes|familytime|ourfamilyalbum|society,ep129,2024-12-28,synthetic
f_2783740685,2783740685,openverse/flickr,https://live.staticflickr.com/3152/2783740685_4a24045ce0_b.jpg,photos/raw/2783740685.jpg,1023,566,2008|200808|20080807|bethanybeach|delaware|dinner|dinner20080807|dinner20080807bethanybeachfamilydinner|grouppicture|jonathansawyer|juliekrier|magnolias|margarethasawyer|marksawyer|meal|priscillacornelio|restaurant|stevesawyer|timothysawyer,ep073,2023-09-09,synthetic
f_2783765717,2783765717,openverse/flickr,https://live.staticflickr.com/3177/2783765717_11386f928d_b.jpg,photos/raw/2783765717.jpg,1024,563,2008|200808|20080807|bethanybeach|carolyn|delaware|dinner|dinner20080807|dinner20080807bethanybeachfamilydinner|juliekrier|magnolias|margarethasawyer|meal|nickharrigan|restaurant|samanthasawyer|sitting|stevesawyer|talking,ep041,2023-01-26,synthetic
f_2784597624,2784597624,openverse/flickr,https://live.staticflickr.com/3111/2784597624_a3facb3b3b_b.jpg,photos/raw/2784597624.jpg,1024,569,2008|200808|20080807|bethanybeach|delaware|dinner|dinner20080807|dinner20080807bethanybeachfamilydinner|grouppicture|jonathansawyer|juliekrier|laughing|lowellsawyer|magnolias|marksawyer|meal|priscillacornelio|restaurant|standing|stevesawyer|timothysawyer,ep073,2023-09-10,synthetic
f_6582739741,6582739741,openverse/flickr,https://live.staticflickr.com/7004/6582739741_a011d9c231_b.jpg,photos/raw/6582739741.jpg,1024,529,estitxu|mario|scansbymarioestitxu,ep048,2023-04-08,synthetic
f_3144208233,3144208233,openverse/flickr,https://live.staticflickr.com/3110/3144208233_7e1c517f1b.jpg,photos/raw/3144208233.jpg,500,500,book|foodtv|giadadelaurentiis|tasty,ep013,2022-03-05,synthetic
f_16014404532,16014404532,openverse/flickr,https://live.staticflickr.com/7505/16014404532_8cda015c3c_b.jpg,photos/raw/16014404532.jpg,1024,577,2014|annie|dirk|evelien|fons|kris|maria|walter|william,ep017,2022-05-12,synthetic
f_4065989076,4065989076,openverse/flickr,https://live.staticflickr.com/2639/4065989076_361b2a8b04_b.jpg,photos/raw/4065989076.jpg,1024,768,,ep017,2022-05-12,synthetic
f_28079497964,28079497964,openverse/flickr,https://live.staticflickr.com/8629/28079497964_094ab2d40c.jpg,photos/raw/28079497964.jpg,500,500,instagramapp|iphoneography|square,ep177,2025-12-17,synthetic
f_13918791426,13918791426,openverse/flickr,https://live.staticflickr.com/7337/13918791426_423a08d281.jpg,photos/raw/13918791426.jpg,500,500,amaro|instagramapp|iphoneography|square,ep135,2025-01-20,synthetic
f_21935269404,21935269404,openverse/flickr,https://live.staticflickr.com/5787/21935269404_0374aa5fa1_b.jpg,photos/raw/21935269404.jpg,877,1024,clarendon|instagramapp|iphoneography|square,ep106,2024-07-27,synthetic
f_2119974937,2119974937,openverse/flickr,https://live.staticflickr.com/2143/2119974937_f6b961e663_b.jpg,photos/raw/2119974937.jpg,1024,768,121507|gingerbreadhouse,ep010,2022-02-14,synthetic
f_5999415014,5999415014,openverse/flickr,https://live.staticflickr.com/6008/5999415014_371526b876_b.jpg,photos/raw/5999415014.jpg,768,1024,friends|party,ep067,2023-08-05,synthetic
f_5998859833,5998859833,openverse/flickr,https://live.staticflickr.com/6020/5998859833_573b3572c9_b.jpg,photos/raw/5998859833.jpg,1024,768,friends|party,ep114,2024-09-28,synthetic
f_5999412636,5999412636,openverse/flickr,https://live.staticflickr.com/6010/5999412636_a45d51a240_b.jpg,photos/raw/5999412636.jpg,1024,768,friends|party,ep048,2023-04-08,synthetic
f_5998868457,5998868457,openverse/flickr,https://live.staticflickr.com/6127/5998868457_c8311f33b4_b.jpg,photos/raw/5998868457.jpg,768,1024,friends|party,ep143,2025-03-29,synthetic
f_2113042567,2113042567,openverse/flickr,https://live.staticflickr.com/2118/2113042567_1868d66813_b.jpg,photos/raw/2113042567.jpg,1024,768,friends|gregwalters|party|universityofdayton,ep031,2022-10-20,synthetic
f_2113852388,2113852388,openverse/flickr,https://live.staticflickr.com/2275/2113852388_459f29f97c_b.jpg,photos/raw/2113852388.jpg,1024,692,brettpetiya|friends|gregwalters|joshfortman|party|universityofdayton,ep048,2023-04-08,synthetic
f_510826762,510826762,openverse/flickr,https://live.staticflickr.com/199/510826762_ec1e77768d_b.jpg,photos/raw/510826762.jpg,1024,768,babes|downblouse|friends|night|party,ep031,2022-10-19,synthetic
f_34092168,34092168,openverse/flickr,https://live.staticflickr.com/22/34092168_23cdb2397f_b.jpg,photos/raw/34092168.jpg,1024,768,friends|party,ep031,2022-10-18,synthetic
f_5999416700,5999416700,openverse/flickr,https://live.staticflickr.com/6013/5999416700_cca4f169d0_b.jpg,photos/raw/5999416700.jpg,1024,768,friends|party,ep143,2025-03-26,synthetic
f_8466035,8466035,openverse/flickr,https://live.staticflickr.com/5/8466035_63dad2a891_b.jpg,photos/raw/8466035.jpg,1024,768,friends|new|party|year,ep048,2023-04-08,synthetic
f_296717734,296717734,openverse/flickr,https://live.staticflickr.com/111/296717734_974b343468_b.jpg,photos/raw/296717734.jpg,1024,768,amigos|brown|chicos|costumes|disfrazes|fiestas|friends|guys|halloween|parties|providence|roommates,ep089,2024-03-19,synthetic
f_6572328233,6572328233,openverse/flickr,https://live.staticflickr.com/7015/6572328233_7058b5b07b.jpg,photos/raw/6572328233.jpg,500,375,baltimore|friends|holiday|latkesandvodkas|party,ep017,2022-05-12,synthetic
f_492040255,492040255,openverse/flickr,https://live.staticflickr.com/229/492040255_a44e81fa5f_b.jpg,photos/raw/492040255.jpg,1024,768,babes|downblouse|formaturas|friends|night|party|brunette|entertainment|facial expression|music|people|sunglasses,ep049,2023-04-13,synthetic
f_2113852522,2113852522,openverse/flickr,https://live.staticflickr.com/2145/2113852522_7f5d622e8c_b.jpg,photos/raw/2113852522.jpg,1024,692,brettpetiya|friends|gregwalters|joshfortman|party|universityofdayton|adult|brunette|facial expression|group|group together|people|portrait|recreation|woman,ep041,2023-01-28,synthetic
f_107058438,107058438,openverse/flickr,https://live.staticflickr.com/40/107058438_b99e8db6d4_b.jpg,photos/raw/107058438.jpg,1024,768,birthday|drunk|friends|girls|parties,ep031,2022-10-17,synthetic
f_52437783205,52437783205,openverse/flickr,https://live.staticflickr.com/65535/52437783205_82ec9c9efc_b.jpg,photos/raw/52437783205.jpg,1023,570,2022|bc|britishcolumbia|canada|cans2s|cropped|luminarneo|okanaganlake|penticton|pentictonbc|sunset|tedmcgrath|tedsphotos|vignetting,ep157,2025-07-11,synthetic
f_3052865294,3052865294,openverse/flickr,https://live.staticflickr.com/3027/3052865294_02e6930685_b.jpg,photos/raw/3052865294.jpg,1024,908,14|40d|50mm|arizona|ascending|award|awesome|az|best|better|black|bw|canon|column|creativecommons|desert|excellent|exciting|fantastic|favorite|flickr|forest|free|freeforuse|good|hand|image|incredible|interesting|miami|more|most|mountain|much|national|phenomenal|photo|photograph|photography|pic|picture|pile|rocks|row|southwest|stockphotography|super|superior|thepowerofblackandwhite|tonto|very|white|winner|winning|wow,ep157,2025-07-10,synthetic
f_150162015,150162015,openverse/flickr,https://live.staticflickr.com/45/150162015_38c6e440ba_b.jpg,photos/raw/150162015.jpg,1024,681,cars|downtowndisney|pixar|waltdisneyworld,ep002,2022-01-12,synthetic
f_181766401,181766401,openverse/flickr,https://live.staticflickr.com/60/181766401_5eb7359bc1_b.jpg,photos/raw/181766401.jpg,1024,768,2006|4runner|africa|agumatsa|car|creativecommons|erik|friends|fz20|ghana|henrik|jim|photobystignygaard|roadtrip|toyota|toyota4runner|vehicle|volta|voltaregion|westafrica|westernafrica|wli|car|drag race|road|transportation system|vehicle,ep001,2022-01-05,synthetic
f_52440974965,52440974965,openverse/flickr,https://live.staticflickr.com/65535/52440974965_24d730a57c_b.jpg,photos/raw/52440974965.jpg,1024,778,2022|alberta|albertadinosaurprovincialpark|albertaprovincialpark|cropped|dinosaurprovincialpark|dinosaurprovincialparkalberta|luminarneo|nikon|nikond750|nikonfx|posts|roadtrip|sign|tedmcgrath|tedsphotos|unesco|unescoworldheritagesite|vignetting,ep160,2025-07-25,synthetic
f_32832395943,32832395943,openverse/flickr,https://live.staticflickr.com/3671/32832395943_2f62b6915c_b.jpg,photos/raw/32832395943.jpg,1024,692,bigbendranchstatepark|chihuahuandesert|desert|loscuates|monochrome,ep160,2025-07-25,synthetic
f_41250916014,41250916014,openverse/flickr,https://live.staticflickr.com/961/41250916014_e413a790d2_b.jpg,photos/raw/41250916014.jpg,1024,659,cancer,ep175,2025-11-28,synthetic
f_23731238541,23731238541,openverse/flickr,https://live.staticflickr.com/681/23731238541_9f45cc3ddc_b.jpg,photos/raw/23731238541.jpg,1024,765,,ep157,2025-07-09,synthetic
f_4656610652,4656610652,openverse/flickr,https://live.staticflickr.com/4034/4656610652_754df6a135_b.jpg,photos/raw/4656610652.jpg,1024,768,fog|hill|lake|landscape|mountain|nature|outdoors|sky|travel|water,ep157,2025-07-10,synthetic
f_4359854401,4359854401,openverse/flickr,https://live.staticflickr.com/2711/4359854401_646db6552e_b.jpg,photos/raw/4359854401.jpg,1000,669,qatar|realbokeh|roadtrip|dawn|dusk|evening|landscape|light|silhouette|sky|sun|sunset|tower,ep154,2025-06-22,synthetic
f_75335811,75335811,openverse/flickr,https://live.staticflickr.com/36/75335811_cd782919b5_b.jpg,photos/raw/75335811.jpg,1024,768,hokkaido|road|asphalt|blacktop|blur|car|daylight|drive|empty|guidance|highway|landscape|outdoors|road|sky|traffic|transportation system|travel|trip (journey),ep001,2022-01-06,synthetic
f_5812957097,5812957097,openverse/flickr,https://live.staticflickr.com/2650/5812957097_1e66276644_b.jpg,photos/raw/5812957097.jpg,1024,576,anapolis|maryland|md|road|trip,ep074,2023-09-17,synthetic
f_5812964433,5812964433,openverse/flickr,https://live.staticflickr.com/2509/5812964433_9a03c346d5_b.jpg,photos/raw/5812964433.jpg,819,1023,anapolis|maryland|md|road|trip,ep171,2025-11-05,synthetic
f_8687595728,8687595728,openverse/flickr,https://live.staticflickr.com/8260/8687595728_443d47f9a7_b.jpg,photos/raw/8687595728.jpg,1024,392,arizona|az|burbs|phoenix|phx|road|roadtrip|suburbs|trip|valley|west|westernphoenix|westphoenix|westvalley|alphabet|business|desktop|illustration|symbol,ep082,2023-12-23,synthetic
f_150161544,150161544,openverse/flickr,https://live.staticflickr.com/53/150161544_879b6485dd_b.jpg,photos/raw/150161544.jpg,1024,681,cars|downtowndisney|lightningmcqueen|pixar|sally|waltdisneyworld,ep002,2022-01-12,synthetic
f_53922369288,53922369288,openverse/flickr,https://live.staticflickr.com/65535/53922369288_9c7353bbba_b.jpg,photos/raw/53922369288.jpg,1024,512,art|blue|bluehour|clouds|cold|dark|dawn|lake|landscape|longexposure|mono|mountain|norway|water,ep157,2025-07-11,synthetic
f_8687594486,8687594486,openverse/flickr,https://live.staticflickr.com/8541/8687594486_533d31d9fd_b.jpg,photos/raw/8687594486.jpg,1024,1024,abandoned|architecture|arizona|az|broken|burbs|entropy|fallingapart|house|phoenix|phx|road|roadtrip|suburbs|trip|valley|west|westernphoenix|westphoenix|westvalley|dirty|exploration|industry|mine|one|people|rock|travel,ep160,2025-07-25,synthetic
f_14840898319,14840898319,openverse/flickr,https://live.staticflickr.com/3909/14840898319_5c22ec0101_b.jpg,photos/raw/14840898319.jpg,1024,683,35mm|black|bokeh|car|d7100|digital|drive|driving|f18|lens|lights|mm|monochrome|night|nikon|prime|road|shot|trip|white,ep087,2024-01-22,synthetic
f_181766402,181766402,openverse/flickr,https://live.staticflickr.com/77/181766402_2b317de387_b.jpg,photos/raw/181766402.jpg,1024,768,2006|4runner|africa|agumatsa|agumatsawildlifesanctuary|car|creativecommons|fz20|ghana|landscape|nature|roadtrip|toyota|toyota4runner|vehicle|volta|voltaregion|westafrica|westernafrica|wli|car|environment|landscape|mountain|outdoors|road|transportation system|travel|tree|vehicle,ep157,2025-07-09,synthetic
f_14995594841,14995594841,openverse/flickr,https://live.staticflickr.com/5555/14995594841_cb184a93e9_b.jpg,photos/raw/14995594841.jpg,1024,683,1750mm|america|american|bokeh|child|children|color|d7100|f28|hsm|kids|lens|light|natural|nikon|os|outdoor|people|pictures|portrait|portraits|road|sigma|states|trip|united|usa|zoom,ep133,2025-01-13,synthetic
f_331578106,331578106,openverse/flickr,https://live.staticflickr.com/150/331578106_32eef09410_b.jpg,photos/raw/331578106.jpg,1024,683,alberta|canada|city|edmonton|lights|mastermaq|night|skyline,ep112,2024-09-11,synthetic
f_2327901757,2327901757,openverse/flickr,https://live.staticflickr.com/2331/2327901757_b434e45657_b.jpg,photos/raw/2327901757.jpg,1023,685,arc|corollatimoglock|f1|formula1timoglock|nealebates|rally|timoglock|toyota,ep009,2022-02-11,synthetic
f_4165778882,4165778882,openverse/flickr,https://live.staticflickr.com/2709/4165778882_f3ac4ebdaa_b.jpg,photos/raw/4165778882.jpg,1024,681,9530|drivethrough|lapaz|mexico|schooloffishcars,ep082,2023-12-25,synthetic
f_2586932515,2586932515,openverse/flickr,https://live.staticflickr.com/3002/2586932515_41f4c561d7_b.jpg,photos/raw/2586932515.jpg,768,1024,asia|holiday|lights|night|road|signs|street|taipei|taiwan|traffic|travel|vacation,ep087,2024-01-20,synthetic
f_14319012266,14319012266,openverse/flickr,https://live.staticflickr.com/2936/14319012266_67a453b784_b.jpg,photos/raw/14319012266.jpg,1024,768,cars|city|corners|crooked|driving|lombardstreet|sanfrancisco|steep|street|winding|architecture|building|car|city|home|hotel|house|luxury|outdoors|resort|road|street|travel|tree,ep168,2025-09-27,synthetic
f_2328719094,2328719094,openverse/flickr,https://live.staticflickr.com/2345/2328719094_0672642abb_b.jpg,photos/raw/2328719094.jpg,1023,685,arc|corollatimoglock|f1|formula1timoglock|nealebates|rally|timoglock|toyota|action|car|championship|competition|drag race|drive|driver|dust|fast|hurry|race|racer|road|soil|track|vehicle,ep008,2022-02-08,synthetic
f_52240037109,52240037109,openverse/flickr,https://live.staticflickr.com/65535/52240037109_c32aa77052_b.jpg,photos/raw/52240037109.jpg,1024,768,autumn|bor|car|evening|russia,ep163,2025-08-18,synthetic
f_2327895195,2327895195,openverse/flickr,https://live.staticflickr.com/3264/2327895195_111c147ac1_b.jpg,photos/raw/2327895195.jpg,1023,685,arc|corollatimoglock|f1|formula1timoglock|nealebates|rally|timoglock|toyota,ep006,2022-02-01,synthetic
f_3976252432,3976252432,openverse/flickr,https://live.staticflickr.com/3452/3976252432_18e5c5a1e9_b.jpg,photos/raw/3976252432.jpg,1024,576,car|driving|elena|ordaz|puerto|santa|venezuela,ep001,2022-01-05,synthetic
f_2327895375,2327895375,openverse/flickr,https://live.staticflickr.com/3254/2327895375_52056eef52_b.jpg,photos/raw/2327895375.jpg,1023,685,arc|corollatimoglock|f1|formula1timoglock|nealebates|rally|timoglock|toyota,ep009,2022-02-11,synthetic
f_49820075923,49820075923,openverse/flickr,https://live.staticflickr.com/65535/49820075923_d533469633_b.jpg,photos/raw/49820075923.jpg,1024,622,car|drive|me|tells|time|tom,ep069,2023-08-18,synthetic
f_23016509355,23016509355,openverse/flickr,https://live.staticflickr.com/601/23016509355_839c0a3cc9_b.jpg,photos/raw/23016509355.jpg,1024,1024,instagramapp|iphoneography|square|xproii,ep161,2025-08-07,synthetic
f_4711334546,4711334546,openverse/flickr,https://live.staticflickr.com/4065/4711334546_f0783a2960_b.jpg,photos/raw/4711334546.jpg,1023,685,a300|auto|cars|colorado|dslr|lanes|sony|traffic|asphalt|blur|car|championship|competition|drive|fast|highway|hurry|race|road|street|track|traffic|transportation system|vehicle,ep148,2025-04-27,synthetic
f_6327927022,6327927022,openverse/flickr,https://live.staticflickr.com/6035/6327927022_eac1de7317_b.jpg,photos/raw/6327927022.jpg,768,1024,flood|flood2011,ep148,2025-04-29,synthetic
f_22784698054,22784698054,openverse/flickr,https://live.staticflickr.com/675/22784698054_3e423eb84c_b.jpg,photos/raw/22784698054.jpg,1024,683,aerial|agriculture|altitude|background|“birds|country”|countryside|countryu201d|crops|cultivate|cultivating|cultivation|developed|earth|economic|eye”|eyeu201d|farm|“farm|farmland|fertilization|fertilized|“field|field”|fields|fieldu201d|food|“food|ground|harvesting|industrialization|irrigation|landscape|landscape”|landscapeu201d|”napa|organic|panorama|panoramic|rural|scenic|sonoma|supply”|supplyu201d|terrain|“textured|textures|topography|u201cbirds|u201cfarm|u201cfield|u201cfood|u201ctextured|u201cwine|u201dnapa|valley”|valleyu201d|view|vineyard|“wine|world,ep154,2025-06-22,synthetic
f_3628097862,3628097862,openverse/flickr,https://live.staticflickr.com/2271/3628097862_35ff0797ee_b.jpg,photos/raw/3628097862.jpg,1024,768,bainbridgeisland|boat|ferry|business|commerce|grinder|industry|production|road|traffic|transportation system|vehicle,ep148,2025-04-27,synthetic
f_4280160734,4280160734,openverse/flickr,https://live.staticflickr.com/2800/4280160734_716535c8a2_b.jpg,photos/raw/4280160734.jpg,1023,685,a300|car|colorado|damage|debris|driving|dslr|hail|lakewood|leaves|rain|sony|storm|tornado|accident|calamity|daylight|environment|flood|grass|guidance|landscape|nature|outdoors|road|storm|street|track|transportation system|travel|tree|vehicle|weather,ep148,2025-04-26,synthetic
f_2327901869,2327901869,openverse/flickr,https://live.staticflickr.com/3019/2327901869_89f9206d78_b.jpg,photos/raw/2327901869.jpg,1023,685,arc|corollatimoglock|f1|formula1timoglock|nealebates|rally|timoglock|toyota,ep008,2022-02-08,synthetic
f_3419050758,3419050758,openverse/flickr,https://live.staticflickr.com/3306/3419050758_a04deb805a.jpg,photos/raw/3419050758.jpg,375,500,bccdiy|birmingham|northfield|riverrea|riverreatrail,ep163,2025-08-18,synthetic
f_5246765079,5246765079,openverse/flickr,https://live.staticflickr.com/5250/5246765079_55501422f6_b.jpg,photos/raw/5246765079.jpg,1023,685,2010|dad|greencovesprings|october2010,ep053,2023-05-03,synthetic
f_3828024192,3828024192,openverse/flickr,https://live.staticflickr.com/2483/3828024192_e36de1d3d7.jpg,photos/raw/3828024192.jpg,499,333,book|bookcase|books|bookshelf|fz50|larrypage|lumix|panasonic|scavengerhunt101|sh56|bookcase|education|furniture|indoors|knowledge|library|literature|room|shelf,ep004,2022-01-23,synthetic
f_266220468,266220468,openverse/flickr,https://live.staticflickr.com/109/266220468_902ed96298.jpg,photos/raw/266220468.jpg,375,500,bookshelf|hasnotes|mikey,ep016,2022-04-19,synthetic
f_3692856545,3692856545,openverse/flickr,https://live.staticflickr.com/2493/3692856545_64ff1ff389_b.jpg,photos/raw/3692856545.jpg,1024,768,books|bookshelf|book|bookcase|bookstore|education|furniture|indoors|knowledge|library|literature|research|room|school|shelf|university,ep004,2022-01-21,synthetic
f_6970360220,6970360220,openverse/flickr,https://live.staticflickr.com/7199/6970360220_b94d9365a2_b.jpg,photos/raw/6970360220.jpg,1024,686,bookshelf|chicagomanualofstyle|book|bookcase|bookstore|education|facts|information|knowledge|library|literature|research|school|shelf|university|wisdom,ep004,2022-01-23,synthetic
f_2378024664,2378024664,openverse/flickr,https://live.staticflickr.com/2051/2378024664_e797bcd05c_b.jpg,photos/raw/2378024664.jpg,1024,768,actionpotential|books|bookshelf|crazylab|geeky|nerves|science,ep004,2022-01-23,synthetic
f_23361539579,23361539579,openverse/flickr,https://live.staticflickr.com/710/23361539579_56f987bb1f_b.jpg,photos/raw/23361539579.jpg,667,1024,atat|atdp|barge|bookshelf|bwing|clone|darthvader|desert|ghost|imperialshuttle|isd|jabba|lego|milleniumfalcon|phantom|r2d2|sail|sandcrawler|shelf|skiff|snowspeeder|starwars|stormtrooper|theforceawakens|tiefighter|xwing,ep081,2023-12-20,synthetic
f_632197,632197,openverse/flickr,https://live.staticflickr.com/1/632197_9a500e670f.jpg,photos/raw/632197.jpg,500,375,books|bookshelf|ocd|philosophy|spaces,ep016,2022-04-21,synthetic
f_2618462966,2618462966,openverse/flickr,https://live.staticflickr.com/3203/2618462966_755091a362_b.jpg,photos/raw/2618462966.jpg,1024,724,books|bookshelf|ikea|ourhome|book bindings|bookcase|bookstore|education|indoors|knowledge|library|literature|school|shelf|university,ep004,2022-01-23,synthetic
f_24041156,24041156,openverse/flickr,https://live.staticflickr.com/18/24041156_14f3a7b8e9_b.jpg,photos/raw/24041156.jpg,1024,768,book|books|bookshelf|library|office|shelves|book|bookcase|bookstore|college|education|facts|information|intensity|knowledge|library|literature|magazine|page|reference book|research|school|shelf|study|university|wisdom,ep126,2024-12-13,synthetic
f_15292483742,15292483742,openverse/flickr,https://live.staticflickr.com/3838/15292483742_72154e7d11_b.jpg,photos/raw/15292483742.jpg,1024,768,bookshelf,ep114,2024-09-28,synthetic
f_6977047957,6977047957,openverse/flickr,https://live.staticflickr.com/7053/6977047957_a7b5b6ffb1_b.jpg,photos/raw/6977047957.jpg,1024,768,books|bookshelf|library|book|bookcase|bookstore|college|education|facts|hardcover|intensity|knowledge|library|literature|reference book|research|school|shelf|study|textbook|university|wisdom,ep016,2022-04-23,synthetic
f_2426856011,2426856011,openverse/flickr,https://live.staticflickr.com/2025/2426856011_9694de5486_b.jpg,photos/raw/2426856011.jpg,683,1024,bookshelf|cafe|dp1|foveon|japan|shimokita|shimokitazawa|sigma|sigmadp1|tokyo|book bindings|bookcase|bookstore|education|furniture|indoors|knowledge|library|literature|research|school|shelf|university,ep074,2023-09-15,synthetic
f_3900593354,3900593354,openverse/flickr,https://live.staticflickr.com/2556/3900593354_7fbdd0700b_b.jpg,photos/raw/3900593354.jpg,768,1024,books|bookshelf|classics|college|dorm|room,ep004,2022-01-20,synthetic
f_6758821099,6758821099,openverse/flickr,https://live.staticflickr.com/7143/6758821099_51f555a426_b.jpg,photos/raw/6758821099.jpg,765,1024,bookcase|bookcaseporn|bookcases|books|bookshelf|bookshelfporn|bookshelves|bookcase|bookstore|college|education|indoors|knowledge|library|literature|research|shelf|study|university|wisdom,ep036,2022-12-11,synthetic
f_13349681555,13349681555,openverse/flickr,https://live.staticflickr.com/3805/13349681555_ff5beaeb07_b.jpg,photos/raw/13349681555.jpg,1023,444,book|books|bookshelf|bookworm|filter|nikon|nikond5000|rainbow|rainbowbookshelf|book|bookcase|bookstore|college|education|library|literature|novel|research|school|shelf,ep004,2022-01-21,synthetic
f_8971043,8971043,openverse/flickr,https://live.staticflickr.com/7/8971043_89d103eb05.jpg,photos/raw/8971043.jpg,370,500,bookshelf|u306fu3066u306au672cu68dau51fau3057|はてな本棚出し,ep004,2022-01-23,synthetic
f_6014091906,6014091906,openverse/flickr,https://live.staticflickr.com/6142/6014091906_7a15eec36c_b.jpg,photos/raw/6014091906.jpg,680,1024,bookshelf|myroom,ep004,2022-01-23,synthetic
f_6123631594,6123631594,openverse/flickr,https://live.staticflickr.com/6207/6123631594_d76bcb6891_b.jpg,photos/raw/6123631594.jpg,1024,683,books|bookshelf,ep019,2022-06-03,synthetic
f_8510904103,8510904103,openverse/flickr,https://live.staticflickr.com/8101/8510904103_5567c99bd9_b.jpg,photos/raw/8510904103.jpg,1024,683,book|bookshelf|reading,ep082,2023-12-26,synthetic
f_438159337,438159337,openverse/flickr,https://live.staticflickr.com/186/438159337_81605a2a6d_b.jpg,photos/raw/438159337.jpg,768,1024,bookshelf,ep016,2022-04-22,synthetic
f_3935122273,3935122273,openverse/flickr,https://live.staticflickr.com/3502/3935122273_14d0d36a99_b.jpg,photos/raw/3935122273.jpg,1024,768,1945|alhikesaz|army|art|bikes|choppers|davidson|exhibit|harley|harleydavidson|harleydavidsonmotorcycle|hogs|menomoneeriver|menomoneevalley|military|milwaukee|motorcycle|museum|transportation|vacation|wi|wisconsin|ww2|wwii,ep057,2023-05-23,synthetic
f_4083773495,4083773495,openverse/flickr,https://live.staticflickr.com/2795/4083773495_50b49e6185_b.jpg,photos/raw/4083773495.jpg,768,1024,data|design|infographic|motorcycles,ep144,2025-04-02,synthetic
f_3537933787,3537933787,openverse/flickr,https://live.staticflickr.com/3594/3537933787_2297e18a62_b.jpg,photos/raw/3537933787.jpg,1024,648,honda|japaneese|motorbikes|motorcycles,ep157,2025-07-10,synthetic
f_10350582754,10350582754,openverse/flickr,https://live.staticflickr.com/5518/10350582754_797a745f8b_b.jpg,photos/raw/10350582754.jpg,1024,768,alpinstars|aprilia|bmv|bmvu306eu30c9u30e9u30a4u30d0u306eu30aau30fcu30c8u30d0u30a4u306eu9769|buell|cagiva|dainese|daytona|driver|ducati|guzziu30c8u30e9u30a4u30a2u30f3u30d5u30c7u30a4u30c8u30ca|honda|husqvarna|kawasaki|leather|leathers|motoguzzi|motorcycle|triumph|u30a2u30d7u30eau30eau30a2u30abu30b8u30d0u30dbu30f3u30c0u30cfu30b9u30afu30d0u30fcu30cau5dddu5d0ektmu30b5u30e0u30bdu30f3|u30b9u30bau30adu30e4u30deu30cfu30c9u30a5u30abu30c6u30a3u30d3u30e5u30fcu30a8u30ebmoto|u53f8u6a5f|u6469u6258u8eca|u76aeu9769|yamaha,ep155,2025-06-30,synthetic
f_3538120597,3538120597,openverse/flickr,https://live.staticflickr.com/2089/3538120597_af9024087f_b.jpg,photos/raw/3538120597.jpg,1023,768,motorcycles|sunbeam,ep047,2023-04-02,synthetic
f_3900836224,3900836224,openverse/flickr,https://live.staticflickr.com/2550/3900836224_30313ce352.jpg,photos/raw/3900836224.jpg,375,500,บางกอก|กรุงเทพมหานคร|ราชอาณาจักรไทย|ป้อมปราบศัตรูพ่าย|asia|bangkok|krungthep|licenceplate|licenseplate|motorcycle|plate|pomprapsattruphai|registrationplate|th|thailand|u0e01u0e23u0e38u0e07u0e40u0e17u0e1eu0e21u0e2bu0e32u0e19u0e04u0e23|u0e1au0e32u0e07u0e01u0e2du0e01|u0e1bu0e49u0e2du0e21u0e1bu0e23u0e32u0e1au0e28u0e31u0e15u0e23u0e39u0e1eu0e48u0e32u0e22|u0e23u0e32u0e0au0e2du0e32u0e13u0e32u0e08u0e31u0e01u0e23u0e44u0e17u0e22,ep085,2024-01-10,synthetic
f_6222936861,6222936861,openverse/flickr,https://live.staticflickr.com/6059/6222936861_7038936732_b.jpg,photos/raw/6222936861.jpg,1024,768,2007|guardedmotorcycleparking|hanoi|motorcycleparking|motorcycles|parking|vietnam|action|bike|biker|city|crowd|cyclist|drag race|festival|group|helmet|many|motorbike|motorcyclist|people|police|road|seated|street|vehicle|wheel,ep001,2022-01-06,synthetic
f_14179374741,14179374741,openverse/flickr,https://live.staticflickr.com/7400/14179374741_1105f77911_b.jpg,photos/raw/14179374741.jpg,1024,744,alpinstars|aprilia|bmv|bmvu306eu30c9u30e9u30a4u30d0u306eu30aau30fcu30c8u30d0u30a4u306eu9769|buell|cagiva|dainese|daytona|driver|ducati|guzziu30c8u30e9u30a4u30a2u30f3u30d5u30c7u30a4u30c8u30ca|honda|husqvarna|kawasaki|ktm|leathers|motoguzzi|motorcycle|simson|suzuki|triumph|u30a2u30d7u30eau30eau30a2u30abu30b8u30d0u30dbu30f3u30c0u30cfu30b9u30afu30d0u30fcu30cau5dddu5d0ektmu30b5u30e0u30bdu30f3|u30aau30fcu30c8u30d0u30a4|u30b9u30bau30adu30e4u30deu30cfu30c9u30a5u30abu30c6u30a3u30d3u30e5u30fcu30a8u30ebmoto|u53f8u6a5f|u6469u6258u8eca|u76aeu9769|yamaha,ep001,2022-01-06,synthetic
f_10730998114,10730998114,openverse/flickr,https://live.staticflickr.com/3717/10730998114_ca045963c4_b.jpg,photos/raw/10730998114.jpg,746,1024,alpinstars|aprilia|bmv|bmvu306eu30c9u30e9u30a4u30d0u306eu30aau30fcu30c8u30d0u30a4u306eu9769|buell|cagiva|dainese|daytona|driver|ducati|guzziu30c8u30e9u30a4u30a2u30f3u30d5u30c7u30a4u30c8u30ca|honda|husqvarna|kawasaki|ktm|leathers|motoguzzi|motorcycle|simson|suzuki|triumph|u30a2u30d7u30eau30eau30a2u30abu30b8u30d0u30dbu30f3u30c0u30cfu30b9u30afu30d0u30fcu30cau5dddu5d0ektmu30b5u30e0u30bdu30f3|u30aau30fcu30c8u30d0u30a4|u30b9u30bau30adu30e4u30deu30cfu30c9u30a5u30abu30c6u30a3u30d3u30e5u30fcu30a8u30ebmoto|u53f8u6a5f|u6469u6258u8eca|u76aeu9769|yamaha,ep155,2025-06-26,synthetic
f_2593474282,2593474282,openverse/flickr,https://live.staticflickr.com/3083/2593474282_32286b14ac_b.jpg,photos/raw/2593474282.jpg,1024,768,bmw|car|carmen|cart|cartmarking|ceremony|commercial|corporation|guildhall|heritage|liverycompany|lordmayor|lorry|motorcycle|police|preserved|top1002008|tradition|van|worshipfulcompany,ep107,2024-08-05,synthetic
f_8866011867,8866011867,openverse/flickr,https://live.staticflickr.com/3814/8866011867_46d5274e53_b.jpg,photos/raw/8866011867.jpg,1024,814,corps|earl|ii|marine|marines|motorcycle|war|wilson|world|adult|biker|four|group|group together|man|motorcyclist|one|people|recreation|seated|several|three|transportation system|two|vehicle|wear|wheel,ep001,2022-01-09,synthetic
f_5953872348,5953872348,openverse/flickr,https://live.staticflickr.com/6136/5953872348_84899bc766_b.jpg,photos/raw/5953872348.jpg,1024,681,classics|motorbikes|motorcycles|speedway|westlake,ep057,2023-05-23,synthetic
f_3965088635,3965088635,openverse/flickr,https://live.staticflickr.com/3490/3965088635_0cd61135d4.jpg,photos/raw/3965088635.jpg,500,376,สีลม|บางกอก|กรุงเทพมหานคร|ราชอาณาจักรไทย|สำนักงานตำรวจแห่งชาติ|asia|bangkok|krungthep|motorcycle|police|royalthaipolice|rtp|silom|th|thailand|u0e01u0e23u0e38u0e07u0e40u0e17u0e1eu0e21u0e2bu0e32u0e19u0e04u0e23|u0e1au0e32u0e07u0e01u0e2du0e01|u0e23u0e32u0e0au0e2du0e32u0e13u0e32u0e08u0e31u0e01u0e23u0e44u0e17u0e22|u0e2au0e33u0e19u0e31u0e01u0e07u0e32u0e19u0e15u0e33u0e23u0e27u0e08u0e41u0e2bu0e48u0e07u0e0au0e32u0e15u0e34|u0e2au0e35u0e25u0e21|yamaha,ep047,2023-04-01,synthetic
f_5980343195,5980343195,openverse/flickr,https://live.staticflickr.com/6012/5980343195_26f6539ea7_b.jpg,photos/raw/5980343195.jpg,1024,681,classics|metisse|motocross|motorbikes|motorcycles,ep057,2023-05-21,synthetic
f_8569104706,8569104706,openverse/flickr,https://live.staticflickr.com/8528/8569104706_c6ce60d237_b.jpg,photos/raw/8569104706.jpg,1024,674,スコットランド|alba|burghofinverness|caledonia|cityofinverness|conner|conner395|constabulary|daveconner|daveconnerinverness|daveconnerinvernessscotland|davidconner|ecosse|escocia|escócia|escu00f3cia|highland|highlands|inverness|invernesscity|livery|northern|police|policecar|policeinsignia|policescotland|policevehicle|policia|policie|policija|policja|poliisi|polis|polisi|polisie|politi|politia|politie|politsei|polizei|polizia|schotland|schottland|scotia|scotland|scottish|scottishpolice|scozia|skotland|skotlanti|skottland|szkocja|u03c3u03bau03c9u03c4u03afu03b1|u0448u043eu0442u043bu0430u0301u043du0434u0438u044f|u05e1u05e7u05d5u05d8u05dcu05e0u05d3|u0623u0633u0643u062au0644u0646u062fu0627|u0938u094du0915u0949u091fu0932u0948u0902u0921|u30b9u30b3u30c3u30c8u30e9u30f3u30c9|u82cfu683cu5170|أسكتلندا|סקוטלנד|σκωτία|шотла́ндия|स्कॉटलैंड|苏格兰|accident|battle|drag race|law enforcement|military|offense|people|police|road|vehicle,ep130,2025-01-02,synthetic
f_7064352517,7064352517,openverse/flickr,https://live.staticflickr.com/7266/7064352517_970219a72d_b.jpg,photos/raw/7064352517.jpg,1024,681,baotriphotography|bu00e1c|chu1ee3lu1edbn|d700|nhiu1ebfpu1ea3nh|nikon|streetlife|su00e0igu00f2n|thu01b0u1eddng|u0111u01b0u1eddngphu1ed1|u0111u1eddi|vietnam|xeu00f4m|adult|biker|group|group together|man|many|monochrome|motorcyclist|people|road|several|street|transportation system|vehicle|woman,ep110,2024-08-23,synthetic
f_34579693224,34579693224,openverse/flickr,https://live.staticflickr.com/4262/34579693224_d359224a3c_b.jpg,photos/raw/34579693224.jpg,1023,969,aprilia|bmv|buell|cagiva|dainese|daytona|driver|ducati|honda|husqvarna|kawasaki|ktm|leathers|motoguzzi|motorcycle|simson|suzuki|triumph|u30aau30fcu30c8u30d0u30a4u3001u9769u3001u5dddu5d0eu3001u30e4u30deu30cfu3001u30c9u30a5u30abu30c6u30a3u3001u30dbu30f3u30c0u3001u30a2u30d7u30eau30eau30a2u3001u30b9u30bau30adu3001|u6469u6258u8f66uff0cu76aeu9769uff0cu5dddu5d0euff0cu96c5u9a6cu54c8uff0cu675cu5361u8feauff0cu672cu7530uff0cu827eu666eu745eu5229u4e9auff0cu94c3u6728uff0c|yamaha,ep157,2025-07-09,synthetic
f_3889113151,3889113151,openverse/flickr,https://live.staticflickr.com/2588/3889113151_e028ee377a_b.jpg,photos/raw/3889113151.jpg,1024,745,bikeshowjune210609|motorbikes|motorcycles,ep057,2023-05-21,synthetic
f_2825558364,2825558364,openverse/flickr,https://live.staticflickr.com/3097/2825558364_785853ca16_b.jpg,photos/raw/2825558364.jpg,1024,819,agusta|aprilia|bandit|bike|biker|bikerboy|boy|buell|driver|ducati|f650|hayabusa|honda|kawa|kawasaki|kawasakiboys|leather|motorcycle|motorgp|motorrad|streetfighter|superbike|suzuki|yamaha,ep155,2025-06-30,synthetic
f_34792069471,34792069471,openverse/flickr,https://live.staticflickr.com/4219/34792069471_8f58a7d1c3_b.jpg,photos/raw/34792069471.jpg,1024,576,11957|88516|ev3|lego|motorcycle|tire,ep158,2025-07-16,synthetic
f_8111832272,8111832272,openverse/flickr,https://live.staticflickr.com/8467/8111832272_d10eb3d5ea_b.jpg,photos/raw/8111832272.jpg,1023,685,authentic|food|israel|morrocan|oriental,ep123,2024-11-28,synthetic
f_18745236748,18745236748,openverse/flickr,https://live.staticflickr.com/3840/18745236748_7c4ec8b564_b.jpg,photos/raw/18745236748.jpg,1024,684,240|50|afternoon|containers|copenhagen|denmark|europe|food|house|leica|m|opera|operaen|people|street|summilux|sun|sunning|travel,ep118,2024-10-16,synthetic
f_2273915398,2273915398,openverse/flickr,https://live.staticflickr.com/2393/2273915398_ea698106c9.jpg,photos/raw/2273915398.jpg,500,332,명동|서울|어묵|fishcake|food|korea|myungdong|seoul|street|uba85ub3d9|uc11cuc6b8|uc5b4ubb35|winter,ep110,2024-08-23,synthetic
f_8111842300,8111842300,openverse/flickr,https://live.staticflickr.com/8465/8111842300_6403a23d20_b.jpg,photos/raw/8111842300.jpg,1023,685,authentic|food|israel,ep166,2025-09-14,synthetic
f_43276310840,43276310840,openverse/flickr,https://live.staticflickr.com/1972/43276310840_61c2c7c9c2_b.jpg,photos/raw/43276310840.jpg,1024,767,blackandwhite|boy|breakfast|candid|china|chinese|cultural|culture|da|dali|food|li|mono|monochrome|people|portrait|rain|steps|stone|street|streetphotography|umbrella|yunnan,ep164,2025-08-22,synthetic
f_8111832979,8111832979,openverse/flickr,https://live.staticflickr.com/8465/8111832979_b4757c930f_b.jpg,photos/raw/8111832979.jpg,1023,685,authentic|food|israel|morrocan|oriental,ep123,2024-11-28,synthetic
f_8111839912,8111839912,openverse/flickr,https://live.staticflickr.com/8185/8111839912_fe4ddaa410_b.jpg,photos/raw/8111839912.jpg,1023,685,authentic|food|israel|morrocan|oriental,ep084,2024-01-07,synthetic
f_8111841562,8111841562,openverse/flickr,https://live.staticflickr.com/8051/8111841562_e79767d6fc_b.jpg,photos/raw/8111841562.jpg,1023,685,authentic|food|israel|morrocan|oriental,ep123,2024-11-27,synthetic
f_6040425735,6040425735,openverse/flickr,https://live.staticflickr.com/6066/6040425735_95bce79438_b.jpg,photos/raw/6040425735.jpg,1024,799,beer|cerveza|gastronomy|project365|sardinas|sardines|tapas|beer|delicious|dinner|drink|epicure|fish|food|full|health|healthy|lemon|lunch|meal|nutrition|plate|refreshment|restaurant|seafood|table,ep091,2024-04-01,synthetic
f_31260800257,31260800257,openverse/flickr,https://live.staticflickr.com/4858/31260800257_7b6208717e_b.jpg,photos/raw/31260800257.jpg,1024,683,,ep125,2024-12-05,synthetic
f_9279429209,9279429209,openverse/flickr,https://live.staticflickr.com/2880/9279429209_47c32b87ae_b.jpg,photos/raw/9279429209.jpg,768,1024,,ep091,2024-04-01,synthetic
f_5271201636,5271201636,openverse/flickr,https://live.staticflickr.com/5250/5271201636_f85cb77824_b.jpg,photos/raw/5271201636.jpg,1023,682,,ep121,2024-11-03,synthetic
f_9162454024,9162454024,openverse/flickr,https://live.staticflickr.com/2832/9162454024_648e1ecd81_b.jpg,photos/raw/9162454024.jpg,1024,576,bournemouth|bournemouthfoodanddrinkfestival|canonef85mmf18usm|char|charcoal|cook|cooking|dorset|englanduk|fire|food|hot|meat|outdoor|steam|streetfood|streetfoodfestival|wild,ep123,2024-11-28,synthetic
f_6072046720,6072046720,openverse/flickr,https://live.staticflickr.com/6186/6072046720_4dc0e332ff_b.jpg,photos/raw/6072046720.jpg,1024,768,administration|adult|business|conference room|group|leader|league|meeting|office|room|woman,ep017,2022-05-12,synthetic
f_12619934315,12619934315,openverse/flickr,https://live.staticflickr.com/5507/12619934315_8614f08d0c_b.jpg,photos/raw/12619934315.jpg,1024,768,british|city|cityplanning|creativeclass|creativecommunity|creativeeconomy|eatlondon|foodfair|foodfestival|grababite|grabbingabite|loitering|london|node|oldtrumanbrewery|pedestrianexperience|pedestrianfriendly|pedestrianoriented|peoplewatching|placemaking|popupmarketplace|publicspace|shoreditch|sidewalk|sidewalks|socialcities|socializing|streetfood|streetmarket|streetscape|streetsforpeople|streetuse|sundayupmarket|tasteoflondon|trumanmarkets|uk|urbandesign|urbanexperience|usingstreets,ep034,2022-11-19,synthetic
f_3674511104,3674511104,openverse/flickr,https://live.staticflickr.com/2446/3674511104_21fe2dd662_b.jpg,photos/raw/3674511104.jpg,1024,683,bangkok|pondspider|streetfood|thaifood|thailand,ep125,2024-12-07,synthetic
f_33686417342,33686417342,openverse/flickr,https://live.staticflickr.com/3927/33686417342_68faea1b6e_b.jpg,photos/raw/33686417342.jpg,1024,576,blackandwhite|blackwhite|bw|candid|diner|edimbourg|edinburgh|food|foodkiosk|foodstall|grassmarket|man|market|monochrome|oldtown|peoplewatching|scotland|shop|street|streetfood|woman,ep110,2024-08-23,synthetic
f_38658380834,38658380834,openverse/flickr,https://live.staticflickr.com/4643/38658380834_1071062460_b.jpg,photos/raw/38658380834.jpg,1024,769,anjapietsch|apeach|beijing|china|dashilar|lumix|m43|mft|micro43|microfourthird|olympusm918mm|panasonic|panasoniclumixg3|street|streetfood|travel,ep125,2024-12-07,synthetic
f_27703586967,27703586967,openverse/flickr,https://live.staticflickr.com/1728/27703586967_65b63e03c3_b.jpg,photos/raw/27703586967.jpg,1024,813,095|50mm|black|blanc|bw|california|couple|fair|festival|food|leica|lunch|monochrom|monochrome|noctilux|noir|sanfrancisco|street|streetfood|streetphoto|unionstreet|white,ep166,2025-09-14,synthetic
f_3166267884,3166267884,openverse/flickr,https://live.staticflickr.com/3080/3166267884_c40f8e30f4_b.jpg,photos/raw/3166267884.jpg,1024,681,delicious|edible|food|korea|street|streetfood|vendor,ep125,2024-12-06,synthetic
f_6303181626,6303181626,openverse/flickr,https://live.staticflickr.com/6037/6303181626_2736fdc720_b.jpg,photos/raw/6303181626.jpg,1024,768,arts|chiles|cooking|creme|culinary|en|food|fraiche|home|nogada,ep084,2024-01-07,synthetic
f_3416779885,3416779885,openverse/flickr,https://live.staticflickr.com/3361/3416779885_a144e10f1b_b.jpg,photos/raw/3416779885.jpg,1024,768,food|cutlery|dining|dinner|dish|drink|flatware|food|grow|lunch|meal|meat|place setting|plate|restaurant|table|tableware,ep121,2024-11-03,synthetic
f_31496943574,31496943574,openverse/flickr,https://live.staticflickr.com/686/31496943574_e0f5d9d380_b.jpg,photos/raw/31496943574.jpg,1024,821,bacon|breakfast|canon|canon5dmarkiii|eggs|food|lightroom5|potatoes|red|sausage|soulfood|western|yellow,ep179,2025-12-28,synthetic
f_2867910928,2867910928,openverse/flickr,https://live.staticflickr.com/3296/2867910928_5528cff556_b.jpg,photos/raw/2867910928.jpg,1024,768,broccoli|cheese|cooking|ef|food|mushrooms|onions|rice|tomatoes|vegetables,ep076,2023-10-03,synthetic
f_52381958634,52381958634,openverse/flickr,https://live.staticflickr.com/65535/52381958634_4f65f20593_b.jpg,photos/raw/52381958634.jpg,1024,768,,ep179,2025-12-28,synthetic
f_2660764814,2660764814,openverse/flickr,https://live.staticflickr.com/3255/2660764814_aab6efe787_b.jpg,photos/raw/2660764814.jpg,1024,684,asianfood|dinner|food|homecooked,ep084,2024-01-07,synthetic
f_5080140734,5080140734,openverse/flickr,https://live.staticflickr.com/4042/5080140734_917668fa3a_b.jpg,photos/raw/5080140734.jpg,1024,768,cooking|dc|food|goodnplenty|home|pa|untasty,ep076,2023-10-03,synthetic
f_3894188869,3894188869,openverse/flickr,https://live.staticflickr.com/3512/3894188869_2f901f61dc_b.jpg,photos/raw/3894188869.jpg,1023,682,amandalaird|annawithrow|chickenfarmersofcanada|deathofthehomecook|edwardlevesqueskitchen|foodbloggers|panel|ryananderson|speakers|theresaalbert|toronto,ep129,2024-12-28,synthetic
f_11164313063,11164313063,openverse/flickr,https://live.staticflickr.com/3713/11164313063_826ca31462_b.jpg,photos/raw/11164313063.jpg,768,1024,adult|indoors|man|one|people|religion|woman,ep110,2024-08-23,synthetic
f_16228778479,16228778479,openverse/flickr,https://live.staticflickr.com/8681/16228778479_7df5e7309a.jpg,photos/raw/16228778479.jpg,500,500,,ep179,2025-12-28,synthetic
f_9753870306,9753870306,openverse/flickr,https://live.staticflickr.com/7291/9753870306_35ed1bd597_b.jpg,photos/raw/9753870306.jpg,1024,768,,ep084,2024-01-07,synthetic
f_162820029,162820029,openverse/flickr,https://live.staticflickr.com/68/162820029_563e7179d4_b.jpg,photos/raw/162820029.jpg,768,1024,food|mrmiyagi|singapore,ep076,2023-10-03,synthetic
f_3894188731,3894188731,openverse/flickr,https://live.staticflickr.com/3430/3894188731_1851b6c74a_b.jpg,photos/raw/3894188731.jpg,1023,682,amandalaird|annawithrow|chickenfarmersofcanada|deathofthehomecook|edwardlevesqueskitchen|foodbloggers|panel|ryananderson|speakers|theresaalbert|toronto,ep041,2023-01-27,synthetic
f_9264201211,9264201211,openverse/flickr,https://live.staticflickr.com/2876/9264201211_d87c183241_b.jpg,photos/raw/9264201211.jpg,1024,683,cafe|cooking|corner|diner|home|monroe|sign|vintage|wi|wisconsin,ep153,2025-06-13,synthetic
f_4104121954,4104121954,openverse/flickr,https://live.staticflickr.com/2654/4104121954_2cb7e70349_b.jpg,photos/raw/4104121954.jpg,1024,767,clinic|congo|homecooked|hospital|meals,ep001,2022-01-06,synthetic
f_3894189317,3894189317,openverse/flickr,https://live.staticflickr.com/2522/3894189317_25b633653e_b.jpg,photos/raw/3894189317.jpg,1023,574,amandalaird|annawithrow|chickenfarmersofcanada|deathofthehomecook|edwardlevesqueskitchen|foodbloggers|panel|ryananderson|speakers|theresaalbert|toronto,ep041,2023-01-27,synthetic
f_3128876149,3128876149,openverse/flickr,https://live.staticflickr.com/3131/3128876149_b9e420fc06_b.jpg,photos/raw/3128876149.jpg,1024,768,food|mrsdash|salad,ep027,2022-09-07,synthetic
f_15884143378,15884143378,openverse/flickr,https://live.staticflickr.com/7528/15884143378_0d46438447.jpg,photos/raw/15884143378.jpg,500,500,instagramapp|iphoneography|square,ep076,2023-09-29,synthetic
f_8464606175,8464606175,openverse/flickr,https://live.staticflickr.com/8103/8464606175_86d63ef901_b.jpg,photos/raw/8464606175.jpg,1024,685,china|cooking|home|shanghai,ep123,2024-11-29,synthetic
f_6271916770,6271916770,openverse/flickr,https://live.staticflickr.com/6096/6271916770_dcfcc02484.jpg,photos/raw/6271916770.jpg,500,500,instagramapp|iphoneography|normal|square,ep061,2023-07-09,synthetic
f_9350178656,9350178656,openverse/flickr,https://live.staticflickr.com/7458/9350178656_9c03d0d512_b.jpg,photos/raw/9350178656.jpg,1024,768,beach,ep109,2024-08-19,synthetic
f_20299616804,20299616804,openverse/flickr,https://live.staticflickr.com/715/20299616804_c1c3a20dc4_b.jpg,photos/raw/20299616804.jpg,1024,1024,amigas|arena|beach|calle|canarias|canaryislands|chicas|color|flickrestrellas|friends|gente|girls|grancanaria|greatphotographers|holidays|iphone|mar|maspalomas|people|playa|portrait|relax|retrato|sand|sea|soe|sol|street|sun|totalphoto|vacaciones,ep103,2024-07-07,synthetic
f_127466264,127466264,openverse/flickr,https://live.staticflickr.com/55/127466264_524b535075.jpg,photos/raw/127466264.jpg,500,375,,ep171,2025-11-08,synthetic
f_3017670123,3017670123,openverse/flickr,https://live.staticflickr.com/3073/3017670123_2ac2e2bc08_b.jpg,photos/raw/3017670123.jpg,1023,685,beach|cold|ocean|person|running|sand|sea|winter|woman,ep112,2024-09-11,synthetic
f_4916921002,4916921002,openverse/flickr,https://live.staticflickr.com/4139/4916921002_8af90f274d_b.jpg,photos/raw/4916921002.jpg,1024,683,beach|dehaag|dutch|girl|gold|holland|kijkduin|nederland|silhouettes|sun|sunset|woman|zilverbat|zonsondergang,ep155,2025-06-26,synthetic
f_5916993565,5916993565,openverse/flickr,https://live.staticflickr.com/6013/5916993565_b5ed44cd77.jpg,photos/raw/5916993565.jpg,334,500,laughing|sunglasses|woman,ep161,2025-08-10,synthetic
f_38555528745,38555528745,openverse/flickr,https://live.staticflickr.com/4737/38555528745_f6fa22f781_b.jpg,photos/raw/38555528745.jpg,1024,1024,beach|holland|landscape|minimal|minimalist|nederland|people|sand|scheveningen|track|wind|windy|winter,ep103,2024-07-09,synthetic
f_11161765004,11161765004,openverse/flickr,https://live.staticflickr.com/3689/11161765004_3e0a3e821b_b.jpg,photos/raw/11161765004.jpg,1024,683,beach|bigsur|california|coast|ocean|pacific|beach|dawn|dusk|evening|landscape|ocean|sand|sea|seascape|seashore|sky|sun|sunset|surf|travel|water,ep103,2024-07-05,synthetic
f_43938351491,43938351491,openverse/flickr,https://live.staticflickr.com/1799/43938351491_d092c9c254_b.jpg,photos/raw/43938351491.jpg,1024,768,beach|coastal|girl|gull|hampton|iphone|newhampshire|ocean,ep171,2025-11-05,synthetic
f_38186011395,38186011395,openverse/flickr,https://live.staticflickr.com/4590/38186011395_5928eeffd8_b.jpg,photos/raw/38186011395.jpg,1024,683,bea|blonde|cabo|girl|málaga|marbella|mu00e1laga|pino|playa|retrato,ep155,2025-06-30,synthetic
f_37662731366,37662731366,openverse/flickr,https://live.staticflickr.com/4456/37662731366_3a52d92da3_b.jpg,photos/raw/37662731366.jpg,1023,664,africa|beach|tanzania|zanzibar,ep103,2024-07-05,synthetic
f_3807456323,3807456323,openverse/flickr,https://live.staticflickr.com/3422/3807456323_56437b422c_b.jpg,photos/raw/3807456323.jpg,1023,685,bayhead|beach|colors|gallery125|nj|painting,ep126,2024-12-13,synthetic
f_51818308804,51818308804,openverse/flickr,https://live.staticflickr.com/65535/51818308804_e0a01d42d0_b.jpg,photos/raw/51818308804.jpg,1024,768,0031|beach|chile|olympus40150mmf4056r|olympusem1markii|olympusm40150mmf4056r|olympusmzuikodigitaled40150mm|regióndevalparaíso|rocasdesantodomingo|sooc|straightoutofcamera|summer,ep112,2024-09-10,synthetic
f_52168689838,52168689838,openverse/flickr,https://live.staticflickr.com/65535/52168689838_ca6c26302a_b.jpg,photos/raw/52168689838.jpg,1024,700,2022|beachday|gonzales|june|ocean|pacific|school|victoria,ep171,2025-11-06,synthetic
f_40084843821,40084843821,openverse/flickr,https://live.staticflickr.com/4619/40084843821_4a70aa553e_b.jpg,photos/raw/40084843821.jpg,1024,684,,ep103,2024-07-05,synthetic
f_25936252663,25936252663,openverse/flickr,https://live.staticflickr.com/1617/25936252663_54b280be39_b.jpg,photos/raw/25936252663.jpg,833,1024,analogue|dfuster74|film|impossible|instant|photography|polaroid|pxfilm|roidweek|roidweek2016,ep126,2024-12-11,synthetic
f_6112836273,6112836273,openverse/flickr,https://live.staticflickr.com/6078/6112836273_2cfcf4c8ec_b.jpg,photos/raw/6112836273.jpg,683,1024,2011|550d|alendri|beach|canon|hav|joakim|johansson|johanssonjoakim|landscape|landskap|natur|nature|sea|strand|thailand|thaitrip|thongyeebeach|vatten|water,ep103,2024-07-04,synthetic
f_3546111967,3546111967,openverse/flickr,https://live.staticflickr.com/2483/3546111967_48d85a442a_b.jpg,photos/raw/3546111967.jpg,1024,679,kcd|kentuckycountryday|kindergarten|waterslide,ep129,2024-12-28,synthetic
f_48125647821,48125647821,openverse/flickr,https://live.staticflickr.com/65535/48125647821_e6777c02de_b.jpg,photos/raw/48125647821.jpg,1024,1024,beach|massachusetts|ocean|plumisland|rlonpine,ep103,2024-07-07,synthetic
f_6359837965,6359837965,openverse/flickr,https://live.staticflickr.com/6038/6359837965_2a190686e7_b.jpg,photos/raw/6359837965.jpg,1024,679,35mm|800|analog|beach|c41|camera|expired|film|florida|kineticolor|kodak|miami|rainy|sobe|south|stormy|toy|windy,ep103,2024-07-06,synthetic
f_3626870945,3626870945,openverse/flickr,https://live.staticflickr.com/3348/3626870945_288a2f3d82.jpg,photos/raw/3626870945.jpg,500,377,birthday|bows|flowers|montrealsclevercupcakes|pink|assortment|candy|chocolate|collection|confection|decoration|delicious|desktop|flower|food|indulgence|kind|sugar|sweet|sweetmeat|unhealthy,ep010,2022-02-14,synthetic
f_13085174494,13085174494,openverse/flickr,https://live.staticflickr.com/2733/13085174494_a543ac9395_b.jpg,photos/raw/13085174494.jpg,1024,688,birthday|bouquet|flowers|blooming|bouquet|bright|cluster|color|decoration|Easter|flora|floral|flower|garden|gift|leaf|love|nature|summer|tulip|vase,ep152,2025-06-08,synthetic
f_28060758979,28060758979,openverse/flickr,https://live.staticflickr.com/4652/28060758979_0563fd8376_b.jpg,photos/raw/28060758979.jpg,1024,938,13|animal|animals|birthday|costume|coth5|diva|dog|dogs|happybirthday|princess|pug|pugs|saariysqualitypictures|tiara,ep098,2024-05-27,synthetic
f_388499939,388499939,openverse/flickr,https://live.staticflickr.com/186/388499939_3152540c4d_b.jpg,photos/raw/388499939.jpg,1024,903,birthday|bravo|colorphotoaward|dog|red|roses|wreath|adorable|animal|breed|canine|cute|dog|domestic|funny|fur|little|mammal|pet|portrait|puppy|purebred,ep069,2023-08-16,synthetic
f_43872870665,43872870665,openverse/flickr,https://live.staticflickr.com/1886/43872870665_8167954e1b_b.jpg,photos/raw/43872870665.jpg,1024,937,birthday|blooms|blossoms|buds|carnations|coolpixp1000|coral|explore|explored|flowers|gerberadaisies|gift|green|jennypansing|mums|nikoncoolpixp1000|pink|purple|red|roses|sunflowers|yellow,ep152,2025-06-08,synthetic
f_14611611158,14611611158,openverse/flickr,https://live.staticflickr.com/5576/14611611158_ddbb634c6f_b.jpg,photos/raw/14611611158.jpg,1024,576,birthday,ep078,2023-12-01,synthetic
f_6195550378,6195550378,openverse/flickr,https://live.staticflickr.com/6167/6195550378_150f6fa51f_b.jpg,photos/raw/6195550378.jpg,1000,1024,birthday|cake|lu00e9on,ep010,2022-02-14,synthetic
f_4833825041,4833825041,openverse/flickr,https://live.staticflickr.com/4090/4833825041_ebedd351a5_b.jpg,photos/raw/4833825041.jpg,1024,819,104|126|166|35mm|arms|big|birthday|camera|happy|instamatic|kodak|lubitel|modified|phoenix|portsmouth|southsea|tits,ep098,2024-05-27,synthetic
f_2656467632,2656467632,openverse/flickr,https://live.staticflickr.com/3076/2656467632_1f6b2afe75.jpg,photos/raw/2656467632.jpg,500,375,birthday|cake|candles|icing|sprinkles|burn|burnt|candle|candlelight|candlestick|celebration|dark|flame|insubstantial|light|religion|wax,ep040,2023-01-18,synthetic
f_9285436366,9285436366,openverse/flickr,https://live.staticflickr.com/3745/9285436366_e380de8724_b.jpg,photos/raw/9285436366.jpg,681,1024,birthday|doesliverpool|party,ep041,2023-01-25,synthetic
f_5086004910,5086004910,openverse/flickr,https://live.staticflickr.com/4126/5086004910_950760c05b_b.jpg,photos/raw/5086004910.jpg,1024,683,2010|birthday|cake,ep040,2023-01-21,synthetic
f_2295547909,2295547909,openverse/flickr,https://live.staticflickr.com/3195/2295547909_eb7e68d194_b.jpg,photos/raw/2295547909.jpg,1024,1021,birthday|cake|candle|family|square|strawberry|berry|bowl|cake|candle|chocolate|cream|delicious|food|fruit|health|raspberry|refreshment|still life|strawberry|sugar|sweet|vanilla|whipped cream,ep040,2023-01-21,synthetic
f_149731833,149731833,openverse/flickr,https://live.staticflickr.com/49/149731833_030f2608a2_b.jpg,photos/raw/149731833.jpg,891,1024,birthday|blueberries|cake|dessert|fruit|strawberries|sweet|bakery|berry|cake|cream|creamy|custard|delicious|food|fruit|homemade|milk|mousse|pastry|pudding|strawberry|sugar|sweet|vanilla|yogurt,ep010,2022-02-14,synthetic
f_41403945125,41403945125,openverse/flickr,https://live.staticflickr.com/945/41403945125_147e6caa6b_b.jpg,photos/raw/41403945125.jpg,1024,793,alittlebeauty|animal|animals|aviator|birthday|clydesfriends|coth|coth5|cute|dog|dogs|fantasticnature|funny|hat|pet|pets|pilot|pug|pugs,ep077,2023-11-10,synthetic
f_357704217,357704217,openverse/flickr,https://live.staticflickr.com/134/357704217_3d064c2668.jpg,photos/raw/357704217.jpg,500,375,2007|200701|20070113|alexandria|birthday|birthdayparty|bottle|camerapersonglencolen|clintandcarolynshouse|clintsbirthdayparty20070113|jessicam|leg|party|party20070113clintsbirthday|stocking|stockings|virginia|water|waterbottle,ep098,2024-05-27,synthetic
f_14698558560,14698558560,openverse/flickr,https://live.staticflickr.com/3892/14698558560_f009a2d111_b.jpg,photos/raw/14698558560.jpg,1024,576,24|adelaide|best|birthday|candles|celebration|chocolate|clapping|clelandpark|coconut|dark|flames|happy|happybirthday|hold|koala|lit|lucas|macaroons|party|plate|present|samsung|singing|slice|song|table|theen|years,ep040,2023-01-18,synthetic
f_2683856353,2683856353,openverse/flickr,https://live.staticflickr.com/3178/2683856353_1d62e47845_b.jpg,photos/raw/2683856353.jpg,1024,777,birthday|card,ep098,2024-05-27,synthetic
f_4760184811,4760184811,openverse/flickr,https://live.staticflickr.com/4114/4760184811_c2c374c013_b.jpg,photos/raw/4760184811.jpg,1024,804,4th|america|americanindependence|birthday|dc|freedom|freedomstruggle|independence|july|july4th|lincoln|memorial|struggle|unitedstates|unitedstatesofamerica|usa|war|washington|symbol|text,ep158,2025-07-16,synthetic
f_1497670455,1497670455,openverse/flickr,https://live.staticflickr.com/2415/1497670455_aef56cab03_b.jpg,photos/raw/1497670455.jpg,768,1024,birthday|candles,ep152,2025-06-09,synthetic
f_1503278372,1503278372,openverse/flickr,https://live.staticflickr.com/2069/1503278372_e4cf866c4f_b.jpg,photos/raw/1503278372.jpg,1024,683,amber|birthday|child|toddler,ep069,2023-08-16,synthetic
f_18538901960,18538901960,openverse/flickr,https://live.staticflickr.com/284/18538901960_6bb786be36_b.jpg,photos/raw/18538901960.jpg,1024,768,adventure|fitness|hiking|outdoors,ep160,2025-07-24,synthetic
f_17917661948,17917661948,openverse/flickr,https://live.staticflickr.com/8808/17917661948_eb3e89e591_b.jpg,photos/raw/17917661948.jpg,1024,705,backyardtobackcountry|blm|blmbucketlist|blmproud|bucketlist|bureauoflandmanagement|conservationlands15|findyourpark|getoutdoors|getoutside|hike|hiker|hiking|nationalconservationlands|nationaltrailsday|trails|volunteers,ep148,2025-04-28,synthetic
f_51878907835,51878907835,openverse/flickr,https://live.staticflickr.com/65535/51878907835_947a1bff0e_b.jpg,photos/raw/51878907835.jpg,1024,684,border|canyon|cliff|clouds|crag|field|frame|geyser|golden|grassland|hdr|hiking|hill|historic|iceland|july|landmannalaugar|landmark|landscape|mountain|mountainside|nature|onasill|outdoor|photo|rapids|reykjavík|river|rock|route|serene|sky|snow|sunset|tourist|trail|travel|ultramannalaugar,ep176,2025-12-04,synthetic
f_4116944974,4116944974,openverse/flickr,https://live.staticflickr.com/2735/4116944974_e2a4c1f45d_b.jpg,photos/raw/4116944974.jpg,1023,712,2009|argentina|argentine|argentino|autumn|clouds|cold|color|cruz|customs|d3x|dangerous|dynamic|glacial|glaciares|glacier|gray|hdr|high|hike|ice|lago|lake|los|march|moreno|mountain|mysterious|national|natural|nikon|ominous|park|patagonia|perito|photography|rain|range|ratcliff|santa|storm|stuck|stuckincustoms|terrain|travel|trees|trey|water|wild|wilderness|wonder|world|beautiful|dawn|daylight|environment|fog|landscape|light|mist|nature|outdoors|park|scenic|sky|travel|tree|water|weather|wood,ep176,2025-12-04,synthetic
f_4770820579,4770820579,openverse/flickr,https://live.staticflickr.com/4082/4770820579_c763db1761.jpg,photos/raw/4770820579.jpg,500,386,backpacking|boyscouts|california|eldoradonationalforest|foresthistorysociety|hiking|outdoorrecreation,ep007,2022-02-05,synthetic
f_51931423912,51931423912,openverse/flickr,https://live.staticflickr.com/65535/51931423912_cb21d85079_b.jpg,photos/raw/51931423912.jpg,684,1024,blue|buildings|camp|campsite|clouds|falls|field|geyser|hdr|hiking|historic|iceland|july|landmannalaugar|landmark|landscape|lava|mountain|mountains|nature|onasill|outdoor|peaceful|reykjavík|river|rocks|route|serene|sky|snow|soil|tents|trail|tranquility|tunnel|ultramannalaugar|water|waterfall|waterflalls|wonder|worlds,ep176,2025-12-03,synthetic
f_31537153913,31537153913,openverse/flickr,https://live.staticflickr.com/599/31537153913_0a46234d2b_b.jpg,photos/raw/31537153913.jpg,1024,684,1001nights|1001nightsmagiccity|border|canyon|cliff|clouds|crag|field|frame|golden|grassland|hdr|hiking|hill|historic|iceland|july|landmannalaugar|landmark|landscape|mountain|mountainside|nature|onasill|outdoor|photo|rapids|reykjavík|reykjavu00edk|river|rock|route|serene|sky|snow|sunset|tourist|trail|travel|trekking|ultramannalaugar|water|wave,ep176,2025-12-03,synthetic
f_51323491909,51323491909,openverse/flickr,https://live.staticflickr.com/65535/51323491909_c0b6d7e183_b.jpg,photos/raw/51323491909.jpg,1024,687,bed|border|canon|canyon|cliff|clouds|crag|field|frame|golden|grassland|gulls|hdr|hiking|hill|historic|iceland|july|landmannalaugar|landmark|landscape|lava|mountain|mountainside|nature|onasill|outdoor|photo|rapids|reykjavík|river|rock|route|sea|serene|sky|snow|sunset|tourist|trail|travel|trekking|ultramannalaugar|water|wave,ep176,2025-12-05,synthetic
f_32755466175,32755466175,openverse/flickr,https://live.staticflickr.com/528/32755466175_d299a2daf9_b.jpg,photos/raw/32755466175.jpg,1024,684,bed|border|canon|canyon|cliff|clouds|crag|field|frame|golden|grassland|hdr|hiking|hill|historic|iceland|july|landmannalaugar|landmark|landscape|lava|mountain|mountainside|nature|onasill|outdoor|photo|rapids|reykjavík|reykjavu00edk|river|rock|route|serene|sky|snow|sunset|tourist|trail|travel|trekking|ultramannalaugar|water|wave,ep176,2025-12-02,synthetic
f_11142087665,11142087665,openverse/flickr,https://live.staticflickr.com/3670/11142087665_3f6cd57f27_b.jpg,photos/raw/11142087665.jpg,1024,632,alleghenyplateau|appalachianmountains|autumn|beulahlandroad|bonnellrunvista|bonnelrunvista|clouds|creativecommons|goldeneagletrail|hiking|hills|landscape|lycomingcounty|mountains|pennsylvania|pennsylvaniawilds|pinecreekgorge|sgl68|sign|sky|snow|stategameland68|stategamelands68|stratocumulus|tiadaghtonstateforest|wolfrunwildarea|cold|countryside|fair weather|frost|frozen|ice|landscape|mountain|nature|outdoors|rural|sky|snow|travel|tree|weather|winter|wood,ep175,2025-11-28,synthetic
f_5840203303,5840203303,openverse/flickr,https://live.staticflickr.com/5079/5840203303_0e0e3274e4_b.jpg,photos/raw/5840203303.jpg,1024,768,andyarthur|bash|bashbish|bish|hiking,ep161,2025-08-10,synthetic
f_5462154144,5462154144,openverse/flickr,https://live.staticflickr.com/5138/5462154144_b3b9bb1938_b.jpg,photos/raw/5462154144.jpg,1024,656,hiking|jbrew|kingcounty|mountsi|published|sea|washington|www,ep176,2025-12-04,synthetic
f_39734386681,39734386681,openverse/flickr,https://live.staticflickr.com/4723/39734386681_e0dd16fc15_b.jpg,photos/raw/39734386681.jpg,1024,1024,abstract|artico|border|canyon|cliff|clouds|crag|field|frame|golden|grassland|hdr|hiking|hill|historic|iceland|july|landmannalaugar|landmark|landscape|light|mountain|mountainside|nature|onasill|outdoor|photo|process|rapids|rendered|reykjavík|reykjavu00edk|river|rock|route|serene|sky|snow|sunset|tourist|trail|travel|trekking|ultramannalaugar|water|wave,ep126,2024-12-11,synthetic
f_51872632133,51872632133,openverse/flickr,https://live.staticflickr.com/65535/51872632133_cab19a839c_b.jpg,photos/raw/51872632133.jpg,1024,684,ashe|badzo|bill|border|canyon|cliff|clouds|crag|field|formation|frame|golden|grassland|hdr|hiking|hill|historic|iceland|july|landmannalaugar|landmark|landscape|lava|mountain|mountains|mountainside|nature|onasill|outdoor|photo|rapids|reykjavík|ridge|river|rock|route|serene|sky|snow|sunset|sunsets|tourist|trail|travel|treking|trekking|ultramannalaugar|volcano,ep176,2025-12-03,synthetic
f_38600965426,38600965426,openverse/flickr,https://live.staticflickr.com/4550/38600965426_984ed692a2_b.jpg,photos/raw/38600965426.jpg,1024,692,bed|border|canon|canyon|cliff|clouds|crag|field|frame|golden|grassland|gulls|hdr|hiking|hill|historic|iceland|july|lake|landmannalaugar|landmark|landscape|lava|mountain|mountainside|nature|onasill|outdoor|photo|rain|rapids|reykjavík|reykjavu00edk|reykjav\xedk|river|rock|route|sea|serene|sky|snow|sunset|tourist|trail|travel|trekking|ultramannalaugar|water|wave,ep155,2025-06-26,synthetic
f_29408333458,29408333458,openverse/flickr,https://live.staticflickr.com/1763/29408333458_e3f02a1d93_b.jpg,photos/raw/29408333458.jpg,1024,684,18250mm|bay|bedrock|border|canon|canyon|cliff|clouds|crag|field|frame|golden|grassland|hdr|hiking|hill|historic|iceland|july|lake|landmannalaugar|landmark|landscape|lava|lens|macro|mountain|mountainside|nature|onasill|outdoor|photo|rapids|reykjavík|reykjavu00edk|river|rock|route|sea|serene|sigma|sky|sl1|snow|sunset|tourist|trail|travel|trekking|ultramannalaugar|water|wave,ep176,2025-12-02,synthetic
f_5289678354,5289678354,openverse/flickr,https://live.staticflickr.com/5244/5289678354_3239b0372b_b.jpg,photos/raw/5289678354.jpg,1024,768,arizona|bdgroup|exploration|gc|grandcanyon|hiking|history|map|topographic,ep126,2024-12-11,synthetic
f_5773417047,5773417047,openverse/flickr,https://live.staticflickr.com/2309/5773417047_54e874d304_b.jpg,photos/raw/5773417047.jpg,1023,862,arizona|bdgroup|grandcanyon|hiking|history|map|sw2|topo|topographic,ep126,2024-12-11,synthetic
f_5289075773,5289075773,openverse/flickr,https://live.staticflickr.com/5123/5289075773_66af0d07d2_b.jpg,photos/raw/5289075773.jpg,1024,768,arizona|bdgroup|exploration|gc|grandcanyon|hiking|history|map|topographic,ep126,2024-12-11,synthetic
f_4465317181,4465317181,openverse/flickr,https://live.staticflickr.com/2494/4465317181_78a3c2d0da_b.jpg,photos/raw/4465317181.jpg,1024,768,arctic|guidegunnar|hiking|northernnorway|tromso,ep161,2025-08-05,synthetic
f_8494428320,8494428320,openverse/flickr,https://live.staticflickr.com/8107/8494428320_0d10621298_b.jpg,photos/raw/8494428320.jpg,1024,768,buildings|cafe|cc|corner|lego|modular|town,ep102,2024-06-27,synthetic
f_8494427814,8494427814,openverse/flickr,https://live.staticflickr.com/8529/8494427814_d7d090f54a_b.jpg,photos/raw/8494427814.jpg,1024,768,buildings|cafe|cc|corner|lego|modular|town,ep162,2025-08-14,synthetic
f_4539011576,4539011576,openverse/flickr,https://live.staticflickr.com/2784/4539011576_0187058956_b.jpg,photos/raw/4539011576.jpg,694,1024,arequipa|calles|ciudades|cusco|del|do|iquitos|lima|map|mapa|peru|peru00fa|puno|ruas|street|trujillo|atlas|ball-shaped|cartography|city|Continent|country|desktop|geography|guidance|location|map|navigation|paper|road|topography|travel|trip (journey),ep144,2025-04-02,synthetic
f_6180156183,6180156183,openverse/flickr,https://live.staticflickr.com/6161/6180156183_d933083b3c_b.jpg,photos/raw/6180156183.jpg,1024,676,art|oskarconradkleineh|paintings,ep058,2023-06-08,synthetic
f_48967477922,48967477922,openverse/flickr,https://live.staticflickr.com/65535/48967477922_4df2e3e30c_b.jpg,photos/raw/48967477922.jpg,1024,683,56ljubičevskekonjičkeigare|56ljubičevskiekonjičkeigare|56ljubiu00e4evskekonjiu00e4keigare|56ljubiu00e4evskiekonjiu00e4keigare|56ljubiu010devskekonjiu010dkeigare|56ljubiu010devskiekonjiu010dkeigare|canoneosm50|event|flags|horse|horseriders|ivanradic|ljubiäevskekonjiäkeigre2019|ljubičevskekonjičkeigre2019|ljubiu00e4evskekonjiu00e4keigre2019|ljubiu010devskekonjiu010dkeigre2019|pferd|pozarevac|reiter|rider|serbia|serbien|sigma105mmf14dghsmart|srbija|veranstaltung,ep174,2025-11-24,synthetic
f_8493324301,8493324301,openverse/flickr,https://live.staticflickr.com/8512/8493324301_4acf93bc1d_b.jpg,photos/raw/8493324301.jpg,1024,768,buildings|cafe|cc|corner|lego|modular|town,ep102,2024-06-25,synthetic
f_50633757447,50633757447,openverse/flickr,https://live.staticflickr.com/65535/50633757447_37afa9aa02_b.jpg,photos/raw/50633757447.jpg,1023,752,2020|britishcolumbia|busstops|camerafujifilmx100f|canada|citystreets|march30|rapatersonphotograph|velviavividfilmsimulation|victoriabc,ep172,2025-11-13,synthetic
f_8493322731,8493322731,openverse/flickr,https://live.staticflickr.com/8243/8493322731_03470c7f07_b.jpg,photos/raw/8493322731.jpg,1024,768,buildings|cafe|cc|corner|lego|modular|town,ep081,2023-12-20,synthetic
f_38300838495,38300838495,openverse/flickr,https://live.staticflickr.com/65535/38300838495_a965c6d5ee_b.jpg,photos/raw/38300838495.jpg,1023,752,2017|britishcolumbia|busstops|camerafujifilmx70|canada|citystreets|classicchromefilmsimulation|july7|rapatersonphotograph|rpaterso|velviavividfilmsimulation|victoriabc|victoriajamesbay,ep074,2023-09-18,synthetic
f_49084404352,49084404352,openverse/flickr,https://live.staticflickr.com/65535/49084404352_83693d7aa8_b.jpg,photos/raw/49084404352.jpg,1024,683,56ljubičevskekonjičkeigare|56ljubičevskiekonjičkeigare|56ljubiu010devskekonjiu010dkeigare|56ljubiu010devskiekonjiu010dkeigare|canoneosm50|event|flags|horse|horseriders|ivanradic|ljubičevskekonjičkeigre2019|ljubiu010devskekonjiu010dkeigre2019|pferd|pozarevac|reiter|rider|serbia|serbien|sigma105mmf14dghsmart|srbija|veranstaltung,ep119,2024-10-25,synthetic
f_8494425728,8494425728,openverse/flickr,https://live.staticflickr.com/8377/8494425728_b53fbac110_b.jpg,photos/raw/8494425728.jpg,1024,768,buildings|cafe|cc|corner|lego|modular|town,ep102,2024-06-25,synthetic
f_8494425188,8494425188,openverse/flickr,https://live.staticflickr.com/8087/8494425188_807c9bb2fb_b.jpg,photos/raw/8494425188.jpg,1024,768,buildings|cafe|cc|corner|lego|modular|town,ep102,2024-06-25,synthetic
f_8494426228,8494426228,openverse/flickr,https://live.staticflickr.com/8391/8494426228_88c1c6110d_b.jpg,photos/raw/8494426228.jpg,1024,768,buildings|cafe|cc|corner|lego|modular|town,ep102,2024-06-25,synthetic
f_8494423480,8494423480,openverse/flickr,https://live.staticflickr.com/8107/8494423480_720720850e_b.jpg,photos/raw/8494423480.jpg,1024,768,buildings|cafe|cc|corner|lego|modular|town,ep033,2022-10-26,synthetic
f_4056051897,4056051897,openverse/flickr,https://live.staticflickr.com/3504/4056051897_7e37312dce_b.jpg,photos/raw/4056051897.jpg,1024,930,campus|city|dunedin|newzealand|rainy|rainycitystreets|rainyday|scenes|streets|streetscenes|studentaccommodation|studenthousing|universityarea,ep074,2023-09-18,synthetic
f_30812013320,30812013320,openverse/flickr,https://live.staticflickr.com/5328/30812013320_301b81dd62_b.jpg,photos/raw/30812013320.jpg,1024,656,city|keithvaughton|streetphotography|streets|x100t,ep087,2024-01-21,synthetic
f_5701694629,5701694629,openverse/flickr,https://live.staticflickr.com/5230/5701694629_ea5d4d39b9_b.jpg,photos/raw/5701694629.jpg,1023,681,april2011infomatique|belfast|belfast2011infomatique|belfastapril2011infomatique|belfastcity|belfastinfomatique|city|europe|infomatique|ireland|northern|northernireland|performance|street|streetperformer|streetsofbelfast|uk|williammurphy,ep055,2023-05-14,synthetic
f_18250064015,18250064015,openverse/flickr,https://live.staticflickr.com/8841/18250064015_158eaf9e79_b.jpg,photos/raw/18250064015.jpg,1024,755,city|india|indian|newyork|sleeping|subway|train|urban|adult|child|one|people|portrait|veil|wear|woman,ep117,2024-10-11,synthetic
f_27499751392,27499751392,openverse/flickr,https://live.staticflickr.com/7711/27499751392_b4f4f6e935_b.jpg,photos/raw/27499751392.jpg,1024,642,canon|canoneos6d|cars|cityscape|ef24105mmf4lisusm|photography|street|streetphotography|urban,ep168,2025-09-24,synthetic
f_14578762916,14578762916,openverse/flickr,https://live.staticflickr.com/3867/14578762916_60cd75554b_b.jpg,photos/raw/14578762916.jpg,1024,775,newyork|street|timessquare,ep166,2025-09-11,synthetic
f_11903361764,11903361764,openverse/flickr,https://live.staticflickr.com/7397/11903361764_20a02a72b3_b.jpg,photos/raw/11903361764.jpg,1024,683,beautiful|dog|doggies|doggy|dogs|israel|k9|pet|pets|photographer|photography|portrait|portraits|puppies|puppy,ep151,2025-06-01,synthetic
f_15903042439,15903042439,openverse/flickr,https://live.staticflickr.com/8562/15903042439_b407a111eb_b.jpg,photos/raw/15903042439.jpg,1024,681,abando|abandoned|adventure|attractive|aussie|australia|australianurbex|beautiful|breasts|brick|brisbane|brisbaneurbex|broken|bum|butt|concrete|danger|decay|descent|dirt|dirty|dust|exploration|explore|extreme|factory|fit|food|foxy|graffiti|hot|infiltration|legs|love|mature|milf|milfs|mill|mum|naughty|old|pet|photo|photography|pink|placehacking|pretty|qld|queensland|queenslander|queenslandurbex|risk|rust|seeker|sexy|shoes|steel|thrill|tight|ue|urban|urbanexploration|urbex|woman|wood,ep074,2023-09-18,synthetic
f_8429524669,8429524669,openverse/flickr,https://live.staticflickr.com/8237/8429524669_355b591acf_b.jpg,photos/raw/8429524669.jpg,1024,683,antique|britishcolumbia|commodore|computer|museum|natgeo|nationalgeographic|obsolete|pet,ep036,2022-12-11,synthetic
f_14655737012,14655737012,openverse/flickr,https://live.staticflickr.com/3911/14655737012_a8b37b3cb7_b.jpg,photos/raw/14655737012.jpg,1024,683,beardeddragon|blackandwhite|domesticated|lizard|monomonday|pet|pogona|reptile|richardparker,ep055,2023-05-12,synthetic
f_8446365166,8446365166,openverse/flickr,https://live.staticflickr.com/8329/8446365166_4ca85cbe38_b.jpg,photos/raw/8446365166.jpg,1024,576,animals|bassett|dog|dogs|louisiana|mardigras|petparade|pets|shreveport|animal|canine|cute|dog|domestic|funny|grass|hound|little|mammal|pet|portrait|puppy,ep151,2025-06-01,synthetic
f_52419098341,52419098341,openverse/flickr,https://live.staticflickr.com/65535/52419098341_9c200e4426_b.jpg,photos/raw/52419098341.jpg,1024,576,13|13pro|2022|80s|90s|armory|awesome|bernard|boys|british|chapman|chris|concert|cunningham|dance|division|fucking|gilbert|gillian|iphone|joy|legends|london|lowe|minneapolis|minnesota|mn|morris|music|neil|new|nostalgia|october|order|pet|phil|pop|pro|shop|show|stephen|sumner|synth|temptation|tennant|tom|tour|unity,ep028,2022-09-23,synthetic
f_52419098221,52419098221,openverse/flickr,https://live.staticflickr.com/65535/52419098221_56788cfbf5_b.jpg,photos/raw/52419098221.jpg,1024,576,13|13pro|2022|80s|90s|armory|awesome|bernard|boys|british|chapman|chris|concert|cunningham|dance|division|fucking|gilbert|gillian|iphone|joy|legends|london|lowe|minneapolis|minnesota|mn|morris|music|neil|new|nostalgia|october|order|pet|phil|pop|pro|shop|show|stephen|sumner|synth|temptation|tennant|tom|tour|unity,ep051,2023-04-23,synthetic
f_2287816055,2287816055,openverse/flickr,https://live.staticflickr.com/2311/2287816055_57e0df0db0_b.jpg,photos/raw/2287816055.jpg,768,1024,boy|california|crawling|gastropoda|grandson|interested|mollusca|pet|redhead|sandiegocounty|snail,ep054,2023-05-07,synthetic
f_9250240500,9250240500,openverse/flickr,https://live.staticflickr.com/7408/9250240500_a03637b30c.jpg,photos/raw/9250240500.jpg,351,500,advise|affordable|anal|astoria|bath|bathing|battth|bay|beach|bird|boarding|brushing|canon|care|cat|cats|city|clipping|coast|delivery|dematting|dog|doggie|dogs|facebook|fleas|garibaldi|gearhart|gland|groom|grooming|hand|kitty|lizard|manzanita|mohler|nail|nails|nehalem|oregon|pattis|perfection|pet|photographer|photography|pick|pooch|portrait|professional|puppy|rockaway|run|salon|scissoring|seaside|style|suppression|tillamook|up|walk|warrenton|wheeler,ep151,2025-06-01,synthetic
f_9247429951,9247429951,openverse/flickr,https://live.staticflickr.com/7426/9247429951_874cb1e5e5_b.jpg,photos/raw/9247429951.jpg,1024,681,advise|affordable|anal|astoria|bath|bathing|battth|bay|beach|bird|boarding|brushing|canon|care|cat|cats|city|clipping|coast|delivery|dematting|dog|doggie|dogs|facebook|fleas|garibaldi|gearhart|gland|groom|grooming|hand|kitty|lizard|manzanita|mohler|nail|nails|nehalem|oregon|pattis|perfection|pet|photographer|photography|pick|pooch|portrait|professional|puppy|rockaway|run|salon|scissoring|seaside|style|suppression|tillamook|up|walk|warrenton|wheeler,ep151,2025-05-31,synthetic
f_9250202674,9250202674,openverse/flickr,https://live.staticflickr.com/3688/9250202674_3f83c20cb7_b.jpg,photos/raw/9250202674.jpg,670,960,advise|affordable|anal|astoria|bath|bathing|battth|bay|beach|bird|boarding|brushing|canon|care|cat|cats|city|clipping|coast|delivery|dematting|dog|doggie|dogs|facebook|fleas|garibaldi|gearhart|gland|groom|grooming|hand|kitty|lizard|manzanita|mohler|nail|nails|nehalem|oregon|pattis|perfection|pet|photographer|photography|pick|pooch|portrait|professional|puppy|rockaway|run|salon|scissoring|seaside|style|suppression|tillamook|up|walk|warrenton|wheeler,ep151,2025-05-30,synthetic
f_9250233794,9250233794,openverse/flickr,https://live.staticflickr.com/5464/9250233794_f5c83a06e9_b.jpg,photos/raw/9250233794.jpg,1023,681,advise|affordable|anal|astoria|bath|bathing|battth|bay|beach|bird|boarding|brushing|canon|care|cat|cats|city|clipping|coast|delivery|dematting|dog|doggie|dogs|facebook|fleas|garibaldi|gearhart|gland|groom|grooming|hand|kitty|lizard|manzanita|mohler|nail|nails|nehalem|oregon|pattis|perfection|pet|photographer|photography|pick|pooch|portrait|professional|puppy|rockaway|run|salon|scissoring|seaside|style|suppression|tillamook|up|walk|warrenton|wheeler,ep151,2025-06-01,synthetic
f_9247452247,9247452247,openverse/flickr,https://live.staticflickr.com/3685/9247452247_5368cb4b7f.jpg,photos/raw/9247452247.jpg,500,375,advise|affordable|anal|astoria|bath|bathing|battth|bay|beach|bird|boarding|brushing|canon|care|cat|cats|city|clipping|coast|delivery|dematting|dog|doggie|dogs|facebook|fleas|garibaldi|gearhart|gland|groom|grooming|hand|kitty|lizard|manzanita|mohler|nail|nails|nehalem|oregon|pattis|perfection|pet|photographer|photography|pick|pooch|portrait|professional|puppy|rockaway|run|salon|scissoring|seaside|style|suppression|tillamook|up|walk|warrenton|wheeler,ep099,2024-06-10,synthetic
f_9247428801,9247428801,openverse/flickr,https://live.staticflickr.com/2835/9247428801_13cb1367aa_b.jpg,photos/raw/9247428801.jpg,638,960,advise|affordable|anal|astoria|bath|bathing|battth|bay|beach|bird|boarding|brushing|canon|care|cat|cats|city|clipping|coast|delivery|dematting|dog|doggie|dogs|facebook|fleas|garibaldi|gearhart|gland|groom|grooming|hand|kitty|lizard|manzanita|mohler|nail|nails|nehalem|oregon|pattis|perfection|pet|photographer|photography|pick|pooch|portrait|professional|puppy|rockaway|run|salon|scissoring|seaside|style|suppression|tillamook|up|walk|warrenton|wheeler,ep151,2025-06-01,synthetic
f_9247427623,9247427623,openverse/flickr,https://live.staticflickr.com/2886/9247427623_d5f98c3a9d_b.jpg,photos/raw/9247427623.jpg,661,960,advise|affordable|anal|astoria|bath|bathing|battth|bay|beach|bird|boarding|brushing|canon|care|cat|cats|city|clipping|coast|delivery|dematting|dog|doggie|dogs|facebook|fleas|garibaldi|gearhart|gland|groom|grooming|hand|kitty|lizard|manzanita|mohler|nail|nails|nehalem|oregon|pattis|perfection|pet|photographer|photography|pick|pooch|portrait|professional|puppy|rockaway|run|salon|scissoring|seaside|style|suppression|tillamook|up|walk|warrenton|wheeler,ep151,2025-06-02,synthetic
f_2730154554,2730154554,openverse/flickr,https://live.staticflickr.com/3287/2730154554_b9d9055b56_b.jpg,photos/raw/2730154554.jpg,1024,768,cassette|commodore|computer|datatransfer|pet|pet2001|stereo|terminal,ep036,2022-12-11,synthetic
f_9250806770,9250806770,openverse/flickr,https://live.staticflickr.com/5511/9250806770_dd06b40aa4.jpg,photos/raw/9250806770.jpg,500,435,caterpillar|cecropia|drhwk7gallery|giant|hyalophora|instar|larvae|macro|moths|pets|silk|silkmoths|tubercles,ep054,2023-05-07,synthetic
f_5528998,5528998,openverse/flickr,https://live.staticflickr.com/3/5528998_221edfb533_b.jpg,photos/raw/5528998.jpg,1024,717,cenz|chain|country|fox|hackney|hat|holding|lead|lucy|oldphotos|pets|photo|red|scans|woman,ep025,2022-08-04,synthetic
f_8419515669,8419515669,openverse/flickr,https://live.staticflickr.com/8226/8419515669_8db5c13c28_b.jpg,photos/raw/8419515669.jpg,1024,683,anime|friends|lego|pet|robot|scifi|stephanie,ep081,2023-12-20,synthetic
f_81411394,81411394,openverse/flickr,https://live.staticflickr.com/42/81411394_25a2517cc0.jpg,photos/raw/81411394.jpg,500,369,2005|2006|art|bizarre|cartoon|disturbing|drawing|freaky|girl|gross|illustration|pet|photo|picture|portrait|scary|sex|voyeur,ep055,2023-05-10,synthetic
f_19306663,19306663,openverse/flickr,https://live.staticflickr.com/13/19306663_b7b231b92a_b.jpg,photos/raw/19306663.jpg,1024,768,beautifulscenery|britishcolumbia|butchartgardens|canada|colourful|flowers|gardens|ilovenature|pathways|top20landscapeshots|top20naturephotos|victoria|wonder|wow,ep112,2024-09-08,synthetic
f_44319231432,44319231432,openverse/flickr,https://live.staticflickr.com/1868/44319231432_c96d9bb785_b.jpg,photos/raw/44319231432.jpg,1024,832,contactgroups|“doublefantasy”|excellentsflowers|flower|flowerarebeautiful|garden|green|leaves|pink|rose|summer|thebestofmimamorsgroups|thegalaxy|u201cdoublefantasyu201d,ep152,2025-06-07,synthetic
f_3333752088,3333752088,openverse/flickr,https://live.staticflickr.com/3304/3333752088_cd3b8c17d8_b.jpg,photos/raw/3333752088.jpg,789,1024,bethchatto|britain|colchester|elmsteadmarket|england|essex|firsttheearth|flickraward|gardens|naturesfinest|potofgold|saveearth|thebethchattogardens|uk,ep114,2024-09-22,synthetic
f_51420012738,51420012738,openverse/flickr,https://live.staticflickr.com/65535/51420012738_0ae641c592_b.jpg,photos/raw/51420012738.jpg,1024,770,18250mm|animal|anne|architecture|border|building|canandaigua|canon|county|finger|flower|frog|garden|gardens|historic|historical|japanese|lakes|macro|mansion|nrhp|ny|onasill|ontario|outdoor|park|photo|queen|sigma|sl1|sonnenberg|vignette,ep152,2025-06-08,synthetic
f_51726716197,51726716197,openverse/flickr,https://live.staticflickr.com/65535/51726716197_a5dc2edc46_b.jpg,photos/raw/51726716197.jpg,1024,695,american|attraction|botanicalgardens|conservatory|cultural|da|frederick|garden|gardens|grand|horse|horticultural|kentcounty|landmark|lena|leonardo|meijer|mi|michigan|museum|nrhp|onasill|park|rapids|site|society|the|township|tropical|unitedstates|usa|vincis|west,ep153,2025-06-13,synthetic
f_14483092529,14483092529,openverse/flickr,https://live.staticflickr.com/3884/14483092529_218a3f1f67_b.jpg,photos/raw/14483092529.jpg,633,1024,crossdress|dress|garden|long|pink|redhead|summer|tgirl|transvestite|fair weather|flower|garden|leisure|nature|outdoors|people|relaxation|summer|travel|water|woman,ep069,2023-08-16,synthetic
f_48303240416,48303240416,openverse/flickr,https://live.staticflickr.com/65535/48303240416_62f837450b_b.jpg,photos/raw/48303240416.jpg,1024,680,24|akamu|american|attraction|big|bronze|da|feet|frederick|garden|gardens|grand|horse|horticultural|is|kentcounty|landmark|leonardo|meijer|mi|michigan|museum|nina|nrhp|onasill|park|rapids|sculpture|society|the|township|unitedstates|usa|vincis|west,ep053,2023-05-03,synthetic
f_211710348,211710348,openverse/flickr,https://live.staticflickr.com/67/211710348_bdeb70e454.jpg,photos/raw/211710348.jpg,500,333,50club|architecture|beautiful|belton|beltonhouse|church|england|gardens|italiangardens|lincolnshire|nationaltrust|nt|orangery|statelyhome|wow,ep083,2024-01-02,synthetic
f_15400888325,15400888325,openverse/flickr,https://live.staticflickr.com/2949/15400888325_3419c7273d_b.jpg,photos/raw/15400888325.jpg,1024,576,beautiful|bicycle|castleentrance|church|colourful|explore|garden|greenhouse|helmsley|oldlady|red|scarecrow|tiles|yellow|yorkshire,ep114,2024-09-25,synthetic
f_1196848877,1196848877,openverse/flickr,https://live.staticflickr.com/1267/1196848877_939c62ea72.jpg,photos/raw/1196848877.jpg,500,375,10faves|challengeyouwinner|garden|strasbourg|architecture|building|class|driveway|estate|exterior|family|front|garden|home|house|lawn|real|realty|residence|suburban|upscale|wood|yard,ep168,2025-09-28,synthetic
f_6669937329,6669937329,openverse/flickr,https://live.staticflickr.com/7019/6669937329_4026a449f3_b.jpg,photos/raw/6669937329.jpg,1024,768,davidgarrick|england|garden|gradeiilisted|gradeiilistedbuilding|greatbritain|hospitalofstjohn|josephaddison|lichfield|lichfielddistrictcouncil|lichfieldgrammarschool|lichfieldoldgrammarschool|lichfieldruraldistrictcouncil|office|offices|oldgrammarschool|samueljohnson|schoolmastersandboardershouse|staffordshire|stjohnst|thomasjohnsonandsonoflichfield|unitedkingdom|wall|architecture|building|garden|grass|home|house|lawn|outdoors|park|travel|tree,ep083,2024-01-02,synthetic
f_2381791019,2381791019,openverse/flickr,https://live.staticflickr.com/2210/2381791019_c468db5fb8_b.jpg,photos/raw/2381791019.jpg,1024,675,artisticexpression|canon|diamondclassphotographer|flickrdiamond|garden|gardens|gravel|heart|huntingtongardens|huntingtonlibrary|japanese|japaneserockgarden|kanji|karesansui|karesansuigardens|kyoto|meditation|mind|pebbles|raked|rebelxti|rock|rocks|sand|sandpit|sea|subliminal|supershot|tranquility|u67afu5c71u6c34|zen|zengarden|枯山水,ep126,2024-12-14,synthetic
f_11288599234,11288599234,openverse/flickr,https://live.staticflickr.com/7377/11288599234_42b87f6362_b.jpg,photos/raw/11288599234.jpg,1024,768,garden|raisedbed|tour|vegetable|agriculture|crop|cultivation|farm|flora|food|freshness|garden|greenhouse|grow|healthy|horticulture|leaf|lettuce|maturation|nature|pasture|salad|soil|vegetable,ep111,2024-09-04,synthetic
f_19762795,19762795,openverse/flickr,https://live.staticflickr.com/16/19762795_9ca1b8546c_b.jpg,photos/raw/19762795.jpg,1024,768,britishcolumbia|butchartgardens|ericaceae|favouritegarden|flowers|garden|japanesegarden|japanesemaple|momiji|plants|pond|rhododendrons|stonepath|trees|vancouverisland|water,ep114,2024-09-27,synthetic
f_12045763846,12045763846,openverse/flickr,https://live.staticflickr.com/7313/12045763846_c97dddc7d7_b.jpg,photos/raw/12045763846.jpg,1024,651,australia|fitzroygardens|gardens|lamppost|melbourne|path|photograph|postallyused|postcard|publicart|statues|trees|victoria|victoriastampmarket|vsm|westernavenue,ep141,2025-03-13,synthetic
f_464791157,464791157,openverse/flickr,https://live.staticflickr.com/210/464791157_b9965da377_b.jpg,photos/raw/464791157.jpg,1024,682,bridge|california|diamondclassphotographer|explore|favoritegarden|flickrsbest|frhwofavs|garden|green|huntingtongardens|japanese|magicofcolouraward|maple|monthlythemegroupmay07|peaceful|pond|sanmarino|venturacountyfair|willow|fall|flora|flower|garden|grass|lake|landscape|leaf|nature|outdoors|park|pool|river|summer|travel|tree|water|wood,ep152,2025-06-08,synthetic
f_9497120328,9497120328,openverse/flickr,https://live.staticflickr.com/3693/9497120328_0d1c977a4c_b.jpg,photos/raw/9497120328.jpg,683,1024,50d|arts|bartrim|borders|campden|canon|chipping|cotswolds|crafts|english|garden|gloucestershire|hidcote|johnston|lawrence|manor|national|plants|rooms|shrubs|topiaries|topiary|trees|trust|wilderness|architecture|flower|garden|grass|guidance|hedge|leaf|nature|outdoors|park|travel|tree,ep114,2024-09-22,synthetic
f_5405403890,5405403890,openverse/flickr,https://live.staticflickr.com/5098/5405403890_6e004b5cff_b.jpg,photos/raw/5405403890.jpg,1024,768,kitchen|cabinet|contemporary|counter|cupboard|family|faucet|furniture|home|home appliance|house|indoors|inside|interior design|luxury|oven|refrigerator|room|seat|stainless steel|stove,ep038,2023-01-11,synthetic
f_2336304602,2336304602,openverse/flickr,https://live.staticflickr.com/2212/2336304602_e8fdbe8af4_b.jpg,photos/raw/2336304602.jpg,678,1023,craftsmanbungalow|delta|hakatai|kitchen|kitchenremodel|missionrevival|remodel,ep102,2024-06-30,synthetic
f_700790272,700790272,openverse/flickr,https://live.staticflickr.com/1354/700790272_509e1f33e1_b.jpg,photos/raw/700790272.jpg,1024,681,6024canevin|house|interior|kitchen|tagcow,ep038,2023-01-09,synthetic
f_2237024765,2237024765,openverse/flickr,https://live.staticflickr.com/2092/2237024765_6c70b7d0f4_b.jpg,photos/raw/2237024765.jpg,768,1024,kitchen|oven|sink|stove|window,ep034,2022-11-19,synthetic
f_407504525,407504525,openverse/flickr,https://live.staticflickr.com/130/407504525_24334dfad7_b.jpg,photos/raw/407504525.jpg,1024,768,bearmountain|design|interior|j|kitchen,ep038,2023-01-07,synthetic
f_6544336039,6544336039,openverse/flickr,https://live.staticflickr.com/7156/6544336039_eea08194bd_b.jpg,photos/raw/6544336039.jpg,1024,683,boxes|kitchen|merrickville|new|unpacking,ep089,2024-03-20,synthetic
f_6332067642,6332067642,openverse/flickr,https://live.staticflickr.com/6040/6332067642_362db22359_b.jpg,photos/raw/6332067642.jpg,1024,768,action|for|kitchen|logging|pomodoro|timer|food|health|nutrition,ep054,2023-05-07,synthetic
f_4519266074,4519266074,openverse/flickr,https://live.staticflickr.com/4011/4519266074_b3aff6b3c7_b.jpg,photos/raw/4519266074.jpg,1024,683,appleimac|homeoffice|imac27|interiordesign|kitchen|kitchenlivingspace|kitchenoffice|scandinaviandesign,ep033,2022-10-26,synthetic
f_121747718,121747718,openverse/flickr,https://live.staticflickr.com/37/121747718_40071fec82.jpg,photos/raw/121747718.jpg,500,333,deutschland|faktum|forsale|germany|heidelberg|ikea|kitchen|movingsale|zuverkaufen|apartment|bookcase|cabinet|chair|contemporary|cupboard|family|furniture|home|house|indoors|interior design|room|seat|shelf|table|trading floor|window,ep112,2024-09-12,synthetic
f_2188916496,2188916496,openverse/flickr,https://live.staticflickr.com/2147/2188916496_955b25266f_b.jpg,photos/raw/2188916496.jpg,1024,768,dishwasher|kitchen|microwave|newhouse|sink|stove,ep038,2023-01-06,synthetic
f_8706914062,8706914062,openverse/flickr,https://live.staticflickr.com/8118/8706914062_d0fa3ce790_m.jpg,photos/raw/8706914062.jpg,240,240,brass|bronzed|holt|island|kitchen|stuart,ep153,2025-06-13,synthetic
f_2779382381,2779382381,openverse/flickr,https://live.staticflickr.com/3248/2779382381_41253f5781_b.jpg,photos/raw/2779382381.jpg,1024,768,bloomfield|cabinets|dru|drubloomfield|granite|kitchen|vaultedceiling|cabinet|chair|contemporary|counter|dining room|family|flower arrangement|furniture|home|house|indoors|interior design|luxury|oven|refrigerator|room|seat|stove|table|trading floor,ep038,2023-01-10,synthetic
f_5100328549,5100328549,openverse/flickr,https://live.staticflickr.com/1069/5100328549_ef07b9f579.jpg,photos/raw/5100328549.jpg,499,398,condo|coquitlam|kensalwalk|kitchen|newhomes|polygon|polygonhomes|townhomes|townhouse,ep153,2025-06-13,synthetic
f_2948330522,2948330522,openverse/flickr,https://live.staticflickr.com/3005/2948330522_cb595d25be_b.jpg,photos/raw/2948330522.jpg,1024,768,2008|book|halloween|kitchen|lindawhite|meganlloyd|october|pumpkins|toomanypumpkins,ep081,2023-12-20,synthetic
f_4280444310,4280444310,openverse/flickr,https://live.staticflickr.com/4018/4280444310_075d3e636d_b.jpg,photos/raw/4280444310.jpg,1024,768,antique|appliances|kitchen|museum|refrigerator|thehenryford|vintage,ep074,2023-09-14,synthetic
f_2829415216,2829415216,openverse/flickr,https://live.staticflickr.com/3295/2829415216_b668772f70_b.jpg,photos/raw/2829415216.jpg,1024,768,arms|barefeet|barefoot|barfus|barfuss|biboveralls|blackboots|blond|blondhair|bluejeans|callousedsoles|counter|darkgrayshirt|denim|fu00fcse|fus|girlfriend|graybra|hairup|jeans|kitchen|knees|legs|onherknees|overalls|ponytail|sarah|shouldertattoo|sinzapatos|sportsbra|tattoo|teeshirt|uphigh|woman,ep106,2024-07-27,synthetic
f_4253649357,4253649357,openverse/flickr,https://live.staticflickr.com/4021/4253649357_a1099a8856_b.jpg,photos/raw/4253649357.jpg,1024,768,backsplash|granitecharlotte|granitecolors|granitecounters|granitecountertops|graniteedge|graniteedges|granitephotos|granitetops|kitchen|sink|tile|tilebacksplash|tiledesign|tileexamples|apartment|bathroom|cabinet|contemporary|counter|cupboard|family|faucet|furniture|home|home appliance|house|indoors|interior design|oven|refrigerator|room|shelf|stove|trading floor,ep038,2023-01-07,synthetic
f_4091151261,4091151261,openverse/flickr,https://live.staticflickr.com/2602/4091151261_1f9577891d_b.jpg,photos/raw/4091151261.jpg,768,1024,cobcottagecompany|cobhouse|grd2|kitchen|naturalbuilding,ep114,2024-09-28,synthetic
f_16060665247,16060665247,openverse/flickr,https://live.staticflickr.com/8644/16060665247_a16205270f.jpg,photos/raw/16060665247.jpg,300,500,2015|kitchen|samsung|shadows|smartphone|desktop|inside|medicine,ep055,2023-05-12,synthetic
f_2336280730,2336280730,openverse/flickr,https://live.staticflickr.com/2294/2336280730_3e687c590a_b.jpg,photos/raw/2336280730.jpg,1024,679,craftsmanbungalow|delta|diy|fixit|hakatai|hongterrell|houseofantiquehardware|kitchen|kitchenremodel|missionrevival|remodel,ep089,2024-03-17,synthetic
f_8610393445,8610393445,openverse/flickr,https://live.staticflickr.com/8248/8610393445_d093be2630_b.jpg,photos/raw/8610393445.jpg,768,1024,antics|casual|cubical|cubicle|desk|employee|fun|funny|geek|informationtechnology|it|moblog|nerd|office|programmer|relaxed|samsunggalaxysiii|softwaredeveloper|work|workday|workplace,ep145,2025-04-05,synthetic
f_8673016708,8673016708,openverse/flickr,https://live.staticflickr.com/8539/8673016708_90875d6100_b.jpg,photos/raw/8673016708.jpg,768,1024,antics|casual|cubical|cubicle|desk|employee|fun|funny|geek|informationtechnology|it|moblog|nerd|office|programmer|relaxed|samsunggalaxysiii|softwaredeveloper|work|workday|workplace,ep011,2022-02-22,synthetic
f_8640202697,8640202697,openverse/flickr,https://live.staticflickr.com/8402/8640202697_faa31ba859_b.jpg,photos/raw/8640202697.jpg,768,1024,antics|casual|cubical|cubicle|desk|employee|fun|funny|geek|informationtechnology|it|moblog|nerd|office|programmer|relaxed|samsunggalaxysiii|softwaredeveloper|work|workday|workplace,ep110,2024-08-23,synthetic
f_8696909228,8696909228,openverse/flickr,https://live.staticflickr.com/8400/8696909228_42d9e32da7_b.jpg,photos/raw/8696909228.jpg,768,1024,antics|casual|cubical|cubicle|desk|employee|fun|funny|geek|informationtechnology|it|moblog|nerd|office|programmer|relaxed|samsunggalaxysiii|softwaredeveloper|work|workday|workplace,ep106,2024-07-27,synthetic
f_4998715384,4998715384,openverse/flickr,https://live.staticflickr.com/4086/4998715384_433ccd728a_b.jpg,photos/raw/4998715384.jpg,1024,761,archives|fdrlibrary|museum|nationalarchives|presidentiallibrary|research|roosevelt|chair|furniture|home|house|indoors|interior design|luxury|room|rug|seat|table,ep052,2023-04-28,synthetic
f_4545781879,4545781879,openverse/flickr,https://live.staticflickr.com/4026/4545781879_d8eae87245_b.jpg,photos/raw/4545781879.jpg,1024,766,apple|desk|mac|multimonitor|work,ep039,2023-01-14,synthetic
f_4596687760,4596687760,openverse/flickr,https://live.staticflickr.com/1148/4596687760_5568f38911_b.jpg,photos/raw/4596687760.jpg,768,1024,,ep039,2023-01-14,synthetic
f_8773079526,8773079526,openverse/flickr,https://live.staticflickr.com/8260/8773079526_0bb23cb775_b.jpg,photos/raw/8773079526.jpg,768,1024,antics|casual|comfortable|corporate|cubical|cubicle|desk|developer|funny|geek|informationtechnology|it|moblog|nerd|office|programmer|relaxation|relaxed|samsunggalaxysiii|slacker|softwaredeveloper|woking|work|working|workplace|workspace,ep145,2025-04-05,synthetic
f_8971082958,8971082958,openverse/flickr,https://live.staticflickr.com/7396/8971082958_25efedb36b_b.jpg,photos/raw/8971082958.jpg,768,1024,antics|casual|comfortable|corporate|cubical|cubicle|desk|developer|funny|geek|informationtechnology|it|moblog|nerd|office|programmer|relaxation|relaxed|samsunggalaxysiii|slacker|softwaredeveloper|woking|work|working|workplace|workspace,ep145,2025-04-05,synthetic
f_9027458612,9027458612,openverse/flickr,https://live.staticflickr.com/5458/9027458612_b5233045aa_b.jpg,photos/raw/9027458612.jpg,1024,768,antics|casual|comfortable|corporate|cubical|cubicle|desk|developer|funny|geek|informationtechnology|it|moblog|nerd|office|programmer|relaxation|relaxed|samsunggalaxysiii|slacker|softwaredeveloper|woking|work|working|workplace|workspace,ep146,2025-04-10,synthetic
f_4546678829,4546678829,openverse/flickr,https://live.staticflickr.com/4010/4546678829_c4159552b3_b.jpg,photos/raw/4546678829.jpg,1024,947,antique|art|consignment|furniture|gallery|housewares|repurposed|secondhand|tea|thelivingroom|vintage|armchair|business|chair|comfort|contemporary|desk|empty|family|furniture|indoors|inside|interior design|leather|luxury|room|seat|table|wood,ep032,2022-10-23,synthetic
f_9025165147,9025165147,openverse/flickr,https://live.staticflickr.com/2810/9025165147_7df506ce7c_b.jpg,photos/raw/9025165147.jpg,768,1024,antics|casual|comfortable|corporate|cubical|cubicle|desk|developer|funny|geek|informationtechnology|it|moblog|nerd|office|programmer|relaxation|relaxed|samsunggalaxysiii|slacker|softwaredeveloper|woking|work|working|workplace|workspace,ep039,2023-01-14,synthetic
f_9038835144,9038835144,openverse/flickr,https://live.staticflickr.com/3746/9038835144_757d874e39_b.jpg,photos/raw/9038835144.jpg,768,1024,antics|casual|comfortable|corporate|cubical|cubicle|desk|developer|funny|geek|informationtechnology|it|moblog|nerd|office|programmer|relaxation|relaxed|samsunggalaxysiii|slacker|softwaredeveloper|woking|work|working|workplace|workspace,ep146,2025-04-10,synthetic
f_8736459602,8736459602,openverse/flickr,https://live.staticflickr.com/7319/8736459602_73839cb9e4_b.jpg,photos/raw/8736459602.jpg,768,1024,antics|casual|comfortable|corporate|cubical|cubicle|desk|developer|funny|geek|informationtechnology|it|moblog|nerd|office|programmer|relaxation|relaxed|samsunggalaxysiii|slacker|softwaredeveloper|woking|work|working|workplace|workspace,ep146,2025-04-10,synthetic
f_9036598993,9036598993,openverse/flickr,https://live.staticflickr.com/3792/9036598993_ac1747d858_b.jpg,photos/raw/9036598993.jpg,768,1024,antics|casual|comfortable|corporate|cubical|cubicle|desk|developer|funny|geek|informationtechnology|it|moblog|nerd|office|programmer|relaxation|relaxed|samsunggalaxysiii|slacker|softwaredeveloper|woking|work|working|workplace|workspace,ep039,2023-01-14,synthetic
f_11893291293,11893291293,openverse/flickr,https://live.staticflickr.com/7410/11893291293_d60e42efed_b.jpg,photos/raw/11893291293.jpg,1024,768,chair|contemporary|desk|furniture|home|indoors|interior design|lamp|room|seat|table|window,ep102,2024-06-29,synthetic
f_25920395056,25920395056,openverse/flickr,https://live.staticflickr.com/1576/25920395056_942b397c40_b.jpg,photos/raw/25920395056.jpg,1024,653,antique|black|blackwhite|doctor|found|foundphotograph|interior|man|monochrome|occupational|office|old|photograph|snapshot|vernacular|vintage|white,ep159,2025-07-19,synthetic
f_3342174559,3342174559,openverse/flickr,https://live.staticflickr.com/3350/3342174559_547e883066.jpg,photos/raw/3342174559.jpg,375,500,desk|officedesk,ep072,2023-09-02,synthetic
f_8657899111,8657899111,openverse/flickr,https://live.staticflickr.com/8116/8657899111_6b078b3b68_b.jpg,photos/raw/8657899111.jpg,768,1024,antics|casual|cubical|cubicle|desk|employee|fun|funny|geek|informationtechnology|it|moblog|nerd|office|programmer|relaxed|samsunggalaxysiii|softwaredeveloper|work|workday|workplace,ep146,2025-04-10,synthetic
f_8631667297,8631667297,openverse/flickr,https://live.staticflickr.com/8256/8631667297_b1acc7009a_b.jpg,photos/raw/8631667297.jpg,768,1024,antics|casual|cubical|cubicle|desk|employee|fun|funny|geek|informationtechnology|it|moblog|nerd|office|programmer|relaxed|samsunggalaxysiii|softwaredeveloper|work|workday|workplace,ep145,2025-04-05,synthetic
f_3877433817,3877433817,openverse/flickr,https://live.staticflickr.com/2471/3877433817_802a461991_b.jpg,photos/raw/3877433817.jpg,805,1024,concert|ferdinand|franz|franzferdinand|mccarthy|metropolis|montreal|nicholas|nicholasmccarthy,ep051,2023-04-23,synthetic
f_10838430745,10838430745,openverse/flickr,https://live.staticflickr.com/2828/10838430745_803bb61352_b.jpg,photos/raw/10838430745.jpg,1024,768,celebrity|city|concert|famous|gig|glasgow|instrument|music|musician|night|pop|scotland|scottish|tour|audience|band|concert|festival|music|musician|performance|stage,ep060,2023-06-26,synthetic
f_7567218224,7567218224,openverse/flickr,https://live.staticflickr.com/8026/7567218224_d5355af690_b.jpg,photos/raw/7567218224.jpg,678,1024,concert|luxembourg|luxembourgcity|music|band|concert|festival|guitarist|music|musician|performance|pop music|singer|stage,ep060,2023-06-25,synthetic
f_14487694934,14487694934,openverse/flickr,https://live.staticflickr.com/3851/14487694934_3cbbdaa0a9_b.jpg,photos/raw/14487694934.jpg,1024,681,1406|14x|70200mmf28gvr|concert|concerts|d700|eddievedder|fx|jeffament|lightningbolt|live|mattcameron|mikemccready|nikon|pearljam|photography|robale|rv|stonegossard|tc|tc14eii|tour|youngrobv,ep060,2023-06-24,synthetic
f_8027971895,8027971895,openverse/flickr,https://live.staticflickr.com/8172/8027971895_178d60e693_b.jpg,photos/raw/8027971895.jpg,1024,768,concert|dalbera|musiquenanguan|musiquetraditionnellechinoise|musu00e9eguimet|mus\xe9eguimet|nanguanmusic|pipa|wangxinxin,ep088,2024-01-27,synthetic
f_4793307619,4793307619,openverse/flickr,https://live.staticflickr.com/4082/4793307619_26ef066790_b.jpg,photos/raw/4793307619.jpg,1024,768,2010|concert|convention|day1|expo|iwadare|japan|noriyuki|sefa|xml,ep060,2023-06-23,synthetic
f_3725122425,3725122425,openverse/flickr,https://live.staticflickr.com/3475/3725122425_c5b2504320_b.jpg,photos/raw/3725122425.jpg,1024,457,bellcenter|centrebell|concert|kiss|kissalive35|montreal|paul|paulstanley|rock|stanley,ep051,2023-04-23,synthetic
f_2459534903,2459534903,openverse/flickr,https://live.staticflickr.com/3202/2459534903_fb552595e8_b.jpg,photos/raw/2459534903.jpg,1024,768,alternativ|alternative|alternativrock|aplusphoto|assistance|astanti|audience|audiencia|auditoire|azul|azzurro|band|bla|blau|blauw|bleu|blu|blue|bu00fchne|b\xfchne|cc|color|colorphotoaward|community|concert|concertaudience|concerto|concierto|creativecommons|dais|dark|disco|gmeenschap|gruppe|heardawards|heartaward|heartawards|independent|independentmusic|kijkers|konsert|konzert|light|lightshow|live|livemusic|marfis75|marfis75onflickr|music|musica|musik|musique|muziek|palco|people|platform|plattform|podium|pubblico|public|publicaudience|publico|publiek|publikum|rock|rocken|scene|spectateurs|stage|tour|u0434u0438u0441u043au043eu0442u0435u043au0430|zuhu00f6rer|zuh\xf6rer|zuschauer|дискотека,ep155,2025-06-30,synthetic
f_13578676784,13578676784,openverse/flickr,https://live.staticflickr.com/7458/13578676784_15d372e8cc_b.jpg,photos/raw/13578676784.jpg,1024,683,choir|concert|music,ep017,2022-05-12,synthetic
f_7622854588,7622854588,openverse/flickr,https://live.staticflickr.com/8004/7622854588_aa4416d972.jpg,photos/raw/7622854588.jpg,500,500,brannan|concert|crowd|group|instagramapp|iphoneography|packed|people|sea|singapore|square|stoneroses|tribe|audience|concert|crowd|evening|festival|group|light|many|music|people|performance|stage,ep050,2023-04-18,synthetic
f_52016471989,52016471989,openverse/flickr,https://live.staticflickr.com/65535/52016471989_c6d2af5e2f_b.jpg,photos/raw/52016471989.jpg,941,1024,2022|band|concert|jazz|music|nufusion|spring,ep005,2022-01-28,synthetic
f_6090918016,6090918016,openverse/flickr,https://live.staticflickr.com/6090/6090918016_4fe478cdce_b.jpg,photos/raw/6090918016.jpg,1024,680,blueash|concert|crowd|ohio|patbenatar|summer|tasteofblueash,ep060,2023-06-24,synthetic
f_3725127569,3725127569,openverse/flickr,https://live.staticflickr.com/2568/3725127569_67e9dc6cd2_b.jpg,photos/raw/3725127569.jpg,1023,838,bellcenter|centrebell|concert|drums|eric|ericsinger|kiss|kissalive35|montreal|rock|singer,ep051,2023-04-23,synthetic
f_3784186351,3784186351,openverse/flickr,https://live.staticflickr.com/3485/3784186351_be873e4144_b.jpg,photos/raw/3784186351.jpg,801,1024,concert|montreal|montru00e9al|opera|osheaga|osheaga2009|osheagafestival|rufus|rufuswainwright|rufuswainwrightconcert|wainwright,ep028,2022-09-23,synthetic
f_2293542900,2293542900,openverse/flickr,https://live.staticflickr.com/3044/2293542900_ef46c26bc7_b.jpg,photos/raw/2293542900.jpg,1023,697,brisbane|brisbanecitychurch|church|city|concert|concerts|d80|hillsong|hillsongbrisbane|hillsongunited|hillsongunitedconcert|jiaren|jiarenlauphotography|lau|live|nikon|toowoomba|united,ep051,2023-04-23,synthetic
f_3735168518,3735168518,openverse/flickr,https://live.staticflickr.com/3467/3735168518_2824a836cb_b.jpg,photos/raw/3735168518.jpg,798,1024,concert|day|dirnt|green|greenday|live|mike|mikedirnt|montreal|performance|punk|rock|tour|alternative|band|concert|festival|guitar|guitarist|indie|music|musician|performance|pop music|singer|stage,ep051,2023-04-23,synthetic
f_7718369212,7718369212,openverse/flickr,https://live.staticflickr.com/7138/7718369212_ca3c1ee684_b.jpg,photos/raw/7718369212.jpg,768,1024,06|2012|concert|expo|flow|japan|juillet|paris|sefa|soundlicious|villepintes|xml,ep050,2023-04-18,synthetic
f_7718906184,7718906184,openverse/flickr,https://live.staticflickr.com/8281/7718906184_2f9853b297_b.jpg,photos/raw/7718906184.jpg,1024,768,06|2012|concert|expo|flow|japan|juillet|paris|sefa|soundlicious|villepintes|xml,ep060,2023-06-23,synthetic
f_3517142947,3517142947,openverse/flickr,https://live.staticflickr.com/3547/3517142947_f2ddf4583c_b.jpg,photos/raw/3517142947.jpg,848,1024,bell|center|centre|centrebell|concert|instruments|live|montreal|musician|tour|voices|yanni,ep005,2022-01-28,synthetic
f_5482123619,5482123619,openverse/flickr,https://live.staticflickr.com/5054/5482123619_27ab361531_b.jpg,photos/raw/5482123619.jpg,768,1024,concert|consolenergycenter|gaga|lady|ladygaga|ladygagaconcert|pittsburgh,ep079,2023-12-05,synthetic
f_180503446,180503446,openverse/flickr,https://live.staticflickr.com/64/180503446_6353e9a596_b.jpg,photos/raw/180503446.jpg,1024,768,anne|preston|wedding,ep143,2025-03-27,synthetic
f_4221825887,4221825887,openverse/flickr,https://live.staticflickr.com/4008/4221825887_12e9b0daa7_b.jpg,photos/raw/4221825887.jpg,1024,768,weddingguests,ep031,2022-10-19,synthetic
f_51365418719,51365418719,openverse/flickr,https://live.staticflickr.com/65535/51365418719_c0e109dcee_b.jpg,photos/raw/51365418719.jpg,1024,683,august|chiz|coppercountry|eagleriver|eagleriverfalls|family|keweenawpeninsula|kin|logs|michigan|photo|summer,ep166,2025-09-13,synthetic
f_4222569176,4222569176,openverse/flickr,https://live.staticflickr.com/2739/4222569176_502a2487bb_b.jpg,photos/raw/4222569176.jpg,1024,768,weddingguest,ep041,2023-01-28,synthetic
f_3603875493,3603875493,openverse/flickr,https://live.staticflickr.com/3554/3603875493_dab8e72f74_b.jpg,photos/raw/3603875493.jpg,791,1024,alan|ethel|james|katie|raymond,ep048,2023-04-08,synthetic
f_4222450840,4222450840,openverse/flickr,https://live.staticflickr.com/2589/4222450840_4a0cfd08b6_b.jpg,photos/raw/4222450840.jpg,1024,768,weddingguests,ep021,2022-06-13,synthetic
f_7871749946,7871749946,openverse/flickr,https://live.staticflickr.com/8444/7871749946_29a366e390_b.jpg,photos/raw/7871749946.jpg,1024,768,eltpics|gambling|lottery,ep019,2022-06-03,synthetic
f_4221367249,4221367249,openverse/flickr,https://live.staticflickr.com/2656/4221367249_002e214b22_b.jpg,photos/raw/4221367249.jpg,1024,768,weddingguest,ep031,2022-10-19,synthetic
f_4222188650,4222188650,openverse/flickr,https://live.staticflickr.com/2553/4222188650_4f14027825_b.jpg,photos/raw/4222188650.jpg,1024,768,weddingguests,ep021,2022-06-13,synthetic
f_15532957239,15532957239,openverse/flickr,https://live.staticflickr.com/7493/15532957239_a52caac0f7_b.jpg,photos/raw/15532957239.jpg,1024,768,cambodia|khmer|wedding,ep174,2025-11-24,synthetic
f_1167838,1167838,openverse/flickr,https://live.staticflickr.com/1/1167838_e521c008e7_m.jpg,photos/raw/1167838.jpg,240,240,squaredcircle|yarmulke,ep126,2024-12-13,synthetic
f_4222423106,4222423106,openverse/flickr,https://live.staticflickr.com/2672/4222423106_1947abb04b_b.jpg,photos/raw/4222423106.jpg,1024,768,weddingguest,ep021,2022-06-13,synthetic
f_4222450834,4222450834,openverse/flickr,https://live.staticflickr.com/4010/4222450834_4306e024ff_b.jpg,photos/raw/4222450834.jpg,1024,768,weddingguests,ep021,2022-06-13,synthetic
f_7155763928,7155763928,openverse/flickr,https://live.staticflickr.com/7222/7155763928_f97409e323_b.jpg,photos/raw/7155763928.jpg,1024,678,2012|may2012|wstc,ep073,2023-09-08,synthetic
f_4231428001,4231428001,openverse/flickr,https://live.staticflickr.com/2764/4231428001_25f8842a39_b.jpg,photos/raw/4231428001.jpg,1024,768,india|irene|ramoji|wedding,ep048,2023-04-08,synthetic
f_4068336086,4068336086,openverse/flickr,https://live.staticflickr.com/2506/4068336086_081de92a1c_b.jpg,photos/raw/4068336086.jpg,768,1024,gujarat|india|indiaallgemein|indian|shadi|wedding,ep007,2022-02-05,synthetic
f_16301820270,16301820270,openverse/flickr,https://live.staticflickr.com/7319/16301820270_83e78bb5a7_b.jpg,photos/raw/16301820270.jpg,735,1024,1932|backgroundpeople|cigarette|england|found|mysnapsalbum|wedding,ep049,2023-04-13,synthetic
f_4221717985,4221717985,openverse/flickr,https://live.staticflickr.com/2612/4221717985_53434086e1_b.jpg,photos/raw/4221717985.jpg,1024,768,weddingguests,ep021,2022-06-13,synthetic
f_4221717989,4221717989,openverse/flickr,https://live.staticflickr.com/4065/4221717989_4225225ab0_b.jpg,photos/raw/4221717989.jpg,1024,768,weddingguests,ep021,2022-06-13,synthetic
f_4222450806,4222450806,openverse/flickr,https://live.staticflickr.com/2587/4222450806_49df789e8d_b.jpg,photos/raw/4222450806.jpg,1024,768,weddingguests,ep041,2023-01-26,synthetic
f_16738386004,16738386004,openverse/flickr,https://live.staticflickr.com/8831/16738386004_d86aa60825_b.jpg,photos/raw/16738386004.jpg,1024,741,bodypaint|costume|crazy|eastsussex|facepainting|fancydress|festival|funny|green|greenman|hastings|hastingsoldtown|jackinthegreen|mayday|morrisdancers|pagan|paganfestival,ep166,2025-09-10,synthetic
f_17172562440,17172562440,openverse/flickr,https://live.staticflickr.com/7743/17172562440_94529c5dc5_b.jpg,photos/raw/17172562440.jpg,1024,989,bodypaint|costume|crazy|eastsussex|facepainting|fancydress|festival|funny|green|greenman|hastings|hastingsoldtown|jackinthegreen|mayday|morrisdancers|pagan|paganfestival,ep166,2025-09-12,synthetic
f_17333238716,17333238716,openverse/flickr,https://live.staticflickr.com/8755/17333238716_e0f55f9a78_b.jpg,photos/raw/17333238716.jpg,893,1023,bodypaint|costume|crazy|eastsussex|facepainting|fancydress|festival|funny|green|greenman|hastings|hastingsoldtown|jackinthegreen|mayday|morrisdancers|pagan|paganfestival,ep166,2025-09-11,synthetic
f_17153042737,17153042737,openverse/flickr,https://live.staticflickr.com/8880/17153042737_d0f86f9cfa_b.jpg,photos/raw/17153042737.jpg,1024,1019,bodypaint|costume|crazy|eastsussex|facepainting|fancydress|festival|funny|green|greenman|hastings|hastingsoldtown|jackinthegreen|mayday|morrisdancers|pagan|paganfestival,ep166,2025-09-14,synthetic
f_16736812284,16736812284,openverse/flickr,https://live.staticflickr.com/8791/16736812284_95f03e9601_b.jpg,photos/raw/16736812284.jpg,875,1024,bodypaint|costume|crazy|eastsussex|facepainting|fancydress|festival|funny|green|greenman|hastings|hastingsoldtown|jackinthegreen|mayday|morrisdancers|pagan|paganfestival,ep166,2025-09-09,synthetic
f_17360270941,17360270941,openverse/flickr,https://live.staticflickr.com/7739/17360270941_300164c4df_b.jpg,photos/raw/17360270941.jpg,1024,760,bodypaint|costume|crazy|eastsussex|facepainting|fancydress|festival|funny|green|greenman|hastings|hastingsoldtown|jackinthegreen|mayday|morrisdancers|pagan|paganfestival,ep166,2025-09-11,synthetic
f_17173435189,17173435189,openverse/flickr,https://live.staticflickr.com/7700/17173435189_342f67beda_b.jpg,photos/raw/17173435189.jpg,635,1023,bodypaint|costume|crazy|eastsussex|facepainting|fancydress|festival|funny|green|greenman|hastings|hastingsoldtown|jackinthegreen|mayday|morrisdancers|pagan|paganfestival,ep166,2025-09-11,synthetic
f_2739771096,2739771096,openverse/flickr,https://live.staticflickr.com/2103/2739771096_6fda018740.jpg,photos/raw/2739771096.jpg,500,333,alessandrocortini|festival|lightsinthesky|nin|nineinchnails|ninwz6p5fdq99|pemberton|performance|survivalism|tour|trentreznor,ep060,2023-06-27,synthetic
f_887707228,887707228,openverse/flickr,https://live.staticflickr.com/1380/887707228_0bc7b13d12_b.jpg,photos/raw/887707228.jpg,1024,858,actor|amandaseyfried|festival|keith|latitude|mammamia|musicfestival|reading|roncarlson|suffolk|veronicamars|wordtheatre,ep080,2023-12-15,synthetic
f_17151787197,17151787197,openverse/flickr,https://live.staticflickr.com/7667/17151787197_db0cb4cf73_b.jpg,photos/raw/17151787197.jpg,853,1023,bodypaint|costume|crazy|eastsussex|facepainting|fancydress|festival|funny|gold|goldman|green|greenman|hastings|hastingsoldtown|jackinthegreen|mayday|morrisdancers|pagan|paganfestival,ep166,2025-09-11,synthetic
f_2722442348,2722442348,openverse/flickr,https://live.staticflickr.com/3292/2722442348_dcd6cc6133_b.jpg,photos/raw/2722442348.jpg,768,1024,2008|bike|car|concert|country|custom|danse|dukes|festival|france|hazzard|john|mirande|music|old|schneider|stage|truck|band|concert|festival|guitarist|music|musician|people|performance|singer|stage,ep051,2023-04-23,synthetic
f_2721617713,2721617713,openverse/flickr,https://live.staticflickr.com/3201/2721617713_60a7e86c09_b.jpg,photos/raw/2721617713.jpg,1024,768,2008|bike|car|concert|country|custom|danse|dukes|festival|france|hazzard|john|mirande|music|old|schneider|stage|truck|band|concert|energy|festival|guitarist|music|musician|people|performance|singer|stage,ep051,2023-04-22,synthetic
f_2722387472,2722387472,openverse/flickr,https://live.staticflickr.com/3254/2722387472_a33e60021b_b.jpg,photos/raw/2722387472.jpg,1024,768,2008|bike|broussards|car|concert|country|custom|danse|festival|france|holler|hoots|mirande|music|old|rick|stage|truck|two|band|concert|festival|flame|music|musician|people|performance|singer|stage,ep051,2023-04-23,synthetic
f_2722442570,2722442570,openverse/flickr,https://live.staticflickr.com/3069/2722442570_3389db28ca_b.jpg,photos/raw/2722442570.jpg,1024,768,2008|bike|car|concert|country|custom|danse|dukes|festival|france|hazzard|john|mirande|music|old|schneider|stage|truck|band|concert|energy|festival|guitarist|music|musician|performance|singer|songwriter|stage,ep079,2023-12-08,synthetic
f_9464148371,9464148371,openverse/flickr,https://live.staticflickr.com/3705/9464148371_10969f33c9.jpg,photos/raw/9464148371.jpg,500,333,aerostatic|amazing|anoia|arturdebattk|arturii|awesome|beauty|bokeh|calor|canonoes400d|catalonia|catalunya|composition|crew|ehat|estiu|europa|europe|europeanballoonfestival|festival|festivity|fly|focusselection|gettyimages|globo|globus|great|group|hot|igualada|impressive|interetsing|meeting|nice|pack|plenty|reunion|sky|stunning|summer|superb|takeoff|verano|warm|wow,ep158,2025-07-16,synthetic
f_2721369905,2721369905,openverse/flickr,https://live.staticflickr.com/3185/2721369905_53e22846e8_b.jpg,photos/raw/2721369905.jpg,1024,768,2008|bear|bike|car|concert|country|creadie|custom|danse|davidson|festival|france|harley|kenworth|mc|mirande|music|old|peterbilt|stage|truck|band|concert|festival|group|many|music|musician|people|performance|singer,ep028,2022-09-23,synthetic
f_19089927499,19089927499,openverse/flickr,https://live.staticflickr.com/402/19089927499_4e791ba84c_b.jpg,photos/raw/19089927499.jpg,1023,575,bellydancer|bellydancing|canal|canalfestival|canalfestival2015|candid|dance|dancer|dancing|edimbourg|edinburgh|edinburghcanalfestival|edinburghcanalfestival2015|festival|lochrinbasin|peoplewatching|performer|performers|scotland|stage|unioncanal|woman,ep166,2025-09-11,synthetic
f_15181437537,15181437537,openverse/flickr,https://live.staticflickr.com/2946/15181437537_a97d9644c7_b.jpg,photos/raw/15181437537.jpg,1024,819,2014|bw|candid|commons|confused|cool|creative|festival|hat|kingscross|london|man|music|photography|rocknroll|station|street|sunglasses|train|travel|woman|young,ep050,2023-04-18,synthetic
f_2306471027,2306471027,openverse/flickr,https://live.staticflickr.com/3046/2306471027_08d371dd3e_b.jpg,photos/raw/2306471027.jpg,1023,687,diamondclassphotographer|flickrdiamond|lanternfestival|llovemypic|supershot|taiwan|top20taiwan|u53f0u7063u71c8u6703|bright|celebration|color|decoration|desktop|fall|festival|gold|Halloween|lantern|leaf|light|nature|pumpkin|season|sun,ep112,2024-09-08,synthetic
f_19706596608,19706596608,openverse/flickr,https://live.staticflickr.com/293/19706596608_2414870046_b.jpg,photos/raw/19706596608.jpg,1023,575,bikini|boobs|breasts|candid|carnival|cleavage|costume|edimbourg|edinburgh|edinburghfestival|edinburghfestivalcarnival|edinburghfestivalcarnival2015|festival|girl|newtown|parade|princesstreet|scotland|sexy|street|summer|tits|tummy|woman,ep173,2025-11-18,synthetic
f_15000563499,15000563499,openverse/flickr,https://live.staticflickr.com/3898/15000563499_9e6ab08103_b.jpg,photos/raw/15000563499.jpg,1024,768,albania|albanianrailways,ep162,2025-08-14,synthetic
f_2203837178,2203837178,openverse/flickr,https://live.staticflickr.com/2132/2203837178_d50b9f9e40_b.jpg,photos/raw/2203837178.jpg,1024,683,0033sec|0ev|40d|53mm|bilf|book|canon|chronicle|ebay|eos|f8|groupyourbooks|hpexif|iso100|ispy|leol30random|news|newschronicle|vintage|xleol30x|xratio3x2x|xx2008xx,ep149,2025-05-11,synthetic
f_11136417653,11136417653,openverse/flickr,https://live.staticflickr.com/7401/11136417653_cca07b37f7_b.jpg,photos/raw/11136417653.jpg,768,1024,chaos|juliaca|market|people|peru|railway|train|travel,ep125,2024-12-07,synthetic
f_4397693272,4397693272,openverse/flickr,https://live.staticflickr.com/2756/4397693272_986e4a0991_b.jpg,photos/raw/4397693272.jpg,1024,590,explore|ranjithshenoy|ranjithshenoyphotography,ep154,2025-06-19,synthetic
f_40202321471,40202321471,openverse/flickr,https://live.staticflickr.com/4656/40202321471_236c019571_b.jpg,photos/raw/40202321471.jpg,1024,683,agriculture|farming|fields|india|trainjourney|westbengal,ep148,2025-04-27,synthetic
f_2214960486,2214960486,openverse/flickr,https://live.staticflickr.com/2398/2214960486_2fc917f76b_b.jpg,photos/raw/2214960486.jpg,768,1024,coke|deutschebahn|deutschland|europa|germany|ice|iphone|ipod|journey|train|trip|zero,ep036,2022-12-11,synthetic
f_15164326306,15164326306,openverse/flickr,https://live.staticflickr.com/5568/15164326306_cd8cb5264c_b.jpg,photos/raw/15164326306.jpg,1024,768,albania|albanianrailways,ep157,2025-07-10,synthetic
f_32060580125,32060580125,openverse/flickr,https://live.staticflickr.com/681/32060580125_93289cfda3_b.jpg,photos/raw/32060580125.jpg,1024,683,no|norway|sognogfjordane|stage1,ep118,2024-10-16,synthetic
f_32060595855,32060595855,openverse/flickr,https://live.staticflickr.com/419/32060595855_b9c9f9e7f8_b.jpg,photos/raw/32060595855.jpg,1024,683,no|norway|sognogfjordane|stage1,ep154,2025-06-16,synthetic
f_206772624,206772624,openverse/flickr,https://live.staticflickr.com/66/206772624_1378d093d0.jpg,photos/raw/206772624.jpg,375,500,bombay|india|mumbai|riksha|street|traffic|adult|door|doorway|indoors|locomotive|man|offense|one|people|portrait|room|security|vehicle window|window,ep102,2024-06-29,synthetic
f_31912345232,31912345232,openverse/flickr,https://live.staticflickr.com/636/31912345232_6f05666e4e_b.jpg,photos/raw/31912345232.jpg,1024,683,no|norway|sognogfjordane|stage1,ep154,2025-06-19,synthetic
f_13064850604,13064850604,openverse/flickr,https://live.staticflickr.com/2003/13064850604_490050c763_b.jpg,photos/raw/13064850604.jpg,1024,768,lockpicking,ep019,2022-06-03,synthetic
f_2147430786,2147430786,openverse/flickr,https://live.staticflickr.com/2019/2147430786_16bc2a3745_b.jpg,photos/raw/2147430786.jpg,1024,768,basel|deutschebahn|geotagged|intercity|schweiz|switzerland|train,ep112,2024-09-08,synthetic
f_11136587893,11136587893,openverse/flickr,https://live.staticflickr.com/3697/11136587893_d8631e3df1_b.jpg,photos/raw/11136587893.jpg,1024,683,anden|andes|church|laraya|mountains|peru|perurail|train,ep157,2025-07-10,synthetic
f_31942676101,31942676101,openverse/flickr,https://live.staticflickr.com/499/31942676101_6578c823a7_b.jpg,photos/raw/31942676101.jpg,1024,683,no|norway|sognogfjordane|stage1,ep154,2025-06-19,synthetic
f_15000547529,15000547529,openverse/flickr,https://live.staticflickr.com/5571/15000547529_f3b5f710ea_b.jpg,photos/raw/15000547529.jpg,1024,768,albania|albanianrailways,ep148,2025-04-27,synthetic
f_3338949344,3338949344,openverse/flickr,https://live.staticflickr.com/3375/3338949344_f58a1eacfb.jpg,photos/raw/3338949344.jpg,500,318,clouds|foyle|journey|lough|northernireland|olivireland|olympusom2|om2|sky|train,ep157,2025-07-10,synthetic
f_28251804742,28251804742,openverse/flickr,https://live.staticflickr.com/8847/28251804742_3d6805c267_b.jpg,photos/raw/28251804742.jpg,1024,681,bohemia|czech|republic|south|train,ep168,2025-09-24,synthetic
f_31219340314,31219340314,openverse/flickr,https://live.staticflickr.com/512/31219340314_311c5376fc_b.jpg,photos/raw/31219340314.jpg,1024,591,buskerud|no|norway|stage1,ep176,2025-12-04,synthetic
f_220863516,220863516,openverse/flickr,https://live.staticflickr.com/93/220863516_41da397531_b.jpg,photos/raw/220863516.jpg,1024,768,icons|ixus|macro|w800i,ep086,2024-01-14,synthetic
f_7774799390,7774799390,openverse/flickr,https://live.staticflickr.com/7253/7774799390_dc072d4bd1_b.jpg,photos/raw/7774799390.jpg,1023,616,2012|201207|20120726|allisonsawyer|beachtrip|beachtrip2012|bethanybeach|bethanybeachtrip|bethanybeachtrip2012|billthomas|carolyn|delaware|delawarebeachtrip|delawarebeachtrip2012|dinner|dinner20120726|dinner20120726bethanybeachfamilydinner|jonathansawyer|juliekrier|magnolias|maisiewills|margarethasawyer|meal|myacornelio|priscillacornelio|restaurant|samanthasawyer|sitting|tomdana,ep041,2023-01-26,synthetic
f_8030659143,8030659143,openverse/flickr,https://live.staticflickr.com/8038/8030659143_8035e662a3_b.jpg,photos/raw/8030659143.jpg,1024,819,1stladyofmaryland|judgekatherineomalley|katieomalley|militaryfamiliesdinner|administration|adult|child|election|facial expression|family|four|group|home|man|offspring|painting|people|recreation|room|royalty|son|three|wear|woman,ep069,2023-08-17,synthetic
f_3785098426,3785098426,openverse/flickr,https://live.staticflickr.com/3451/3785098426_eafc53e204_b.jpg,photos/raw/3785098426.jpg,1024,768,beachhaus09|montauk|adult|dining|drink|five|food|four|furniture|group|group together|indoors|man|meal|people|recreation|restaurant|room|table|tableware|wine|woman,ep017,2022-05-12,synthetic
f_4759323494,4759323494,openverse/flickr,https://live.staticflickr.com/4123/4759323494_a538b409f1_b.jpg,photos/raw/4759323494.jpg,1024,768,,ep022,2022-06-19,synthetic
f_32910339850,32910339850,openverse/flickr,https://live.staticflickr.com/2909/32910339850_2a4de30eac_b.jpg,photos/raw/32910339850.jpg,1024,841,,ep121,2024-11-04,synthetic
f_3865559880,3865559880,openverse/flickr,https://live.staticflickr.com/2442/3865559880_de19cb11fc_b.jpg,photos/raw/3865559880.jpg,1024,565,2009|200908|20090806|alcohol|beachtrip|beachtrip2009|beer|bethanybeach|bethanybeachtrip|bethanybeachtrip2009|camerapersonvicky|delaware|delawarebeachtrip|delawarebeachtrip2009|dinner|dinner20090806|dinner20090806bethanybeachfamilydinner|diptych|drink|franksawyer|meal|speaking,ep071,2023-08-27,synthetic
f_2783734043,2783734043,openverse/flickr,https://live.staticflickr.com/3249/2783734043_f849c13927_b.jpg,photos/raw/2783734043.jpg,1024,936,2008|200808|20080807|bethanybeach|brentkillen|delaware|dinner|dinner20080807|dinner20080807bethanybeachfamilydinner|irelandkillen|laughing|lisakillen|magnolias|meal|restaurant,ep031,2022-10-18,synthetic
f_2784600240,2784600240,openverse/flickr,https://live.staticflickr.com/3252/2784600240_97f3e71835_b.jpg,photos/raw/2784600240.jpg,1023,616,2008|200808|20080807|begging|bethanybeach|delaware|dinner|dinner20080807|dinner20080807bethanybeachfamilydinner|franksawyer|magnolias|meal|melaniesawyer|restaurant|sitting,ep048,2023-04-08,synthetic
f_2783771393,2783771393,openverse/flickr,https://live.staticflickr.com/3208/2783771393_eee1cf4e39_b.jpg,photos/raw/2783771393.jpg,1024,566,2008|200808|20080807|bethanybeach|carolyn|davidrice|delaware|dinner|dinner20080807|dinner20080807bethanybeachfamilydinner|franksawyer|jenniferrice|kevinrice|lowellsawyer|magnolias|meal|restaurant|sitting,ep031,2022-10-17,synthetic
f_8030745106,8030745106,openverse/flickr,https://live.staticflickr.com/8181/8030745106_a7fca1c8c4_b.jpg,photos/raw/8030745106.jpg,1023,683,1stladyofmaryland|judgekatherineomalley|katieomalley|militaryfamiliesdinner,ep133,2025-01-13,synthetic
f_8030557633,8030557633,openverse/flickr,https://live.staticflickr.com/8030/8030557633_4bbfa91552_b.jpg,photos/raw/8030557633.jpg,1024,819,1stladyofmaryland|judgekatherineomalley|katieomalley|militaryfamiliesdinner,ep133,2025-01-13,synthetic
f_8030767377,8030767377,openverse/flickr,https://live.staticflickr.com/8304/8030767377_f401ec7793_b.jpg,photos/raw/8030767377.jpg,1024,683,1stladyofmaryland|judgekatherineomalley|katieomalley|militaryfamiliesdinner,ep048,2023-04-08,synthetic
f_8030757275,8030757275,openverse/flickr,https://live.staticflickr.com/8457/8030757275_33ca78ab96_b.jpg,photos/raw/8030757275.jpg,1024,683,1stladyofmaryland|judgekatherineomalley|katieomalley|militaryfamiliesdinner,ep073,2023-09-08,synthetic
f_8030743442,8030743442,openverse/flickr,https://live.staticflickr.com/8453/8030743442_ae18d0a370_b.jpg,photos/raw/8030743442.jpg,819,1024,1stladyofmaryland|judgekatherineomalley|katieomalley|militaryfamiliesdinner,ep133,2025-01-13,synthetic
f_8030673858,8030673858,openverse/flickr,https://live.staticflickr.com/8034/8030673858_325eb6b786_b.jpg,photos/raw/8030673858.jpg,1024,819,1stladyofmaryland|judgekatherineomalley|katieomalley|militaryfamiliesdinner,ep048,2023-04-08,synthetic
f_8030754866,8030754866,openverse/flickr,https://live.staticflickr.com/8310/8030754866_20c5284c07_b.jpg,photos/raw/8030754866.jpg,1024,683,1stladyofmaryland|judgekatherineomalley|katieomalley|militaryfamiliesdinner,ep133,2025-01-13,synthetic
f_2784603890,2784603890,openverse/flickr,https://live.staticflickr.com/3237/2784603890_56012a9a7c_b.jpg,photos/raw/2784603890.jpg,1024,575,2008|200808|20080807|bethanybeach|camerapersoncarolyn|chasepickett|clint|comedy|delaware|dinner|dinner20080807|dinner20080807bethanybeachfamilydinner|food|funny|funnyfood|kimpickett|liz|magnolias|meal|restaurant|shrimp|sitting,ep031,2022-10-15,synthetic
f_2784621608,2784621608,openverse/flickr,https://live.staticflickr.com/3101/2784621608_5c800efb46_b.jpg,photos/raw/2784621608.jpg,1024,572,2008|200808|20080807|annesawyer|bethanybeach|carolyn|delaware|denisesawyer|dinner|dinner20080807|dinner20080807bethanybeachfamilydinner|lowellsawyer|magnolias|meal|restaurant|sitting,ep031,2022-10-18,synthetic
f_2783751441,2783751441,openverse/flickr,https://live.staticflickr.com/3051/2783751441_03c0e8885b_b.jpg,photos/raw/2783751441.jpg,1024,566,2008|200808|20080807|bethanybeach|carolyn|comedy|delaware|dinner|dinner20080807|dinner20080807bethanybeachfamilydinner|franksawyer|funny|funnyface|laughing|magnolias|meal|restaurant|sitting,ep031,2022-10-16,synthetic
f_2784592068,2784592068,openverse/flickr,https://live.staticflickr.com/3248/2784592068_590404dc80_b.jpg,photos/raw/2784592068.jpg,1024,571,2008|200808|20080807|annesawyer|bethanybeach|carolyn|delaware|dinner|dinner20080807|dinner20080807bethanybeachfamilydinner|isabellapsillidio|magnolias|meal|restaurant|sitting|smile|smiling|talking,ep031,2022-10-17,synthetic
f_5329603274,5329603274,openverse/flickr,https://live.staticflickr.com/5167/5329603274_5d3f8d6ecd_b.jpg,photos/raw/5329603274.jpg,680,1024,friends|holidays|newyearseve|nye|party,ep079,2023-12-04,synthetic
f_1976903924,1976903924,openverse/flickr,https://live.staticflickr.com/2381/1976903924_3e19989f64_b.jpg,photos/raw/1976903924.jpg,1024,768,costume|friends|halloween|nyc|party,ep106,2024-07-27,synthetic
f_5329601320,5329601320,openverse/flickr,https://live.staticflickr.com/5129/5329601320_2696f9d3aa_b.jpg,photos/raw/5329601320.jpg,1024,680,friends|holidays|newyearseve|nye|party,ep031,2022-10-20,synthetic
f_99464580,99464580,openverse/flickr,https://live.staticflickr.com/27/99464580_4ad4ab00bb_b.jpg,photos/raw/99464580.jpg,683,1024,chicago|cocktails|crazy|drag|feast|fools|friends|gay|greet|hot|meet|party|podcast|queens|queer|sexy,ep079,2023-12-06,synthetic
f_6572334101,6572334101,openverse/flickr,https://live.staticflickr.com/7154/6572334101_4e9047546f.jpg,photos/raw/6572334101.jpg,500,375,baltimore|friends|holiday|latkesandvodkas|party,ep017,2022-05-12,synthetic
f_39409999221,39409999221,openverse/flickr,https://live.staticflickr.com/4598/39409999221_ef359747d0_b.jpg,photos/raw/39409999221.jpg,1024,685,2018|alittlebeauty|animal|animals|celebrate|celebration|costume|coth|coth5|dog|dogs|friends|fun|glasses|newyear|party|pet|pets|pug|pugs,ep056,2023-05-18,synthetic
f_2113852684,2113852684,openverse/flickr,https://live.staticflickr.com/2310/2113852684_1f391a7b72_b.jpg,photos/raw/2113852684.jpg,1024,692,brettpetiya|friends|gregwalters|joshfortman|party|universityofdayton,ep031,2022-10-20,synthetic
f_5329600706,5329600706,openverse/flickr,https://live.staticflickr.com/5289/5329600706_a21f0fdd5a_b.jpg,photos/raw/5329600706.jpg,1024,680,friends|holidays|newyearseve|nye|party,ep048,2023-04-08,synthetic
f_352982231,352982231,openverse/flickr,https://live.staticflickr.com/160/352982231_ac7fcf25f2_b.jpg,photos/raw/352982231.jpg,1024,725,alan|classof87|found|friends|galluphighschool|homecoming|me|prom|sean,ep023,2022-06-28,synthetic
f_5328743229,5328743229,openverse/flickr,https://live.staticflickr.com/5210/5328743229_872662ac51_b.jpg,photos/raw/5328743229.jpg,1024,680,beautiful|birthday|christmas|friends|holidays|party|people,ep021,2022-06-13,synthetic
f_1332351,1332351,openverse/flickr,https://live.staticflickr.com/2/1332351_a2e09e1272.jpg,photos/raw/1332351.jpg,500,375,boulder|college|cu|friends|jackdaniels|party|drink|facial expression|people|recreation,ep017,2022-05-12,synthetic
f_2489183930,2489183930,openverse/flickr,https://live.staticflickr.com/2097/2489183930_73278ab89b_b.jpg,photos/raw/2489183930.jpg,768,1024,california|drinking|drunk|friends|merchants|oakland|party|portofoakland|punkrock,ep031,2022-10-17,synthetic
f_9547811256,9547811256,openverse/flickr,https://live.staticflickr.com/3665/9547811256_1d3e7f61e7_b.jpg,photos/raw/9547811256.jpg,1024,683,50mm|5d|bro|canon|dancing|enthusiastic|eos|f14|friends|fun|funny|happy|hotel|ii|las|mark|nevada|party|room|table|vegas,ep098,2024-05-27,synthetic
f_87143518,87143518,openverse/flickr,https://live.staticflickr.com/37/87143518_7d097df8f0_b.jpg,photos/raw/87143518.jpg,768,1024,auntiep|auntiepexplored|birthday|bling|challengeyouwinner|fancydress|glamour|mirror|ofme|party|reflection|sue|swing,ep079,2023-12-08,synthetic
f_4232014287,4232014287,openverse/flickr,https://live.staticflickr.com/2775/4232014287_71516ec7b0_b.jpg,photos/raw/4232014287.jpg,912,1024,2009|2010|art|artist|bowlinggreen|bowshot|christmas|cockerspaniel|creativecommons|dog|faith|faithgoble|faithgobleart|festive|friends|goble|gographix|happy|kentucky|ky|light|newyearseve|photographer|poet|rescue|writer|bright|celebration|Christmas|decoration|festival|fun|merry|party|vacation,ep056,2023-05-18,synthetic
f_283326652,283326652,openverse/flickr,https://live.staticflickr.com/99/283326652_67943828eb_b.jpg,photos/raw/283326652.jpg,768,1024,2006|bisexual|carmelite|costume|dance|drag|dragqueen|friends|gay|glbt|habit|halloween|holy|lesbian|luckybitchradio|nun|parkhouse|party|queen|sister|transgender|uniform|wandawisdom,ep041,2023-01-27,synthetic
f_5078733242,5078733242,openverse/flickr,https://live.staticflickr.com/4027/5078733242_938e4ba10b_b.jpg,photos/raw/5078733242.jpg,1024,831,build|kids|party|robot|child|contemporary|creativity|furniture|indoors|interior design|man|people|room|toy,ep055,2023-05-14,synthetic
f_11488079996,11488079996,openverse/flickr,https://live.staticflickr.com/2850/11488079996_ab3452839e_b.jpg,photos/raw/11488079996.jpg,1024,683,atlanta|crowd|dance|edm|festival|mixtribe|music|party|rave|snap|tomorrowworld|u30c8u30a5u30e2u30edu30fcu30efu30fcu30ebu30c9|celebration|costume|dancing|festival|fun|man|music|parade|party|people|performance,ep079,2023-12-04,synthetic
f_36281851,36281851,openverse/flickr,https://live.staticflickr.com/31/36281851_f76eb3bf36_b.jpg,photos/raw/36281851.jpg,1024,768,babes|befuddle|befuddledrunkgirls|befuddlelimited|drunk|friends|girls|henparty|legs|magaluf|pub|schoolgirls|skirts,ep048,2023-04-08,synthetic
f_3379496689,3379496689,openverse/flickr,https://live.staticflickr.com/3447/3379496689_03f6b6d41f_b.jpg,photos/raw/3379496689.jpg,653,948,70s|bbq|blockparty|brooklyn|family|food|friend|nineteenseventies|nostalgia|party|seventies|street|style,ep110,2024-08-23,synthetic
f_4558725288,4558725288,openverse/flickr,https://live.staticflickr.com/3366/4558725288_ab67f60ac9_b.jpg,photos/raw/4558725288.jpg,1023,685,april23242010|bluebonnets|cbsp|highway29|llano|nikond200|railroad|road|texas|trip,ep175,2025-11-28,synthetic
f_14868420560,14868420560,openverse/flickr,https://live.staticflickr.com/3882/14868420560_3cd439cf0f_b.jpg,photos/raw/14868420560.jpg,1024,683,1750mm|camera|car|color|d7100|dc|dslr|dx|ex|f28|format|lens|light|mm|natural|nikon|os|outdoor|pictures|reflection|road|sensor|sigma|states|trip|united|usa|vivid|wheel|wheels|zoom,ep047,2023-04-01,synthetic
f_49580414751,49580414751,openverse/flickr,https://live.staticflickr.com/65535/49580414751_d6f1d25ea6_b.jpg,photos/raw/49580414751.jpg,1023,682,ca|cali|californialove|calilife|elcapitan|findyourpark|forest|halfdome|hiking|instanature|landscapecaptures|landscapelovers|landscapephotography|landscapes|mountain|nationalpark|nationalparksrawcalifornia|naturelover|nps100|outdoors|roadtrip|scenery|visitcalifornia|westcoast|wildcalifornia|yosemite|yosemitenationalpark,ep175,2025-11-28,synthetic
f_4465826060,4465826060,openverse/flickr,https://live.staticflickr.com/4069/4465826060_825c0e43cb_b.jpg,photos/raw/4465826060.jpg,819,1024,blythe|punkaholic,ep026,2022-08-24,synthetic
f_38931848841,38931848841,openverse/flickr,https://live.staticflickr.com/4725/38931848841_ee54850f14_b.jpg,photos/raw/38931848841.jpg,1024,690,antarctica|car|clouds|hdr|hdrphoto|hdrphotography|hdrtutorial|ice|mountain|ratcliff|snow|stuckincustoms|stuckincustomscom|trey|treyratcliff|truck|volcanic|volcano,ep176,2025-12-03,synthetic
f_50492150702,50492150702,openverse/flickr,https://live.staticflickr.com/65535/50492150702_56b8592b62_b.jpg,photos/raw/50492150702.jpg,1023,613,2020|bc|britishcolumbia|canada|coupler|couplingtraincars|cropped|elihjanney|elihjanneycoupler|janneycoupler|knuckleheadcoupler|nikon|nikond750|nikonfx|railway|railwaycarcoupler|revelstoke|revelstokebc|revelstokerailwaymuseum|rubberhose|tedmcgrath|tedsphotos|therevelstokerailwaymuseum|traincarcoupler|traintrack|trainwheels|uspatent138405|vignetting,ep126,2024-12-13,synthetic
f_15008615755,15008615755,openverse/flickr,https://live.staticflickr.com/5573/15008615755_1147948a8c_b.jpg,photos/raw/15008615755.jpg,1024,683,1750|camera|child|children|color|d7100|digital|dslr|edit|f28|hotel|indoor|kid|kids|lens|light|lightroom|mm|natural|nikkor|nikon|people|portrait|portraits|room|shot|sigma|slr|texas|zoom,ep133,2025-01-13,synthetic
f_21670241,21670241,openverse/flickr,https://live.staticflickr.com/15/21670241_9100b3740c_b.jpg,photos/raw/21670241.jpg,1024,779,ants|art|day|mygoodimages|outdoor|pennsylvania|philadelphia|photo|sculpture|southstreet|striaticdoesamerica|unitedstatesofamerica|zipper|apartment|architecture|balcony|building|city|door|exterior|facade|family|home|house|old|outdoors|street|town|traditional|urban|window,ep074,2023-09-18,synthetic
f_2099544373,2099544373,openverse/flickr,https://live.staticflickr.com/2370/2099544373_5a1d4e71a0_b.jpg,photos/raw/2099544373.jpg,683,1024,amitytownship|berkscounty|colonial|douglassville|georgedouglass|georgewashington|henrymelchiormuhlenberg|history|marcushuling|morlatton|pa|pennsylvania|whitehorseinn|whitestag,ep168,2025-09-24,synthetic
f_19222294841,19222294841,openverse/flickr,https://live.staticflickr.com/3907/19222294841_e1f3b0c1a9_b.jpg,photos/raw/19222294841.jpg,1024,576,argentina|southamerica,ep126,2024-12-11,synthetic
f_36267603665,36267603665,openverse/flickr,https://live.staticflickr.com/4319/36267603665_5348eca5c6_b.jpg,photos/raw/36267603665.jpg,1024,513,2017|canada|cans2s|centreofthecity|cropped|manitoba|nikon|nikond750|nikonfx|oodena|oodenacelebrationcircle|people|peopleandpaths|stairs|steps|tedmcgrath|tedsphotos|theforks|vignetting|winnipeg,ep168,2025-09-24,synthetic
f_8733700378,8733700378,openverse/flickr,https://live.staticflickr.com/7297/8733700378_b9b2f3b632_b.jpg,photos/raw/8733700378.jpg,512,1024,art|clouds|composite|landscape|planets|sky|space|stars,ep040,2023-01-22,synthetic
f_3631576754,3631576754,openverse/flickr,https://live.staticflickr.com/3331/3631576754_93dc13894c_b.jpg,photos/raw/3631576754.jpg,1024,612,asphalt|blue|brush|cars|clouds|cloudy|desert|filter|fluffy|freeway|highway|i10|mountains|pavement|polariser|road|roadtrip|sky|sonoran|southwest|travel|wispy,ep154,2025-06-16,synthetic
f_5812964283,5812964283,openverse/flickr,https://live.staticflickr.com/3169/5812964283_0d906ebc2e_b.jpg,photos/raw/5812964283.jpg,1024,576,anapolis|maryland|md|road|trip,ep171,2025-11-08,synthetic
f_5812964677,5812964677,openverse/flickr,https://live.staticflickr.com/2693/5812964677_bb99053193_b.jpg,photos/raw/5812964677.jpg,819,1023,anapolis|maryland|md|road|trip,ep168,2025-09-23,synthetic
f_18515629613,18515629613,openverse/flickr,https://live.staticflickr.com/392/18515629613_9beda4ca89_b.jpg,photos/raw/18515629613.jpg,1024,751,animals|blm|blmoregon|blmroadtrip|bucketlist|bureauoflandmanagement|conservationlands|conservationlands15|lighthouse|marinemammals|mypubilclands|mypubliclandsroadtrip|nationalconservationlands|nature|ocean|oregon|outstandingnaturalarea|roadtrip|seeblm|travel|wildlife|yaquinaheadona,ep143,2025-03-30,synthetic
f_8006998961,8006998961,openverse/flickr,https://live.staticflickr.com/8037/8006998961_9b4d2495fd_b.jpg,photos/raw/8006998961.jpg,1024,683,agana|amandalynn|bethemmerich|erinashford|fewandfar|fewfar|hops|mags|meme|reds|tatianasuarez|city|festival|graffiti|group|man|people|street|woman,ep119,2024-10-25,synthetic
f_11731697645,11731697645,openverse/flickr,https://live.staticflickr.com/3700/11731697645_48035aa9da_b.jpg,photos/raw/11731697645.jpg,1024,680,,ep126,2024-12-11,synthetic
f_21884920240,21884920240,openverse/flickr,https://live.staticflickr.com/652/21884920240_b560608c29_b.jpg,photos/raw/21884920240.jpg,1024,418,babies|bc|bokeh|cans2s|cropped|d600|d600fx|family|feathers|geese|marblecanyon|neckbirds|nikon|nikonfx|outdoor|swimming|tedmcgrath|tedsphotos|vignetting|water|waterfowl,ep105,2024-07-20,synthetic
f_15627806207,15627806207,openverse/flickr,https://live.staticflickr.com/7461/15627806207_6e13cb3a7d.jpg,photos/raw/15627806207.jpg,500,500,fav10|fav25|fav50|foodporn|habaneros|instagramapp|iphoneography|lascruces|mexicanfood|newmexico|restaurant|square,ep121,2024-11-04,synthetic
f_2328715946,2328715946,openverse/flickr,https://live.staticflickr.com/3240/2328715946_04f8b78b26_b.jpg,photos/raw/2328715946.jpg,1023,685,arc|corollatimoglock|f1|formula1timoglock|nealebates|rally|timoglock|toyota,ep015,2022-04-15,synthetic
f_2327899637,2327899637,openverse/flickr,https://live.staticflickr.com/2344/2327899637_f08d1af686_b.jpg,photos/raw/2327899637.jpg,1023,685,arc|corollatimoglock|f1|formula1timoglock|nealebates|rally|timoglock|toyota,ep148,2025-04-29,synthetic
f_2328715480,2328715480,openverse/flickr,https://live.staticflickr.com/3159/2328715480_63ed694ce9_b.jpg,photos/raw/2328715480.jpg,1023,685,arc|corollatimoglock|f1|formula1timoglock|nealebates|rally|timoglock|toyota|auto racing|car|championship|competition|drag race|offense|race|road|transportation system|vehicle,ep001,2022-01-05,synthetic
f_50539522633,50539522633,openverse/flickr,https://live.staticflickr.com/65535/50539522633_e39b323559_b.jpg,photos/raw/50539522633.jpg,1024,683,1pehtnc36zvznpmngzicedxbvwmjrixmd1|action|architecturalelement|auto|blue|brockville|busy|canada|car|cars|carsdrivingintherain|carsdrivingintherainatintersection|city|close|danger|dark|day|drive|driving|duncanco|duncanrawlinson|duncanrawlinsonphoto|duncanrawlinsonphotography|fastfood|headlight|httpsduncanco|httpsduncancocarsdrivingintherainatintersection|illuminated|intersection|junction|life|light|ontario|ontariocanada|parkedaleavenue|rain|rainy|redlight|road|ruralontario|rushhour|scotiabank|shotwithsonyα7riv|sidewalk|sky|sony|sonya7riv|sonyα7riv|stewartblvd|stop|storm|stormchasing|stormchasing2020|stormsummer2020ontariocanada|street|summer2020|takenwithasonya7riv|takenwithasonyα7riv|takenwithsonyα7riv|traffic|transport|transportation|travel|urban|vehicle|water|weather|wendys|wet|window|windshield|α7riv,ep089,2024-03-18,synthetic
f_186743806,186743806,openverse/flickr,https://live.staticflickr.com/47/186743806_d8aa457608_b.jpg,photos/raw/186743806.jpg,1024,768,cars|finland|helsingfors|helsinki|suomi|sverige|sweden|vikingline,ep047,2023-04-01,synthetic
f_2327895883,2327895883,openverse/flickr,https://live.staticflickr.com/2322/2327895883_6f45ee2fc7_b.jpg,photos/raw/2327895883.jpg,1023,685,arc|corollatimoglock|f1|formula1timoglock|nealebates|rally|timoglock|toyota,ep001,2022-01-06,synthetic
f_2327899481,2327899481,openverse/flickr,https://live.staticflickr.com/2365/2327899481_05f1e411a5_b.jpg,photos/raw/2327899481.jpg,1023,685,arc|corollatimoglock|f1|formula1timoglock|nealebates|rally|timoglock|toyota,ep001,2022-01-05,synthetic
f_2327896615,2327896615,openverse/flickr,https://live.staticflickr.com/2252/2327896615_8ddecf377c_b.jpg,photos/raw/2327896615.jpg,1023,685,arc|corollatimoglock|f1|formula1timoglock|nealebates|rally|timoglock|toyota,ep148,2025-04-26,synthetic
f_2328714656,2328714656,openverse/flickr,https://live.staticflickr.com/2271/2328714656_21acc722fc_b.jpg,photos/raw/2328714656.jpg,1023,685,arc|corollatimoglock|f1|formula1timoglock|nealebates|rally|timoglock|toyota|action|car|competition|drag race|dust|hurry|race|road|track|transportation system|vehicle,ep001,2022-01-06,synthetic
f_2327899339,2327899339,openverse/flickr,https://live.staticflickr.com/2185/2327899339_bbd6e05bc6_b.jpg,photos/raw/2327899339.jpg,1023,685,arc|corollatimoglock|f1|formula1timoglock|nealebates|rally|timoglock|toyota|action|car|competition|drag race|dust|hurry|landscape|race|road|track|transportation system|vehicle,ep001,2022-01-06,synthetic
f_51380724288,51380724288,openverse/flickr,https://live.staticflickr.com/65535/51380724288_abcd00784e_b.jpg,photos/raw/51380724288.jpg,1024,683,,ep144,2025-04-02,synthetic
f_8338596138,8338596138,openverse/flickr,https://live.staticflickr.com/8360/8338596138_48ebb51c07_b.jpg,photos/raw/8338596138.jpg,1024,768,darecounty|mirlobeach|nc12|noreaster|scurves|beach|calamity|environment|landscape|ocean|sand|sea|seashore|storm|travel|water|weather,ep092,2024-04-16,synthetic
f_3976252366,3976252366,openverse/flickr,https://live.staticflickr.com/2491/3976252366_20d2c901ca_b.jpg,photos/raw/3976252366.jpg,1024,576,car|driving|elena|ordaz|puerto|santa|venezuela,ep148,2025-04-27,synthetic
f_16473150075,16473150075,openverse/flickr,https://live.staticflickr.com/7389/16473150075_84b9080047_b.jpg,photos/raw/16473150075.jpg,1023,675,book|scan|illustration|retro|signalise|text|transportation system,ep144,2025-04-02,synthetic
f_8458737788,8458737788,openverse/flickr,https://live.staticflickr.com/8096/8458737788_19b80a1302_b.jpg,photos/raw/8458737788.jpg,1024,683,bike|car|cold|haarlem|netherlands|people|snow|white|winter,ep148,2025-04-27,synthetic
f_2327900445,2327900445,openverse/flickr,https://live.staticflickr.com/2086/2327900445_c5a6d061fa_b.jpg,photos/raw/2327900445.jpg,1023,685,arc|corollatimoglock|f1|formula1timoglock|nealebates|rally|timoglock|toyota,ep148,2025-04-26,synthetic
f_2328715046,2328715046,openverse/flickr,https://live.staticflickr.com/2281/2328715046_80bfed48b7_b.jpg,photos/raw/2328715046.jpg,1023,685,arc|corollatimoglock|f1|formula1timoglock|nealebates|rally|timoglock|toyota,ep001,2022-01-06,synthetic
f_2328715392,2328715392,openverse/flickr,https://live.staticflickr.com/3030/2328715392_a88022328c_b.jpg,photos/raw/2328715392.jpg,1023,685,arc|corollatimoglock|f1|formula1timoglock|nealebates|rally|timoglock|toyota,ep001,2022-01-05,synthetic
f_2327901603,2327901603,openverse/flickr,https://live.staticflickr.com/2222/2327901603_ded077e96a_b.jpg,photos/raw/2327901603.jpg,1023,685,arc|corollatimoglock|f1|formula1timoglock|nealebates|rally|timoglock|toyota,ep006,2022-02-01,synthetic
f_2328715804,2328715804,openverse/flickr,https://live.staticflickr.com/2045/2328715804_abfa2d0268_b.jpg,photos/raw/2328715804.jpg,1023,685,arc|corollatimoglock|f1|formula1timoglock|nealebates|rally|timoglock|toyota,ep009,2022-02-11,synthetic
f_2394019856,2394019856,openverse/flickr,https://live.staticflickr.com/2008/2394019856_9a1462e79f_b.jpg,photos/raw/2394019856.jpg,638,1024,bookshelf|sunset,ep087,2024-01-22,synthetic
f_4147698694,4147698694,openverse/flickr,https://live.staticflickr.com/2751/4147698694_5b2c620ec5_b.jpg,photos/raw/4147698694.jpg,1024,683,ammianus|books|bookshelf|caesar|catullus|cicero|horace|latin|livy|loeb|ovid|teubner|book|book bindings|bookcase|bookstore|college|education|indoors|knowledge|library|literature|novel|research|school|shelf|study|textbook|university|wisdom,ep004,2022-01-21,synthetic
f_5084673229,5084673229,openverse/flickr,https://live.staticflickr.com/4087/5084673229_54a1e88dd9_b.jpg,photos/raw/5084673229.jpg,787,1023,blog|blogging|book|searchengineoptimization|seo|thetruthaboutsearchengineoptimization|education|outdoors|people|signal|signalise|text,ep104,2024-07-14,synthetic
f_369596068,369596068,openverse/flickr,https://live.staticflickr.com/135/369596068_71317476ff_b.jpg,photos/raw/369596068.jpg,907,1024,books|bookshelf|library|reading|shelves|book|book bindings|bookcase|bookstore|education|facts|information|knowledge|library|literature|novel|order|page|research|school|shelf|university|wisdom,ep004,2022-01-20,synthetic
f_3264734019,3264734019,openverse/flickr,https://live.staticflickr.com/3340/3264734019_e290b72639_b.jpg,photos/raw/3264734019.jpg,1024,768,bookshelf|coloringbook|woodworking|bookcase|exhibition|furniture|painting|people|room|shelf,ep019,2022-06-03,synthetic
f_4146942307,4146942307,openverse/flickr,https://live.staticflickr.com/2716/4146942307_1e32e2a445_b.jpg,photos/raw/4146942307.jpg,1024,683,alexander|aristophanes|books|bookshelf|egypt|greek|loeb|macedonia,ep004,2022-01-21,synthetic
f_6829994078,6829994078,openverse/flickr,https://live.staticflickr.com/7198/6829994078_ddc21baaf2_b.jpg,photos/raw/6829994078.jpg,1024,768,books|bookshelf|library|bookcase|bookstore|knowledge|library|literature|research|school|shelf,ep033,2022-10-26,synthetic
f_5488745328,5488745328,openverse/flickr,https://live.staticflickr.com/5060/5488745328_4d0b6b669f_b.jpg,photos/raw/5488745328.jpg,1024,768,books|bookshelf|dust|project365,ep102,2024-06-29,synthetic
f_124228846,124228846,openverse/flickr,https://live.staticflickr.com/37/124228846_0f57204d27_b.jpg,photos/raw/124228846.jpg,1024,768,books|bookshelf,ep004,2022-01-21,synthetic
f_124236108,124236108,openverse/flickr,https://live.staticflickr.com/54/124236108_44b0ab31ec_b.jpg,photos/raw/124236108.jpg,1024,768,books|bookshelf,ep004,2022-01-20,synthetic
f_3468288081,3468288081,openverse/flickr,https://live.staticflickr.com/3634/3468288081_329ac93542_b.jpg,photos/raw/3468288081.jpg,681,1024,6703|arceliabarberogomez|arceliobarberogomez|art|artist|artstudio|blue|bookshelf|brown|decorativepainter|fineart|globe|gold|guadalajara|home|httpwwwkarpastadoblogspotcom|jalisco|jewelry|lamp|mexico|mexique|mirrors|old|paintedframesformirrors|painter|photo|piggybank|professionalartist|radio|red|status|with|wood|woodbookshelfwitholdwoodradio|woodhumanmodel|yellow|zonacentro|indoors|shelf|wood,ep126,2024-12-12,synthetic
f_8510905975,8510905975,openverse/flickr,https://live.staticflickr.com/8093/8510905975_f3cf73250f_b.jpg,photos/raw/8510905975.jpg,683,1024,book|bookshelf|reading,ep082,2023-12-27,synthetic
f_3256567295,3256567295,openverse/flickr,https://live.staticflickr.com/3325/3256567295_daba8dd527_b.jpg,photos/raw/3256567295.jpg,1024,768,,ep082,2023-12-26,synthetic
f_5535287995,5535287995,openverse/flickr,https://live.staticflickr.com/5260/5535287995_582289c70c_b.jpg,photos/raw/5535287995.jpg,768,1024,app|bookshelf|ios|ipad|srcipadviapixelpipe,ep036,2022-12-11,synthetic
f_556126063,556126063,openverse/flickr,https://live.staticflickr.com/1314/556126063_2b8b44005d_b.jpg,photos/raw/556126063.jpg,1024,683,book|books|bookshelf|computerscience|cs|ikea|library|librarything|sepia|shelves,ep004,2022-01-21,synthetic
f_3440684157,3440684157,openverse/flickr,https://live.staticflickr.com/3567/3440684157_19a37847e9.jpg,photos/raw/3440684157.jpg,500,381,beetles|books|bookshelf|oxford,ep016,2022-04-23,synthetic
f_523345188,523345188,openverse/flickr,https://live.staticflickr.com/249/523345188_81ebea1cd7_b.jpg,photos/raw/523345188.jpg,1023,388,books|bookshelf|office|whereiwork,ep029,2022-10-04,synthetic
f_6231525082,6231525082,openverse/flickr,https://live.staticflickr.com/6034/6231525082_02d64e4eba.jpg,photos/raw/6231525082.jpg,500,250,afnikkor35mmf18d|bookshelf|d90|donquixote,ep082,2023-12-28,synthetic
f_5343310006,5343310006,openverse/flickr,https://live.staticflickr.com/5243/5343310006_9af54f3975_b.jpg,photos/raw/5343310006.jpg,1024,591,books|bookshelf|literature|shelf,ep035,2022-11-25,synthetic
f_5600462339,5600462339,openverse/flickr,https://live.staticflickr.com/5141/5600462339_42713624ed_b.jpg,photos/raw/5600462339.jpg,1024,683,book|bookshelf|shelf|terrypratchett|business|commerce|education|finance|literature|market|religion|school|shelf|stock|text|travel,ep081,2023-12-20,synthetic
f_2187645828,2187645828,openverse/flickr,https://live.staticflickr.com/2273/2187645828_fa39e8803e_b.jpg,photos/raw/2187645828.jpg,1023,664,leasowe|motorcycle|racing|sand|wallasey|wirral,ep025,2022-08-04,synthetic
f_625558689,625558689,openverse/flickr,https://live.staticflickr.com/1345/625558689_4016b4f88a_b.jpg,photos/raw/625558689.jpg,1024,823,car|indianapolis|motorcycle|police,ep089,2024-03-15,synthetic
f_2284213251,2284213251,openverse/flickr,https://live.staticflickr.com/2043/2284213251_e155a7a8d8_b.jpg,photos/raw/2284213251.jpg,1024,681,amsterdam|honda|motorcycle|police,ep047,2023-04-01,synthetic
f_7538437526,7538437526,openverse/flickr,https://live.staticflickr.com/7270/7538437526_bae43967a9_b.jpg,photos/raw/7538437526.jpg,1024,683,array|bike|bsa|cafe|charlesseguy|charlesseguynikonphotograph|d3100|dx|england|flickr|motorcycle|nikon|racer|smith|tousdroitsru00e9servu00e9s|tousdroitsr\xe9serv\xe9s|vintage|wwwcharliephotofr|analogue|car|monochrome|race|time|vehicle,ep036,2022-12-11,synthetic
f_4114926145,4114926145,openverse/flickr,https://live.staticflickr.com/2739/4114926145_a6ce4c63bc_b.jpg,photos/raw/4114926145.jpg,1023,672,1980s|commando|davidson|goldwing|harley|honda|motorcycles|norton|seattle|seattlemunicipalarchives|transportation|adult|bike|biker|group|group together|man|many|motorcyclist|people|seated|street|transportation system|vehicle,ep164,2025-08-22,synthetic
f_3935122289,3935122289,openverse/flickr,https://live.staticflickr.com/3475/3935122289_0bf2b82f97_b.jpg,photos/raw/3935122289.jpg,1024,768,1942|alhikesaz|army|art|bikes|choppers|davidson|exhibit|harley|harleydavidson|harleydavidsonmotorcycle|hogs|menomoneeriver|menomoneevalley|military|milwaukee|motorcycle|museum|transportation|vacation|wi|wisconsin|ww2|wwii,ep015,2022-04-15,synthetic
f_4972380071,4972380071,openverse/flickr,https://live.staticflickr.com/4130/4972380071_ddfbe8c09f_b.jpg,photos/raw/4972380071.jpg,648,1024,auto|autotag|autotags|bike|biker|canada|car|carplate|carplates|cars|cartag|cartags|collection|edmonton|foreign|foreignplates|foreigns|license|licenseplate|licenseplates|licenses|motorcycle|number|numberplate|numberplates|photographs|photos|pl8s|plate|plates|platetag|sign|tag|tags|vintage|woody|world|worldplate|worldplates,ep082,2023-12-26,synthetic
f_2704851058,2704851058,openverse/flickr,https://live.staticflickr.com/3135/2704851058_22230f7d15_b.jpg,photos/raw/2704851058.jpg,1024,754,caferacer|dianamkiii|ducati|motorcycle,ep047,2023-04-03,synthetic
f_6095771927,6095771927,openverse/flickr,https://live.staticflickr.com/6087/6095771927_223f3d7b9d_b.jpg,photos/raw/6095771927.jpg,1024,681,classics|metisse|motorbikes|motorcycles,ep057,2023-05-23,synthetic
f_5059044104,5059044104,openverse/flickr,https://live.staticflickr.com/4088/5059044104_9ac890808e_b.jpg,photos/raw/5059044104.jpg,1023,577,2007|asia|bharatganarajya|bhu0101ratgau1e47aru0101jya|bike|blog|busy|customs|digital|dynamic|family|hdr|hdrtutorial|high|imaging|indus|market|motorcycle|nikond2xs|november|photoblog|photography|photographyblog|processing|range|ratcliff|republicofindia|riding|software|south|street|stuck|stuckincustoms|stuckincustomscom|subcontinent|travel|travelblog|trey|treyratcliff|tutorial|u092du093eu0930u0924u0917u0923u0930u093eu091cu094du092f|valley|world,ep117,2024-10-11,synthetic
f_3407891589,3407891589,openverse/flickr,https://live.staticflickr.com/3362/3407891589_fdca0f5cd8_b.jpg,photos/raw/3407891589.jpg,1024,768,365|3650409|365days|365friday|365more|365year3|alan|awesome|bunny|bunnyears|day393|fgr|invisible|jump|kaptainkobold|leap|meme|morning|motorcycle|pink|poster|selfie|selfportrait|street|sunglasses|timer|trp|white|yourfave,ep077,2023-11-10,synthetic
f_10408538934,10408538934,openverse/flickr,https://live.staticflickr.com/7438/10408538934_fe3f7d2718_b.jpg,photos/raw/10408538934.jpg,1024,768,alpinstars|aprilia|bmv|bmvu306eu30c9u30e9u30a4u30d0u306eu30aau30fcu30c8u30d0u30a4u306eu9769|buell|cagiva|dainese|daytona|driver|ducati|guzziトライアンフデイトナ|guzziu30c8u30e9u30a4u30a2u30f3u30d5u30c7u30a4u30c8u30ca|honda|husqvarna|kawasaki|ktm|leathers|スズキヤマハドゥカティビューエルmoto|motoguzzi|motorcycle|simson|suzuki|triumph|u30a2u30d7u30eau30eau30a2u30abu30b8u30d0u30dbu30f3u30c0u30cfu30b9u30afu30d0u30fcu30cau5dddu5d0ektmu30b5u30e0u30bdu30f3|u30aau30fcu30c8u30d0u30a4|u30b9u30bau30adu30e4u30deu30cfu30c9u30a5u30abu30c6u30a3u30d3u30e5u30fcu30a8u30ebmoto|u53f8u6a5f|u6469u6258u8eca|u76aeu9769|yamaha|司機|アプリリアカジバホンダハスクバーナ川崎ktmサムソン|摩托車|皮革,ep157,2025-07-09,synthetic
f_13447791724,13447791724,openverse/flickr,https://live.staticflickr.com/2902/13447791724_fd87b56df9_b.jpg,photos/raw/13447791724.jpg,1023,682,alpinstars|aprilia|bmv|bmvu306eu30c9u30e9u30a4u30d0u306eu30aau30fcu30c8u30d0u30a4u306eu9769|buell|cagiva|dainese|daytona|driver|ducati|guzziトライアンフデイトナ|guzziu30c8u30e9u30a4u30a2u30f3u30d5u30c7u30a4u30c8u30ca|honda|husqvarna|kawasaki|ktm|leathers|スズキヤマハドゥカティビューエルmoto|motoguzzi|motorcycle|simson|suzuki|triumph|u30a2u30d7u30eau30eau30a2u30abu30b8u30d0u30dbu30f3u30c0u30cfu30b9u30afu30d0u30fcu30cau5dddu5d0ektmu30b5u30e0u30bdu30f3|u30aau30fcu30c8u30d0u30a4|u30b9u30bau30adu30e4u30deu30cfu30c9u30a5u30abu30c6u30a3u30d3u30e5u30fcu30a8u30ebmoto|u53f8u6a5f|u6469u6258u8eca|u76aeu9769|yamaha|司機|アプリリアカジバホンダハスクバーナ川崎ktmサムソン|摩托車|皮革,ep128,2024-12-24,synthetic
f_10652137073,10652137073,openverse/flickr,https://live.staticflickr.com/5499/10652137073_87d23e2beb_b.jpg,photos/raw/10652137073.jpg,1024,768,alpinstars|aprilia|bmv|bmvu306eu30c9u30e9u30a4u30d0u306eu30aau30fcu30c8u30d0u30a4u306eu9769|buell|cagiva|dainese|daytona|driver|ducati|guzziトライアンフデイトナ|guzziu30c8u30e9u30a4u30a2u30f3u30d5u30c7u30a4u30c8u30ca|honda|husqvarna|kawasaki|ktm|leathers|スズキヤマハドゥカティビューエルmoto|motoguzzi|motorcycle|simson|suzuki|triumph|u30a2u30d7u30eau30eau30a2u30abu30b8u30d0u30dbu30f3u30c0u30cfu30b9u30afu30d0u30fcu30cau5dddu5d0ektmu30b5u30e0u30bdu30f3|u30aau30fcu30c8u30d0u30a4|u30b9u30bau30adu30e4u30deu30cfu30c9u30a5u30abu30c6u30a3u30d3u30e5u30fcu30a8u30ebmoto|u53f8u6a5f|u6469u6258u8eca|u76aeu9769|yamaha|司機|アプリリアカジバホンダハスクバーナ川崎ktmサムソン|摩托車|皮革,ep155,2025-06-30,synthetic
f_3418196974,3418196974,openverse/flickr,https://live.staticflickr.com/3583/3418196974_1e775ea96e_b.jpg,photos/raw/3418196974.jpg,1024,768,bsabantam|gpo|motorcycle|postoffice|royalmail,ep047,2023-04-01,synthetic
f_21519867324,21519867324,openverse/flickr,https://live.staticflickr.com/5815/21519867324_c9984f70ec_b.jpg,photos/raw/21519867324.jpg,1023,619,art|asia|asien|bali|beach|holidays|indonesia|motorcycles|motorrad|strand|urlaub|backlit|beach|bird|dawn|daylight|dusk|evening|fog|lake|landscape|light|mist|ocean|outdoors|sea|seashore|sunset|travel|water,ep155,2025-06-28,synthetic
f_12403417985,12403417985,openverse/flickr,https://live.staticflickr.com/2889/12403417985_f25898f669_b.jpg,photos/raw/12403417985.jpg,1024,768,alpinstars|aprilia|bmv|bmvu306eu30c9u30e9u30a4u30d0u306eu30aau30fcu30c8u30d0u30a4u306eu9769|bmvのドライバのオートバイの革|buell|cagiva|dainese|daytona|driver|ducati|guzziトライアンフデイトナ|guzziu30c8u30e9u30a4u30a2u30f3u30d5u30c7u30a4u30c8u30ca|honda|husqvarna|kawasaki|ktm|leathers|スズキヤマハドゥカティビューエルmoto|motoguzzi|motorcycle|simson|suzuki|triumph|u30a2u30d7u30eau30eau30a2u30abu30b8u30d0u30dbu30f3u30c0u30cfu30b9u30afu30d0u30fcu30cau5dddu5d0ektmu30b5u30e0u30bdu30f3|u30aau30fcu30c8u30d0u30a4|u30b9u30bau30adu30e4u30deu30cfu30c9u30a5u30abu30c6u30a3u30d3u30e5u30fcu30a8u30ebmoto|u53f8u6a5f|u6469u6258u8eca|u76aeu9769|yamaha|アプリリアカジバホンダハスクバーナ川崎ktmサムソン|皮革,ep070,2023-08-24,synthetic
f_965268857,965268857,openverse/flickr,https://live.staticflickr.com/1039/965268857_088d9abb90_b.jpg,photos/raw/965268857.jpg,1024,768,inept|motor|motorcycle,ep003,2022-01-15,synthetic
f_3543064268,3543064268,openverse/flickr,https://live.staticflickr.com/2435/3543064268_55b985acee_b.jpg,photos/raw/3543064268.jpg,1024,768,british|britishbikes|jamescaptain|motorbikes|motorcycles,ep047,2023-04-02,synthetic
f_3532672857,3532672857,openverse/flickr,https://live.staticflickr.com/2280/3532672857_decf06cb05_b.jpg,photos/raw/3532672857.jpg,1024,768,7r|ajs|britishmotorcycles|motorbikes|motorcycles,ep047,2023-04-03,synthetic
f_39386174964,39386174964,openverse/flickr,https://live.staticflickr.com/4673/39386174964_b4d823d5fa_b.jpg,photos/raw/39386174964.jpg,1023,663,africa|candid|cultural|culture|ethnic|ethnicity|food|madagascar|malagasy|outdoor|people|street|streetphoto|streetphotography|women,ep117,2024-10-10,synthetic
f_8111843288,8111843288,openverse/flickr,https://live.staticflickr.com/8331/8111843288_3c701fbe67_b.jpg,photos/raw/8111843288.jpg,1023,685,authentic|food|israel,ep121,2024-11-03,synthetic
f_7268241020,7268241020,openverse/flickr,https://live.staticflickr.com/7092/7268241020_bea465244b_b.jpg,photos/raw/7268241020.jpg,1024,768,food|hanoi|vietnam,ep084,2024-01-05,synthetic
f_3381799009,3381799009,openverse/flickr,https://live.staticflickr.com/3627/3381799009_3d2dbd1ccf_b.jpg,photos/raw/3381799009.jpg,1024,835,bostonmass|cityandtownlife|cityplanning|documentaryphotography|kepeslynchphotographcollection|massachusettsinstituteoftechnology|neonsigns|night|sodafountains|urbanareas|urbanlanduse|urbanplanningandenvironment|washingtonstreetbennetstreettoadamssquarebostonma,ep082,2023-12-24,synthetic
f_8880393326,8880393326,openverse/flickr,https://live.staticflickr.com/2834/8880393326_5a1e362aec_b.jpg,photos/raw/8880393326.jpg,1024,698,foodstreet|thai|thailandthaiasiatravelbackpackingtourismtravelogueexperiencestreetfood,ep125,2024-12-07,synthetic
f_8111841196,8111841196,openverse/flickr,https://live.staticflickr.com/8463/8111841196_4a61c4823b_b.jpg,photos/raw/8111841196.jpg,1023,685,authentic|food|fruit|israel,ep123,2024-11-27,synthetic
f_8111833385,8111833385,openverse/flickr,https://live.staticflickr.com/8196/8111833385_f512525e02_b.jpg,photos/raw/8111833385.jpg,1023,685,authentic|food|israel|morrocan|oriental,ep118,2024-10-21,synthetic
f_8111824705,8111824705,openverse/flickr,https://live.staticflickr.com/8049/8111824705_b99b5e6cb4_b.jpg,photos/raw/8111824705.jpg,1023,685,asian|authentic|food|israel|noodles,ep125,2024-12-07,synthetic
f_8111822953,8111822953,openverse/flickr,https://live.staticflickr.com/8188/8111822953_854feb8e6e_b.jpg,photos/raw/8111822953.jpg,1023,685,authentic|food|israel|morrocan|oriental,ep121,2024-11-03,synthetic
f_20594668822,20594668822,openverse/flickr,https://live.staticflickr.com/5702/20594668822_793d1c11c0_b.jpg,photos/raw/20594668822.jpg,1024,768,2015|algarve|august|calcadinhas|carvão|carvu00e3o|carv\xe3o|charcoal|cyclingshepherd|festa|food|grill|grilling|octopus|olhao|olhão|olhu00e3o|olh\xe3o|pib|polvo|portugal|smoke|street|streetfood,ep125,2024-12-06,synthetic
f_137428700,137428700,openverse/flickr,https://live.staticflickr.com/56/137428700_c047bba186_b.jpg,photos/raw/137428700.jpg,1024,758,asia|food|pakistan|street|travel|adult|cooking|family|food|group|grow|man|many|people|religion|woman,ep117,2024-10-11,synthetic
f_48012131172,48012131172,openverse/flickr,https://live.staticflickr.com/65535/48012131172_3567dc4acf_b.jpg,photos/raw/48012131172.jpg,1024,683,atrakcje|attractions|food|foodtrucks|jedzenie|kitchen|kuchnia|poland|polska|streets|ulice|warsaw|warszawa,ep074,2023-09-17,synthetic
f_48012049758,48012049758,openverse/flickr,https://live.staticflickr.com/65535/48012049758_4c3ce86625_b.jpg,photos/raw/48012049758.jpg,1024,683,atrakcje|attractions|food|foodtrucks|jedzenie|kitchen|kuchnia|poland|polska|streets|ulice|warsaw|warszawa,ep074,2023-09-16,synthetic
f_478715702,478715702,openverse/flickr,https://live.staticflickr.com/226/478715702_0da0dcf6f3_b.jpg,photos/raw/478715702.jpg,1024,768,asia|beijing|china|foodalley|scorpions|seahorse|skewers|snackstreet|streetmeat|streetvendor|wangfujing|wangfujingsnackstreet|wangfujingstreet,ep121,2024-11-07,synthetic
f_46329541241,46329541241,openverse/flickr,https://live.staticflickr.com/4918/46329541241_92232160b2_b.jpg,photos/raw/46329541241.jpg,1023,831,1224mm|a7riii|asahiasianstreetfood|asianrestaurant|charlemontstreet|ffrenchmullen|ffrenchmullenhouse|fotonique|grandcanal|infomatique|michaelscott|portobello|ranelagh|sigma|sony|streetsofdublin|streetsofireland,ep074,2023-09-14,synthetic
f_26401094453,26401094453,openverse/flickr,https://live.staticflickr.com/7497/26401094453_32b348e3c2_b.jpg,photos/raw/26401094453.jpg,1024,794,public|sensoji|sensojitemple|streetfood|streetlife|tokyo,ep123,2024-11-29,synthetic
f_7090587149,7090587149,openverse/flickr,https://live.staticflickr.com/5467/7090587149_525a834d5d_b.jpg,photos/raw/7090587149.jpg,1023,575,2012|hoian|vietnam|cutlery|dairy product|dish|drink|flatware|food|fork|fruit|grow|indoors|kitchenware|knife|plate|still life|table|tableware,ep125,2024-12-08,synthetic
f_3927862691,3927862691,openverse/flickr,https://live.staticflickr.com/3507/3927862691_a9ce0e432c_b.jpg,photos/raw/3927862691.jpg,1023,798,omino71,ep037,2023-01-01,synthetic
f_8416234275,8416234275,openverse/flickr,https://live.staticflickr.com/8504/8416234275_e941dcabde_b.jpg,photos/raw/8416234275.jpg,683,1024,bbq|beetle|beijing|bug|bugs|centipede|china|chinese|disgusting|exotic|fish|fried|meat|octopus|peking|scorpion|seafood|seahorse|shrimp|skewers|star|streetfood|u738bu5e9cu4e95|wangfujing|weird|王府井,ep123,2024-11-29,synthetic
f_9033191145,9033191145,openverse/flickr,https://live.staticflickr.com/3757/9033191145_1cb952b2c1_b.jpg,photos/raw/9033191145.jpg,827,1024,analogue|hanoi|impossibleproject|instant|px70colorprotection|snapitseeit|streetfood|streetphotography|sx70original|vietnam,ep082,2023-12-28,synthetic
f_2296397364,2296397364,openverse/flickr,https://live.staticflickr.com/3064/2296397364_868a0aae73.jpg,photos/raw/2296397364.jpg,500,375,dinner|dishes|food|meal|thai,ep076,2023-09-27,synthetic
f_3774461485,3774461485,openverse/flickr,https://live.staticflickr.com/2444/3774461485_9aa3a15539_b.jpg,photos/raw/3774461485.jpg,768,1024,brooklyn|cooking|dining|eater|eating|eats|food|newyork|nyc|summer,ep121,2024-11-07,synthetic
f_6981930174,6981930174,openverse/flickr,https://live.staticflickr.com/7268/6981930174_e2564e9915.jpg,photos/raw/6981930174.jpg,500,500,hefe|instagramapp|iphoneography|square,ep076,2023-10-02,synthetic
f_6324777696,6324777696,openverse/flickr,https://live.staticflickr.com/6229/6324777696_f4e320c4ce_b.jpg,photos/raw/6324777696.jpg,1024,768,bisque|cooking|food|home|leftovers|shrimp,ep084,2024-01-07,synthetic
f_6358723365,6358723365,openverse/flickr,https://live.staticflickr.com/6233/6358723365_cf9d0aa7aa_b.jpg,photos/raw/6358723365.jpg,1024,768,arts|bars|basket|cooking|culinary|food|gift|home|lemon,ep054,2023-05-07,synthetic
f_6448684595,6448684595,openverse/flickr,https://live.staticflickr.com/7003/6448684595_d7a542f64b_b.jpg,photos/raw/6448684595.jpg,1024,768,food,ep084,2024-01-07,synthetic
f_33045383483,33045383483,openverse/flickr,https://live.staticflickr.com/3945/33045383483_7a6a2ffd61_b.jpg,photos/raw/33045383483.jpg,1024,683,,ep123,2024-11-29,synthetic
f_7810374450,7810374450,openverse/flickr,https://live.staticflickr.com/8434/7810374450_4fd62bbfa1_b.jpg,photos/raw/7810374450.jpg,1024,768,,ep084,2024-01-07,synthetic
f_23812976819,23812976819,openverse/flickr,https://live.staticflickr.com/1582/23812976819_0664984842_b.jpg,photos/raw/23812976819.jpg,1024,768,gourmet|home|korea|seoul,ep076,2023-09-27,synthetic
f_2867910936,2867910936,openverse/flickr,https://live.staticflickr.com/3023/2867910936_55a9cc56aa_b.jpg,photos/raw/2867910936.jpg,1024,768,broccoli|cheese|cooking|ef|food|mushrooms|onions|rice|tomatoes|vegetables,ep076,2023-09-30,synthetic
f_159652881,159652881,openverse/flickr,https://live.staticflickr.com/60/159652881_b88f330102_b.jpg,photos/raw/159652881.jpg,1000,750,,ep079,2023-12-06,synthetic
f_15011242145,15011242145,openverse/flickr,https://live.staticflickr.com/5571/15011242145_693b74d51a.jpg,photos/raw/15011242145.jpg,500,500,instagramapp|iphoneography|mayfair|square,ep076,2023-10-01,synthetic
f_5079547643,5079547643,openverse/flickr,https://live.staticflickr.com/4152/5079547643_df0e7bd67d_b.jpg,photos/raw/5079547643.jpg,1024,768,coleslaw|cooking|dc|food|fries|home|potato|salsa|steak|sweet|tasty,ep084,2024-01-06,synthetic
f_2867910938,2867910938,openverse/flickr,https://live.staticflickr.com/2317/2867910938_3e5a809d98_b.jpg,photos/raw/2867910938.jpg,1024,768,broccoli|carrots|cheese|cooking|ef|food|mushrooms|onions|rice|tomatoes|vegetables,ep084,2024-01-05,synthetic
f_7069133029,7069133029,openverse/flickr,https://live.staticflickr.com/5116/7069133029_169bd3f953_b.jpg,photos/raw/7069133029.jpg,1024,577,2012|hanoi|vietnam,ep043,2023-02-07,synthetic
f_2130953992,2130953992,openverse/flickr,https://live.staticflickr.com/2348/2130953992_78ac8911d5_b.jpg,photos/raw/2130953992.jpg,1024,680,cooking|home,ep121,2024-11-03,synthetic
f_29400648563,29400648563,openverse/flickr,https://live.staticflickr.com/5522/29400648563_12d2ed1617_b.jpg,photos/raw/29400648563.jpg,1024,768,black|broccoli|carrots|chicken|containers|cook|cooked|corn|counter|diet|dinner|food|healthy|home|homemade|meal|paleo|potato|prep|prepared|sweet|tupperware|vegetables,ep115,2024-10-01,synthetic
f_4241435950,4241435950,openverse/flickr,https://live.staticflickr.com/4067/4241435950_f65df83e9d_b.jpg,photos/raw/4241435950.jpg,1023,685,beijing|china|chinese|cookingclass|food|lilies|oolong|thehutong|woodfungus,ep084,2024-01-07,synthetic
f_4240680113,4240680113,openverse/flickr,https://live.staticflickr.com/2639/4240680113_ef01838c56_b.jpg,photos/raw/4240680113.jpg,1023,685,beijing|china|chinese|cookingclass|food|fungus|pork|thehutong,ep084,2024-01-07,synthetic
f_16116066462,16116066462,openverse/flickr,https://live.staticflickr.com/8606/16116066462_396bfbf216_b.jpg,photos/raw/16116066462.jpg,1024,768,clouds|dirka|dirkdallas|iphone|iphoneography|lagunabeach|landscape|mobilephotography|ocean|people|sea|stairs|sunset|tiny|vsco|vscoapp|vscocam|winter,ep103,2024-07-05,synthetic
f_36992434035,36992434035,openverse/flickr,https://live.staticflickr.com/4361/36992434035_d63a311875_b.jpg,photos/raw/36992434035.jpg,1024,985,cannonbeach|landscape|oregon,ep171,2025-11-09,synthetic
f_12492128695,12492128695,openverse/flickr,https://live.staticflickr.com/5506/12492128695_fc1b4793b9_b.jpg,photos/raw/12492128695.jpg,1024,768,14|25mm|beach|epl5|olympus,ep155,2025-06-25,synthetic
f_537389121,537389121,openverse/flickr,https://live.staticflickr.com/1311/537389121_8843e9abc8_b.jpg,photos/raw/537389121.jpg,687,1023,beach|boy|family|fun|girls|go|guys|pollard|postit,ep079,2023-12-06,synthetic
f_8135367578,8135367578,openverse/flickr,https://live.staticflickr.com/8195/8135367578_2f577449f6_b.jpg,photos/raw/8135367578.jpg,1023,575,beach|skyline|summer|sunny,ep103,2024-07-07,synthetic
f_5095164464,5095164464,openverse/flickr,https://live.staticflickr.com/4092/5095164464_eb6df6684f_b.jpg,photos/raw/5095164464.jpg,1024,679,330|35mm|400|beach|c41|florida|hd|infinity|kodak|miamibeach|olympus|southbeach|superzoom,ep103,2024-07-06,synthetic
f_87795654,87795654,openverse/flickr,https://live.staticflickr.com/41/87795654_e453d14486_b.jpg,photos/raw/87795654.jpg,1024,681,beach|d50|day|día|dsevilla|du00eda|españa|espau00f1a|invierno|losalcázares|losalcu00e1zares|murcia|nikon|playa|removedfromnikkorfortags|spain|winter,ep103,2024-07-05,synthetic
f_5659835173,5659835173,openverse/flickr,https://live.staticflickr.com/5110/5659835173_9531245013_b.jpg,photos/raw/5659835173.jpg,1024,768,2011|april|beach|blue|boardwalk|brown|fishermanspier|foam|footprints|fun|green|jerseyshore|jetty|newjersey|ocean|oceangrove|oceangrovenj|og|pier|reflect|reflected|reflection|reflections|rocks|sand|sea|shells|shore|spring|summer|sun|sunlight|sunlit|sunny|sunshine|water|waves|wood|wooden|beach|ocean|outdoors|sand|sea|seashore|summer|sun|travel|water,ep103,2024-07-07,synthetic
f_36217395670,36217395670,openverse/flickr,https://live.staticflickr.com/4336/36217395670_13aff7af04.jpg,photos/raw/36217395670.jpg,500,339,bathingbelleswimwear|beachday|beautypageant|bluffersbeach|missteenagecanada|missteencanada|regionaldelegates|scarboroughbluffs|snappytowels|teenmodels,ep096,2024-05-17,synthetic
f_36857365735,36857365735,openverse/flickr,https://live.staticflickr.com/4441/36857365735_2f7fd91494_b.jpg,photos/raw/36857365735.jpg,1024,768,beach|boat|costarica|people|sea|silhouette|travel|tropical|vacation,ep001,2022-01-06,synthetic
f_16829295675,16829295675,openverse/flickr,https://live.staticflickr.com/7646/16829295675_f896ba87b5_b.jpg,photos/raw/16829295675.jpg,768,1024,beach|girls|grass|palm|strres|umbrellay,ep135,2025-01-20,synthetic
f_51871890267,51871890267,openverse/flickr,https://live.staticflickr.com/65535/51871890267_4eb20bdf00_b.jpg,photos/raw/51871890267.jpg,1024,768,,ep103,2024-07-09,synthetic
f_46653431084,46653431084,openverse/flickr,https://live.staticflickr.com/7902/46653431084_6b085caf73_b.jpg,photos/raw/46653431084.jpg,1024,1024,hamptonbeach|hipstamatic|hss|newhampshire|rlonpine,ep055,2023-05-10,synthetic
f_5576044624,5576044624,openverse/flickr,https://live.staticflickr.com/5175/5576044624_d607474c5a_b.jpg,photos/raw/5576044624.jpg,1024,683,beach|canoneso7d|girl|littlegirl|ocean|silhouetter|sooc|sunset|water|beach|fun|leisure|ocean|outdoors|people|recreation|sand|sea|seashore|summer|sun|sunset|surf|surfboarding|travel|vacation|water|wave,ep103,2024-07-06,synthetic
f_50156110473,50156110473,openverse/flickr,https://live.staticflickr.com/65535/50156110473_52380be7fa_b.jpg,photos/raw/50156110473.jpg,1024,683,aufbrausend|beautiful|bewölkt|bewu00f6lkt|blau|clouds|day|dramatc|dynamic|dynamik|energie|energy|eos50|himmel|holland|julianadorp|kraft|kräftig|kru00e4ftig|ku00fcste|küste|marfis75|meer|nass|netherlands|ocean|perfect|power|sea|sky|spiegelbild|stark|stimmung|tag|toll|wasser|wave|wellen|wolke|wolken,ep103,2024-07-06,synthetic
f_2127500655,2127500655,openverse/flickr,https://live.staticflickr.com/2138/2127500655_2f5da2783e_b.jpg,photos/raw/2127500655.jpg,1024,768,atlantic|beauty|caribbean|culture|dominicanrepublic|hill|island|jeep|outback|paradise|ride|river|safari|tourism|tropical|true,ep103,2024-07-09,synthetic
f_30792743144,30792743144,openverse/flickr,https://live.staticflickr.com/650/30792743144_55d202eff1_b.jpg,photos/raw/30792743144.jpg,820,1024,california|dallas|dirk|dirka|dirkdallas|instagram|iphone|iphone5|iphoneographer|iphoneography|mobilephotography|photo|photography|pic,ep103,2024-07-05,synthetic
f_5058559808,5058559808,openverse/flickr,https://live.staticflickr.com/4103/5058559808_5c8204a2d0_b.jpg,photos/raw/5058559808.jpg,1024,679,400|beach|c41|camera|film|florida|freedom|hd|kodak|miamibeach|minolta|southbeach|tele,ep103,2024-07-05,synthetic
f_52168689368,52168689368,openverse/flickr,https://live.staticflickr.com/65535/52168689368_16ccf3e429_b.jpg,photos/raw/52168689368.jpg,1024,711,2022|beachday|gonzales|june|ocean|pacific|victoria,ep103,2024-07-09,synthetic
f_6845019585,6845019585,openverse/flickr,https://live.staticflickr.com/7202/6845019585_e5d08f6853_b.jpg,photos/raw/6845019585.jpg,1024,768,2011|beach|caribbean|grandpalladium|mexico|resort|rivieramaya|winter,ep103,2024-07-05,synthetic
f_2158571575,2158571575,openverse/flickr,https://live.staticflickr.com/2037/2158571575_9dd17bdc96_b.jpg,photos/raw/2158571575.jpg,1024,768,birthday|cake|candles|frosting,ep010,2022-02-14,synthetic
f_5997899383,5997899383,openverse/flickr,https://live.staticflickr.com/6027/5997899383_d9bf047414_b.jpg,photos/raw/5997899383.jpg,1024,680,birthday|cake|handmade|ponyo,ep010,2022-02-14,synthetic
f_5686683374,5686683374,openverse/flickr,https://live.staticflickr.com/5182/5686683374_50d2509868_b.jpg,photos/raw/5686683374.jpg,1024,797,biology|birthday|darkbluetiger|happybirthday|india|kadavoor|kerala|nature|tirumalaseptentrionis|zoology|zoologya|animal|antenna|bright|butterfly|closeup|delicate|flora|flower|fly|garden|insect|leaf|monarch|nature|outdoors|summer|wild|wildlife|wing,ep152,2025-06-08,synthetic
f_2552812882,2552812882,openverse/flickr,https://live.staticflickr.com/3021/2552812882_2138cfb7c5_b.jpg,photos/raw/2552812882.jpg,1024,681,2007|200709|20070901|birthday|birthdaygregz2007|birthdayparty|camerapersonaaronevans|delete|gregandnicolezshouse|gregzsbirthday|gregzsbirthday2007|nicolez|party|party20070901gregzbirthday|partybirthdaygregz20070901|partygregz20070901birthday|rainbow|reston|star|tattoo|virginia,ep098,2024-05-27,synthetic
f_2554820752,2554820752,openverse/flickr,https://live.staticflickr.com/3020/2554820752_52662e852b_b.jpg,photos/raw/2554820752.jpg,798,1024,2007|200709|20070901|birthday|birthdaygregz2007|birthdayparty|carolyn|caseydwyer|gregandnicolezshouse|gregzsbirthday|gregzsbirthday2007|leg|legs|nicolez|party|party20070901gregzbirthday|partybirthdaygregz20070901|partygregz20070901birthday|reston|sitting|virginia,ep031,2022-10-17,synthetic
f_4103068880,4103068880,openverse/flickr,https://live.staticflickr.com/2667/4103068880_c232fa99bf_b.jpg,photos/raw/4103068880.jpg,1023,936,bento|birthday|broccoli|carrot|ceese|chopsticks|doily|egg|katsu|onigiri|potatoes|tomatoes|bowl|cooking|cuisine|delicious|desktop|diet|dinner|epicure|food|healthy|leaf|lunch|meal|nutrition|pepper|plate|salad|tomato|vegetable,ep078,2023-12-01,synthetic
f_9447071887,9447071887,openverse/flickr,https://live.staticflickr.com/3745/9447071887_d0c59192fd_b.jpg,photos/raw/9447071887.jpg,1024,814,11|apollo|armstrong|birthday|fears|hero|house|kelly|memories|neil|party|porter|adult|ceremony|facial expression|group|man|people|portrait|two|woman,ep049,2023-04-13,synthetic
f_3842509936,3842509936,openverse/flickr,https://live.staticflickr.com/3102/3842509936_c7255b8f6b_b.jpg,photos/raw/3842509936.jpg,1024,692,450d|australia|beer|birthday|canon|canon24105mm4|color|corona|happy|harbour|house|lemon|light|opera|party|sun|sunset|sydney|tequila|yellow|nature|water,ep158,2025-07-16,synthetic
f_49424452993,49424452993,openverse/flickr,https://live.staticflickr.com/65535/49424452993_96dd69e785_b.jpg,photos/raw/49424452993.jpg,1024,738,16|animal|animals|anniversaire|birthday|carlin|carlino|celebrate|celebration|chien|coth5|cute|dog|dogs|fête|friend|friendship|fu00eate|happy|happybirthday|hat|love|mops|party|partyhat|pet|pets|pug|pugs|senior|seniorpug|sixteen|snow|sweetsixteen,ep098,2024-05-27,synthetic
f_17420418506,17420418506,openverse/flickr,https://live.staticflickr.com/8839/17420418506_bf010c6bb1_b.jpg,photos/raw/17420418506.jpg,1024,945,birthday|cake|cakes|custom|food,ep010,2022-02-14,synthetic
f_3461670206,3461670206,openverse/flickr,https://live.staticflickr.com/3534/3461670206_1318dea7e0_b.jpg,photos/raw/3461670206.jpg,1024,688,2ndbirthday|birthday|camilo|kids|party,ep040,2023-01-21,synthetic
f_3460856067,3460856067,openverse/flickr,https://live.staticflickr.com/3644/3460856067_8f7a10bb04_b.jpg,photos/raw/3460856067.jpg,1024,688,2ndbirthday|birthday|camilo|kids|party,ep133,2025-01-13,synthetic
f_3044659300,3044659300,openverse/flickr,https://live.staticflickr.com/3290/3044659300_0d64c7174d.jpg,photos/raw/3044659300.jpg,500,488,birthday|cake|left4dead|videogame|zombies,ep054,2023-05-07,synthetic
f_3152484249,3152484249,openverse/flickr,https://live.staticflickr.com/3288/3152484249_459dc9ce12_b.jpg,photos/raw/3152484249.jpg,1023,685,birthday|cake|candy|fudge|mms,ep040,2023-01-21,synthetic
f_2655639205,2655639205,openverse/flickr,https://live.staticflickr.com/2275/2655639205_38fb3a34a4.jpg,photos/raw/2655639205.jpg,500,375,birthday|cake|colors|icing|sprinkles,ep040,2023-01-20,synthetic
f_3461672344,3461672344,openverse/flickr,https://live.staticflickr.com/3543/3461672344_558f160b8e_b.jpg,photos/raw/3461672344.jpg,1024,688,2ndbirthday|birthday|camilo|kids|party,ep133,2025-01-13,synthetic
f_5503613726,5503613726,openverse/flickr,https://live.staticflickr.com/5258/5503613726_52cdabe426_b.jpg,photos/raw/5503613726.jpg,1024,683,birthday|cake|marshmallows|sponge|victoriasponge,ep066,2023-08-01,synthetic
f_51813575725,51813575725,openverse/flickr,https://live.staticflickr.com/65535/51813575725_a2ba5c3357_b.jpg,photos/raw/51813575725.jpg,1023,681,50mmf14af|birthday|nikond780,ep155,2025-06-26,synthetic
f_47925027771,47925027771,openverse/flickr,https://live.staticflickr.com/65535/47925027771_eac364cd66_b.jpg,photos/raw/47925027771.jpg,1023,625,3yearsold|animal|animals|birthday|carlin|carlins|celebration|chien|clydesfriends|coth5|cute|dog|dogs|grass|happy|happybirthday|love|outdoors|party|pet|pets|portrait|pug|pugs|three,ep069,2023-08-18,synthetic
f_564819621,564819621,openverse/flickr,https://live.staticflickr.com/1361/564819621_ae243d3296_b.jpg,photos/raw/564819621.jpg,1024,694,birthday|farsi|flickrmeetup|friends|gathering|group|hamed|happy|iran|iranian|iranianbirthday|iranianflickrgathering|jamshidieh|meetuo|park|persia|persian|saber|tehran|u0627u064au0631u0627u0646|u0627u064au0631u0627u0646u064a|u0627u064au0631u0627u0646u064au0627u0646|u0627u06ccu0631u0627u0646|u0627u06ccu0631u0627u0646u06ccu0627u0646|u062au0647u0631u0627u0646|u062du0627u0645u062f|u062du0627u0645u062fu0635u0627u0628u0631|u0635u0627u0628u0631|u0641u0627u0631u0633u064a|u0641u0627u0631u0633u06cc|u067eu0631u0634u064au0627|u067eu0631u0634u06ccu0627|u96c6u4f53u7167|adult|child|group together|man|many|people|woman,ep007,2022-02-05,synthetic
f_52411310215,52411310215,openverse/flickr,https://live.staticflickr.com/65535/52411310215_4bedf8e5d7_b.jpg,photos/raw/52411310215.jpg,1024,684,atlantic|beach|blue|buildings|camp|campsite|clouds|creek|falls|field|grassland|hdr|hiking|hill|historic|house|iceland|july|landmannalaugar|landmark|landscape|lava|mountain|mountains|mountainside|nature|north|ocean|onasill|outdoor|peaceful|people|reykjavík|river|rocks|route|sea|serene|shoreline|sky|snow|soil|tents|texture|trail|tranquility|tunnel|ultramannalaugar|water|waterfall|waterfalls|waterflalls|wonder|worlds,ep157,2025-07-10,synthetic
f_2126356672,2126356672,openverse/flickr,https://live.staticflickr.com/2124/2126356672_012102fd90_b.jpg,photos/raw/2126356672.jpg,1024,812,california|easternsierra|highsierra|highway395|hike|hiking|inyocounty|inyonationalforest|johnmuirwilderness|littlelakesvalley|mlhradio|monopass|monopasstrail|mountains|mountstarr|rockcreek|sierra|sierracrest|sierranationalforest|sierranevada|sierranevadamountains|tomsplace|trail,ep176,2025-12-04,synthetic
f_2125593745,2125593745,openverse/flickr,https://live.staticflickr.com/2157/2125593745_29782deee2_b.jpg,photos/raw/2125593745.jpg,1023,767,california|easternsierra|highsierra|highway395|hike|hiking|inyocounty|inyonationalforest|johnmuirwilderness|littlelakesvalley|mlhradio|monopass|monopasstrail|mountains|mountstarr|rockcreek|sierra|sierracrest|sierranationalforest|sierranevada|sierranevadamountains|tomsplace|trail|valley,ep157,2025-07-10,synthetic
f_2125592909,2125592909,openverse/flickr,https://live.staticflickr.com/2325/2125592909_4ab7f2651d_b.jpg,photos/raw/2125592909.jpg,1023,767,california|easternsierra|highsierra|highway395|hike|hiking|inyocounty|inyonationalforest|johnmuirwilderness|littlelakesvalley|mlhradio|monopass|monopasstrail|mountains|mountstarr|rockcreek|sierra|sierracrest|sierranationalforest|sierranevada|sierranevadamountains|tomsplace|trail|valley,ep160,2025-07-25,synthetic
f_2455534975,2455534975,openverse/flickr,https://live.staticflickr.com/2230/2455534975_3a2d87e4fa.jpg,photos/raw/2455534975.jpg,338,500,backpacking|desert|dunes|hiking|sand|walking,ep157,2025-07-10,synthetic
f_4466093934,4466093934,openverse/flickr,https://live.staticflickr.com/2770/4466093934_52d2470d81_b.jpg,photos/raw/4466093934.jpg,1024,768,arctic|guidegunnar|hiking|northernnorway|tromso|adventure|climb|hike|hiking|landscape|leisure|mountain|nature|one|outdoors|people|recreation|rock|sea|seashore|sky|summer|travel|water|woman,ep161,2025-08-05,synthetic
f_780113865,780113865,openverse/flickr,https://live.staticflickr.com/1302/780113865_20b92e5425.jpg,photos/raw/780113865.jpg,499,334,canal|england|green|hiking|offasdyke|path|shade|towpath|trees|trekking|wales,ep161,2025-08-09,synthetic
f_12094787046,12094787046,openverse/flickr,https://live.staticflickr.com/7324/12094787046_a1fc222e57_b.jpg,photos/raw/12094787046.jpg,1023,608,grandcanyonnationalpark|guided|hikers|hiking|ranger|sightseeing|southkaibabtrail|southrim|tour|touring|walk,ep160,2025-07-25,synthetic
f_49837509978,49837509978,openverse/flickr,https://live.staticflickr.com/65535/49837509978_9690aae61b_b.jpg,photos/raw/49837509978.jpg,1024,768,girl|hawaii|hike|kauai|landscape|ocean|water|woman,ep161,2025-08-08,synthetic
f_49672049928,49672049928,openverse/flickr,https://live.staticflickr.com/65535/49672049928_45d0a552bd_b.jpg,photos/raw/49672049928.jpg,768,1024,female|girl|hawaii|hike|kauai|landscape|people|woman,ep161,2025-08-10,synthetic
f_8735555383,8735555383,openverse/flickr,https://live.staticflickr.com/7303/8735555383_9ce6b24de8_b.jpg,photos/raw/8735555383.jpg,1024,424,2013|california|hiking|iphone4s|may|yosemite|yosemitenationalpark,ep175,2025-11-28,synthetic
f_2263270531,2263270531,openverse/flickr,https://live.staticflickr.com/2263/2263270531_91c22c83d2_b.jpg,photos/raw/2263270531.jpg,1024,655,climbing|colorado|dylan|economicsinstitute|ei|gregyounger|hiking|jamespeak|me|mountains|rooseveltnationalforest|stmarysglacier|wilderness,ep049,2023-04-13,synthetic
f_21108879633,21108879633,openverse/flickr,https://live.staticflickr.com/5664/21108879633_72278b00bd_b.jpg,photos/raw/21108879633.jpg,1024,1024,hike|adventure|countryside|grass|hike|hill|landscape|mountain|nature|outdoors|recreation|road|rock|rural|sky|summer|travel|tree|wood,ep160,2025-07-25,synthetic
f_7010804417,7010804417,openverse/flickr,https://live.staticflickr.com/7277/7010804417_bc5c522003_b.jpg,photos/raw/7010804417.jpg,1024,680,africa|building|escarpment|ethiopia|hiking|lodge|mountains|stone|tigre,ep157,2025-07-10,synthetic
f_15675010381,15675010381,openverse/flickr,https://live.staticflickr.com/5608/15675010381_cc263e3d7d_b.jpg,photos/raw/15675010381.jpg,768,1024,acadia|best|coast|east|hike|maine|nationalpark|nature|park|photo|scenery|seaboard|shoreline|views,ep171,2025-11-08,synthetic
f_7304332760,7304332760,openverse/flickr,https://live.staticflickr.com/8163/7304332760_0209c4a07e_b.jpg,photos/raw/7304332760.jpg,1024,768,9|apollo|arizona|astronaut|b612|carolyn|crater|day|excursion|foundation|hike|meteor|meteorite|nasa|russell|rusty|schweickart|shoemaker|space|trip|winslow|adult|adventure|desert|hike|hiking|landscape|leisure|man|mountain|nature|outdoors|people|recreation|rock|travel,ep157,2025-07-10,synthetic
f_42260832401,42260832401,openverse/flickr,https://live.staticflickr.com/967/42260832401_5cc55ac4b4_b.jpg,photos/raw/42260832401.jpg,1024,559,hdr|highdefinitionrange|photomatixpro,ep168,2025-09-28,synthetic
f_4175426593,4175426593,openverse/flickr,https://live.staticflickr.com/4003/4175426593_2ba797253f_b.jpg,photos/raw/4175426593.jpg,1024,768,lake|landscape|mountain|nature|outdoors|reflection|rock|sky|snow|travel|water,ep157,2025-07-10,synthetic
f_40482173041,40482173041,openverse/flickr,https://live.staticflickr.com/4675/40482173041_9978359297_b.jpg,photos/raw/40482173041.jpg,1024,533,2018|24105|allemagne|blue|canon|christiankortum|ciel|clouds|colours|countryside|deutschland|duitsland|eastwestphalia|eos6d|est|februar|february|fevrier|field|fields|frost|germany|grosestorfmoor|heide|heidekraut|hemel|himlen|himmel|interesting|kleuren|landscape|landschaft|landskabet|lu00fcbbecke|lübbecke|lumière|lumiu00e8re|lyng|lys|mighty|nrw|ostwestfalen|paysage|sky|skyer|tyskland|wasser|winter|wolken,ep148,2025-04-29,synthetic
f_52416823477,52416823477,openverse/flickr,https://live.staticflickr.com/65535/52416823477_f666b3d85f_b.jpg,photos/raw/52416823477.jpg,768,1024,,ep169,2025-10-17,synthetic
f_543669395,543669395,openverse/flickr,https://live.staticflickr.com/1150/543669395_6f6c5be5b3_b.jpg,photos/raw/543669395.jpg,1024,768,shozu,ep168,2025-09-27,synthetic
f_39939427864,39939427864,openverse/flickr,https://live.staticflickr.com/4697/39939427864_962cbe6035_b.jpg,photos/raw/39939427864.jpg,683,1024,city|gherkin|london,ep087,2024-01-19,synthetic
f_19378231344,19378231344,openverse/flickr,https://live.staticflickr.com/432/19378231344_444927030c_b.jpg,photos/raw/19378231344.jpg,1024,683,chinatown|city|newyork|street|urban|adult|city|people|stock|street|vehicle|wear|woman,ep166,2025-09-13,synthetic
f_4882926600,4882926600,openverse/flickr,https://live.staticflickr.com/4078/4882926600_a6b0a8b5cc_b.jpg,photos/raw/4882926600.jpg,764,1024,edgarsuttondoor|tremontstreet|adult|group|group together|home|man|many|people|print|street|transportation system|vehicle,ep086,2024-01-14,synthetic
f_4591102816,4591102816,openverse/flickr,https://live.staticflickr.com/4016/4591102816_be1f6bf1ff_b.jpg,photos/raw/4591102816.jpg,1024,756,,ep074,2023-09-16,synthetic
f_6193664979,6193664979,openverse/flickr,https://live.staticflickr.com/6026/6193664979_66d2560b68_b.jpg,photos/raw/6193664979.jpg,1024,768,amsterdam|fresh|fruit|nederlands|netherlands|shop|abundance|agriculture|apricot|food|fruit|grow|healthy|kind|many|market|marketplace|nutrition|pasture|peach|sale|sell|stall|supermarket|vegetable,ep152,2025-06-09,synthetic
f_51835980180,51835980180,openverse/flickr,https://live.staticflickr.com/65535/51835980180_99506682a4_b.jpg,photos/raw/51835980180.jpg,1024,851,lagunaprovincephilippines|oldlosbaños|oldphilippinescoconutgrovelosbaños,ep168,2025-09-25,synthetic
f_4475085954,4475085954,openverse/flickr,https://live.staticflickr.com/4068/4475085954_448c98c0f9_b.jpg,photos/raw/4475085954.jpg,1024,768,backlot|ca|city|lot|manhattanbeach|marvel|raleigh|street|studios|architecture|building|city|daylight|home|house|outdoors|pavement|road|street|town|travel|university|urban,ep087,2024-01-22,synthetic
f_19990356821,19990356821,openverse/flickr,https://live.staticflickr.com/3725/19990356821_7922a03414_b.jpg,photos/raw/19990356821.jpg,1024,819,brooklyn|newyork|oldfashioned|politics|seersucker|strawhat|subway|train,ep118,2024-10-18,synthetic
f_26509002155,26509002155,openverse/flickr,https://live.staticflickr.com/1574/26509002155_85b9119b4b_b.jpg,photos/raw/26509002155.jpg,1024,819,ビジネス|analog|businesssuccess|city|cityfromabove|citygrid|citygridstreets|citystreets|economicgrowth|financialsuccess|financialwisdom|getrich|gettingrich|gridstreets|growing|growth|investmentsuccess|makingitbig|mamiya7|manhattan|mediumformat|newyork|newyorkcityfromabove|newyorkfromabove|nyc|u30d3u30b8u30cdu30b9|u30deu30f3u30cfu30c3u30bfu30f3|u5927u90fdu4f1a|u666fu89b3|u91d1u878d|urbangrowth|urbanjungle|urbansprawl|wealth,ep087,2024-01-22,synthetic
f_41541549692,41541549692,openverse/flickr,https://live.staticflickr.com/801/41541549692_34212974c0_b.jpg,photos/raw/41541549692.jpg,1024,579,2018|boy|cdmx|cityofmexico|colorful|colourful|cropped|denim|denimjeans|hoodie|male|mexico|mexicocity|nikon|nikond750|nikonfx|railing|street|streetscene|suitcase|tedmcgrath|tedsphotos|tedsphotosmexico|trinkets|vignetting,ep162,2025-08-14,synthetic
f_6920048974,6920048974,openverse/flickr,https://live.staticflickr.com/7249/6920048974_051ece973f_b.jpg,photos/raw/6920048974.jpg,1024,675,publicdomain|architecture|black and white|city|dark|light|monochrome|shadow|street|urban|wood,ep087,2024-01-18,synthetic
f_8483961181,8483961181,openverse/flickr,https://live.staticflickr.com/8380/8483961181_614f6dca55_b.jpg,photos/raw/8483961181.jpg,768,1024,church|cobbled|cold|estonia|flag|ice|pedestrian|people|road|shops|snow|spire|street|tallinn|view|winter,ep168,2025-09-28,synthetic
f_2769122534,2769122534,openverse/flickr,https://live.staticflickr.com/3081/2769122534_dc6c03d320_b.jpg,photos/raw/2769122534.jpg,1024,768,abigfave|amberes|anawesomeshot|antwerp|belgica|belgium|breathtaking|calle|city|ciudad|claudioar|claudiomufarrege|color|comentada|comic|cruzadas|daarklands|diamondclassphotographer|dsc|europa|europe|experimentl|explore|explorewinnersoftheworld|fine|flickrdiamond|h9|newacademy|photosexplore|sony|street|supershot,ep045,2023-03-10,synthetic
f_8494426798,8494426798,openverse/flickr,https://live.staticflickr.com/8523/8494426798_58ba7ccecb_b.jpg,photos/raw/8494426798.jpg,1024,768,buildings|cafe|cc|corner|lego|modular|town,ep102,2024-06-27,synthetic
f_8493318935,8493318935,openverse/flickr,https://live.staticflickr.com/8376/8493318935_26473c0896_b.jpg,photos/raw/8493318935.jpg,1024,768,buildings|cafe|cc|corner|lego|modular|town,ep102,2024-06-28,synthetic
f_8493321603,8493321603,openverse/flickr,https://live.staticflickr.com/8390/8493321603_c8e41cf5e9_b.jpg,photos/raw/8493321603.jpg,1024,768,buildings|cafe|cc|corner|lego|modular|town,ep102,2024-06-25,synthetic
f_5284968660,5284968660,openverse/flickr,https://live.staticflickr.com/5003/5284968660_a5db0256c6_b.jpg,photos/raw/5284968660.jpg,1024,683,citystreet|frontera|glassell|intersectionsantaanariverbedafterstormwildlifecityoforangeorangecountycalifornia|orange,ep148,2025-04-27,synthetic
f_9596641489,9596641489,openverse/flickr,https://live.staticflickr.com/5474/9596641489_1359bea31d.jpg,photos/raw/9596641489.jpg,360,500,antique|blackandwhite|brick|bw|dark|doubleexposure|man|old|photo|photograph|photography|snapshot|strange|vintage|architecture|building|monochrome|people|street,ep126,2024-12-11,synthetic
f_33576750176,33576750176,openverse/flickr,https://live.staticflickr.com/2942/33576750176_c5415d5d34_b.jpg,photos/raw/33576750176.jpg,1024,683,canon|canong5x|city|europe|france|g5x|hérault|hu00e9rault|languedocroussillon|montpellier|occitanie|rue|street|streetphotography|streets|ville,ep087,2024-01-19,synthetic
f_7460450568,7460450568,openverse/flickr,https://live.staticflickr.com/7118/7460450568_562bda6830_m.jpg,photos/raw/7460450568.jpg,240,162,pet|recycling|thermoform|bottle|can|container|desktop|glass|jar|lid|plastic|preserve|stranded,ep111,2024-09-04,synthetic
f_8408785873,8408785873,openverse/flickr,https://live.staticflickr.com/8474/8408785873_7d34666203_b.jpg,photos/raw/8408785873.jpg,1024,683,buy|commons|consumer|creative|economy|merchandise|pet|product|retail|sign|smart|spend|storefront,ep104,2024-07-14,synthetic
f_3870856650,3870856650,openverse/flickr,https://live.staticflickr.com/3520/3870856650_7a2be86e11_b.jpg,photos/raw/3870856650.jpg,935,1024,boys|chrislowe|concert|montreal|neiltennant|pandemonium|pet|petshopboys|petshopboysconcert|psb|shop|tour,ep173,2025-11-18,synthetic
f_7637125258,7637125258,openverse/flickr,https://live.staticflickr.com/65535/7637125258_ed889b26ba_b.jpg,photos/raw/7637125258.jpg,1024,681,11imagetype|1publishing|1ratedg|2propernames|anguished|bemoaning|bewailing|boneyard|burialground|camrynniccolewootton|cat|cemetery|deploring|doleful|dolorous|domesticcat|emotion|fairview|familyfavorite|feline|flickrall|flickrpermissions|funeral|graveyard|grieving|heartbroken|kitty|lamentable|lugubrious|mammals|mountain|mountains|mournful|myfamily|outdoor|outdoors|outside|photo|plaintive|portfoliogeneral|pussycat|regretful|rueful|sorrowful|sorry|tomb|unitedstates|utah|vernacular|viewerrating|wailing|weeping|woeful|abstract|art|decoration|design|horizontal|illustration|pattern|people|science|shape|square|symbol|vector|vertical,ep161,2025-08-07,synthetic
f_4275273287,4275273287,openverse/flickr,https://live.staticflickr.com/4069/4275273287_51ee1ec8a5_b.jpg,photos/raw/4275273287.jpg,1024,1024,children|columbiaorchestra|instrument|instruments|kids|pettingzoo|child|education|instrument|jazz|music|musician|people|portrait|trumpeter|wear|woman,ep067,2023-08-05,synthetic
f_3563989697,3563989697,openverse/flickr,https://live.staticflickr.com/3330/3563989697_07d9ee1007_b.jpg,photos/raw/3563989697.jpg,635,1024,cellphone|culturalbehavior|dog|ephemeralartifacts|leash|woman,ep041,2023-01-26,synthetic
f_3145006341,3145006341,openverse/flickr,https://live.staticflickr.com/3085/3145006341_320440c290.jpg,photos/raw/3145006341.jpg,500,375,artesanatogarrafapet|garrafapet|néisgarrafapet|nu00e9isgarrafapet|reciclagem|reutilizaçãodemateriais|reutilizau00e7u00e3odemateriais,ep026,2022-08-24,synthetic
f_7309926658,7309926658,openverse/flickr,https://live.staticflickr.com/7087/7309926658_19afb4a13c_b.jpg,photos/raw/7309926658.jpg,710,1024,moving|paper|papercraft|papercrat|toy|vintage,ep081,2023-12-20,synthetic
f_8242002430,8242002430,openverse/flickr,https://live.staticflickr.com/8202/8242002430_217bdeda24_b.jpg,photos/raw/8242002430.jpg,1024,649,michigan|postcards|sportsrecreationfacilities|tichnorbrothers|child|family|fence|grass|mammal|outdoors|people,ep174,2025-11-24,synthetic
f_5237333618,5237333618,openverse/flickr,https://live.staticflickr.com/5081/5237333618_3344356e64_b.jpg,photos/raw/5237333618.jpg,1024,683,1xp|5d|5d2|5dmark2|70200mm|70200mmf28|animal|canon|canonef70200mmf28liiisusm|canoneos5dmarkii|ef|eos|f28l|hdr|is|pet|photomatix|pig|taiwan|usm,ep105,2024-07-20,synthetic
f_7657757366,7657757366,openverse/flickr,https://live.staticflickr.com/7139/7657757366_065c341f4a_b.jpg,photos/raw/7657757366.jpg,1024,768,bark|bay|boarding|care|colwood|day|dog|doggie|lions|pet|sitting|victoria|walker|walking|westshore,ep105,2024-07-20,synthetic
f_11321038296,11321038296,openverse/flickr,https://live.staticflickr.com/2867/11321038296_fbc69272ac_b.jpg,photos/raw/11321038296.jpg,1024,576,1755mm|2013|7d|canon|cat|couch|december|eos|evening|light|low|pedigree|pet|potatoe|sleep,ep105,2024-07-20,synthetic
f_4884013399,4884013399,openverse/flickr,https://live.staticflickr.com/4139/4884013399_16e052c3be_b.jpg,photos/raw/4884013399.jpg,1023,818,cat|gratitude|gratitudelist|honorthegift|honourthegift|lily|loved|moniquen355|pet|thejanster,ep069,2023-08-16,synthetic
f_12474422135,12474422135,openverse/flickr,https://live.staticflickr.com/7355/12474422135_386b230264_b.jpg,photos/raw/12474422135.jpg,1024,729,animals|california|cognac|organizations|pets|sanluisobispo|slocc|unitedstates|animal|cat|cute|domestic|downy|eye|fur|hair|kitten|little|mammal|one|pet|portrait|sit|young,ep151,2025-06-01,synthetic
f_5490413146,5490413146,openverse/flickr,https://live.staticflickr.com/5257/5490413146_b08d8bcfc4_b.jpg,photos/raw/5490413146.jpg,1024,768,20mm117|biographtruepointpetct|cancerscreening|catscan|computedtomography|ctscan|ctscanner|ctscanningmachine|dmcg1|donut|edina|expensive|fullbodyscan|g1|lifescan|lumix|m43|machine|medicaldevice|microfourthirds|p1120525crvlccb|panasonic|petscan|petscanner|positronemissiontomography|siemens|southdale|southdalemedicalcenter,ep007,2022-02-05,synthetic
f_14756868969,14756868969,openverse/flickr,https://live.staticflickr.com/5561/14756868969_a2dfe80bf5_b.jpg,photos/raw/14756868969.jpg,1023,685,2014|austin|austinpetexpo|cats|dogs|palmereventscenter|tx,ep151,2025-05-29,synthetic
f_20326923164,20326923164,openverse/flickr,https://live.staticflickr.com/709/20326923164_b74d1bc72e_b.jpg,photos/raw/20326923164.jpg,1024,683,adolescente|allstar|antimidia|antimidiablog|converse|eder|edercapobianco|feet|pé|pu00e9|p\xe9|shoes|teen|teenager|tenis,ep161,2025-08-06,synthetic
f_4151058553,4151058553,openverse/flickr,https://live.staticflickr.com/2544/4151058553_a5a8785a3b.jpg,photos/raw/4151058553.jpg,308,500,,ep026,2022-08-24,synthetic
f_13886428699,13886428699,openverse/flickr,https://live.staticflickr.com/7041/13886428699_f7265e4ec5_b.jpg,photos/raw/13886428699.jpg,1024,768,canada|funny|ontario|sign|toronto,ep077,2023-11-10,synthetic
f_16106078968,16106078968,openverse/flickr,https://live.staticflickr.com/7524/16106078968_3c6e3a9433_b.jpg,photos/raw/16106078968.jpg,635,1024,blonde|female|hautemama|mature|over50andfeelinggreat|shorthair|women,ep012,2022-02-26,synthetic
f_5310138080,5310138080,openverse/flickr,https://live.staticflickr.com/5205/5310138080_e111519198_b.jpg,photos/raw/5310138080.jpg,1024,768,gardensculpture|grapes|pasorobles|sculpterra|sculpterravineyards|sculpterrawinery|sculpture|sculpturegarden|vineyards|winery|garden|outdoors|park|sculpture|sky|statue|travel,ep158,2025-07-16,synthetic
f_10518060693,10518060693,openverse/flickr,https://live.staticflickr.com/5502/10518060693_35bf304219_b.jpg,photos/raw/10518060693.jpg,1024,748,architecture|canandaigua|fingerlakes|flower|gardens|historic|light|mansion|nrhp|ny|onasill|ontariocounty|park|queenanne|shadow|sonnenberg|stamen,ep152,2025-06-07,synthetic
f_3462919393,3462919393,openverse/flickr,https://live.staticflickr.com/3570/3462919393_dea7023b70_b.jpg,photos/raw/3462919393.jpg,768,1024,angie|calamintha|chrysantha|companiongardening|dentata|echeveria|foetidissima|garden|gilva|iris|lavandula|morning|nepeta|pelargonium|rupestre|sediforme|sedum|stachys|variegata|viridis|botanical|cactus|color|flora|flower|garden|greenhouse|growth|horticulture|leaf|maturation|nature|outdoors|park|pot|shrub|succulent|tree|yard,ep114,2024-09-28,synthetic
f_3201323926,3201323926,openverse/flickr,https://live.staticflickr.com/3410/3201323926_1c92fc4b80_b.jpg,photos/raw/3201323926.jpg,685,1023,britain|england|firsttheearth|flickrlovers|flickrsmasterpieces|friends|garden|gloucestershire|goldenglobe|green|hidcotemanorgarden|landscapesshotinportraitformat|lesamisdupetitprince|path|pathscaminhos|saveearth|topiary|tp|uk|winnr|environment|fair weather|flora|flower|garden|grass|growth|guidance|hedge|landscape|leaf|nature|outdoors|park|shrub|summer|tree|wood,ep114,2024-09-25,synthetic
f_30048666157,30048666157,openverse/flickr,https://live.staticflickr.com/1917/30048666157_6753574656_b.jpg,photos/raw/30048666157.jpg,1024,714,alert|chimneypots|cubs|earspricked|flowerpots|fox|foxes|garden|green|pair|pigeons|pond|redhill|siblings|sitting|surrey|watching|wildlifecentre,ep105,2024-07-20,synthetic
f_3822868229,3822868229,openverse/flickr,https://live.staticflickr.com/2604/3822868229_87b85fed04_b.jpg,photos/raw/3822868229.jpg,1024,768,britain|england|english|englishtravel|hardwichhall|summergardens|unitedkingdom|architecture|flora|flower|garden|house|leaf|outdoors|patio|planter|shrub|summer,ep114,2024-09-28,synthetic
f_2443767203,2443767203,openverse/flickr,https://live.staticflickr.com/3274/2443767203_dafdf1a4f8_b.jpg,photos/raw/2443767203.jpg,1024,768,adventitious|alexandrapalms|archontophoenix|archontophoenixalexandrae|arecaceae|botanical|garden|hamakuacoast|hawaii|hawaiitropicalbotanicalgarden|invasive|jungle|liliopsida|magnoliophyta|palm|plantae|tree|tropical,ep161,2025-08-07,synthetic
f_5162316422,5162316422,openverse/flickr,https://live.staticflickr.com/1242/5162316422_5d52756438_b.jpg,photos/raw/5162316422.jpg,1024,1024,alison|architects|architecture|architectuur|architektur|architettura|arquitectura|arquitetura|brutalism|building|cc|commons|creative|england|garden|house|housing|modern|modernism|neobrutalism|new|oxford|peter|seierseier|smithson|sthildascollege|student|teamx|thesmithsons|university|architecture|garden|house|leaf|nature|outdoors|summer|travel|tree|wood,ep114,2024-09-25,synthetic
f_9556155847,9556155847,openverse/flickr,https://live.staticflickr.com/3713/9556155847_c6c051314d_b.jpg,photos/raw/9556155847.jpg,1024,683,50d|arts|bartrim|borders|campden|canon|chipping|cotswolds|crafts|english|garden|gloucestershire|hidcote|johnston|lawrence|manor|national|plants|rooms|shrubs|topiaries|topiary|trees|trust|wilderness|flora|flower|footpath|garden|guidance|hedge|landscape|lawn|leaf|nature|outdoors|park|shrub|summer|tree|wood,ep114,2024-09-23,synthetic
f_3466078916,3466078916,openverse/flickr,https://live.staticflickr.com/3536/3466078916_d1648bb783_b.jpg,photos/raw/3466078916.jpg,1023,603,androgyne|avatar|embryo|fae|femboy|flowers|garden|intersexed|luminis|secondlife|seraph|sl,ep055,2023-05-10,synthetic
f_51318885457,51318885457,openverse/flickr,https://live.staticflickr.com/65535/51318885457_4ffdef2d99_b.jpg,photos/raw/51318885457.jpg,1024,683,18250mm|1920|canada|canon|eos|fergus|fishing|garden|gardens|heritage|historic|lens|macro|on|onasill|ontario|outdoor|rapids|rebel|rivers|scenic|seeing|sight|sigma|temphen|thames|town|view|wentworthcounty|~,ep126,2024-12-12,synthetic
f_4601491840,4601491840,openverse/flickr,https://live.staticflickr.com/1219/4601491840_19bdf71822_b.jpg,photos/raw/4601491840.jpg,1024,1024,astoundingimage|botanicgardens|butterfly|d300|flickrestrellas|flowers|garden|insects|macros|nature|naturewatcher|nikonflickraward|park|physis|plants|ponds|singapore|trees|williamcho,ep111,2024-09-04,synthetic
f_51341860089,51341860089,openverse/flickr,https://live.staticflickr.com/65535/51341860089_2e9cbf2dd5_b.jpg,photos/raw/51341860089.jpg,1024,1024,18mm250m|anne|architecture|ball|building|canandaigua|canon|county|dandelion|finger|flower|foral|garden|gardens|hdr|historic|historical|interesting|japanese|lakes|lens|macr|macro|mansion|micro|nrhp|ny|onasill|ontario|organic|outdoor|park|pattern|plant|puff|queen|raw|seeds|serene|sigma|sl1|sonnenberg|texture,ep152,2025-06-08,synthetic
f_13105016133,13105016133,openverse/flickr,https://live.staticflickr.com/3719/13105016133_057d3a1e21_b.jpg,photos/raw/13105016133.jpg,1024,683,aerial|asia|bay|cloud|cloudforest|dome|earthasia|flower|flowerdome|forest|garden|gardens|gardensbythebay|grove|harbour|hotel|island|marina|model|park|river|roof|sands|singapore|southeast|supertree|thegalaxy|tree|view,ep045,2023-03-10,synthetic
f_3506495489,3506495489,openverse/flickr,https://live.staticflickr.com/3660/3506495489_44bd866060_b.jpg,photos/raw/3506495489.jpg,768,1024,england|gardens|horsham|kingdom|landscape|leonardslee|nature|rhododendrons|spring|sussex|united|west|apple|blooming|branch|color|flora|flower|garden|growth|landscape|leaf|nature|outdoors|park|season|summer|tree|wood,ep114,2024-09-23,synthetic
f_3662558333,3662558333,openverse/flickr,https://live.staticflickr.com/3621/3662558333_bd330d3a08_b.jpg,photos/raw/3662558333.jpg,1024,685,2000s|children|gardens|japanesegardens|kids|kubotagarden|play|ponds|rainierbeach|rainiervalley|seattle|seattlemunicipalarchives|steppingstones,ep161,2025-08-09,synthetic
f_6106940726,6106940726,openverse/flickr,https://live.staticflickr.com/6203/6106940726_6b35eea39b_b.jpg,photos/raw/6106940726.jpg,1023,685,a300|alpha|antoinette|bakersfield|business|california|commercial|county|fitness|garden|kern|kpa|photograph|photographer|pilates|robertbejil|robertbejilcom|sony|studio|yoga,ep082,2023-12-28,synthetic
f_6106400407,6106400407,openverse/flickr,https://live.staticflickr.com/6063/6106400407_b65f0863c8_b.jpg,photos/raw/6106400407.jpg,1024,686,a300|alpha|antoinette|bakersfield|business|california|commercial|county|fitness|garden|kern|kpa|photograph|photographer|pilates|robertbejil|robertbejilcom|sony|studio|yoga,ep082,2023-12-25,synthetic
f_6106958350,6106958350,openverse/flickr,https://live.staticflickr.com/6184/6106958350_ac29cfb423_b.jpg,photos/raw/6106958350.jpg,1023,685,a300|alpha|antoinette|bakersfield|business|california|commercial|county|fitness|garden|kern|kpa|photograph|photographer|pilates|robertbejil|robertbejilcom|sony|studio|yoga,ep152,2025-06-08,synthetic
f_4248020336,4248020336,openverse/flickr,https://live.staticflickr.com/4069/4248020336_ceaf5b529f_b.jpg,photos/raw/4248020336.jpg,1024,683,counter|home|kitchen|negativespace|project365|scissors|simple|spatula|tongs|utensils|whisk,ep087,2024-01-22,synthetic
f_35552192262,35552192262,openverse/flickr,https://live.staticflickr.com/4134/35552192262_fcb6215bbc_b.jpg,photos/raw/35552192262.jpg,768,1024,asia|asian|athlete|bangkok|bkk|boy|camera|cute|face|facebook|fan|flickr|follow|follower|following|gay|guy|handsome|indoor|iphone|join|kiss|kitchen|love|male|man|me|model|muscle|myself|photo|pic|portrait|selfie|skin|smart|smooth|thai|thailand|white,ep100,2024-06-16,synthetic
f_10991958303,10991958303,openverse/flickr,https://live.staticflickr.com/3751/10991958303_dc16af4334_b.jpg,photos/raw/10991958303.jpg,1023,682,5d|annadhanam|back|backlight|backlighting|backlit|beautiful|beauty|black|blackandwhite|blackwhite|bw|canon|canoneos5dmarkii|cook|cooking|deepam|food|girivalam|hot|india|karthigai|karthikai|kitchen|light|lighting|mahadeepam|night|pan|people|photo|photography|photos|pic|pics|picture|preparation|rim|silhouette|thiruvannamalai|tiruvannamalai,ep125,2024-12-08,synthetic
f_51341298682,51341298682,openverse/flickr,https://live.staticflickr.com/65535/51341298682_c15b0f9e5a_b.jpg,photos/raw/51341298682.jpg,1024,683,1892|18mm|250mm|attraction|bee|brantford|bridge|busy|campus|canada|canon|central|cone|county|downtown|flower|heritage|historic|historical|kitchener|laurier|lens|macro|nrhp|old|oldest|onario|onasill|park|photo|planters|plaque|pond|sigma|sl1|steel|truss|university|victoria|vintage|waterloo|wentworthcounty|wilfrid,ep152,2025-06-09,synthetic
f_13904012123,13904012123,openverse/flickr,https://live.staticflickr.com/7084/13904012123_bf43943481_b.jpg,photos/raw/13904012123.jpg,731,1023,blackandwhitekitchen|kitchen|kitchens,ep038,2023-01-09,synthetic
f_5902822389,5902822389,openverse/flickr,https://live.staticflickr.com/6058/5902822389_02e9d9e596_b.jpg,photos/raw/5902822389.jpg,1024,683,kitchen,ep038,2023-01-10,synthetic
f_4822480470,4822480470,openverse/flickr,https://live.staticflickr.com/4138/4822480470_d6bccdcf23_b.jpg,photos/raw/4822480470.jpg,1024,576,kitchen,ep038,2023-01-11,synthetic
f_212936846,212936846,openverse/flickr,https://live.staticflickr.com/84/212936846_2a5230edec_b.jpg,photos/raw/212936846.jpg,1024,768,amish|house|kitchen|patrip2006|pennsylvania|range|refrigerator|stove,ep074,2023-09-14,synthetic
f_16494097345,16494097345,openverse/flickr,https://live.staticflickr.com/7342/16494097345_289d464982_b.jpg,photos/raw/16494097345.jpg,1023,417,1930s|army|cooking|cooks|fortlawton|kitchens|magnolia|seattle|seattlemunicipalarchives,ep049,2023-04-13,synthetic
f_3172180022,3172180022,openverse/flickr,https://live.staticflickr.com/3260/3172180022_ff3d04b15b_b.jpg,photos/raw/3172180022.jpg,1024,683,busy|chef|fortworth|img0154|kitchen|restaurant|saltgrass|steakhouse|waiter,ep110,2024-08-23,synthetic
f_1405308685,1405308685,openverse/flickr,https://live.staticflickr.com/1370/1405308685_dc8e1f7820_b.jpg,photos/raw/1405308685.jpg,1024,768,baking|bakingsupplies|canisters|containers|containerstore|containyourself|drygoods|food|glass|kitchen|organization|box|container,ep111,2024-09-04,synthetic
f_5622104990,5622104990,openverse/flickr,https://live.staticflickr.com/5069/5622104990_ab93a05c36.jpg,photos/raw/5622104990.jpg,500,345,apartment|architecture|basement|bois|canada|cashmere|collection|condo|contemporain|contemporary|cuisine|decor|decorating|decoration|design|engineered|fashion|floor|flooring|floors|franc|furniture|graphite|hardwood|home|house|ideas|installation|interior|intu00e9rieur|kitchen|living|loft|look|luxury|maison|mirage|modern|moderne|natural|naturel|photos|pictures|place|plancher|qualitu00e9|quality|redoak|remodeling|room|stainless|style|stylish|surface|urban|vase|vegetables|wood|apartment|cabinet|chair|contemporary|counter|family|furniture|home|house|indoors|inside|interior design|luxury|oven|room|seat|stainless steel|stove|table|trading floor,ep153,2025-06-13,synthetic
f_4371901808,4371901808,openverse/flickr,https://live.staticflickr.com/4012/4371901808_b860f79dcf_b.jpg,photos/raw/4371901808.jpg,1024,704,2009|design|drafting|handdrafting|handrendered|handrendering|interiordesign|iupui|kitchen|manualdrafting|march|mechanicalplan|plan,ep033,2022-10-26,synthetic
f_41041694371,41041694371,openverse/flickr,https://live.staticflickr.com/803/41041694371_eb6caa81b7_b.jpg,photos/raw/41041694371.jpg,682,1024,arrow|bmok|forevermoorewed|kitchen|neon|newmarket|restaurant|shenandoahcounty|sign|southern|us11|va|virginia,ep153,2025-06-13,synthetic
f_17527225642,17527225642,openverse/flickr,https://live.staticflickr.com/8784/17527225642_e7ba1df954_b.jpg,photos/raw/17527225642.jpg,1024,1003,3xp|art|egg|eggshells|fav100|hdr|kitchen|nex6|photomatix|selp1650,ep121,2024-11-05,synthetic
f_13712347603,13712347603,openverse/flickr,https://live.staticflickr.com/3824/13712347603_fe51b02579.jpg,photos/raw/13712347603.jpg,500,333,african|apron|banqueting|beer|black|bowtie|business|catering|cateringbuilding|cateringservice|cateringteam|caucasian|cheerful|chef|colleague|dish|diverse|diversity|female|food|four|friendly|gastronomy|group|happy|hat|holding|hotel|joyful|kitchen|location|male|manager|occupation|offering|parsley|peel|pizzaiolo|professional|recipe|restaurant|service|smiling|sommelier|staff|team|tie|uniform|waiter|waitress|weddingservice|white|wine|woman|young,ep153,2025-06-13,synthetic
f_3964216010,3964216010,openverse/flickr,https://live.staticflickr.com/3481/3964216010_2c2dd04de0_b.jpg,photos/raw/3964216010.jpg,1024,768,adel|bungalow|countertops|idbyn|ikea|kitchen|kitchenisland|remodel|stenstorp|stools|u00e4del|white|wood|\xe4del,ep033,2022-10-26,synthetic
f_15681675888,15681675888,openverse/flickr,https://live.staticflickr.com/8576/15681675888_48f1d3856a_b.jpg,photos/raw/15681675888.jpg,1024,514,barstool|bettaliving|blue|calming|cottage|elegant|fittedkitchen|interiordesign|interiors|kitchen|kitchendesign|kitchenisland|neutral|stylish,ep153,2025-06-13,synthetic
f_4560791880,4560791880,openverse/flickr,https://live.staticflickr.com/3235/4560791880_0cbf047484_b.jpg,photos/raw/4560791880.jpg,768,1024,house|kitchen,ep033,2022-10-26,synthetic
f_6698185807,6698185807,openverse/flickr,https://live.staticflickr.com/7012/6698185807_558be0e913_b.jpg,photos/raw/6698185807.jpg,768,1024,kitchen|window,ep126,2024-12-14,synthetic
f_8692482109,8692482109,openverse/flickr,https://live.staticflickr.com/8123/8692482109_8a518126be_b.jpg,photos/raw/8692482109.jpg,768,1024,antics|casual|cubical|cubicle|desk|employee|fun|funny|geek|informationtechnology|it|moblog|nerd|office|programmer|relaxed|samsunggalaxysiii|softwaredeveloper|work|workday|workplace,ep011,2022-02-21,synthetic
f_8702734614,8702734614,openverse/flickr,https://live.staticflickr.com/8536/8702734614_a3259c6f14_b.jpg,photos/raw/8702734614.jpg,828,1023,antics|casual|cubical|cubicle|desk|employee|fun|funny|geek|informationtechnology|it|moblog|nerd|office|programmer|relaxed|samsunggalaxysiii|softwaredeveloper|work|workday|workplace,ep011,2022-02-21,synthetic
f_8619804757,8619804757,openverse/flickr,https://live.staticflickr.com/8101/8619804757_fac465963f_b.jpg,photos/raw/8619804757.jpg,768,1024,antics|casual|cubical|cubicle|desk|employee|fun|funny|geek|informationtechnology|it|moblog|nerd|office|programmer|relaxed|samsunggalaxysiii|softwaredeveloper|work|workday|workplace,ep145,2025-04-05,synthetic
f_8635513396,8635513396,openverse/flickr,https://live.staticflickr.com/8404/8635513396_3f80daed0d_b.jpg,photos/raw/8635513396.jpg,768,1024,antics|casual|cubical|cubicle|desk|employee|fun|funny|geek|informationtechnology|it|moblog|nerd|office|programmer|relaxed|samsunggalaxysiii|softwaredeveloper|work|workday|workplace,ep146,2025-04-10,synthetic
f_8677317582,8677317582,openverse/flickr,https://live.staticflickr.com/8524/8677317582_9302a2cc63_b.jpg,photos/raw/8677317582.jpg,768,1024,antics|casual|cubical|cubicle|desk|employee|fun|funny|geek|informationtechnology|it|moblog|nerd|office|programmer|relaxed|samsunggalaxysiii|softwaredeveloper|work|workday|workplace,ep145,2025-04-05,synthetic
f_8615156318,8615156318,openverse/flickr,https://live.staticflickr.com/8104/8615156318_be50531754_b.jpg,photos/raw/8615156318.jpg,768,1024,antics|casual|cubical|cubicle|desk|employee|fun|funny|geek|informationtechnology|it|moblog|nerd|office|programmer|relaxed|samsunggalaxysiii|softwaredeveloper|work|workday|workplace,ep145,2025-04-05,synthetic
f_21857372126,21857372126,openverse/flickr,https://live.staticflickr.com/593/21857372126_786130dfc0_b.jpg,photos/raw/21857372126.jpg,1024,805,antique|black|blackwhite|desk|empty|found|foundphotograph|interior|lamp|monochrome|office|oil|oillamp|old|photograph|photographs|snapshot|vernacular|vintage|white|adult|art|chair|desk|furniture|group|home|illustration|indoors|man|one|people|print|room|seat|table|two|vehicle|wear,ep150,2025-05-19,synthetic
f_4546678777,4546678777,openverse/flickr,https://live.staticflickr.com/4053/4546678777_b41e7277b2_b.jpg,photos/raw/4546678777.jpg,1024,607,antique|art|consignment|furniture|gallery|housewares|repurposed|secondhand|tea|thelivingroom|vintage|cabinet|chair|contemporary|cupboard|desk|drawer|empty|family|furniture|house|indoors|inside|interior design|room|shelf|table|wood,ep032,2022-10-23,synthetic
f_8148596365,8148596365,openverse/flickr,https://live.staticflickr.com/8189/8148596365_b57fde4aa8_b.jpg,photos/raw/8148596365.jpg,768,1024,antics|casual|cubical|cubicle|desk|developer|employee|fun|funny|geek|informationtechnology|it|moblog|nerd|office|programmer|relaxed|samsunggalaxysiii|sandiego|software|softwaredeveloper|work|workday|working|workplace,ep145,2025-04-05,synthetic
f_8717388995,8717388995,openverse/flickr,https://live.staticflickr.com/7414/8717388995_fd4cf07bd5_b.jpg,photos/raw/8717388995.jpg,768,1024,antics|casual|comfortable|corporate|cubical|cubicle|desk|developer|funny|geek|informationtechnology|it|moblog|nerd|office|programmer|relaxation|relaxed|samsunggalaxysiii|slacker|softwaredeveloper|woking|work|working|workplace|workspace,ep146,2025-04-10,synthetic
f_8817651426,8817651426,openverse/flickr,https://live.staticflickr.com/7346/8817651426_c3ab107740_b.jpg,photos/raw/8817651426.jpg,768,1024,antics|casual|comfortable|corporate|cubical|cubicle|desk|developer|funny|geek|informationtechnology|it|moblog|nerd|office|programmer|relaxation|relaxed|samsunggalaxysiii|slacker|softwaredeveloper|woking|work|working|workplace|workspace,ep146,2025-04-10,synthetic
f_8869415736,8869415736,openverse/flickr,https://live.staticflickr.com/3806/8869415736_12ca6a3227_b.jpg,photos/raw/8869415736.jpg,768,1024,antics|casual|comfortable|corporate|cubical|cubicle|desk|developer|funny|geek|informationtechnology|it|moblog|nerd|office|programmer|relaxation|relaxed|samsunggalaxysiii|slacker|softwaredeveloper|woking|work|working|workplace|workspace,ep067,2023-08-05,synthetic
f_9027379326,9027379326,openverse/flickr,https://live.staticflickr.com/7360/9027379326_c093dab447_b.jpg,photos/raw/9027379326.jpg,1024,768,antics|casual|comfortable|corporate|cubical|cubicle|desk|developer|funny|geek|informationtechnology|it|moblog|nerd|office|programmer|relaxation|relaxed|samsunggalaxysiii|slacker|softwaredeveloper|woking|work|working|workplace|workspace,ep036,2022-12-11,synthetic
f_8973689781,8973689781,openverse/flickr,https://live.staticflickr.com/8268/8973689781_94c79887f4_b.jpg,photos/raw/8973689781.jpg,727,1024,antics|casual|comfortable|corporate|cubical|cubicle|desk|developer|funny|geek|informationtechnology|it|moblog|nerd|office|programmer|relaxation|relaxed|samsunggalaxysiii|slacker|softwaredeveloper|woking|work|working|workplace|workspace,ep145,2025-04-05,synthetic
f_8895473677,8895473677,openverse/flickr,https://live.staticflickr.com/3802/8895473677_c043680cb1_b.jpg,photos/raw/8895473677.jpg,768,1024,antics|casual|comfortable|corporate|cubical|cubicle|desk|developer|funny|geek|informationtechnology|it|moblog|nerd|office|programmer|relaxation|relaxed|samsunggalaxysiii|slacker|softwaredeveloper|woking|work|working|workplace|workspace,ep145,2025-04-05,synthetic
f_8698543207,8698543207,openverse/flickr,https://live.staticflickr.com/8418/8698543207_80dda52e97_b.jpg,photos/raw/8698543207.jpg,1024,768,antics|casual|cubical|cubicle|desk|employee|fun|funny|geek|informationtechnology|it|moblog|nerd|office|programmer|relaxed|samsunggalaxysiii|softwaredeveloper|work|workday|workplace,ep143,2025-03-28,synthetic
f_8634800701,8634800701,openverse/flickr,https://live.staticflickr.com/8258/8634800701_16f0b7ca8a_b.jpg,photos/raw/8634800701.jpg,768,1024,antics|casual|cubical|cubicle|desk|employee|fun|funny|geek|informationtechnology|it|moblog|nerd|office|programmer|relaxed|samsunggalaxysiii|softwaredeveloper|work|workday|workplace,ep145,2025-04-05,synthetic
f_8654907573,8654907573,openverse/flickr,https://live.staticflickr.com/8114/8654907573_ccf9aba884_b.jpg,photos/raw/8654907573.jpg,1024,1024,antics|casual|cubical|cubicle|desk|employee|fun|funny|geek|informationtechnology|it|moblog|nerd|office|programmer|relaxed|samsunggalaxysiii|softwaredeveloper|work|workday|workplace,ep146,2025-04-10,synthetic
f_8664403696,8664403696,openverse/flickr,https://live.staticflickr.com/8254/8664403696_463193162d_b.jpg,photos/raw/8664403696.jpg,768,1024,antics|casual|cubical|cubicle|desk|employee|fun|funny|geek|informationtechnology|it|moblog|nerd|office|programmer|relaxed|samsunggalaxysiii|softwaredeveloper|work|workday|workplace,ep146,2025-04-10,synthetic
f_8660222487,8660222487,openverse/flickr,https://live.staticflickr.com/8121/8660222487_43276100c8_b.jpg,photos/raw/8660222487.jpg,768,1024,antics|casual|cubical|cubicle|desk|employee|fun|funny|geek|informationtechnology|it|moblog|nerd|office|programmer|relaxed|samsunggalaxysiii|softwaredeveloper|work|workday|workplace,ep146,2025-04-10,synthetic
f_3550565021,3550565021,openverse/flickr,https://live.staticflickr.com/3606/3550565021_234c9e9810_b.jpg,photos/raw/3550565021.jpg,672,1023,concert|crowd|group|indoors|many|music|people,ep033,2022-10-26,synthetic
f_4830359759,4830359759,openverse/flickr,https://live.staticflickr.com/4101/4830359759_bc131afc05_b.jpg,photos/raw/4830359759.jpg,1024,682,1007|70200mmf28gvr|band|concert|concerts|d700|fx|live|music|norahjones|notc|photography|photos|robale|rock|show|thefall|thefalltour|tour|youngrobv,ep143,2025-03-28,synthetic
f_10838503476,10838503476,openverse/flickr,https://live.staticflickr.com/3681/10838503476_f76191763a_b.jpg,photos/raw/10838503476.jpg,1024,768,celebrity|city|concert|famous|gig|glasgow|instrument|music|musician|night|pop|scotland|scottish|tour|audience|band|concert|festival|guitar|guitarist|music|musician|performance|pop music|rap|singer|song|stage,ep060,2023-06-24,synthetic
f_8551366261,8551366261,openverse/flickr,https://live.staticflickr.com/8105/8551366261_bd14dc90bd_b.jpg,photos/raw/8551366261.jpg,895,1023,johannstraussorchestra|jso,ep122,2024-11-20,synthetic
f_3553660726,3553660726,openverse/flickr,https://live.staticflickr.com/3576/3553660726_586fce78cb_b.jpg,photos/raw/3553660726.jpg,1024,1024,architecture|bridge|building|city|dusk|evening|light|modern|reflection|river|urban,ep033,2022-10-26,synthetic
f_3550672371,3550672371,openverse/flickr,https://live.staticflickr.com/3557/3550672371_379817d071_b.jpg,photos/raw/3550672371.jpg,1024,687,architecture|building|city|light|street|travel,ep102,2024-06-27,synthetic
f_5592139283,5592139283,openverse/flickr,https://live.staticflickr.com/5027/5592139283_7677ac12ca_b.jpg,photos/raw/5592139283.jpg,1024,685,2011|architecture|art|building|buildings|california|city|concerthall|downtownla|hdr|imagenomic|losangeles|noiseware|photomatix|unitedstates|urban|us|usa|waltdisneyconcerthall|architecture|building|business|city|cityscape|construction|downtown|futuristic|glass items|hotel|modern|museum|office|reflection|sky|skyline|skyscraper|travel|urban,ep045,2023-03-10,synthetic
f_5773936970,5773936970,openverse/flickr,https://live.staticflickr.com/3473/5773936970_ca912f2478_b.jpg,photos/raw/5773936970.jpg,792,1024,adult|man|music|one|people|wear|woman,ep079,2023-12-06,synthetic
f_4384960279,4384960279,openverse/flickr,https://live.staticflickr.com/4068/4384960279_e8a4b737d0_b.jpg,photos/raw/4384960279.jpg,1024,670,1|11|doubleneck|drummer|eleven|garden|guitar|jimmypage|johnbonham|johnpaul|lead|ledzeppelin|lighting|madisonsquaregarden|metal|msg|music|robertplant|rock|sing|square|stage|vocals,ep051,2023-04-23,synthetic
f_15211646703,15211646703,openverse/flickr,https://live.staticflickr.com/7466/15211646703_fb5a3c62c5_b.jpg,photos/raw/15211646703.jpg,1024,767,catholic|concertphotography|john|johnariragai|johnragai|johnragaiphotos|kelanajaya|malaysia|momentcatcher|olympus|olympusmzuiko45mmf18|omd|omdem5|people|ragai|sicchurchevent|sicmandarinmusicministry|stignatiuschurch|welcomingchristconcert,ep173,2025-11-18,synthetic
f_2632880868,2632880868,openverse/flickr,https://live.staticflickr.com/3002/2632880868_67556915fa_b.jpg,photos/raw/2632880868.jpg,1024,717,branvan3000montrealjazzfestivalfestbranvan3000jazzfestivaljazzfestconcertcrowdperformancequebecbv3klivetourmusic|montrealjazzfestival,ep060,2023-06-25,synthetic
f_1609904186,1609904186,openverse/flickr,https://live.staticflickr.com/2410/1609904186_c28945d4d6_b.jpg,photos/raw/1609904186.jpg,1024,768,2007|amazing|art|beautiful|beauty|best|brilliant|building|city|clipart|collection|color|colors|colour|colours|dex|dexxus|digital|downtown|exposure|fineartphotos|flick|flicker|flickr|flikr|google|graphics|hot|image|images|la|latrip|losangeles|msn|outdoors|pages|photo|photograph|photography|photos|photoshop|pic|pics|picture|pictures|pix|screensavers|sensational|sky|thumb|thumbnails|top|view|yahoo|architecture|business|city|cityscape|contemporary|dusk|futuristic|light|outdoors|sky|travel|urban,ep153,2025-06-13,synthetic
f_9345756780,9345756780,openverse/flickr,https://live.staticflickr.com/7343/9345756780_3d03f37fb0.jpg,photos/raw/9345756780.jpg,500,240,comeandgetit|demilovato|disney|hollywoodrecords|jamesfranco|music|popmusic|selenagomez|selenagomez2013|selenagomezconcert|selenagomezlive|springbreakers|starsdance|video|walmart|walmartsoundcheck|wizardsofwaverlyplace|fashion|indoors|pretty|sexy|woman,ep100,2024-06-16,synthetic
f_15646246250,15646246250,openverse/flickr,https://live.staticflickr.com/7545/15646246250_e32ff5e2e3_b.jpg,photos/raw/15646246250.jpg,1023,766,catholic|concertphotography|john|johnariragai|johnragai|johnragaiphotos|kelanajaya|malaysia|momentcatcher|olympus|olympusmzuiko45mmf18|omd|omdem5|people|ragai|sicchurchevent|sicmandarinmusicministry|stignatiuschurch|welcomingchristconcert,ep173,2025-11-18,synthetic
f_6418071527,6418071527,openverse/flickr,https://live.staticflickr.com/7151/6418071527_ccd48650c8_b.jpg,photos/raw/6418071527.jpg,768,1023,concert|jay|jayz|kanye|kanyewest|pittsburgh|setlist|throne|tour|watch|watchthethrone|west|z,ep005,2022-01-28,synthetic
f_2814947478,2814947478,openverse/flickr,https://live.staticflickr.com/3212/2814947478_cbcc7c5cf5_b.jpg,photos/raw/2814947478.jpg,1024,682,bell|bellcenter|canada|celine|celinedion|center|centre|centrebell|chances|concert|dion|live|montreal|music|performance|pop|quebec|taking|takingchances|adult|concert|festival|girl|music|musician|one|people|performance|portrait|singer|woman,ep014,2022-03-14,synthetic
f_3517144189,3517144189,openverse/flickr,https://live.staticflickr.com/3301/3517144189_d3b2f3bb35_b.jpg,photos/raw/3517144189.jpg,1024,800,bell|center|centre|centrebell|concert|instruments|live|montreal|musician|tour|voices|yanni|actress|concert|dress|fashion|festival|movie|music|musician|people|performance|public show|red carpet|singer|stage|theater|theatre|wear,ep005,2022-01-28,synthetic
f_8786592477,8786592477,openverse/flickr,https://live.staticflickr.com/7364/8786592477_3cef24fc5f_b.jpg,photos/raw/8786592477.jpg,1024,682,concert|desertminstrels|india|jodhpur|manganiars|mehrangarhfort|moonlight|rajasthan|thardesert,ep112,2024-09-13,synthetic
f_10838505426,10838505426,openverse/flickr,https://live.staticflickr.com/3706/10838505426_9e4c5e1b99_b.jpg,photos/raw/10838505426.jpg,1024,768,celebrity|city|concert|famous|gig|glasgow|instrument|music|musician|night|pop|scotland|scottish|tour,ep060,2023-06-23,synthetic
f_3804548088,3804548088,openverse/flickr,https://live.staticflickr.com/3519/3804548088_160d0ca536_b.jpg,photos/raw/3804548088.jpg,1024,797,acdc|acdcmontreal|black|blackice|blackicetour|concert|ice|montreal|olympic|olympicstadium|rock|rocknroll|roll|stadium|tour,ep060,2023-06-26,synthetic
f_4222450828,4222450828,openverse/flickr,https://live.staticflickr.com/2499/4222450828_6819198eaf_b.jpg,photos/raw/4222450828.jpg,1024,768,weddingguests,ep021,2022-06-13,synthetic
f_4221717987,4221717987,openverse/flickr,https://live.staticflickr.com/4058/4221717987_9bf4f91900_b.jpg,photos/raw/4221717987.jpg,1024,768,weddingguests,ep021,2022-06-13,synthetic
f_15625998241,15625998241,openverse/flickr,https://live.staticflickr.com/5613/15625998241_83759f9b86_b.jpg,photos/raw/15625998241.jpg,1024,683,albuml|corsage|gsv|hat|victoria|adult|group|leader|lid|man|people|portrait|retro|two|woman,ep083,2024-01-02,synthetic
f_152086075,152086075,openverse/flickr,https://live.staticflickr.com/44/152086075_1921665214_b.jpg,photos/raw/152086075.jpg,1024,691,gay|lesbian|reception|wedding|workshop,ep073,2023-09-08,synthetic
f_152086074,152086074,openverse/flickr,https://live.staticflickr.com/44/152086074_3a8f0546af_b.jpg,photos/raw/152086074.jpg,1024,691,gay|lesbian|reception|wedding|workshop,ep041,2023-01-26,synthetic
f_15099462933,15099462933,openverse/flickr,https://live.staticflickr.com/3950/15099462933_fa1c0abe89_b.jpg,photos/raw/15099462933.jpg,1024,768,cambodia|khmer|wedding,ep164,2025-08-22,synthetic
f_9687427,9687427,openverse/flickr,https://live.staticflickr.com/7/9687427_42683d3a02.jpg,photos/raw/9687427.jpg,499,375,2005|april|audrey|austin|carlos|corset|female|miniskirt|skin|texas|wedding,ep041,2023-01-25,synthetic
f_5198011891,5198011891,openverse/flickr,https://live.staticflickr.com/4108/5198011891_bf5cebedea_b.jpg,photos/raw/5198011891.jpg,1024,768,2010|breakfast|family|hopsonwedding|schulenbergtx|smith,ep022,2022-06-19,synthetic
f_6893498753,6893498753,openverse/flickr,https://live.staticflickr.com/7189/6893498753_36fae1016d_b.jpg,photos/raw/6893498753.jpg,636,1024,,ep049,2023-04-13,synthetic
f_9143612665,9143612665,openverse/flickr,https://live.staticflickr.com/7413/9143612665_35ea3a7a1a_b.jpg,photos/raw/9143612665.jpg,1024,671,leningrad|monumenttotheheroicdefendersofleningrad|russia|russianwedding|russianweddingpictures|stpetersburg|ussr,ep173,2025-11-18,synthetic
f_19108231211,19108231211,openverse/flickr,https://live.staticflickr.com/541/19108231211_a9245fd4dd_b.jpg,photos/raw/19108231211.jpg,1024,678,2015|afsdxvrzoomnikkor18105mmf3556ged|boothbay|boothbayharbor|dock|june2015|linekinbayresort|maine,ep073,2023-09-06,synthetic
f_11978408264,11978408264,openverse/flickr,https://live.staticflickr.com/3757/11978408264_bfc4c1efdb_b.jpg,photos/raw/11978408264.jpg,1024,576,2014|808|cameraphone|carlzeiss|guests|hugovk|hvk|january|nokia|nokia808pureview|norway|pureview|sami|samiweddingguests|talvi|tromsdalen|tromsfylke|tromsu00f8kommune|wedding|winter,ep173,2025-11-18,synthetic
f_68468555,68468555,openverse/flickr,https://live.staticflickr.com/6/68468555_4c60a1abde_b.jpg,photos/raw/68468555.jpg,768,1024,bride|groom|wedding,ep031,2022-10-20,synthetic
f_9581085021,9581085021,openverse/flickr,https://live.staticflickr.com/7353/9581085021_f0fb3bbb2a_b.jpg,photos/raw/9581085021.jpg,1024,633,bristolbus|clifton|wedding,ep118,2024-10-16,synthetic
f_3845594849,3845594849,openverse/flickr,https://live.staticflickr.com/2426/3845594849_14bda274b1_b.jpg,photos/raw/3845594849.jpg,758,1024,candid|siberia|street|u044fu043au0443u0442u0441u043a|wedding,ep069,2023-08-16,synthetic
f_8030633605,8030633605,openverse/flickr,https://live.staticflickr.com/8457/8030633605_b35493e71f_b.jpg,photos/raw/8030633605.jpg,1024,768,frankfurt|guests|onlooker|plaza|square|wedding,ep075,2023-09-23,synthetic
f_3296221824,3296221824,openverse/flickr,https://live.staticflickr.com/3592/3296221824_aef0bd585f_b.jpg,photos/raw/3296221824.jpg,683,1024,blackandwhite|bw|portrait|wedding|weddingcandid|weddingguest|weddingguestcandid,ep041,2023-01-28,synthetic
f_152086076,152086076,openverse/flickr,https://live.staticflickr.com/44/152086076_92578cff01_b.jpg,photos/raw/152086076.jpg,1024,691,gay|lesbian|reception|wedding|workshop,ep041,2023-01-27,synthetic
f_4221367255,4221367255,openverse/flickr,https://live.staticflickr.com/4011/4221367255_425c32bcdb_b.jpg,photos/raw/4221367255.jpg,1024,768,weddingguests,ep041,2023-01-25,synthetic
f_18663121784,18663121784,openverse/flickr,https://live.staticflickr.com/448/18663121784_281b67798b_b.jpg,photos/raw/18663121784.jpg,1024,678,2015|afsdxvrzoomnikkor18105mmf3556ged|boothbay|boothbayharbor|june2015|linekinbayresort|maine|pool|reflection|swimmingpool,ep073,2023-09-05,synthetic
f_2773527177,2773527177,openverse/flickr,https://live.staticflickr.com/3138/2773527177_126d5391f1_b.jpg,photos/raw/2773527177.jpg,681,1023,5photosaday|8514|aomori|earthasia|explore|festival|firsttheearth|glennwaters|hirosaki|iso6400|japan|matsuri|neputa|nikkor85mm14d|nikkor85mmf14d|nikond700|noflash|sensational|u3050u308cu3093|u306du3077u305f|u30cbu30b3u30f3|u30dcu30b1|u591c|u6d25u8efdu7f8eu4eba|u796du308a|celebration|dancing|festival|fun|man|music|nightlife|party|people|performance,ep166,2025-09-13,synthetic
f_4225449328,4225449328,openverse/flickr,https://live.staticflickr.com/2731/4225449328_8c0bac603d_b.jpg,photos/raw/4225449328.jpg,1024,684,•ドラゴン|china|chinafestivaloflights|chinese|chinesedragon|dierentuin|draak|dragon|emmen|festival|hetjaarvandedraak|holland|lampion|licht|lichtspektakel|lights|thenetherlands|yearofthedragon|yuanxiao|zoo|龍|龙|art|flame|light,ep158,2025-07-16,synthetic
f_7504670576,7504670576,openverse/flickr,https://live.staticflickr.com/7268/7504670576_9bb409800d_b.jpg,photos/raw/7504670576.jpg,1024,640,alhikesaz|american|americanindian|arizona|art|arts|crafts|culture|festival|flagstaff|hopi|hopifestival|indian|indigenous|kachina|kachinas|katsina|katsinim|museum|museumofnorthernarizona|native|nativeamerican|northern|northernarizona|usa|zb2012,ep063,2023-07-19,synthetic
f_10321570353,10321570353,openverse/flickr,https://live.staticflickr.com/3833/10321570353_42fa88b96f_b.jpg,photos/raw/10321570353.jpg,822,1023,beckoning|brighton|brightonjapanfestival|cats|city|festival|fish|fishlove|formerly|fortune|gardens|giant|httpwwwbrightonjapancom|japan|japancity|japanese|love|lucky|matsuri|money|moshi|moshimo|moshimoshi|nuitblanche|old|restaurant|steine|sushi|u30d5u30a7u30b9u30c6u30a4u30d0u30eb|u30d6u30e9u30a4u535cu30f3|u30d6u30e9u30a4u535cu30f3u66f0u672cu30d5u30a7u30b9u30c6u30a4u30d0u30eb|u62dbu304du732b|u66f0u672c|u796d|waving|welcoming|whitenight|battle|celebration|ceremony|city|drag race|face disguise|festival|group|landscape|many|parade|people|police|rally|religion|road|street|wear,ep173,2025-11-18,synthetic
f_16739194433,16739194433,openverse/flickr,https://live.staticflickr.com/7733/16739194433_9b61ffeaa6_b.jpg,photos/raw/16739194433.jpg,1024,617,bodypaint|costume|crazy|eastsussex|facepainting|fancydress|festival|funny|green|greenman|hastings|hastingsoldtown|jackinthegreen|mayday|morrisdancers|pagan|paganfestival|adult|group|group together|man|many|military|monochrome|parade|people|street|war,ep166,2025-09-11,synthetic
f_18655548253,18655548253,openverse/flickr,https://live.staticflickr.com/3691/18655548253_c2936dacc1_b.jpg,photos/raw/18655548253.jpg,1023,575,beautiful|bellydancer|bellydancing|blackandwhite|blackwhite|bw|canal|canalfestival|canalfestival2015|dance|dancer|dancing|edimbourg|edinburgh|edinburghcanalfestival|edinburghcanalfestival2015|festival|fountainbridge|girl|hands|lochrinbasin|monochrome|peoplewatching|performer|performers|portrait|scotland|sensual|stage|tollcross|unioncanal|woman,ep173,2025-11-18,synthetic
f_48125921298,48125921298,openverse/flickr,https://live.staticflickr.com/65535/48125921298_7984361199_b.jpg,photos/raw/48125921298.jpg,1024,1024,festival|pride,ep044,2023-03-03,synthetic
f_4069906084,4069906084,openverse/flickr,https://live.staticflickr.com/2659/4069906084_f7ba1756e6_b.jpg,photos/raw/4069906084.jpg,1023,687,2009|a|amateur|beeldenaarsnet|bollywood|bomen|choreografie|choreography|dance|dancers|dancing|dansen|dansers|dansparade|danstheater|den|denhaag|dutch|europa|europe|female|festival|geotagged|haag|haags|haagse|haagsuitburo|hague|haia|haya|haye|hdf|hdf09|holland|hollanddancefestival|korte|la|laia|lange|lucent|modern|nederland|nederlands|netherlands|olanda|parade|paysbas|the|theater|thehague|trees|uitbureau|uitburo|voorhout|website|celebration|ceremony|costume|culture|dancer|dancing|dress|festival|group|many|music|parade|people|performance|religion|traditional|wear|woman,ep173,2025-11-18,synthetic
f_47268004131,47268004131,openverse/flickr,https://live.staticflickr.com/7836/47268004131_c2f097c0e8_b.jpg,photos/raw/47268004131.jpg,1024,1024,festival|pride,ep044,2023-03-03,synthetic
f_9226910462,9226910462,openverse/flickr,https://live.staticflickr.com/5446/9226910462_fd9925e142_b.jpg,photos/raw/9226910462.jpg,730,1023,bellydancer|bellydancing|blackandwhite|blackwhite|bw|canal|edinburgh|edinburghcanalfestival|edinburghcanalfestival2013|edinburghraftrace|edinburghraftrace2013|festival|fountainbridge|girl|lochrinbasin|monochrome|portrait|raftrace|tollcross|unioncanal|woman,ep079,2023-12-06,synthetic
f_2721371117,2721371117,openverse/flickr,https://live.staticflickr.com/3243/2721371117_c9838f55a3_b.jpg,photos/raw/2721371117.jpg,1024,768,2008|bear|bike|car|concert|country|creadie|custom|danse|davidson|festival|france|harley|kenworth|mc|mirande|music|old|peterbilt|stage|truck,ep028,2022-09-23,synthetic
f_12431208905,12431208905,openverse/flickr,https://live.staticflickr.com/7420/12431208905_637787b11e_b.jpg,photos/raw/12431208905.jpg,1024,683,2014|february|festival|flying|food|lantern|lanterns|light|luck|market|night|nightmarket|pingxi|roc|sky|skylantern|taiwan|taiwanese|u5e73u6eaa|u81fau7063u71c8u6703|xueshan,ep132,2025-01-08,synthetic
f_2722197378,2722197378,openverse/flickr,https://live.staticflickr.com/3072/2722197378_b5784f743c_b.jpg,photos/raw/2722197378.jpg,768,1024,2008|bear|bike|car|concert|country|creadie|custom|danse|davidson|festival|france|harley|kenworth|mc|mirande|music|old|peterbilt|stage|truck,ep051,2023-04-23,synthetic
f_807484441,807484441,openverse/flickr,https://live.staticflickr.com/1111/807484441_9758b6b0f3_b.jpg,photos/raw/807484441.jpg,768,1024,2007|beer|cheers|creativecommons|cute|dänemark|danmark|denmark|dirty|dk|dyrskuepladsen|europe|explore|festival|fotokonkurrencerdkuge252009|fun|fz20|girls|happy|interestingness|livemusic|mud|muddy|mudgirl|mudgirls|party|rf07|rock|roskilde|roskilde07|roskildefestival|roskildefestival2007|smatten|smile|toast|adult|battle|calamity|child|competition|festival|group|man|many|people|woman,ep070,2023-08-24,synthetic
f_19279972281,19279972281,openverse/flickr,https://live.staticflickr.com/3879/19279972281_f0d20ba4d8_b.jpg,photos/raw/19279972281.jpg,1023,575,beautiful|bellydancer|bellydancing|blackandwhite|blackwhite|bw|canal|canalfestival|canalfestival2015|candid|costume|dance|dancer|dancing|edimbourg|edinburgh|edinburghcanalfestival|edinburghcanalfestival2015|face|festival|fountainbridge|girl|hair|hand|lochrinbasin|monochrome|peoplewatching|performer|performers|portrait|scotland|sensual|smile|stage|tollcross|unioncanal|woman,ep079,2023-12-04,synthetic
f_10321439854,10321439854,openverse/flickr,https://live.staticflickr.com/2882/10321439854_a89d95ff57_b.jpg,photos/raw/10321439854.jpg,1023,366,フェステイバル|beckoning|brighton|brightonjapanfestival|cats|city|festival|fish|fishlove|formerly|fortune|gardens|giant|httpwwwbrightonjapancom|japan|japancity|japanese|love|lucky|matsuri|money|moshi|moshimo|moshimoshi|nuitblanche|old|restaurant|steine|sushi|u30d5u30a7u30b9u30c6u30a4u30d0u30eb|u30d6u30e9u30a4u535cu30f3|u30d6u30e9u30a4u535cu30f3u66f0u672cu30d5u30a7u30b9u30c6u30a4u30d0u30eb|u62dbu304du732b|u66f0u672c|u796d|waving|welcoming|whitenight,ep083,2024-01-02,synthetic
f_5521824144,5521824144,openverse/flickr,https://live.staticflickr.com/5292/5521824144_ae7d0701ef_b.jpg,photos/raw/5521824144.jpg,1024,683,festival|future|music,ep119,2024-10-25,synthetic
f_5521221227,5521221227,openverse/flickr,https://live.staticflickr.com/5020/5521221227_51c0116756_b.jpg,photos/raw/5521221227.jpg,1024,683,festival|future|music,ep044,2023-03-03,synthetic
f_4831319533,4831319533,openverse/flickr,https://live.staticflickr.com/4154/4831319533_aef4b0a60c_b.jpg,photos/raw/4831319533.jpg,683,1024,アスカ|うしじま|コスプレ|2010|5dmkii|asuka|cosplay|ef100mm|evangelion|festival|hkdmz|japan|kaiyodo|summer|u3044u3044u8089|u3046u3057u3058u307e|u30a2u30b9u30ab|u30b3u30b9u30d7u30ec|ushizima|wonder|いい肉,ep100,2024-06-16,synthetic
f_7805049782,7805049782,openverse/flickr,https://live.staticflickr.com/8291/7805049782_586fab2d5c_b.jpg,photos/raw/7805049782.jpg,680,1024,automobile|boisson|canada|centreville|commercial|crescent|downtown|drink|énergétique|energy|événement|festival|fête|fu00eate|hype|montréal|montru00e9al|nascar|publicité|publicitu00e9|québec|quu00e9bec|rue|sport|street|u00e9nergu00e9tique|u00e9vu00e9nement,ep071,2023-08-27,synthetic
f_2231112379,2231112379,openverse/flickr,https://live.staticflickr.com/2075/2231112379_f6c7f1cfbc_b.jpg,photos/raw/2231112379.jpg,1024,605,br|clairesambrook|clairesambrookphotographer|createup|customiseit|iphone|iphonecover|iphoneskin|london|moleskin|moleskine|mytego|portsmouth|train|welshphotographer,ep102,2024-06-27,synthetic
f_3614956414,3614956414,openverse/flickr,https://live.staticflickr.com/3640/3614956414_d9f8d9a36f_b.jpg,photos/raw/3614956414.jpg,1024,684,embroidered|embroidery|fiber|fiberart|fibre|fibreart|handmade|smocking|stitch|textile|textileart|wip|workinprogress,ep130,2025-01-02,synthetic
f_18972254806,18972254806,openverse/flickr,https://live.staticflickr.com/305/18972254806_bf543744c7_b.jpg,photos/raw/18972254806.jpg,775,1023,art|drawing|sketch,ep023,2022-06-28,synthetic
f_206772625,206772625,openverse/flickr,https://live.staticflickr.com/62/206772625_b4dc81fd63.jpg,photos/raw/206772625.jpg,375,500,india|railway|traffic|train|city|landscape|outdoors|people|street|travel,ep118,2024-10-20,synthetic
f_15000699930,15000699930,openverse/flickr,https://live.staticflickr.com/3902/15000699930_71017c6603_b.jpg,photos/raw/15000699930.jpg,1024,768,albania|albanianrailways,ep015,2022-04-15,synthetic
f_31219397394,31219397394,openverse/flickr,https://live.staticflickr.com/438/31219397394_a037b86deb_b.jpg,photos/raw/31219397394.jpg,1024,683,,ep154,2025-06-19,synthetic
f_31219413114,31219413114,openverse/flickr,https://live.staticflickr.com/456/31219413114_a9a49aa4d1_b.jpg,photos/raw/31219413114.jpg,1024,683,no|norway|sognogfjordane|stage1,ep176,2025-12-04,synthetic
f_15934585945,15934585945,openverse/flickr,https://live.staticflickr.com/7561/15934585945_22454a85bd_b.jpg,photos/raw/15934585945.jpg,1024,683,bergenrailway|mountains|norway|snow,ep176,2025-12-02,synthetic
f_32060587585,32060587585,openverse/flickr,https://live.staticflickr.com/508/32060587585_5e81e7cf39_b.jpg,photos/raw/32060587585.jpg,1024,683,no|norway|sognogfjordane|stage1,ep176,2025-12-04,synthetic
f_31250368383,31250368383,openverse/flickr,https://live.staticflickr.com/495/31250368383_3ed5b0b848_b.jpg,photos/raw/31250368383.jpg,1024,683,no|norway|sognogfjordane|stage1,ep176,2025-12-04,synthetic
f_52752833612,52752833612,openverse/flickr,https://live.staticflickr.com/65535/52752833612_897c0614cc_b.jpg,photos/raw/52752833612.jpg,1024,665,,ep154,2025-06-22,synthetic
f_15187350005,15187350005,openverse/flickr,https://live.staticflickr.com/3842/15187350005_d5903a3bf0_b.jpg,photos/raw/15187350005.jpg,1024,768,albania|albanianrailways,ep140,2025-03-09,synthetic
f_2099050814,2099050814,openverse/flickr,https://live.staticflickr.com/2127/2099050814_153abd3384_b.jpg,photos/raw/2099050814.jpg,1024,768,deutschebahn|geotagged|traininterior|trains,ep033,2022-10-26,synthetic
f_32022037726,32022037726,openverse/flickr,https://live.staticflickr.com/5612/32022037726_d6d57c9479_b.jpg,photos/raw/32022037726.jpg,1023,748,no|norway|sognogfjordane|stage1,ep154,2025-06-17,synthetic
f_31912636242,31912636242,openverse/flickr,https://live.staticflickr.com/358/31912636242_2e921a464e_b.jpg,photos/raw/31912636242.jpg,1023,575,,ep118,2024-10-16,synthetic
f_31912658822,31912658822,openverse/flickr,https://live.staticflickr.com/300/31912658822_01bf50ef2b_b.jpg,photos/raw/31912658822.jpg,683,1024,,ep154,2025-06-18,synthetic
f_51894740142,51894740142,openverse/flickr,https://live.staticflickr.com/65535/51894740142_329795e450_b.jpg,photos/raw/51894740142.jpg,1024,683,breakfast|coffeebar|geotagged|rx100m6|sony|trainstation,ep153,2025-06-13,synthetic
f_2211521557,2211521557,openverse/flickr,https://live.staticflickr.com/2419/2211521557_410d24676a_b.jpg,photos/raw/2211521557.jpg,1024,1024,005sec|0ev|40d|60mm|bilf|book|canon|chronicle|ebay|eos|f8|groupyourbooks|hpexif|iso100|ispy|leol30random|news|newschronicle|vintage|xleol30x|xratio1x1x|xsquarex|xx2008xx,ep108,2024-08-10,synthetic
f_31250591633,31250591633,openverse/flickr,https://live.staticflickr.com/713/31250591633_c3eb79e4dd_b.jpg,photos/raw/31250591633.jpg,1024,713,no|norway|sognogfjordane|stage1,ep176,2025-12-04,synthetic
f_32060863575,32060863575,openverse/flickr,https://live.staticflickr.com/671/32060863575_576ef01b73_b.jpg,photos/raw/32060863575.jpg,1024,683,,ep176,2025-12-04,synthetic
f_2783770545,2783770545,openverse/flickr,https://live.staticflickr.com/3256/2783770545_5c5bbf57c4_b.jpg,photos/raw/2783770545.jpg,1024,563,2008|200808|20080807|bethanybeach|comedy|delaware|dinner|dinner20080807|dinner20080807bethanybeachfamilydinner|franksawyer|funny|funnyface|jgerardsawyer|magnolias|mariasawyer|meal|restaurant|sitting|talking,ep048,2023-04-08,synthetic
f_8030754939,8030754939,openverse/flickr,https://live.staticflickr.com/8030/8030754939_b7443b4217_b.jpg,photos/raw/8030754939.jpg,1024,683,1stladyofmaryland|judgekatherineomalley|katieomalley|militaryfamiliesdinner,ep021,2022-06-13,synthetic
f_2784593048,2784593048,openverse/flickr,https://live.staticflickr.com/3131/2784593048_9f71940050_b.jpg,photos/raw/2784593048.jpg,1023,568,2008|200808|20080807|bethanybeach|delaware|dinner|dinner20080807|dinner20080807bethanybeachfamilydinner|grouppicture|jonathansawyer|juliekrier|lowellsawyer|magnolias|margarethasawyer|marksawyer|meal|priscillacornelio|restaurant|stevesawyer|timothysawyer,ep021,2022-06-13,synthetic
f_2783743273,2783743273,openverse/flickr,https://live.staticflickr.com/3168/2783743273_7d2187755e_b.jpg,photos/raw/2783743273.jpg,1024,555,2008|200808|20080807|bethanybeach|delaware|dinner|dinner20080807|dinner20080807bethanybeachfamilydinner|grouppicture|jonathansawyer|juliekrier|lowellsawyer|magnolias|marksawyer|meal|priscillacornelio|restaurant|standing|stevesawyer|timothysawyer,ep041,2023-01-26,synthetic
f_2783755741,2783755741,openverse/flickr,https://live.staticflickr.com/3086/2783755741_f36c663aac_b.jpg,photos/raw/2783755741.jpg,768,1024,2008|200808|20080807|bethanybeach|caissonkillen|delaware|dinner|dinner20080807|dinner20080807bethanybeachfamilydinner|jonathansawyer|magnolias|meal|restaurant|riding|ridingshoulder|ridingshoulders|shoulder|shoulders|sucking|suckingthumb|thumb,ep133,2025-01-13,synthetic
f_2783752511,2783752511,openverse/flickr,https://live.staticflickr.com/3078/2783752511_9a6f190be0_b.jpg,photos/raw/2783752511.jpg,1024,701,2008|200808|20080807|bethanybeach|carolyn|comedy|delaware|dinner|dinner20080807|dinner20080807bethanybeachfamilydinner|franksawyer|funny|funnyface|hand|handsign|jgerardsawyer|magnolias|meal|restaurant|sign|sitting,ep041,2023-01-26,synthetic
f_28620751864,28620751864,openverse/flickr,https://live.staticflickr.com/8074/28620751864_9ca158e972_b.jpg,photos/raw/28620751864.jpg,1024,328,,ep106,2024-07-27,synthetic
f_2918635885,2918635885,openverse/flickr,https://live.staticflickr.com/3245/2918635885_04ede423e9_b.jpg,photos/raw/2918635885.jpg,1024,768,dinnerdance|elmiracollege|fatherdaughterdance|mothersondance|parentsweekend,ep012,2022-02-26,synthetic
f_2919487316,2919487316,openverse/flickr,https://live.staticflickr.com/3031/2919487316_48144e203b_b.jpg,photos/raw/2919487316.jpg,1024,768,dinnerdance|elmiracollege|fatherdaughterdance|mothersondance|parentsweekend,ep031,2022-10-19,synthetic
f_301918083,301918083,openverse/flickr,https://live.staticflickr.com/110/301918083_03aebd0992_b.jpg,photos/raw/301918083.jpg,1024,819,butternut|recipe|soup|squash,ep054,2023-05-07,synthetic
f_8030700738,8030700738,openverse/flickr,https://live.staticflickr.com/8033/8030700738_513866ac3e_b.jpg,photos/raw/8030700738.jpg,1024,683,1stladyofmaryland|judgekatherineomalley|katieomalley|militaryfamiliesdinner,ep073,2023-09-11,synthetic
f_8030574142,8030574142,openverse/flickr,https://live.staticflickr.com/8039/8030574142_5cae74f07f_b.jpg,photos/raw/8030574142.jpg,1024,683,1stladyofmaryland|judgekatherineomalley|katieomalley|militaryfamiliesdinner,ep073,2023-09-06,synthetic
f_8030578118,8030578118,openverse/flickr,https://live.staticflickr.com/8315/8030578118_f60ec5176a_b.jpg,photos/raw/8030578118.jpg,1024,683,1stladyofmaryland|judgekatherineomalley|katieomalley|militaryfamiliesdinner,ep073,2023-09-11,synthetic
f_8030666400,8030666400,openverse/flickr,https://live.staticflickr.com/8451/8030666400_26a851c3f5_b.jpg,photos/raw/8030666400.jpg,819,1024,1stladyofmaryland|judgekatherineomalley|katieomalley|militaryfamiliesdinner,ep133,2025-01-13,synthetic
f_8030699579,8030699579,openverse/flickr,https://live.staticflickr.com/8176/8030699579_ed8de0f7f6_b.jpg,photos/raw/8030699579.jpg,1024,683,1stladyofmaryland|judgekatherineomalley|katieomalley|militaryfamiliesdinner,ep073,2023-09-06,synthetic
f_8030564570,8030564570,openverse/flickr,https://live.staticflickr.com/8170/8030564570_0896205a0f_b.jpg,photos/raw/8030564570.jpg,1024,819,1stladyofmaryland|judgekatherineomalley|katieomalley|militaryfamiliesdinner,ep117,2024-10-11,synthetic
f_8030539699,8030539699,openverse/flickr,https://live.staticflickr.com/8455/8030539699_ce86595892_b.jpg,photos/raw/8030539699.jpg,1024,819,1stladyofmaryland|judgekatherineomalley|katieomalley|militaryfamiliesdinner,ep133,2025-01-13,synthetic
f_8030666323,8030666323,openverse/flickr,https://live.staticflickr.com/8170/8030666323_071b7ee67a_b.jpg,photos/raw/8030666323.jpg,1024,819,1stladyofmaryland|judgekatherineomalley|katieomalley|militaryfamiliesdinner,ep129,2024-12-28,synthetic
f_8030588429,8030588429,openverse/flickr,https://live.staticflickr.com/8040/8030588429_20e6a86938_b.jpg,photos/raw/8030588429.jpg,1023,683,1stladyofmaryland|judgekatherineomalley|katieomalley|militaryfamiliesdinner,ep117,2024-10-11,synthetic
f_8030658384,8030658384,openverse/flickr,https://live.staticflickr.com/8177/8030658384_1df76d53d8_b.jpg,photos/raw/8030658384.jpg,1024,819,1stladyofmaryland|judgekatherineomalley|katieomalley|militaryfamiliesdinner,ep133,2025-01-13,synthetic
f_6294476210,6294476210,openverse/flickr,https://live.staticflickr.com/6232/6294476210_a30f7f7a80_b.jpg,photos/raw/6294476210.jpg,701,1023,bikers|costume|halloween|happyhalloween|party|tease|adult|brunette|girl|leather|one|pants|people|portrait|wear|woman,ep155,2025-06-25,synthetic
f_2286540344,2286540344,openverse/flickr,https://live.staticflickr.com/2194/2286540344_f26258cd05_b.jpg,photos/raw/2286540344.jpg,681,1024,1511|50yearsold|alaskans|birthdayparty|blue|capitalhill|capitolhill|celebration|chenrayzee|chenrayzig|chenrazi|chenrezig|festivities|friends|green|johnforbesbirthday|johnforbesbirthdayparty|party|professionalpartydancerandmeditator|red|redhead|redheaded|seattle|thousandarmedchenrezigbodhisattvaofcompassiontattooedonherback|threeheadedchenrezigbodhisattvaofcompassiontattooedonherback|usa|washington|white|wonderlane|adult|body|fashion|girl|model|nude|one|people|tattoo|woman,ep155,2025-06-28,synthetic
f_57629984,57629984,openverse/flickr,https://live.staticflickr.com/31/57629984_e136e88849_b.jpg,photos/raw/57629984.jpg,1024,768,blue|clerkenwell|club|clubculture|dance|fabric|friends|fun|k750i|laserlight|lightspot|livemusic|london|nightlife|party|partypics|partypix|phun|portfolio|sonyericssonk750i|weekend|werewolvesoflondon|abstract|blur|club|concert|energy|insubstantial|laser|light|motion|music|party|performance|rave|spotlight|stage,ep060,2023-06-23,synthetic
f_292116925,292116925,openverse/flickr,https://live.staticflickr.com/110/292116925_007ac00b64_b.jpg,photos/raw/292116925.jpg,1024,683,bar|bars|costumes|diagnose|doctor|donna|drinking|friends|fun|girls|halloween|heartbeat|hot|janelle|listen|newyork|newyorkcity|nyc|party|roleplay|shenanigans|stethoscope|tinkerbell|whatdavesees|wonderwoman,ep031,2022-10-18,synthetic
f_15970873098,15970873098,openverse/flickr,https://live.staticflickr.com/8657/15970873098_e7fcfd20aa_b.jpg,photos/raw/15970873098.jpg,315,1023,boy|children|instruction|jumper|orphanage|pants|party|pee|trousers|wellies|wellingtons|wetting,ep173,2025-11-18,synthetic
f_2067171646,2067171646,openverse/flickr,https://live.staticflickr.com/2309/2067171646_f791316d4f_b.jpg,photos/raw/2067171646.jpg,1024,768,coloraccent|friends|party,ep031,2022-10-20,synthetic
f_51582629487,51582629487,openverse/flickr,https://live.staticflickr.com/65535/51582629487_5a3c304902_b.jpg,photos/raw/51582629487.jpg,1024,768,aaa|challenge|contactgroups|de|eu|europa|explore|fall|flickering|flickr|flickring|forest|forestpath|friends|germany|greatphotographers|herbst|interest|look|natur|nature|party|photography|sonycybershotdschx400v|wald|waldweg|zoom,ep126,2024-12-13,synthetic
f_992547455,992547455,openverse/flickr,https://live.staticflickr.com/1165/992547455_831f5ec44c_b.jpg,photos/raw/992547455.jpg,1024,768,commandn|friends|girl|handshake|party|brunette|entertainment|group|people,ep003,2022-01-15,synthetic
f_2489182742,2489182742,openverse/flickr,https://live.staticflickr.com/2369/2489182742_b40e5e5c33_b.jpg,photos/raw/2489182742.jpg,768,1024,california|drinking|drunk|friends|merchants|oakland|party|portofoakland|punkrock,ep031,2022-10-15,synthetic
f_14470639002,14470639002,openverse/flickr,https://live.staticflickr.com/3922/14470639002_2681c481b4_b.jpg,photos/raw/14470639002.jpg,1024,726,abend|aclohol|agua|alkohol|colour|dinner|essen|evening|food|friends|nacht|night|soda|talktalk|wasser|water|alcohol|bar|beer|celebration|cocktail|drink|glass|nightlife|party|pub|restaurant|whisky|wine,ep118,2024-10-20,synthetic
f_319324511,319324511,openverse/flickr,https://live.staticflickr.com/137/319324511_d5f77f60d6_b.jpg,photos/raw/319324511.jpg,1024,768,christmas|faces|friends|paint|party,ep143,2025-03-26,synthetic
f_11137161423,11137161423,openverse/flickr,https://live.staticflickr.com/2807/11137161423_97de084199_b.jpg,photos/raw/11137161423.jpg,1024,719,ap|bada|big|boom|disposal|fire|firepit|hijinx|launch|melt|night|party|propellant|rocket|sparks,ep089,2024-03-20,synthetic
f_2347290530,2347290530,openverse/flickr,https://live.staticflickr.com/2254/2347290530_2bf25286b6_b.jpg,photos/raw/2347290530.jpg,1024,683,black|boyfriend|bw|candid|couple|down|girlfriend|love|markjsebastian|markjsebastiancom|party|relationship|stare|strobist|white,ep017,2022-05-12,synthetic
f_3342768365,3342768365,openverse/flickr,https://live.staticflickr.com/3552/3342768365_cdb2a79437_b.jpg,photos/raw/3342768365.jpg,1024,768,2009|alcohol|bachelor|cancun|cancunspringbreak|friends|hot|mexico|party|springbreak,ep060,2023-06-24,synthetic
f_1541256366,1541256366,openverse/flickr,https://live.staticflickr.com/2181/1541256366_3d2771ad1a.jpg,photos/raw/1541256366.jpg,500,288,1932|30s|50000|anawesomeshot|apple|artisticexpression|betterthangood|blackwhite|blackwhiteaward|bw|canon|carpi|charlesebbets|charlesebbets1932|ebbets|flickr|flickrdiamond|friends|golddragon|goldstaraward|grattacielo|imac|lunch|lunchatopskyscrapers|lunchtime|manhattan|mywinners|newyork|nyc|party|pepe50|skyscrapers|smarritors|supershot|thatsclassy|time|travel|usa|ysplix,ep025,2022-08-04,synthetic
f_7245538130,7245538130,openverse/flickr,https://live.staticflickr.com/7072/7245538130_1601897d00_b.jpg,photos/raw/7245538130.jpg,1024,768,52112olympus|deck|friends|hexagonalgrid|interiorshot|lego|mia|party|pool|roundplates|swimmingpool,ep054,2023-05-07,synthetic
f_1085594547,1085594547,openverse/flickr,https://live.staticflickr.com/1201/1085594547_ec83332499_b.jpg,photos/raw/1085594547.jpg,1023,682,clio|design|family|friends|ied|party|tesi|thesis|video|yellow|zammatteo,ep048,2023-04-08,synthetic
f_22552604933,22552604933,openverse/flickr,https://live.staticflickr.com/705/22552604933_abcb0a872e_b.jpg,photos/raw/22552604933.jpg,1024,697,amatorum|party,ep165,2025-08-27,synthetic
f_22262282221,22262282221,openverse/flickr,https://live.staticflickr.com/5831/22262282221_97b2478d53_b.jpg,photos/raw/22262282221.jpg,1024,682,blackandwhite|blancoynegro|caballo|carreta|carreta4|carretera|folk|mexican|mexico|monocrome|oaxaca|old|road|roadtrip|vivamexico|adult|canine|cavalry|cropland|dog|group|mammal|man|one|people|transportation system|two|vehicle,ep157,2025-07-10,synthetic
f_14860431060,14860431060,openverse/flickr,https://live.staticflickr.com/3902/14860431060_3464b7d6b1_b.jpg,photos/raw/14860431060.jpg,1024,683,1750mm|arizona|camera|color|d7100|digital|dslr|ex|f28|lens|light|mm|natural|nikon|os|outdoor|road|sigma|trip|vivid|zoom,ep154,2025-06-19,synthetic
f_5394933625,5394933625,openverse/flickr,https://live.staticflickr.com/5140/5394933625_825f74a3f1.jpg,photos/raw/5394933625.jpg,500,333,motion|ndfilters|sault|soo|speed|trip|van,ep102,2024-06-29,synthetic
f_130912241,130912241,openverse/flickr,https://live.staticflickr.com/55/130912241_0718976864_b.jpg,photos/raw/130912241.jpg,1024,768,41606|car|drive|driving|florida|golf|mkiii|music|road|roadtrip|siestakey|sing|singing|song|trip|vw|adult|car|festival|fun|girl|landscape|man|one|outdoors|people|portrait|summer|transportation system|travel|vacation|vehicle|winter|woman,ep155,2025-06-27,synthetic
f_4168497556,4168497556,openverse/flickr,https://live.staticflickr.com/2589/4168497556_0fac435472_b.jpg,photos/raw/4168497556.jpg,1024,768,2009|aaca|antique|auto|box|car|classic|hershey|jackofartsroadtrip|meet|pantechnicon|primemover|reo|show|tractor|truck|van|vehicle|bus|car|road|transportation system|truck|vehicle,ep047,2023-04-01,synthetic
f_14891843308,14891843308,openverse/flickr,https://live.staticflickr.com/3887/14891843308_7177dc09f4_b.jpg,photos/raw/14891843308.jpg,1024,683,1750mm|bokeh|camera|color|d7100|dslr|f28|lens|light|mm|natural|nikon|pictures|road|sigma|texas|trip|vivid|zoom,ep124,2024-12-02,synthetic
f_50094495773,50094495773,openverse/flickr,https://live.staticflickr.com/65535/50094495773_b138414c6c_b.jpg,photos/raw/50094495773.jpg,1023,642,3xp|a6000|alps|blackandwhite|building|clear|cloud|davos|day|engadin|fav200|flu00fcelapass|flüelapass|graubu00fcnden|graubünden|grison|hdr|house|lake|monochrome|mountainpass|outdoor|pass|photomatix|qualityhdr|qualityhdrphotography|raw|reflection|restaurant|schottensee|selp1650|sony|swissalps|switzerland|symmetry|water|waterreflection|zernez,ep157,2025-07-10,synthetic
f_35996187720,35996187720,openverse/flickr,https://live.staticflickr.com/4407/35996187720_7ff976d66d_b.jpg,photos/raw/35996187720.jpg,1024,432,2017|bc|canada|canadianmuseumofrailtravel|canadianpacific|chain|cp4090|cpr|cprail|cranbrook|cranbrookbc|cropped|locomotive|nikon|nikond750|nikonfx|tedmcgrath|tedsphotos|train|vignetting,ep124,2024-12-02,synthetic
f_21984820350,21984820350,openverse/flickr,https://live.staticflickr.com/5720/21984820350_fc9e353b35_b.jpg,photos/raw/21984820350.jpg,1024,507,alexandercaulfieldanderson|bc|bchydro|bridgeriverpower|bridgeriverpowerhouse|britishcolumbiarailway|canadiannationalrailway|cans2s|cnr|cropped|d600|d600fx|deadtree|duffylakeroad|hydro|hydropoles|lake|ltcolalexanderseton|mountain|mountains|mountainscene|mountainvalley|naxwitpicnicarea|nikon|nikonfx|pacificgreateastern|pacificgreateasternrailroad|pacificgreateasternrailway|railroad|railway|reservoir|seton|setonlake|setonlakereservoir|setonlakeviewpoint|setonviewpoint|shadow|tedmcgrath|tedsphotos|tracks|traintracks|tree|turquoise|view|viewpoint|vignetting|water,ep176,2025-12-04,synthetic
f_35420837683,35420837683,openverse/flickr,https://live.staticflickr.com/4323/35420837683_9b1270a170_b.jpg,photos/raw/35420837683.jpg,1024,519,2017|alberta|cans2s|couple|crimsonlakeprovincialpark|forest|hikers|nikon|nikond750|nikonfx|pair|pathway|people|peopleandpaths|tedmcgrath|tedsphotos|trail|trees|twinlakes|twinlakestrail|two|walkers|walking,ep176,2025-12-04,synthetic
f_12659526474,12659526474,openverse/flickr,https://live.staticflickr.com/7460/12659526474_4757edc9b1_b.jpg,photos/raw/12659526474.jpg,1023,769,arbyreed|bowlingalley|bowlingalleysnackbar|cedarbowl|cedarcityutah|enochutah|momandpop|momandpopbowlingalley|qirky|roadtrip|roadtripfood|snackbar,ep098,2024-05-27,synthetic
f_36179569116,36179569116,openverse/flickr,https://live.staticflickr.com/4315/36179569116_1a9c324861_b.jpg,photos/raw/36179569116.jpg,1024,547,2017|alberta|canada|cans2s|crimsonlake|crimsonlakealberta|cropped|forest|lake|sunset|tedmcgrath|tedsphotos|trees|vignetting|water,ep176,2025-12-04,synthetic
f_15065638652,15065638652,openverse/flickr,https://live.staticflickr.com/3871/15065638652_7d2f56bfbf_b.jpg,photos/raw/15065638652.jpg,1024,683,1750mm|camera|car|color|crop|d7100|dc|dslr|dx|ex|f28|format|lens|mexico|mm|new|nfc|ngc|nikon|nm|os|photo|road|sensor|sigma|trip|vivid|zoom,ep082,2023-12-26,synthetic
f_14783449439,14783449439,openverse/flickr,https://live.staticflickr.com/5574/14783449439_82dbf9b84b_b.jpg,photos/raw/14783449439.jpg,1024,683,1750mm|black|bound|ca|car|children|d7100|digital|f28|kids|light|lightroom|monochrome|natural|nikon|people|portrait|portraits|ride|sigma|texas|usa|white,ep106,2024-07-27,synthetic
f_21866527218,21866527218,openverse/flickr,https://live.staticflickr.com/5647/21866527218_57e7f03bc3_b.jpg,photos/raw/21866527218.jpg,1024,684,bc|boxcars|britishcolumbia|canadianpacificrailway|cans2s|cp5004|cprail|cropped|curve|curvedtracks|d600|d600fx|derailswitch|engine|fence|fencing|headlights|kamloops|logo|nikon|nikonfx|railbed|red|redcar|rilroad|sign|switching|tedmcgrath|tedsphotos|tracks|train|traintracks|vignetting,ep118,2024-10-20,synthetic
f_27756789000,27756789000,openverse/flickr,https://live.staticflickr.com/7412/27756789000_e15de73fde_b.jpg,photos/raw/27756789000.jpg,1024,428,2016|3valleygap|bc|britishcolumbia|canada|cans2s|cropped|hotel|mountain|mountainscene|mountainvalley|nikon|nikond750|nikonfx|red|redroof|resort|tedmcgrath|tedsphotos|threevalleylake|threevalleylakechateau|vignetting|water,ep172,2025-11-13,synthetic
f_33153013824,33153013824,openverse/flickr,https://live.staticflickr.com/2948/33153013824_5bf5f0bbfd_b.jpg,photos/raw/33153013824.jpg,1023,428,105mm|d500|dslr|lego|legography|lens|macro|minifig|minifigure|nikon|photography|prime|reiterlied|sigma|stuckinplastic|toy,ep174,2025-11-24,synthetic
f_11453414996,11453414996,openverse/flickr,https://live.staticflickr.com/7321/11453414996_3fac0c4f3a.jpg,photos/raw/11453414996.jpg,500,500,,ep109,2024-08-19,synthetic
f_7192711576,7192711576,openverse/flickr,https://live.staticflickr.com/7222/7192711576_ef7cb33e58_b.jpg,photos/raw/7192711576.jpg,683,1024,adventure|ralphs|ralphsroadtripadventure|road|trip,ep102,2024-06-29,synthetic
f_14814879247,14814879247,openverse/flickr,https://live.staticflickr.com/5580/14814879247_8566572403_b.jpg,photos/raw/14814879247.jpg,1024,683,1750mm|arizona|camera|color|d7100|dc|dslr|ex|f28|gas|lens|light|natural|nikon|os|outdoors|road|sigma|states|station|trip|united|usa|warm,ep148,2025-04-27,synthetic
f_2327899787,2327899787,openverse/flickr,https://live.staticflickr.com/2330/2327899787_c8cd1f8787_b.jpg,photos/raw/2327899787.jpg,1023,685,arc|corollatimoglock|f1|formula1timoglock|nealebates|rally|timoglock|toyota,ep001,2022-01-05,synthetic
f_341924121,341924121,openverse/flickr,https://live.staticflickr.com/134/341924121_a6f0336214_b.jpg,photos/raw/341924121.jpg,1024,768,fountain|mercedes|stuttgart,ep126,2024-12-14,synthetic
f_6309255614,6309255614,openverse/flickr,https://live.staticflickr.com/6233/6309255614_5381e41de2_b.jpg,photos/raw/6309255614.jpg,1024,768,franciscou201d|octoberu201d|u201c2011|u201csan,ep053,2023-05-03,synthetic
f_4859199336,4859199336,openverse/flickr,https://live.staticflickr.com/4098/4859199336_4b4b6e5f13_b.jpg,photos/raw/4859199336.jpg,1024,685,alpha|alpha200|guadalajara|lara|mexico|sony|sonyalpha|victor|victorlara,ep154,2025-06-16,synthetic
f_2327898047,2327898047,openverse/flickr,https://live.staticflickr.com/2417/2327898047_da115cb8e7_b.jpg,photos/raw/2327898047.jpg,1023,685,arc|corollatimoglock|f1|formula1timoglock|nealebates|rally|timoglock|toyota,ep009,2022-02-11,synthetic
f_9474965059,9474965059,openverse/flickr,https://live.staticflickr.com/7387/9474965059_0788310184_b.jpg,photos/raw/9474965059.jpg,1024,768,,ep054,2023-05-07,synthetic
f_37379311491,37379311491,openverse/flickr,https://live.staticflickr.com/4384/37379311491_a473b58189_b.jpg,photos/raw/37379311491.jpg,1024,683,continentaldivide|glacier|montana|mountain|mountains|nps|partlycloudy|road|scenic|trail,ep176,2025-12-03,synthetic
f_2328714058,2328714058,openverse/flickr,https://live.staticflickr.com/2032/2328714058_9413562c2e_b.jpg,photos/raw/2328714058.jpg,1023,685,arc|corollatimoglock|f1|formula1timoglock|nealebates|rally|timoglock|toyota,ep009,2022-02-11,synthetic
f_2328712850,2328712850,openverse/flickr,https://live.staticflickr.com/2013/2328712850_a8d2762bec_b.jpg,photos/raw/2328712850.jpg,1023,685,arc|corollatimoglock|f1|formula1timoglock|nealebates|rally|timoglock|toyota,ep119,2024-10-25,synthetic
f_6309214080,6309214080,openverse/flickr,https://live.staticflickr.com/6060/6309214080_8a619505eb_b.jpg,photos/raw/6309214080.jpg,768,1024,franciscou201d|francisco\u201d|goldengatebridge|octoberu201d|october\u201d|u201c2011|\u201c2011|u201csan|\u201csan,ep035,2022-11-25,synthetic
f_14432897259,14432897259,openverse/flickr,https://live.staticflickr.com/2922/14432897259_8ddf3e6649_b.jpg,photos/raw/14432897259.jpg,1024,768,bridge|chang|ko|koh|sea|thailand|vehicle,ep148,2025-04-29,synthetic
f_2327899201,2327899201,openverse/flickr,https://live.staticflickr.com/3277/2327899201_7787c95f85_b.jpg,photos/raw/2327899201.jpg,1023,685,arc|corollatimoglock|f1|formula1timoglock|nealebates|rally|timoglock|toyota,ep001,2022-01-05,synthetic
f_17745351310,17745351310,openverse/flickr,https://live.staticflickr.com/5441/17745351310_32361170c6_b.jpg,photos/raw/17745351310.jpg,1024,768,automotive|cars|driving|lorries|motorway|roads|action|asphalt|blur|car|competition|daylight|drive|expressway|fast|highway|hurry|lane|race|road|street|traffic|transportation system|travel|truck|vehicle,ep136,2025-02-08,synthetic
f_6308734997,6308734997,openverse/flickr,https://live.staticflickr.com/6109/6308734997_1658d1c79e_b.jpg,photos/raw/6308734997.jpg,1024,768,franciscou201d|francisco\u201d|octoberu201d|october\u201d|u201c2011|\u201c2011|u201csan|\u201csan,ep113,2024-09-17,synthetic
f_2328714146,2328714146,openverse/flickr,https://live.staticflickr.com/2241/2328714146_4624684045_b.jpg,photos/raw/2328714146.jpg,1023,685,arc|corollatimoglock|f1|formula1timoglock|nealebates|rally|timoglock|toyota,ep001,2022-01-05,synthetic
f_2327900843,2327900843,openverse/flickr,https://live.staticflickr.com/2171/2327900843_8035cc3f13_b.jpg,photos/raw/2327900843.jpg,1023,685,arc|corollatimoglock|f1|formula1timoglock|nealebates|rally|timoglock|toyota,ep148,2025-04-26,synthetic
f_2328718330,2328718330,openverse/flickr,https://live.staticflickr.com/3220/2328718330_cb64151a78_b.jpg,photos/raw/2328718330.jpg,1023,685,arc|corollatimoglock|f1|formula1timoglock|nealebates|rally|timoglock|toyota,ep001,2022-01-05,synthetic
f_3976254174,3976254174,openverse/flickr,https://live.staticflickr.com/3475/3976254174_4e6f4bea6e_b.jpg,photos/raw/3976254174.jpg,1024,576,car|driving|elena|ordaz|puerto|santa|venezuela,ep126,2024-12-12,synthetic
f_20261193610,20261193610,openverse/flickr,https://live.staticflickr.com/258/20261193610_7d05cbdc8b_b.jpg,photos/raw/20261193610.jpg,1024,683,bigsur|california|monterey|unitedstates|us,ep089,2024-03-15,synthetic
f_2327900049,2327900049,openverse/flickr,https://live.staticflickr.com/2046/2327900049_efd14d2096_b.jpg,photos/raw/2327900049.jpg,1023,685,arc|corollatimoglock|f1|formula1timoglock|nealebates|rally|timoglock|toyota,ep148,2025-04-26,synthetic
f_4806400368,4806400368,openverse/flickr,https://live.staticflickr.com/4142/4806400368_f0b2c48824_b.jpg,photos/raw/4806400368.jpg,1024,676,234591stavene|5085|blue|bluesofas|books|bookshelf|chair|coffeetable|fabricbowl|lamp|livingroom|pillows|seattle|usa|washington|wedgwood|woodfloor|chair|coffee table|cushion|easy chair|family|furniture|home|house|indoors|interior design|lamp|room|rug|seat|sofa|table|trading floor|window,ep074,2023-09-15,synthetic
f_5398040177,5398040177,openverse/flickr,https://live.staticflickr.com/5220/5398040177_a2db080d16_b.jpg,photos/raw/5398040177.jpg,1024,768,alistairmacleod|anagatavamsadesana|apartment|black|blue|bluebottle|bookshelf|brucelincoln|chekhov|forwhomthebelltolls|freedom|holyterrors|home|jonathanfranzen|kentharuf|lindaolsson|mainecoast|monkey|onemansmeat|plainsong|predictablyirrational|rademakerhopjes|red|sanantonio|southie|supersadtruelovestory|theimportanceofbeingseven|therazorsedge|thesnowleopard|thethornbirds|theuniverseinasingleatom|tin|waterways|zenactionzenperson|bookcase|bookstore|education|knowledge|library|literature|shelf,ep082,2023-12-26,synthetic
f_4349134804,4349134804,openverse/flickr,https://live.staticflickr.com/2685/4349134804_d81761ab7a.jpg,photos/raw/4349134804.jpg,375,500,bookshelf|bookshelves|ikea|ikeahack|lack|librarian,ep016,2022-04-20,synthetic
f_8248782632,8248782632,openverse/flickr,https://live.staticflickr.com/8198/8248782632_3cfe9f6745_b.jpg,photos/raw/8248782632.jpg,1024,938,barthelme|bookshelf|dailycreate|shelfporn|tdc319,ep016,2022-04-22,synthetic
f_4146942077,4146942077,openverse/flickr,https://live.staticflickr.com/2667/4146942077_48fca120ef_b.jpg,photos/raw/4146942077.jpg,1024,683,books|bookshelf|croatian|dictionaries|greek|latin|spanish,ep004,2022-01-21,synthetic
f_4045344672,4045344672,openverse/flickr,https://live.staticflickr.com/2793/4045344672_990b01a2dd_b.jpg,photos/raw/4045344672.jpg,1024,768,antique|antiquebook|antiquebooks|antiquebookshelf|bookshelf|bw|filipinobook|filipinoshelf|hdr|nikkor|nikon,ep102,2024-06-25,synthetic
f_2840299043,2840299043,openverse/flickr,https://live.staticflickr.com/3217/2840299043_acc3f40072.jpg,photos/raw/2840299043.jpg,500,375,book|books|bookshelf|colorful|creative|organization|organize|rainbow|read|reading|shelf|book|book bindings|bookcase|bookstore|education|indoors|knowledge|library|literature|novel|research|room|school|shelf|university,ep064,2023-07-25,synthetic
f_3807007875,3807007875,openverse/flickr,https://live.staticflickr.com/3425/3807007875_d710ed3c61_b.jpg,photos/raw/3807007875.jpg,1024,680,books|bookshelf,ep019,2022-06-03,synthetic
f_5085268980,5085268980,openverse/flickr,https://live.staticflickr.com/4103/5085268980_25b3594b14_b.jpg,photos/raw/5085268980.jpg,1024,768,blog|blogging|book|napoleonhill|personaldevelopment|productivity|selfhelp|thinkandgrowrich|business|drag race|information|people|sign|signal|signalise|text|warning,ep035,2022-11-25,synthetic
f_3456752150,3456752150,openverse/flickr,https://live.staticflickr.com/3604/3456752150_3fb883247a_b.jpg,photos/raw/3456752150.jpg,1024,433,books|bookshelf|library|personallibrary|shelf|book|bookcase|bookstore|business|education|facts|hardcover|knowledge|library|literature|order|page|research|school|shelf|stacks|study|university|wisdom,ep019,2022-06-03,synthetic
f_3455932653,3455932653,openverse/flickr,https://live.staticflickr.com/3610/3455932653_8fcaa575e1_b.jpg,photos/raw/3455932653.jpg,1024,353,books|bookshelf|library|personallibrary|shelf|book|bookcase|bookstore|college|education|facts|knowledge|library|literature|order|page|reference book|research|school|shelf|stacks|study|university|wisdom,ep082,2023-12-25,synthetic
f_470024419,470024419,openverse/flickr,https://live.staticflickr.com/182/470024419_c59cd037dd.jpg,photos/raw/470024419.jpg,499,223,bookshelf|hogtownconsulting|library|patrickdinnen,ep082,2023-12-25,synthetic
f_7625067980,7625067980,openverse/flickr,https://live.staticflickr.com/7271/7625067980_6055f51fcb_b.jpg,photos/raw/7625067980.jpg,683,1024,bookshelf|god|immortal|mythology,ep016,2022-04-22,synthetic
f_6337568141,6337568141,openverse/flickr,https://live.staticflickr.com/6114/6337568141_ace5be7e88_b.jpg,photos/raw/6337568141.jpg,768,1024,books|bookshelf|color|ordered|organized|rainbow|spectrum|book|bookcase|bookstore|college|education|facts|intensity|knowledge|library|literature|order|page|research|school|shelf|stacks|textbook|university|wisdom,ep102,2024-06-25,synthetic
f_10880103334,10880103334,openverse/flickr,https://live.staticflickr.com/3800/10880103334_8e0ba9ace6_b.jpg,photos/raw/10880103334.jpg,656,1024,bookshelf|copernicus|nikkor3580mm1456|nikond70,ep085,2024-01-10,synthetic
f_337113356,337113356,openverse/flickr,https://live.staticflickr.com/142/337113356_370b01b0e5_b.jpg,photos/raw/337113356.jpg,1024,768,books|bookshelf|mundane,ep004,2022-01-23,synthetic
f_12623768935,12623768935,openverse/flickr,https://live.staticflickr.com/7377/12623768935_c5f27c7da6_b.jpg,photos/raw/12623768935.jpg,1024,570,vintageeicomx99stereomultiplexautodaptor|vintagehifiequipment|vintageradiocollection|vintageradioequipment|vintagestereoequipment,ep139,2025-02-28,synthetic
f_70455654,70455654,openverse/flickr,https://live.staticflickr.com/20/70455654_5c1649d7f6_b.jpg,photos/raw/70455654.jpg,1023,682,america|arabic|argentina|azerbaijan|books|brazil|dublin|greece|havana|home|india|lisbon|london|nepal|phrasebooks|portuguese|scandinavia|tanzania|travel|usa,ep016,2022-04-23,synthetic
f_6699426021,6699426021,openverse/flickr,https://live.staticflickr.com/7146/6699426021_45888cf7a7_b.jpg,photos/raw/6699426021.jpg,727,1024,bookshelves|bookcase|furniture|shelf|wood,ep016,2022-04-22,synthetic
f_124230960,124230960,openverse/flickr,https://live.staticflickr.com/36/124230960_98f391e776_b.jpg,photos/raw/124230960.jpg,1024,768,books|bookshelf,ep004,2022-01-21,synthetic
f_10778803514,10778803514,openverse/flickr,https://live.staticflickr.com/7379/10778803514_f3377d4f4c_b.jpg,photos/raw/10778803514.jpg,518,1024,オートバイ|alpinstars|aprilia|bmv|bmvu306eu30c9u30e9u30a4u30d0u306eu30aau30fcu30c8u30d0u30a4u306eu9769|bmvのドライバのオートバイの革|buell|cagiva|dainese|daytona|driver|ducati|guzziトライアンフデイトナ|guzziu30c8u30e9u30a4u30a2u30f3u30d5u30c7u30a4u30c8u30ca|honda|husqvarna|kawasaki|ktm|leathers|スズキヤマハドゥカティビューエルmoto|motoguzzi|motorcycle|simson|suzuki|triumph|u30a2u30d7u30eau30eau30a2u30abu30b8u30d0u30dbu30f3u30c0u30cfu30b9u30afu30d0u30fcu30cau5dddu5d0ektmu30b5u30e0u30bdu30f3|u30aau30fcu30c8u30d0u30a4|u30b9u30bau30adu30e4u30deu30cfu30c9u30a5u30abu30c6u30a3u30d3u30e5u30fcu30a8u30ebmoto|u53f8u6a5f|u6469u6258u8eca|u76aeu9769|yamaha|司機|アプリリアカジバホンダハスクバーナ川崎ktmサムソン|摩托車|皮革,ep096,2024-05-17,synthetic
f_11295240834,11295240834,openverse/flickr,https://live.staticflickr.com/7365/11295240834_5489e8a1af_b.jpg,photos/raw/11295240834.jpg,1024,768,オートバイ|alpinstars|aprilia|bmv|bmvu306eu30c9u30e9u30a4u30d0u306eu30aau30fcu30c8u30d0u30a4u306eu9769|bmvのドライバのオートバイの革|buell|cagiva|dainese|daytona|driver|ducati|guzziトライアンフデイトナ|guzziu30c8u30e9u30a4u30a2u30f3u30d5u30c7u30a4u30c8u30ca|honda|husqvarna|kawasaki|ktm|leathers|スズキヤマハドゥカティビューエルmoto|motoguzzi|motorcycle|simson|suzuki|triumph|u30a2u30d7u30eau30eau30a2u30abu30b8u30d0u30dbu30f3u30c0u30cfu30b9u30afu30d0u30fcu30cau5dddu5d0ektmu30b5u30e0u30bdu30f3|u30aau30fcu30c8u30d0u30a4|u30b9u30bau30adu30e4u30deu30cfu30c9u30a5u30abu30c6u30a3u30d3u30e5u30fcu30a8u30ebmoto|u53f8u6a5f|u6469u6258u8eca|u76aeu9769|yamaha|司機|アプリリアカジバホンダハスクバーナ川崎ktmサムソン|摩托車|皮革,ep128,2024-12-24,synthetic
f_11054831816,11054831816,openverse/flickr,https://live.staticflickr.com/7404/11054831816_7069b74ff8_b.jpg,photos/raw/11054831816.jpg,1024,768,オートバイ|alpinstars|aprilia|bmv|bmvu306eu30c9u30e9u30a4u30d0u306eu30aau30fcu30c8u30d0u30a4u306eu9769|bmvのドライバのオートバイの革|buell|cagiva|dainese|daytona|driver|ducati|guzziトライアンフデイトナ|guzziu30c8u30e9u30a4u30a2u30f3u30d5u30c7u30a4u30c8u30ca|honda|husqvarna|kawasaki|ktm|leathers|スズキヤマハドゥカティビューエルmoto|motoguzzi|motorcycle|simson|suzuki|triumph|u30a2u30d7u30eau30eau30a2u30abu30b8u30d0u30dbu30f3u30c0u30cfu30b9u30afu30d0u30fcu30cau5dddu5d0ektmu30b5u30e0u30bdu30f3|u30aau30fcu30c8u30d0u30a4|u30b9u30bau30adu30e4u30deu30cfu30c9u30a5u30abu30c6u30a3u30d3u30e5u30fcu30a8u30ebmoto|u53f8u6a5f|u6469u6258u8eca|u76aeu9769|yamaha|司機|アプリリアカジバホンダハスクバーナ川崎ktmサムソン|摩托車|皮革,ep155,2025-06-25,synthetic
f_3555860319,3555860319,openverse/flickr,https://live.staticflickr.com/2452/3555860319_211ae4086e.jpg,photos/raw/3555860319.jpg,500,300,madrid|moto|motorbike|motorcycle|panning|street,ep155,2025-06-28,synthetic
f_3471625436,3471625436,openverse/flickr,https://live.staticflickr.com/3656/3471625436_b5cfecd45f_b.jpg,photos/raw/3471625436.jpg,1024,768,1stavenue|2ndavenue|3rdstreet|eastvillage|firstavenue|gothamist|harleydavidson|hellsangels|motorcycleclub|motorcyclegang|motorcycles|newyorkcity|nyc|secondavenue|thirdstreet|accident|action|bike|calamity|competition|danger|drag race|drive|environment|offense|people|police|race|road|storm|street|transportation system|vehicle,ep089,2024-03-17,synthetic
f_15028492322,15028492322,openverse/flickr,https://live.staticflickr.com/3894/15028492322_a69861892e_b.jpg,photos/raw/15028492322.jpg,1024,768,オートバイ|aprilia|bmv|buell|cagiva|dainese|daytona|driver|ducati|honda|husqvarna|kawasaki|ktm|leathers|motoguzzi|motorcycle|simson|suzuki|triumph|u30aau30fcu30c8u30d0u30a4|u30aau30fcu30c8u30d0u30a4u3001u9769u3001u5dddu5d0eu3001u30e4u30deu30cfu3001u30c9u30a5u30abu30c6u30a3u3001u30dbu30f3u30c0u3001u30a2u30d7u30eau30eau30a2u3001u30b9u30bau30adu3001|u6469u6258u8f66uff0cu76aeu9769uff0cu5dddu5d0euff0cu96c5u9a6cu54c8uff0cu675cu5361u8feauff0cu672cu7530uff0cu827eu666eu745eu5229u4e9auff0cu94c3u6728uff0c|yamaha|摩托车，皮革，川崎，雅马哈，杜卡迪，本田，艾普瑞利亚，铃木，|オートバイ、革、川崎、ヤマハ、ドゥカティ、ホンダ、アプリリア、スズキ、,ep155,2025-06-27,synthetic
f_14831297559,14831297559,openverse/flickr,https://live.staticflickr.com/3844/14831297559_e03cd66b1c_b.jpg,photos/raw/14831297559.jpg,1024,684,オートバイ|aprilia|bmv|buell|cagiva|dainese|daytona|driver|ducati|honda|husqvarna|kawasaki|ktm|leathers|motoguzzi|motorcycle|simson|suzuki|triumph|u30aau30fcu30c8u30d0u30a4|u30aau30fcu30c8u30d0u30a4u3001u9769u3001u5dddu5d0eu3001u30e4u30deu30cfu3001u30c9u30a5u30abu30c6u30a3u3001u30dbu30f3u30c0u3001u30a2u30d7u30eau30eau30a2u3001u30b9u30bau30adu3001|u6469u6258u8f66uff0cu76aeu9769uff0cu5dddu5d0euff0cu96c5u9a6cu54c8uff0cu675cu5361u8feauff0cu672cu7530uff0cu827eu666eu745eu5229u4e9auff0cu94c3u6728uff0c|yamaha|摩托车，皮革，川崎，雅马哈，杜卡迪，本田，艾普瑞利亚，铃木，|オートバイ、革、川崎、ヤマハ、ドゥカティ、ホンダ、アプリリア、スズキ、,ep157,2025-07-10,synthetic
f_29592922,29592922,openverse/flickr,https://live.staticflickr.com/22/29592922_4301c8dd76_b.jpg,photos/raw/29592922.jpg,1024,814,10|1588|2|276|arms|back|behind|bombscare|california|city|clad|d|detective|f|fav10|financialdistrict|headset|helmet|marketst|marketstreet|motorcycle|officer|officers|one|other|p|police|policeaction|s|sanfrancisco|sanfranciscopolicedepartment|sfpd|speaking|standing|suit|unitedstates|unitedstatesofamerica|usa|wearing,ep003,2022-01-15,synthetic
f_24962910715,24962910715,openverse/flickr,https://live.staticflickr.com/1446/24962910715_0b5bf9944f_b.jpg,photos/raw/24962910715.jpg,1023,660,1970s|motorcycles|policemen|policeofficers|seattle|seattlemunicipalarchives|seattlepolicedepartment,ep052,2023-04-28,synthetic
f_15504967110,15504967110,openverse/flickr,https://live.staticflickr.com/3952/15504967110_153d5702c8_b.jpg,photos/raw/15504967110.jpg,1024,710,bmw|everyblock|greenwichvillage|motorcycle|newyork|streetsofnewyork|streetsofny,ep155,2025-06-30,synthetic
f_1485561399,1485561399,openverse/flickr,https://live.staticflickr.com/1080/1485561399_7a40efefd5_b.jpg,photos/raw/1485561399.jpg,837,1024,1965|250|ad|honda|motorcycle|scrambler|vintage,ep159,2025-07-19,synthetic
f_208545734,208545734,openverse/flickr,https://live.staticflickr.com/90/208545734_8feb59321c.jpg,photos/raw/208545734.jpg,500,388,1950s|airforce|bike|eglin|harley|harleydavidson|motorcycle,ep164,2025-08-22,synthetic
f_5546814476,5546814476,openverse/flickr,https://live.staticflickr.com/5024/5546814476_6b57647abf_b.jpg,photos/raw/5546814476.jpg,1024,681,50cc|classics|cr110|honda|motorbikes|motorcycles|racing,ep057,2023-05-24,synthetic
f_13965845497,13965845497,openverse/flickr,https://live.staticflickr.com/2897/13965845497_fe12c0c7f3_b.jpg,photos/raw/13965845497.jpg,1024,620,alpinstars|aprilia|bmv|bmvu306eu30c9u30e9u30a4u30d0u306eu30aau30fcu30c8u30d0u30a4u306eu9769|buell|cagiva|dainese|daytona|driver|ducati|guzziトライアンフデイトナ|guzziu30c8u30e9u30a4u30a2u30f3u30d5u30c7u30a4u30c8u30ca|honda|husqvarna|kawasaki|ktm|leathers|スズキヤマハドゥカティビューエルmoto|motoguzzi|motorcycle|simson|suzuki|triumph|u30a2u30d7u30eau30eau30a2u30abu30b8u30d0u30dbu30f3u30c0u30cfu30b9u30afu30d0u30fcu30cau5dddu5d0ektmu30b5u30e0u30bdu30f3|u30aau30fcu30c8u30d0u30a4|u30b9u30bau30adu30e4u30deu30cfu30c9u30a5u30abu30c6u30a3u30d3u30e5u30fcu30a8u30ebmoto|u53f8u6a5f|u6469u6258u8eca|u76aeu9769|yamaha|司機|アプリリアカジバホンダハスクバーナ川崎ktmサムソン|摩托車|皮革,ep001,2022-01-09,synthetic
f_12679353973,12679353973,openverse/flickr,https://live.staticflickr.com/7409/12679353973_76e4379965_b.jpg,photos/raw/12679353973.jpg,1024,768,オートバイ|alpinstars|aprilia|bmv|bmvu306eu30c9u30e9u30a4u30d0u306eu30aau30fcu30c8u30d0u30a4u306eu9769|bmvのドライバのオートバイの革|buell|cagiva|dainese|daytona|driver|ducati|guzziトライアンフデイトナ|guzziu30c8u30e9u30a4u30a2u30f3u30d5u30c7u30a4u30c8u30ca|honda|husqvarna|kawasaki|ktm|leathers|スズキヤマハドゥカティビューエルmoto|motoguzzi|motorcycle|simson|suzuki|triumph|u30a2u30d7u30eau30eau30a2u30abu30b8u30d0u30dbu30f3u30c0u30cfu30b9u30afu30d0u30fcu30cau5dddu5d0ektmu30b5u30e0u30bdu30f3|u30aau30fcu30c8u30d0u30a4|u30b9u30bau30adu30e4u30deu30cfu30c9u30a5u30abu30c6u30a3u30d3u30e5u30fcu30a8u30ebmoto|u53f8u6a5f|u6469u6258u8eca|u76aeu9769|yamaha|司機|アプリリアカジバホンダハスクバーナ川崎ktmサムソン|摩托車|皮革,ep155,2025-06-26,synthetic
f_31827300958,31827300958,openverse/flickr,https://live.staticflickr.com/1923/31827300958_46b02059ab_b.jpg,photos/raw/31827300958.jpg,1024,683,davidson|department|finest|harley|highway|lego|moc|motorcycle|new|nyc|nypd|patrol|police|york,ep102,2024-06-29,synthetic
f_15264110893,15264110893,openverse/flickr,https://live.staticflickr.com/7525/15264110893_b1c6846464_b.jpg,photos/raw/15264110893.jpg,1024,683,bangkok|burahpa|helmet|krungthepmahanakhon|motorcycle|oldsiamplaza|outdoor|street|thailand|threeeonabike|tuktuk,ep125,2024-12-07,synthetic
f_8284202371,8284202371,openverse/flickr,https://live.staticflickr.com/8216/8284202371_4b0cbdb495_b.jpg,photos/raw/8284202371.jpg,1024,768,extrememotorcycleriding|moab|motorcycle|mountainside|red|redrock|rocky|rough|trail|utah,ep160,2025-07-25,synthetic
f_10504690644,10504690644,openverse/flickr,https://live.staticflickr.com/2833/10504690644_fbe8e07d1e_b.jpg,photos/raw/10504690644.jpg,1024,683,detroit|detroitinstituteofarts|detroitinstituteofartsmuseum|dia|fav10|fumioyoshimura|michigan|motorcycle|museum|unitedstates|unitedstatesofamerica|usa,ep102,2024-06-29,synthetic
f_14125769963,14125769963,openverse/flickr,https://live.staticflickr.com/7453/14125769963_631b3fa3f1_b.jpg,photos/raw/14125769963.jpg,1024,678,céu|cu00e9u|green|landscape|motorcycle|road|sky|travel,ep157,2025-07-10,synthetic
f_5499497465,5499497465,openverse/flickr,https://live.staticflickr.com/5214/5499497465_23e677decb_b.jpg,photos/raw/5499497465.jpg,768,1024,food|street,ep110,2024-08-23,synthetic
f_4655646367,4655646367,openverse/flickr,https://live.staticflickr.com/4054/4655646367_a3a3af55cf_b.jpg,photos/raw/4655646367.jpg,1024,768,chef|container|cooking|drink|food|grow|restaurant|table|traditional|vegetable,ep123,2024-11-27,synthetic
f_6906955762,6906955762,openverse/flickr,https://live.staticflickr.com/7257/6906955762_309320872a_b.jpg,photos/raw/6906955762.jpg,1024,576,2012|bangkok|bicycle|food|march|street|thailand|tour,ep123,2024-11-24,synthetic
f_7376381858,7376381858,openverse/flickr,https://live.staticflickr.com/5315/7376381858_b4235f11dd_b.jpg,photos/raw/7376381858.jpg,1024,671,9qf|bn2|bn29qf|brighton|burrito|burritos|carlito|carlitoburrito|circus|circusstreet|food|httpwwwcarlitoburritocouk|mexican|quesadillas|stall|street|battle|building|business|drag race|graffiti|offense|security|sign|signal|signalise|street|text,ep091,2024-04-01,synthetic
f_190419084,190419084,openverse/flickr,https://live.staticflickr.com/47/190419084_c4c237d4aa_b.jpg,photos/raw/190419084.jpg,1024,768,china|dalian|elizabeththomsen|ethomsen|food|test1|tl|u4e2du56fd|u4e2du56fdu5927u8fde|u8fbdu5b81|中国|中国大连|辽宁,ep040,2023-01-22,synthetic
f_4826664282,4826664282,openverse/flickr,https://live.staticflickr.com/4122/4826664282_756ba31f37_b.jpg,photos/raw/4826664282.jpg,1024,838,biodegradeable|catering|chai|cooking|ef28135mmf3556isusm|festival|food|green|greenvan|idli|idlis|manchester|megamela|mela|mumbai|park|plattfields|samosas|snacks|streetfood|tasty|uk|varapau|vegan|vegetarian|competition|festival|group|people|vehicle,ep118,2024-10-19,synthetic
f_10585825486,10585825486,openverse/flickr,https://live.staticflickr.com/5523/10585825486_6230e98be2_b.jpg,photos/raw/10585825486.jpg,1023,683,gogumafries|koreanstreetfood|sweetpotatofries,ep121,2024-11-05,synthetic
f_10585851494,10585851494,openverse/flickr,https://live.staticflickr.com/7431/10585851494_9847cbb79c_b.jpg,photos/raw/10585851494.jpg,1023,683,koreanstreetfood,ep125,2024-12-07,synthetic
f_10585854544,10585854544,openverse/flickr,https://live.staticflickr.com/2877/10585854544_7c58d99169_b.jpg,photos/raw/10585854544.jpg,1023,683,fishcake|koreanstreetfood|odeng|uc5b4ubb35|uc624ub385,ep123,2024-11-25,synthetic
f_11303239935,11303239935,openverse/flickr,https://live.staticflickr.com/7414/11303239935_43c28669c7_b.jpg,photos/raw/11303239935.jpg,1024,683,dầucháoquẩy|dầuch\xe1oquẩy|du1ea7uchu00e1oquu1ea9y|food|hawker|hcmc|hochiminh|phamngulao|saigon|streetfood|u6cb9u689d|u6cb9u70b8u9b3c|u8d8au5357|vendor|vietnam|油條|油炸鬼|越南,ep125,2024-12-07,synthetic
f_2696454910,2696454910,openverse/flickr,https://live.staticflickr.com/3176/2696454910_88df3b49f6_b.jpg,photos/raw/2696454910.jpg,771,1024,bangkok|bkk|food|street|thai|thailand,ep087,2024-01-23,synthetic
f_14557036560,14557036560,openverse/flickr,https://live.staticflickr.com/3916/14557036560_17fd4f30b5_b.jpg,photos/raw/14557036560.jpg,1024,679,corn|d7000|guanajuato|mexico|nikon|russbowling|streetfood|travel|closeup|cooking|food|health|healthy|meal|nutrition|traditional|wood|wooden,ep123,2024-11-27,synthetic
f_45095841841,45095841841,openverse/flickr,https://live.staticflickr.com/1927/45095841841_6a76eb82de_b.jpg,photos/raw/45095841841.jpg,1023,683,buildings|casas|chiapas|cristobal|de|food|historic|las|mexican|mexico|night|nightphotography|outdoor|people|san|street|streetphotography|urban,ep125,2024-12-05,synthetic
f_6103867324,6103867324,openverse/flickr,https://live.staticflickr.com/6192/6103867324_9a78f85a49_b.jpg,photos/raw/6103867324.jpg,1023,685,2011|4|5|alto|art|ca|computing|cooking|coworkers|decoration|desk|desktop|desktopbuqapa|engineer|food|foodisart|funcommittee|fusion|guest|hoover|host|hosted|machine|macosx|open|outdoors|palo|paloalto|park|picnic|potluck|qe|quality|sky|software|summer|top|virtual|vmware,ep098,2024-05-27,synthetic
f_8111829357,8111829357,openverse/flickr,https://live.staticflickr.com/8327/8111829357_3ee7582860_b.jpg,photos/raw/8111829357.jpg,1023,685,authentic|food|israel,ep121,2024-11-05,synthetic
f_7090599139,7090599139,openverse/flickr,https://live.staticflickr.com/7197/7090599139_b98bcd13f1_b.jpg,photos/raw/7090599139.jpg,1023,575,2012|hoian|vietnam,ep112,2024-09-07,synthetic
f_8111834645,8111834645,openverse/flickr,https://live.staticflickr.com/8332/8111834645_8986203e55_b.jpg,photos/raw/8111834645.jpg,1023,685,authentic|food|israel|vegetables,ep121,2024-11-03,synthetic
f_8111827613,8111827613,openverse/flickr,https://live.staticflickr.com/8326/8111827613_017e7cab88_b.jpg,photos/raw/8111827613.jpg,1023,685,authentic|food|israel|vegetables,ep123,2024-11-29,synthetic
f_4900695807,4900695807,openverse/flickr,https://live.staticflickr.com/4123/4900695807_6d5f2ec5b9_b.jpg,photos/raw/4900695807.jpg,1024,683,china|food|night|street|zhengzhou,ep125,2024-12-07,synthetic
f_5382843839,5382843839,openverse/flickr,https://live.staticflickr.com/5006/5382843839_416efb34d1_b.jpg,photos/raw/5382843839.jpg,1024,768,food|joy|street|thai|typically,ep125,2024-12-07,synthetic
f_3151351700,3151351700,openverse/flickr,https://live.staticflickr.com/3198/3151351700_0eac2f0962_b.jpg,photos/raw/3151351700.jpg,1024,768,cajuncooking|chicken|food|jambalaya|louisiana|sausage|shenandoah|unitedstates,ep084,2024-01-07,synthetic
f_8421320748,8421320748,openverse/flickr,https://live.staticflickr.com/8332/8421320748_1d18d09d22_b.jpg,photos/raw/8421320748.jpg,1024,768,lumixg20f17,ep061,2023-07-09,synthetic
f_11317796165,11317796165,openverse/flickr,https://live.staticflickr.com/5494/11317796165_bb115faf0b.jpg,photos/raw/11317796165.jpg,500,500,instagramapp|iphoneography|square,ep076,2023-09-27,synthetic
f_207127460,207127460,openverse/flickr,https://live.staticflickr.com/61/207127460_e4bbe1f958_b.jpg,photos/raw/207127460.jpg,1024,768,food|herbs|italian|rice|risoto|salad|vegiterian,ep084,2024-01-07,synthetic
f_8131883731,8131883731,openverse/flickr,https://live.staticflickr.com/8471/8131883731_eace5a87a1_b.jpg,photos/raw/8131883731.jpg,1024,751,,ep150,2025-05-19,synthetic
f_23552580454,23552580454,openverse/flickr,https://live.staticflickr.com/1627/23552580454_a4be9c2654_b.jpg,photos/raw/23552580454.jpg,1024,768,gourmet|home|korea|seoul,ep111,2024-09-04,synthetic
f_3496282190,3496282190,openverse/flickr,https://live.staticflickr.com/3548/3496282190_628a56f705_b.jpg,photos/raw/3496282190.jpg,1024,768,canucks|spaghetti|vancouver,ep156,2025-07-05,synthetic
f_6090332027,6090332027,openverse/flickr,https://live.staticflickr.com/6202/6090332027_dbdf85d099_b.jpg,photos/raw/6090332027.jpg,1024,768,northside|northstlouis|sunday828|vandeventerneighborhood,ep168,2025-09-24,synthetic
f_5440985794,5440985794,openverse/flickr,https://live.staticflickr.com/4137/5440985794_f4e376a2a1_m.jpg,photos/raw/5440985794.jpg,180,240,books,ep061,2023-07-09,synthetic
f_3116468582,3116468582,openverse/flickr,https://live.staticflickr.com/3004/3116468582_1d86cc4bb5_b.jpg,photos/raw/3116468582.jpg,763,1024,arbyreed|cafe|cafesign|neon|neonsign|rural|sign|snowville|utah,ep082,2023-12-27,synthetic
f_4267279108,4267279108,openverse/flickr,https://live.staticflickr.com/4064/4267279108_0cc2bcb378_b.jpg,photos/raw/4267279108.jpg,1024,768,cooking|grow|lunch|food|pork|vegetable|bacon|dinner|dish|meal|meat|restaurant|root vegetable|plate|potato|still life,ep027,2022-09-07,synthetic
f_4314984198,4314984198,openverse/flickr,https://live.staticflickr.com/2703/4314984198_a100118f00.jpg,photos/raw/4314984198.jpg,375,500,,ep106,2024-07-27,synthetic
f_2055844181,2055844181,openverse/flickr,https://live.staticflickr.com/2327/2055844181_e0d7a0cd9c_b.jpg,photos/raw/2055844181.jpg,1024,768,bhutan|food|lunch|mobile|thimphu,ep076,2023-09-27,synthetic
f_6020189535,6020189535,openverse/flickr,https://live.staticflickr.com/6147/6020189535_93d220927e_b.jpg,photos/raw/6020189535.jpg,1024,768,chicken|curry|dinner|homemade,ep084,2024-01-07,synthetic
f_13272024585,13272024585,openverse/flickr,https://live.staticflickr.com/2892/13272024585_013d5b512e.jpg,photos/raw/13272024585.jpg,500,500,instagramapp|iphoneography|square|barbecue|beef|beefsteak|bloody|butcher|chop|closeup|cow|fillet|lamb|meat|pork|prime|rare|red meat|sirloin|steak|tenderloin,ep111,2024-09-04,synthetic
f_7069133835,7069133835,openverse/flickr,https://live.staticflickr.com/5461/7069133835_8e5d6336c3_b.jpg,photos/raw/7069133835.jpg,1024,576,2012|hanoi|vietnam,ep123,2024-11-29,synthetic
f_4241459790,4241459790,openverse/flickr,https://live.staticflickr.com/4009/4241459790_e5215d0971_b.jpg,photos/raw/4241459790.jpg,685,1023,beijing|china|chinese|cookingclass|food|thehutong,ep110,2024-08-23,synthetic
f_4266536563,4266536563,openverse/flickr,https://live.staticflickr.com/4012/4266536563_86e5c047f1_b.jpg,photos/raw/4266536563.jpg,1024,768,vegetable|lunch|meat|plate|delicious|grow|dinner|food|pork,ep084,2024-01-07,synthetic
f_32138846486,32138846486,openverse/flickr,https://live.staticflickr.com/458/32138846486_401537e23a_b.jpg,photos/raw/32138846486.jpg,820,1024,california|dallas|dirk|dirka|dirkdallas|instagram|iphone|iphone5|iphoneographer|iphoneography|mobilephotography|photo|photography|pic,ep103,2024-07-08,synthetic
f_3822456320,3822456320,openverse/flickr,https://live.staticflickr.com/2478/3822456320_0d84cac678_b.jpg,photos/raw/3822456320.jpg,1024,768,laketahoeca|lilygicker|nathanieljude,ep143,2025-03-27,synthetic
f_52744985362,52744985362,openverse/flickr,https://live.staticflickr.com/65535/52744985362_c131543125_b.jpg,photos/raw/52744985362.jpg,1024,683,2023|boy|brasil|cute|de|ipanema|janeiro|rio|skinny|sunga|underwear,ep096,2024-05-17,synthetic
f_13572419594,13572419594,openverse/flickr,https://live.staticflickr.com/2826/13572419594_bc2b229fae_b.jpg,photos/raw/13572419594.jpg,765,1024,,ep155,2025-06-27,synthetic
f_6114329521,6114329521,openverse/flickr,https://live.staticflickr.com/6078/6114329521_58d0fd2026_b.jpg,photos/raw/6114329521.jpg,1023,685,beach|bucket|child|fun|leisure|ocean|people|recreation|sand|sea|seashore|summer|travel|vacation|water,ep129,2024-12-28,synthetic
f_22741032247,22741032247,openverse/flickr,https://live.staticflickr.com/576/22741032247_b7fb73de48_b.jpg,photos/raw/22741032247.jpg,576,1024,,ep047,2023-04-01,synthetic
f_7176621758,7176621758,openverse/flickr,https://live.staticflickr.com/7079/7176621758_8c88b94649_b.jpg,photos/raw/7176621758.jpg,768,1024,activities|faces|happy|nursery|vfwkids,ep133,2025-01-13,synthetic
f_36788238206,36788238206,openverse/flickr,https://live.staticflickr.com/4379/36788238206_ff384471f8_b.jpg,photos/raw/36788238206.jpg,1024,683,animal|beach|castillo|dalmatian|del|dog|du00e1lmata|fuengirola|mar|mu00e1laga|perro|playa|sea|yompyz,ep151,2025-05-31,synthetic
f_5916610773,5916610773,openverse/flickr,https://live.staticflickr.com/6029/5916610773_e7599e8dd8_b.jpg,photos/raw/5916610773.jpg,1024,681,beach|exit|exit2011|exitfestival|exitlive|fest|festival|fortress|live|mts|music|musicfestival|muzika|novisad|paradise|petrovaradin|petrovaradinfortress|photo,ep112,2024-09-09,synthetic
f_36171991374,36171991374,openverse/flickr,https://live.staticflickr.com/4421/36171991374_bf2f0e2df4_b.jpg,photos/raw/36171991374.jpg,1024,1024,beauty|belleza|fashion|moda|streetstyle,ep020,2022-06-06,synthetic
f_8349316951,8349316951,openverse/flickr,https://live.staticflickr.com/8051/8349316951_8cb114b2a4_b.jpg,photos/raw/8349316951.jpg,1024,768,beach|vero,ep103,2024-07-03,synthetic
f_26932165536,26932165536,openverse/flickr,https://live.staticflickr.com/7182/26932165536_c96c4ef281_b.jpg,photos/raw/26932165536.jpg,1024,579,새|자연|펭귄|해변|야생동물|추부트주|남아메리카|마젤란펭귄|아르헨티나|파타고니아|줄무늬펭귄속|américadelsur|amu00e9ricadelsur|argentina|argentinerepublic|austrodyptornithes|aves|avialae|bandedpenguin|beach|bird|chubut|chubutprovince|colorimage|everydaylife|horizontal|landscape|magellanicpenguin|nature|ocean|patagonia|penguin|pingu00fcino|pingüino|provinciadelchubut|puntatombo|puntatomboprovincialreserve|repu00fablicaargentina|repúblicaargentina|southamerica|spheniscus|spheniscusmagellanicus|u4e18u5e03u7279u7701|u4f01u9d5d|u5357u7f8eu6d32|u5df4u5854u54e5u5c3cu4e9e|u81eau7136|u91ceu751fu52a8u7269|u963fu6839u5ef7|u9e1f|u9ea6u54f2u4f26u4f01u9e45|ub0a8uc544uba54ub9acuce74|ub9c8uc824ub780ud3aduadc4|uc0c8|uc544ub974ud5e8ud2f0ub098|uc57cuc0ddub3d9ubb3c|uc790uc5f0|uc904ubb34ub2acud3aduadc4uc18d|ucd94ubd80ud2b8uc8fc|ud30cud0c0uace0ub2c8uc544|ud3aduadc4|water|wideangle|wildlife|丘布特省|企鵝|南美洲|巴塔哥尼亞|自然|野生动物|阿根廷|鸟|麦哲伦企鹅,ep171,2025-11-08,synthetic
f_13915303902,13915303902,openverse/flickr,https://live.staticflickr.com/3822/13915303902_b873ab7802_b.jpg,photos/raw/13915303902.jpg,1023,685,,ep055,2023-05-10,synthetic
f_40155605,40155605,openverse/flickr,https://live.staticflickr.com/30/40155605_c94cef225c.jpg,photos/raw/40155605.jpg,500,375,moblog|nantucket,ep041,2023-01-28,synthetic
f_14745996417,14745996417,openverse/flickr,https://live.staticflickr.com/5571/14745996417_0928bb2ef5.jpg,photos/raw/14745996417.jpg,500,500,beach|fair weather|landscape|nature|ocean|outdoors|sand|sea|seascape|sky|summer|sun|surf|travel|water,ep103,2024-07-05,synthetic
f_36694505096,36694505096,openverse/flickr,https://live.staticflickr.com/4375/36694505096_b4fa13faa1_b.jpg,photos/raw/36694505096.jpg,1023,682,beach|beaverpond|busy|children|crowded|fun|kids|lake|paddleboatrentals|playarea|playground|popular|summer|summertime|swimming|water,ep053,2023-05-03,synthetic
f_4780217304,4780217304,openverse/flickr,https://live.staticflickr.com/4118/4780217304_9676cebde5_b.jpg,photos/raw/4780217304.jpg,768,1024,beach|friends|summer|sunglasses|enjoyment|eyewear|fair weather|fun|leisure|outdoors|people|recreation|summer|sun|sunglasses|water|woman,ep129,2024-12-28,synthetic
f_5094566289,5094566289,openverse/flickr,https://live.staticflickr.com/4125/5094566289_0da6139888_b.jpg,photos/raw/5094566289.jpg,1024,679,330|35mm|400|beach|c41|florida|hd|infinity|kodak|miamibeach|olympus|southbeach|superzoom,ep171,2025-11-06,synthetic
f_7675781290,7675781290,openverse/flickr,https://live.staticflickr.com/8003/7675781290_a17d9c7aba_b.jpg,photos/raw/7675781290.jpg,1023,683,beach,ep071,2023-08-27,synthetic
f_400636804,400636804,openverse/flickr,https://live.staticflickr.com/147/400636804_4a8806a196_b.jpg,photos/raw/400636804.jpg,1023,671,canary|canaryislands|evening|fanabebeach|hisgett|islands|spain|sunset|tenerife|beach|dawn|dusk|evening|fair weather|ocean|reflection|sand|sea|seascape|sun|sunset|water,ep103,2024-07-03,synthetic
f_3504974859,3504974859,openverse/flickr,https://live.staticflickr.com/3360/3504974859_861749e349_b.jpg,photos/raw/3504974859.jpg,595,1000,awan|ayam|beautiful|belated|birthday|biry|blue|blueribbonwinner|dari|day|dekat|di|found|friendship|great|happy|hati|hijab|ikhlas|jauh|kaki|kawan|langit|lost|love|sahabat|skies|wednesday|white|women|wonderful|adult|girl|grass|leisure|nature|one|outdoors|people|portrait|sky|summer|travel,ep007,2022-02-05,synthetic
f_19570429,19570429,openverse/flickr,https://live.staticflickr.com/14/19570429_5e5322dbc4_b.jpg,photos/raw/19570429.jpg,1024,768,birthday|cake|candle,ep126,2024-12-14,synthetic
f_293714811,293714811,openverse/flickr,https://live.staticflickr.com/122/293714811_17af3a2760_b.jpg,photos/raw/293714811.jpg,1024,768,birthday|bug|eybrow|eye|farsi|finger|flickrexplore|geotagged|hamed|insect|interestingness|iran|iranian|ladybird|ladybug|persia|persian|red|saber|soudeh|tehran|u0627u064au0631u0627u0646|u0627u064au0631u0627u0646u064a|u0627u064au0631u0627u0646u064au0627u0646|u0627u06ccu0631u0627u0646|u0627u06ccu0631u0627u0646u06ccu0627u0646|u062au0647u0631u0627u0646|u062du0627u0645u062f|u062du0627u0645u062fu0635u0627u0628u0631|u0633u0648u062fu0647|u0635u0627u0628u0631|u0641u0627u0631u0633u064a|u0641u0627u0631u0633u06cc|u067eu0631u0634u064au0627|u067eu0631u0634u06ccu0627|adult|beetle|insect|ladybug|one|people|portrait,ep054,2023-05-07,synthetic
f_2655639837,2655639837,openverse/flickr,https://live.staticflickr.com/3047/2655639837_91f03f4f6b.jpg,photos/raw/2655639837.jpg,500,375,birthday|cake|candles,ep098,2024-05-27,synthetic
f_6793181344,6793181344,openverse/flickr,https://live.staticflickr.com/7181/6793181344_4c58b6a683.jpg,photos/raw/6793181344.jpg,500,375,birthday|cake|happybirthday,ep098,2024-05-27,synthetic
f_2122307192,2122307192,openverse/flickr,https://live.staticflickr.com/2111/2122307192_b0d1a89aca_b.jpg,photos/raw/2122307192.jpg,1024,668,birthday|fuji800|nikon8008s,ep102,2024-06-29,synthetic
f_2762069286,2762069286,openverse/flickr,https://live.staticflickr.com/3069/2762069286_1e82be44ec_b.jpg,photos/raw/2762069286.jpg,768,1024,birthday|daughter|omgsheissevenyearsold|savanah|savanahmarie|savanahturnsseven,ep069,2023-08-16,synthetic
f_2656467048,2656467048,openverse/flickr,https://live.staticflickr.com/3163/2656467048_7823abdb91.jpg,photos/raw/2656467048.jpg,500,375,balloons|birthday|cake|colors|icing|sprinkles,ep040,2023-01-20,synthetic
f_2234785053,2234785053,openverse/flickr,https://live.staticflickr.com/2287/2234785053_2676f398cd_b.jpg,photos/raw/2234785053.jpg,683,1024,belgianmalinois|birthday|dog|fancy|malinois|sshow,ep010,2022-02-14,synthetic
f_11402031013,11402031013,openverse/flickr,https://live.staticflickr.com/2836/11402031013_42d6be4354_b.jpg,photos/raw/11402031013.jpg,1024,680,birthday|cake|candles|cream|ice|surprise,ep040,2023-01-18,synthetic
f_16672721092,16672721092,openverse/flickr,https://live.staticflickr.com/8597/16672721092_498fb959e1_b.jpg,photos/raw/16672721092.jpg,934,1024,birthday|cake|poppy|skiing,ep010,2022-02-14,synthetic
f_2786096781,2786096781,openverse/flickr,https://live.staticflickr.com/3079/2786096781_cfe0a44426_b.jpg,photos/raw/2786096781.jpg,1024,683,birthday|cake|candle|food,ep040,2023-01-18,synthetic
f_4855259422,4855259422,openverse/flickr,https://live.staticflickr.com/4101/4855259422_9f7f45e03d_b.jpg,photos/raw/4855259422.jpg,1024,683,18|birthday|cake|doratheexplorer,ep040,2023-01-18,synthetic
f_2733207555,2733207555,openverse/flickr,https://live.staticflickr.com/3053/2733207555_c2940b480b_b.jpg,photos/raw/2733207555.jpg,1024,683,birthday|cake|candles|fire,ep040,2023-01-19,synthetic
f_4244325898,4244325898,openverse/flickr,https://live.staticflickr.com/4001/4244325898_5dc703b69a.jpg,photos/raw/4244325898.jpg,500,333,birthday|happy|me|people,ep135,2025-01-20,synthetic
f_2616852524,2616852524,openverse/flickr,https://live.staticflickr.com/3019/2616852524_097b90ae6b.jpg,photos/raw/2616852524.jpg,500,368,amusement|birthday|boy|cadeaux|caoutchouc|car|cavalier|chemise|culottes|en|fun|garçon|garu00e7on|imperméables|impermu00e9ables|jouet|jumper|nch|orphanage|orphelinat|pantalons|pants|peeing|presents|shirt|shorts|toy|trousers|voiture|waterproofpants|wetting,ep106,2024-07-27,synthetic
f_6756342081,6756342081,openverse/flickr,https://live.staticflickr.com/7149/6756342081_e500ded593_b.jpg,photos/raw/6756342081.jpg,682,1024,14|birthday|birthdaycandles|cake|candles|rainbow|rainbowcake|birthday|burnt|candle|candlelight|celebration|Christmas|flame|love|wax|winter,ep040,2023-01-18,synthetic
f_2751750887,2751750887,openverse/flickr,https://live.staticflickr.com/3218/2751750887_88b2e8061f.jpg,photos/raw/2751750887.jpg,333,500,birthday|cake|chattanooga|tennessee|tn|birthday|cake|celebration|chocolate|cream|delicious|flower|food|party|sugar|sweet|wedding,ep010,2022-02-14,synthetic
f_2385047360,2385047360,openverse/flickr,https://live.staticflickr.com/2049/2385047360_7359a8d177_b.jpg,photos/raw/2385047360.jpg,696,1024,bandarabbas|beautiful|birthday|face|geno|girl|glasses|hijab|hormozgan|iran|iranian|paraglide|paraglider|paragliding|persian|portrait|scarf|smile|somayeh|u0633u0645u064au0647|u0633u0645u06ccu0647|adult|eyewear|fashion|indoors|man|one|people|portrait|sunglasses|wear|woman,ep129,2024-12-28,synthetic
f_3268982338,3268982338,openverse/flickr,https://live.staticflickr.com/3393/3268982338_bd5e75a510_b.jpg,photos/raw/3268982338.jpg,827,1024,abe|abraham|birthday|blackhistory|civilwar|confederacy|democrat|government|lincoln|north|politics|president|presidentsday|republican|sculpture|slavery|south|statue|union|unitedstates|us|usa|art|leader|man|marble|monument|people|religion|saint|sculpture|statue,ep052,2023-04-28,synthetic
f_8114589892,8114589892,openverse/flickr,https://live.staticflickr.com/8055/8114589892_0b4b412f18_b.jpg,photos/raw/8114589892.jpg,683,1024,1740|5d|backpacking|canon|colorado|dark|eos|exposure|hike|hiking|ii|long|mark|milky|mountains|night|outline|peaks|silhouette|stars|way,ep143,2025-03-27,synthetic
f_15121563452,15121563452,openverse/flickr,https://live.staticflickr.com/3870/15121563452_a992a5b928_b.jpg,photos/raw/15121563452.jpg,1024,683,2014|august|delawarewatergap|delawarewatergapnationalrecreationarea|dingmanscreek|eosm|hiking|pennsylvania|summer2014|wideangle,ep176,2025-12-04,synthetic
f_14422297627,14422297627,openverse/flickr,https://live.staticflickr.com/2918/14422297627_c9ca982668_b.jpg,photos/raw/14422297627.jpg,1024,684,3000v120f|backpacking|france|frenchalps|hike|hiking|landscape|mountains|route|savoie|trail|trek|trekking|vanoise|walking,ep161,2025-08-05,synthetic
f_51887532637,51887532637,openverse/flickr,https://live.staticflickr.com/65535/51887532637_520b0df2c5_b.jpg,photos/raw/51887532637.jpg,683,1024,2xp|a6000|backlight|california|day|fav100|footpath|hdr|hike|hiking|lightandshadow|outdoor|path|photomatix|qualityhdr|qualityhdrphotography|raw|sanfranciscobay|sanfranciscobayarea|saratoga|saratogahills|selp1650|serene|shadow|siliconvalley|sony|sonya6000|southbay|starburst|sun|sunray|trail|tree|usa|woman,ep155,2025-06-29,synthetic
f_16218246352,16218246352,openverse/flickr,https://live.staticflickr.com/7517/16218246352_8c35e4f2a1_b.jpg,photos/raw/16218246352.jpg,1024,683,birdwatching|blm|blmbucketlist|bucketlist|bureauoflandmanagement|bwick|cachecreekwilderness|california|conservation|eagles|hiking|nationalconservationlands|seeblm|wilderness|wildlife|winter|winterbucketlist,ep160,2025-07-25,synthetic
f_8733708152,8733708152,openverse/flickr,https://live.staticflickr.com/7325/8733708152_af7a263cc0_b.jpg,photos/raw/8733708152.jpg,1024,456,california|halfdome|hiking|iphone4s|landscape|panorama|waterfall|yosemitefalls|yosemitenationalpark|climb|daylight|hike|landscape|mountain|nature|outdoors|rock|scenic|sky|snow|travel|valley|water|wood,ep175,2025-11-28,synthetic
f_17043652682,17043652682,openverse/flickr,https://live.staticflickr.com/7661/17043652682_53f856206d_b.jpg,photos/raw/17043652682.jpg,1024,601,beautiful|beauty|blue|chile|clouds|hike|hiking|lake|landscape|lumix|mountain|nature|outdoors|panasonic|paradise|patagonia|patagoniachile|patagoniachilena|peace|sky|terrain|torresdelpaine|tree|trekking|wallpaper|wcircuit|wild|landscape|mountain|nature|outdoors|scenic|sky|summer|travel|tree|water|wood,ep176,2025-12-04,synthetic
f_12094397893,12094397893,openverse/flickr,https://live.staticflickr.com/7343/12094397893_cf4708a894_b.jpg,photos/raw/12094397893.jpg,1024,433,grandcanyonnationalpark|guided|hikers|hiking|ranger|sightseeing|southkaibabtrail|southrim|tour|touring|walk,ep160,2025-07-25,synthetic
f_8513108453,8513108453,openverse/flickr,https://live.staticflickr.com/8095/8513108453_40f54f7f26_b.jpg,photos/raw/8513108453.jpg,1024,683,cute|fitness|gatlinburg2011|girl|hiking|legs|long|longlegs|mom|mountain|non|nude|photography|pink|redhead|smokey|trail|tree|wife,ep161,2025-08-05,synthetic
f_42647011951,42647011951,openverse/flickr,https://live.staticflickr.com/1753/42647011951_0bd17305f5_b.jpg,photos/raw/42647011951.jpg,1023,538,1650mm|18200mm|a6300|archer10|canada|dennis|dennisgjarvis|dennisjarvis|free|freepicture|hike|iamcanadian|ilce6300|jarvis|mainetrail|mirrorless|novascotia|sony|torbay,ep167,2025-09-19,synthetic
f_101204880,101204880,openverse/flickr,https://live.staticflickr.com/35/101204880_e76e2f41b7.jpg,photos/raw/101204880.jpg,500,375,activities|activity|bohari|camping|climbing|complete|cooking|craterrim|ecotourism|giliair|gilimeno|gilinanggu|gilitrawangan|gunungrinjani|hike|hiking|information|island|lakesegaraanak|lombok|mount|mountain|mountainrinjani|mountindonesia|mt|nasional|nationalpark|operators|outdoor|park|recreations|report|rinjani|rinjanipackage|sembalun|senaru|services|specializes|sports|summit|taman|tours|tourspackages|transportation|travel|traveling|trek|trekkingadventures|trekkingrinjani|trip|volcanoes|adult|adventure|daylight|environment|hike|landscape|mountain|nature|outdoors|park|people|scenic|sky|travel|tree|valley,ep157,2025-07-10,synthetic
f_3702226797,3702226797,openverse/flickr,https://live.staticflickr.com/3489/3702226797_9b410695dd_b.jpg,photos/raw/3702226797.jpg,1024,768,グランドキャニオン|alhikesaz|arizona|arizonaraftadventures|azra|belowtherim|canyon|canyoneering|canyoneers|coloradoriver|descubrimiento|gc2009|gcnp|grand|grandcanyon|grandcanyonnationalpark|hike|hiking|inthecanyon|national|nationalcanyon|nationalpark|park|raft|rafting|river|senderismo|slot|slotcanyon|trip|water|wedged|亚利桑那|亞利桑那|大峽谷,ep176,2025-12-04,synthetic
f_5258042901,5258042901,openverse/flickr,https://live.staticflickr.com/5122/5258042901_5ea6f4ced6_b.jpg,photos/raw/5258042901.jpg,1024,768,breckenridge|colorado|hero|hiking|mountain|powder|ski|snow|snowboarding|walking|winner|action|cold|ice|people|recreation|snow|weather|winter|wood,ep161,2025-08-05,synthetic
f_162847855,162847855,openverse/flickr,https://live.staticflickr.com/50/162847855_6f652d687a_b.jpg,photos/raw/162847855.jpg,1024,692,canonae1|film|hike|hiking|kid|montana,ep161,2025-08-07,synthetic
f_18659273934,18659273934,openverse/flickr,https://live.staticflickr.com/3866/18659273934_9dd488d112_b.jpg,photos/raw/18659273934.jpg,1024,768,hiking|adventure|arid|canyon|climb|desert|dry|erosion|geology|hike|landscape|nature|one|outdoors|rock|sandstone|scenic|sky|travel|valley,ep176,2025-12-04,synthetic
f_23868781635,23868781635,openverse/flickr,https://live.staticflickr.com/5662/23868781635_06521aaa82_b.jpg,photos/raw/23868781635.jpg,683,1024,alpha7ii|archer10|blt|bluff|canada|dennis|dennisgjarvis|dennisjarvis|fe24240mm|free|freepicture|hike|iamcanadian|ilce7m2|jarvis|lake|novascotia|painting|railsfortrails|sony|trail,ep160,2025-07-25,synthetic
f_23786301411,23786301411,openverse/flickr,https://live.staticflickr.com/737/23786301411_55a807fd7f_b.jpg,photos/raw/23786301411.jpg,683,1024,alpha7ii|archer10|blt|bluff|canada|dennis|dennisgjarvis|dennisjarvis|fe24240mm|free|freepicture|hike|iamcanadian|ilce7m2|jarvis|lake|novascotia|painting|railsfortrails|sony|trail,ep152,2025-06-09,synthetic
f_23242200263,23242200263,openverse/flickr,https://live.staticflickr.com/593/23242200263_9433e10e91_b.jpg,photos/raw/23242200263.jpg,683,1024,alpha7ii|archer10|blt|bluff|canada|dennis|dennisgjarvis|dennisjarvis|fe24240mm|free|freepicture|hike|iamcanadian|ilce7m2|jarvis|lake|novascotia|painting|railsfortrails|sony|trail,ep176,2025-12-04,synthetic
f_4082806181,4082806181,openverse/flickr,https://live.staticflickr.com/2633/4082806181_8d004a3cfd_b.jpg,photos/raw/4082806181.jpg,1024,768,california|channelislands|channelislandsnationalpark|channelislandsnp|island|pacific|santabarbara,ep103,2024-07-05,synthetic
f_86680869,86680869,openverse/flickr,https://live.staticflickr.com/6/86680869_8951993954_b.jpg,photos/raw/86680869.jpg,681,1024,1000v40f|100v10f|500v20f|altitude3133m|argentina|cerrotorre|cliffs|cloudy|day|elevation30003500m|geotagged|glacierhiking|glaciers|hikers|jagged|landscape|losglaciares|losglaciaresnationalpark|moo|mountain|mountains|mountainsandes|patagonia|peaks|people|specland|summitcerrotorre|topf25|climb|cold|daylight|frosty|glacier|ice|landscape|mountain|outdoors|pinnacle|snow|travel|winter,ep176,2025-12-04,synthetic
f_51396493501,51396493501,openverse/flickr,https://live.staticflickr.com/65535/51396493501_e78725ae8f_b.jpg,photos/raw/51396493501.jpg,576,1024,buildings|calles|city|ciudad|edificios|guatemala|skylines|streets,ep172,2025-11-13,synthetic
f_51395697277,51395697277,openverse/flickr,https://live.staticflickr.com/65535/51395697277_2a197c1b32_b.jpg,photos/raw/51395697277.jpg,1024,766,buildings|calles|city|ciudad|edificios|guatemala|skylines|streets,ep168,2025-09-24,synthetic
f_20200515360,20200515360,openverse/flickr,https://live.staticflickr.com/295/20200515360_03a2960f82_b.jpg,photos/raw/20200515360.jpg,1024,683,candid|icecream|manhattan|newyork|street,ep052,2023-04-28,synthetic
f_4056791602,4056791602,openverse/flickr,https://live.staticflickr.com/2503/4056791602_7a5ac62e99_b.jpg,photos/raw/4056791602.jpg,1023,742,campus|city|dunedin|newzealand|rainy|rainycitystreets|rainyday|scenes|streets|streetscenes|studentaccommodation|studenthousing|universityarea|architecture|building|construction|exterior|family|front|home|house|outdoors|roof,ep074,2023-09-16,synthetic
f_3009626283,3009626283,openverse/flickr,https://live.staticflickr.com/3240/3009626283_1c6bf9ced2.jpg,photos/raw/3009626283.jpg,500,375,2008|buildings|crossing|iphone|lights|neon|newyork|nyc|people|street|summer|unedited|walking|yellowcab|Broadway|bus|car|city|commerce|many|people|road|shopping|stock|street|traffic|transportation system|vehicle,ep087,2024-01-20,synthetic
f_5279082757,5279082757,openverse/flickr,https://live.staticflickr.com/5041/5279082757_65e7c3a368_b.jpg,photos/raw/5279082757.jpg,1023,809,cornelluniversitylibrary|dressmakers|kheelcenterforlabormanagementdocumentationandarchives|picketing|placards|streetscenes|strikes|adult|crowd|group|group together|man|many|people|street,ep052,2023-04-28,synthetic
f_8613435041,8613435041,openverse/flickr,https://live.staticflickr.com/8524/8613435041_1ccf246593_b.jpg,photos/raw/8613435041.jpg,683,1024,city|newyork,ep168,2025-09-24,synthetic
f_5702387278,5702387278,openverse/flickr,https://live.staticflickr.com/5228/5702387278_bf379e97ca_b.jpg,photos/raw/5702387278.jpg,1023,574,april2011infomatique|belfast|belfast2011infomatique|belfastapril2011infomatique|belfastbyinfomatique|belfastcity|belfastinfomatique|city|europe|infomatique|ireland|northern|northernireland|streetsofbelfast|uk|williammurphy,ep074,2023-09-14,synthetic
f_6139419872,6139419872,openverse/flickr,https://live.staticflickr.com/6067/6139419872_0dffe7d201_b.jpg,photos/raw/6139419872.jpg,1024,683,capitolhillseattle|city|crosswalk,ep087,2024-01-19,synthetic
f_40210478975,40210478975,openverse/flickr,https://live.staticflickr.com/798/40210478975_2d41d8fc35_b.jpg,photos/raw/40210478975.jpg,1024,683,2017|city|historic|may|spain|toledo|travel,ep162,2025-08-14,synthetic
f_2264270713,2264270713,openverse/flickr,https://live.staticflickr.com/2321/2264270713_2b988088bd_b.jpg,photos/raw/2264270713.jpg,1000,719,adventure|canada|cityu201d|fortificationwall|quebec|quebecu201d|tourism|townu201d|travel|u201cold|u201cquebec|architecture|building|city|family|home|house|old|outdoors|sky|street|travel,ep074,2023-09-15,synthetic
f_33823856078,33823856078,openverse/flickr,https://live.staticflickr.com/65535/33823856078_afc74b6a48_b.jpg,photos/raw/33823856078.jpg,1024,730,architecture|city|cityscape|clouds|downtown|landscape|oklahoma|oklahomacity|skyscrapers|street|streetphotography,ep168,2025-09-24,synthetic
f_111231887,111231887,openverse/flickr,https://live.staticflickr.com/56/111231887_e039bb52b3.jpg,photos/raw/111231887.jpg,374,500,atomicshark|city|manhattan|newyork|newyorkcity|nightlife|nyc|rain,ep087,2024-01-19,synthetic
f_26807000631,26807000631,openverse/flickr,https://live.staticflickr.com/7775/26807000631_d8a47e4f52_b.jpg,photos/raw/26807000631.jpg,768,1024,free|freeuse|frommylens|guinnessworldrecords|lumix|panasonic,ep087,2024-01-19,synthetic
f_14565232261,14565232261,openverse/flickr,https://live.staticflickr.com/3907/14565232261_8948f8c16a_b.jpg,photos/raw/14565232261.jpg,1000,693,1940s|1944|australia|melbourne|rain|rainyweather|statelibraryofvictoria|stormyweather|umbrella|victoria,ep083,2024-01-02,synthetic
f_18663801324,18663801324,openverse/flickr,https://live.staticflickr.com/257/18663801324_fd64110fd5_b.jpg,photos/raw/18663801324.jpg,1024,683,hat|newyork|walking|woman|adult|business|drag race|one|people|portrait|woman,ep119,2024-10-25,synthetic
f_51347712661,51347712661,openverse/flickr,https://live.staticflickr.com/65535/51347712661_db8d946e9e_b.jpg,photos/raw/51347712661.jpg,1023,752,2021|britishcolumbia|camerafujifilmx100f|canada|cannabisculture|citystreets|classicchromefilmsimulation|june20|rapatersonphotograph|victoriabc|wclx100ii,ep074,2023-09-15,synthetic
f_20541649025,20541649025,openverse/flickr,https://live.staticflickr.com/5821/20541649025_39b22a04f4_b.jpg,photos/raw/20541649025.jpg,1024,683,city|newyork|newyorkcity|subway|talking|train|underground|urban|adult|indoors|man|people|woman,ep052,2023-04-28,synthetic
f_2479870766,2479870766,openverse/flickr,https://live.staticflickr.com/3257/2479870766_7180397f44.jpg,photos/raw/2479870766.jpg,333,500,city|lego|make|makerfaire|makerfaire2008|makezinemakerfaire2008may2008|town,ep102,2024-06-24,synthetic
f_20468623828,20468623828,openverse/flickr,https://live.staticflickr.com/5765/20468623828_c1f650fdda_b.jpg,photos/raw/20468623828.jpg,1024,576,city|newyork|newyorkcity|pedestrians|people|sidewalk|street|streetphotography|streetscape|tatto|urban|adult|festival|group|man|music|people|street|woman,ep129,2024-12-28,synthetic
f_4151058573,4151058573,openverse/flickr,https://live.staticflickr.com/2492/4151058573_2e2d7388f9.jpg,photos/raw/4151058573.jpg,372,499,,ep055,2023-05-14,synthetic
f_9322728556,9322728556,openverse/flickr,https://live.staticflickr.com/3781/9322728556_857ff43daa_b.jpg,photos/raw/9322728556.jpg,1024,805,,ep066,2023-08-01,synthetic
f_17812485120,17812485120,openverse/flickr,https://live.staticflickr.com/8885/17812485120_4b8150108b_b.jpg,photos/raw/17812485120.jpg,624,1024,dog|utah,ep164,2025-08-22,synthetic
f_27349616878,27349616878,openverse/flickr,https://live.staticflickr.com/894/27349616878_d399713088_b.jpg,photos/raw/27349616878.jpg,1024,768,at|österreich|u00f6sterreich|wien,ep054,2023-05-07,synthetic
f_25394096968,25394096968,openverse/flickr,https://live.staticflickr.com/4635/25394096968_78c1c82af6_b.jpg,photos/raw/25394096968.jpg,1024,768,cabodevassoura|sony,ep069,2023-08-18,synthetic
f_4310885752,4310885752,openverse/flickr,https://live.staticflickr.com/4070/4310885752_02dfb9d7e3_b.jpg,photos/raw/4310885752.jpg,1024,975,1950s|707|747|ad|ads|advertising|aerospace|aircraft|airlines|airlinesadvertising|airport|americana|americanairlines|boeing|coldwar|concorde|dc3|dc4|illustration|jetage|jumbojet|magazine|magazineillustration|panam|populuxe|sst|vintage|worldoftomorrow,ep072,2023-09-02,synthetic
f_52650464520,52650464520,openverse/flickr,https://live.staticflickr.com/65535/52650464520_e72ca7d0ce_b.jpg,photos/raw/52650464520.jpg,1024,683,america|clarencehullinger|clouds|dinosaur|fav10|fav100|fav25|fav50|midland|skeleton|sky|southdakota|unitedstates|unitedstatesofamerica|usa,ep148,2025-04-29,synthetic
f_9180505565,9180505565,openverse/flickr,https://live.staticflickr.com/3826/9180505565_d92bfffb94.jpg,photos/raw/9180505565.jpg,500,500,16scaledoll|doll|dollcomparison|dollfashion|dolls|fashiondoll|hegemony77|littledal|littlestpetshopblythe|lpsblythe|petiteblythe,ep064,2023-07-25,synthetic
f_16921256066,16921256066,openverse/flickr,https://live.staticflickr.com/7650/16921256066_8d3ffdce06_b.jpg,photos/raw/16921256066.jpg,697,1024,buenapark|california|historical|history|knottsberryfarm|orangecounty|orangecountyarchives|orangecountyhistory|southerncalifornia,ep149,2025-05-11,synthetic
f_15707055010,15707055010,openverse/flickr,https://live.staticflickr.com/8678/15707055010_5e92e888d3_b.jpg,photos/raw/15707055010.jpg,1000,855,karlheilig,ep066,2023-08-01,synthetic
f_52397865853,52397865853,openverse/flickr,https://live.staticflickr.com/65535/52397865853_83c607eb4d_b.jpg,photos/raw/52397865853.jpg,1024,683,america|billboard|california|fav10|hollywood|lapetclinic|losangeles|socal|southerncalifornia|unitedstates|unitedstatesofamerica|usa,ep168,2025-09-28,synthetic
f_4011240700,4011240700,openverse/flickr,https://live.staticflickr.com/2605/4011240700_c96021607e_b.jpg,photos/raw/4011240700.jpg,1024,683,cabodevassoura,ep152,2025-06-08,synthetic
f_94550832,94550832,openverse/flickr,https://live.staticflickr.com/25/94550832_f489ab7d45_b.jpg,photos/raw/94550832.jpg,1024,736,gods|adult|girl|headscarf|hijab|people|portrait|religion|scarf|veil|wear|woman,ep069,2023-08-19,synthetic
f_15665197689,15665197689,openverse/flickr,https://live.staticflickr.com/8635/15665197689_ca7c92bb42_b.jpg,photos/raw/15665197689.jpg,1024,823,medicalsaga|pet|petscan|scanner,ep118,2024-10-18,synthetic
f_6518338921,6518338921,openverse/flickr,https://live.staticflickr.com/7168/6518338921_8ddf043f63_m.jpg,photos/raw/6518338921.jpg,240,180,adopt|adoption|animal|dog|humanesocietyofgreaterrochester|lollypopfarm|newyork|ny|pet|petoftheweek|pets|rochester,ep062,2023-07-16,synthetic
f_6352344050,6352344050,openverse/flickr,https://live.staticflickr.com/6228/6352344050_e3c69c2e8b_m.jpg,photos/raw/6352344050.jpg,240,180,adopt|adoption|animal|cat|humanesocietyofgreaterrochester|lollypopfarm|newyork|ny|pet|petoftheweek|pets|rochester,ep056,2023-05-18,synthetic
f_6351601653,6351601653,openverse/flickr,https://live.staticflickr.com/6113/6351601653_7f7fed9ac1_m.jpg,photos/raw/6351601653.jpg,240,180,adopt|adoption|animal|dog|humanesocietyofgreaterrochester|lollypopfarm|newyork|ny|pet|petoftheweek|pets|rochester,ep056,2023-05-18,synthetic
f_6285835426,6285835426,openverse/flickr,https://live.staticflickr.com/6228/6285835426_8ae22922ff_m.jpg,photos/raw/6285835426.jpg,240,180,adopt|adoption|animal|cat|humanesocietyofgreaterrochester|lollypopfarm|newyork|ny|pet|petoftheweek|pets|rochester,ep056,2023-05-18,synthetic
f_6147660166,6147660166,openverse/flickr,https://live.staticflickr.com/6167/6147660166_9caf253726_m.jpg,photos/raw/6147660166.jpg,160,240,adopt|adoption|animal|dog|humanesocietyofgreaterrochester|lollypopfarm|newyork|ny|pet|petoftheweek|pets|rochester,ep056,2023-05-18,synthetic
f_2502253885,2502253885,openverse/flickr,https://live.staticflickr.com/3065/2502253885_6e0e1102e2.jpg,photos/raw/2502253885.jpg,500,372,amu00e9riquedusud|am\xe9riquedusud|animal|argentina|caracoldebocarosada|escargot|escargotslimaces|fauna|gasteru00f3podo|gaster\xf3podo|gastropod|gastu00e9ropode|gast\xe9ropode|giantsouthamericansnail|gu00e9ant|g\xe9ant|megalobulimus|megalobulimusoblongus|mollusk|mollusque|molusco|nature|pet|snail|southamerica|strophocheilidae,ep054,2023-05-07,synthetic
f_51851105078,51851105078,openverse/flickr,https://live.staticflickr.com/65535/51851105078_37ec7441e7_b.jpg,photos/raw/51851105078.jpg,1024,748,anne|architecture|canandaigua|county|finger|flower|gardens|historic|lakes|light|mansion|nrhp|ny|onasill|ontario|park|queen|shadow|sonnenberg|stamen,ep152,2025-06-08,synthetic
f_9519013456,9519013456,openverse/flickr,https://live.staticflickr.com/3755/9519013456_6066b64609_b.jpg,photos/raw/9519013456.jpg,1024,683,50d|arts|bartrim|borders|campden|canon|chipping|cotswolds|crafts|english|garden|gloucestershire|hidcote|johnston|lawrence|manor|national|plants|rooms|shrubs|topiaries|topiary|trees|trust|wilderness|architecture|backyard|daylight|flora|flower|garden|guidance|house|leaf|nature|outdoors|park|patio|shrub|stone|summer|travel|tree|wood,ep114,2024-09-22,synthetic
f_9519022870,9519022870,openverse/flickr,https://live.staticflickr.com/7434/9519022870_417b3281c2_b.jpg,photos/raw/9519022870.jpg,1024,683,50d|arts|bartrim|borders|campden|canon|chipping|cotswolds|crafts|english|garden|gloucestershire|hidcote|johnston|lawrence|manor|national|plants|rooms|shrubs|topiaries|topiary|trees|trust|wilderness|backyard|bench|botanical|flora|flower|garden|house|leaf|nature|outdoors|park|patio|pot|seat|shrub|summer|travel|tree|yard,ep114,2024-09-22,synthetic
f_9504756798,9504756798,openverse/flickr,https://live.staticflickr.com/5491/9504756798_6387343032_b.jpg,photos/raw/9504756798.jpg,1024,683,50d|arts|bartrim|borders|campden|canon|chipping|cotswolds|crafts|english|garden|gloucestershire|hidcote|johnston|lawrence|manor|national|plants|rooms|shrubs|topiaries|topiary|trees|trust|wilderness|architecture|backyard|botanical|fence|flora|flower|garden|hedge|house|leaf|nature|outdoors|park|shrub|summer|tree|trellis|wood|yard,ep114,2024-09-23,synthetic
f_11607217045,11607217045,openverse/flickr,https://live.staticflickr.com/3798/11607217045_7d6b3e563b_b.jpg,photos/raw/11607217045.jpg,1024,783,1001nights|architecture|canandaigua|fingerlakes|flower|flowers|gardens|historic|historical|mansion|nrhp|ny|onasill|ontariocounty|park|queenanne|setting|sonnenberg|table|travel|vintage,ep152,2025-06-08,synthetic
f_7167415241,7167415241,openverse/flickr,https://live.staticflickr.com/7099/7167415241_bdd4196677_b.jpg,photos/raw/7167415241.jpg,1024,768,agriculture|cityfarmer|community|compost|demonstration|food|garden|growing|kitsilano|maple|path|plants|urban|vancouver|vegetables|backyard|conservatory|family|flora|flower|garden|greenhouse|growth|horticulture|house|lawn|leaf|nature|outdoors|summer|yard,ep114,2024-09-28,synthetic
f_14441650787,14441650787,openverse/flickr,https://live.staticflickr.com/5497/14441650787_417fb7e1e4_b.jpg,photos/raw/14441650787.jpg,1023,678,12|50mm|8100|boken|dof|film|fm3a|garden|nikon|plustek|poundland|pretty|sky|terrace,ep161,2025-08-08,synthetic
f_6106936710,6106936710,openverse/flickr,https://live.staticflickr.com/6189/6106936710_4d12c60b24_b.jpg,photos/raw/6106936710.jpg,1024,686,a300|alpha|antoinette|bakersfield|business|california|commercial|county|fitness|garden|kern|kpa|photograph|photographer|pilates|robertbejil|robertbejilcom|sony|studio|yoga|growth|nature,ep054,2023-05-07,synthetic
f_3343121371,3343121371,openverse/flickr,https://live.staticflickr.com/3398/3343121371_f956e1ddea_b.jpg,photos/raw/3343121371.jpg,685,1023,anuniverseofflowers|awesomeblossoms|bej|bethchatto|britain|colchester|elmstead|england|essex|firsttheearth|flower|flowersarefabulous|flowerscolors|gardens|mallmixstaraward|saveearth|simplysuperb|thebethchatto|theunforgettablepictures|uk|xtremeboquet|yellow,ep152,2025-06-08,synthetic
f_16538681939,16538681939,openverse/flickr,https://live.staticflickr.com/8650/16538681939_06fd62fa30_b.jpg,photos/raw/16538681939.jpg,1024,768,capetown|companysgardens|southafrica|architecture|flora|garden|grass|house|landscape|nature|outdoors|palm|park|resort|sight|sky|summer|tourism|travel|tree|tropical|vacation,ep112,2024-09-09,synthetic
f_2223130517,2223130517,openverse/flickr,https://live.staticflickr.com/2217/2223130517_3f2875b8ca_b.jpg,photos/raw/2223130517.jpg,768,1024,2000|english|englishpaperpiecing|flower|garden|grandmothers|patchwork|quilt|abstract|art|decoration|design|horizontal|illustration|pattern|people|science|shape|square|symbol|vector|vertical,ep081,2023-12-20,synthetic
f_52159987024,52159987024,openverse/flickr,https://live.staticflickr.com/65535/52159987024_27fc638a6c_b.jpg,photos/raw/52159987024.jpg,1024,780,american|animals|arboretum|arnold|attraction|botanical|canada|college|department|flower|flowers|gardens|guelphuniversity|harvard|hdr|iris|landmark|onasill|purple|site|university|wellingtoncounty,ep152,2025-06-07,synthetic
f_8674091394,8674091394,openverse/flickr,https://live.staticflickr.com/8392/8674091394_3270d5c291_b.jpg,photos/raw/8674091394.jpg,768,1024,garden,ep054,2023-05-07,synthetic
f_51333206568,51333206568,openverse/flickr,https://live.staticflickr.com/65535/51333206568_134bc73d7c_b.jpg,photos/raw/51333206568.jpg,1024,683,1c0|3n5|ave|canada|canadian|collection|garden|heads|islington|kleinburg|l0j|l4h|macro|mcmichaels|onasill|ont|ontario|outdoor|satellite|sculpture|sigma|sl|vaughan,ep126,2024-12-14,synthetic
f_42996526592,42996526592,openverse/flickr,https://live.staticflickr.com/1801/42996526592_8978373387_b.jpg,photos/raw/42996526592.jpg,1024,702,animal|animals|babies|bird|birds|chick|chicken|chickens|chicks|coth|coth5|farm|garden|ngc|npc,ep105,2024-07-20,synthetic
f_34021440415,34021440415,openverse/flickr,https://live.staticflickr.com/3940/34021440415_b97ac74bf9_b.jpg,photos/raw/34021440415.jpg,1024,684,architecture|asheville|ashevillenc|ashevillenorthcarolina|avl|biltmore|biltmoreconservatory|biltmoreestate|biltmoreestategardens|biltmoregarden|biltmoregardens|bricks|building|buncombecounty|buncombecountync|buncombecountynorthcarolina|carolinas|conservatory|flickrunitedaward|garden|gardencenter|gardens|geotagged|glass|greenhouse|handrail|historiclandmark|historicplace|landmark|nationalhistoriclandmarksinnorthcarolina|nc|northcarolina|pathway|rosebankpark|sky|stairs|structure|thebiltmoreestate|thebiltmoreestategardens|unitedstates|usa|usnationalhistoriclandmarkdistrict|usnationalregisterofhistoricplaces|walkway|westernnc|westernnorthcarolina|window|windowpane|windows|wnc,ep168,2025-09-24,synthetic
f_4796737643,4796737643,openverse/flickr,https://live.staticflickr.com/4097/4796737643_2492935d78_b.jpg,photos/raw/4796737643.jpg,1024,714,5d|garden|hanadaen|hi|high|hires|japanese|lantern|markii|res|resolution|saitama|style|u3046u3048u3053u307f|u3053u3057u304cu3084u3057|u3053u3068u3058|u3053u3068u3058u3068u3046u308du3046|u3055u3044u305fu307eu3051u3093|u3057u3087u304fu3055u3044|u3068u3046u308du3046|u306fu306au3060u3048u3093|u57fcu7389u770c|u65e5u672cu5eadu5712|u690du683d|u690du8fbcu307f|u706fu7bed|u706fu7c60|u71c8u7c60|u7434u67f1|u7434u67f1u706fu7bed|u82b1u7530u7b2cu516du516cu5712|u82b1u7530u82d1|u8d8au8c37u5e02|u9ad8u753bu8cea|u9ad8u7cbeu7d30|bridge|garden|grass|lake|landscape|nature|outdoors|park|pool|reflection|river|summer|travel|tree|water|wood,ep114,2024-09-25,synthetic
f_52159714151,52159714151,openverse/flickr,https://live.staticflickr.com/65535/52159714151_73f8b75ee1_b.jpg,photos/raw/52159714151.jpg,1024,764,anne|architecture|canandaigua|county|finger|flower|flowers|gardens|historic|historical|lakes|mansion|nrhp|ny|onasill|ontario|park|queen|setting|sonnenberg|table|texture|travel|vintage,ep152,2025-06-07,synthetic
f_16765669203,16765669203,openverse/flickr,https://live.staticflickr.com/7693/16765669203_43934769da_b.jpg,photos/raw/16765669203.jpg,1023,683,bare|boobs|botanical|botanicalgardens|breasts|brookgreen|brookgreengardens|female|gardens|girl|hot|lowcountry|murrellsinlet|naked|nakedgirl|nikond800|nipple|nude|nudefemale|sc|sexy|southcarolina|statue|woman,ep166,2025-09-11,synthetic
f_6106388487,6106388487,openverse/flickr,https://live.staticflickr.com/6202/6106388487_783b3a146d_b.jpg,photos/raw/6106388487.jpg,1023,685,a300|alpha|antoinette|bakersfield|business|california|commercial|county|fitness|garden|kern|kpa|photograph|photographer|pilates|robertbejil|robertbejilcom|sony|studio|yoga|antique|design|retro|wood,ep117,2024-10-11,synthetic
f_6156943108,6156943108,openverse/flickr,https://live.staticflickr.com/6169/6156943108_63d518626a_b.jpg,photos/raw/6156943108.jpg,1024,768,beautiful|bichon|carpet|curlyhair|frise|gazing|kitchen|redhill|sonydsctx5|tile,ep151,2025-06-01,synthetic
f_2289453975,2289453975,openverse/flickr,https://live.staticflickr.com/2286/2289453975_b17655f640.jpg,photos/raw/2289453975.jpg,500,375,kitchen,ep032,2022-10-23,synthetic
f_1720751612,1720751612,openverse/flickr,https://live.staticflickr.com/2271/1720751612_6b018be78a.jpg,photos/raw/1720751612.jpg,500,375,kitchen,ep038,2023-01-09,synthetic
f_829408322,829408322,openverse/flickr,https://live.staticflickr.com/1239/829408322_9048a249cd_b.jpg,photos/raw/829408322.jpg,1024,576,kitchen,ep038,2023-01-07,synthetic
f_2512854520,2512854520,openverse/flickr,https://live.staticflickr.com/2319/2512854520_409fa4d40a_b.jpg,photos/raw/2512854520.jpg,1024,685,kitchen,ep038,2023-01-09,synthetic
f_2290246550,2290246550,openverse/flickr,https://live.staticflickr.com/2164/2290246550_afe93eaf71.jpg,photos/raw/2290246550.jpg,500,375,kitchen,ep038,2023-01-10,synthetic
f_182643031,182643031,openverse/flickr,https://live.staticflickr.com/72/182643031_e159738797_b.jpg,photos/raw/182643031.jpg,1024,683,kitchen,ep038,2023-01-11,synthetic
f_2299540120,2299540120,openverse/flickr,https://live.staticflickr.com/2088/2299540120_27ba3966e0_b.jpg,photos/raw/2299540120.jpg,1024,685,kitchen,ep038,2023-01-07,synthetic
f_7882614208,7882614208,openverse/flickr,https://live.staticflickr.com/8019/7882614208_79076cf92e_b.jpg,photos/raw/7882614208.jpg,1024,683,30s|athome|browsing|business|businesswoman|child|children|computer|daughter|day|daytime|desk|document|explaining|family|female|girl|halflength|hispanic|horizontal|indoors|inside|internet|kitchen|laptop|latin|mom|mother|mum|online|paperwork|parent|pc|people|research|researching|seated|sitting|smile|smiling|stand|standing|supervised|surfing|techno|technology|thirties|together|twopeople|watching|woman|working|workingfromhome|younggirl|adolescent|adult|college|computer|connection|desk|education|homework|indoors|intelligence|internet|laptop|looking|room|sit|sitting|student|technology|wireless|woman,ep129,2024-12-28,synthetic
f_4826389499,4826389499,openverse/flickr,https://live.staticflickr.com/4142/4826389499_54ca19717e_b.jpg,photos/raw/4826389499.jpg,1024,680,kitchen|renovation|cabinet|chair|contemporary|family|furniture|home|house|indoors|interior design|luxury|room|seat|stove|table,ep038,2023-01-08,synthetic
f_3312119849,3312119849,openverse/flickr,https://live.staticflickr.com/3135/3312119849_ae607018cc_b.jpg,photos/raw/3312119849.jpg,1024,768,kitchen,ep038,2023-01-10,synthetic
f_4799233255,4799233255,openverse/flickr,https://live.staticflickr.com/4101/4799233255_1908c61f7f_b.jpg,photos/raw/4799233255.jpg,1024,768,apartment|chicago|kitchen,ep038,2023-01-09,synthetic
f_8286394284,8286394284,openverse/flickr,https://live.staticflickr.com/8356/8286394284_e35a37908d_b.jpg,photos/raw/8286394284.jpg,1024,768,bath|kitchen|remodeling,ep032,2022-10-23,synthetic
f_4425983219,4425983219,openverse/flickr,https://live.staticflickr.com/4054/4425983219_a5b9a8baf8_b.jpg,photos/raw/4425983219.jpg,768,1024,blog|canon|canonxti|cook|cooking|food|foodies|foodiesathome|foodiesathomecom|foodieshome|foodphotography|foodphotographysetup|kitchen|macbook|photographysetup|setup|thewrittengeek|xti,ep074,2023-09-16,synthetic
f_3482662841,3482662841,openverse/flickr,https://live.staticflickr.com/3640/3482662841_3e880464c6_b.jpg,photos/raw/3482662841.jpg,1024,686,brunswickeast|georgecalombaris|greek|hellenicrepublic|kitchen|lygonstreet|melbourne|restaurant|taverna,ep125,2024-12-07,synthetic
f_5729013960,5729013960,openverse/flickr,https://live.staticflickr.com/5161/5729013960_76ea3bd167_b.jpg,photos/raw/5729013960.jpg,1023,685,faucet|kitchen|sink|tap|washing|water|blur|car|drop|H2O|light|nature|outdoors|rain|street|water|wet|winter,ep087,2024-01-24,synthetic
f_2335456679,2335456679,openverse/flickr,https://live.staticflickr.com/2312/2335456679_361e6dd043_b.jpg,photos/raw/2335456679.jpg,1024,679,cabinetry|cabinets|clock|craftsman|craftsmanbungalow|hakatai|hood|houseofantiquehardware|jadeite|kitchen|kitchenremodel|microwave|missionrevival|oven|range|remodel|stove|vent,ep038,2023-01-10,synthetic
f_4273918578,4273918578,openverse/flickr,https://live.staticflickr.com/4037/4273918578_a0c91494a1_b.jpg,photos/raw/4273918578.jpg,1024,683,abrasive|cleaning|kitchen|pile|polyurethanesponge|porous|bath|candy|clean|desktop|housework|hygiene|kitchenware|motley|soap|sponge|sugar|wash,ep111,2024-09-04,synthetic
f_15865734606,15865734606,openverse/flickr,https://live.staticflickr.com/7485/15865734606_55202ba042_b.jpg,photos/raw/15865734606.jpg,1024,768,availablelight|bar|beiderarbeit|berlin|brasserie|building|cafe|café|cafu00e9|candid|candidportrait|chiosco|deutschland|diner|drickandclick|drinknclick|elchiringuito|elhombre|event|fenster|food|fotografie|gasthaus|gastwirtschaft|gebäude|gebu00e4ude|groceries|homem|homme|imbiss|imbissbude|kitchen|kneipe|ku00fcche|küche|lebensmittel|lens|man|mann|mensch|menschen|nokton|nokton25mm1095|objektiv|people|peopleatwork|photography|rasthaus|restaurant|ser№8141040|seru21168141040|snackbar|speisehaus|speiselokal|speisewirtschaft|strasenfotografie|street|streetfotografie|streetphotography|streetportrait|takeaway|tavolacalda|technik|technique|thema|u0437u0430u0431u0435u0433u0430u0301u043bu043eu0432u043au0430|u0437u0430u043au0443u0301u0441u043eu0447u043du0430u044f|u043cu0443u0436u0447u0438u0301u043du0430|u0447u0435u043bu043eu0432u0435u0301u043a|u51b7u98dfu90e8|u5febu9910|u7537u4eba|u7537u5b50|uomo|veranstaltung|voigtländer|voigtlu00e4nder|window|забега́ловка|заку́сочная|мужчи́на|челове́к|冷食部|快餐|男人|男子,ep074,2023-09-18,synthetic
f_15250523342,15250523342,openverse/flickr,https://live.staticflickr.com/3839/15250523342_bdf09b548d_b.jpg,photos/raw/15250523342.jpg,1024,576,bird|birdinhand|chick|fingernail|garden|hand|holding|kitchen|piedwagtail|redhill|sad|wife|wildlifecentre,ep174,2025-11-24,synthetic
f_8149338837,8149338837,openverse/flickr,https://live.staticflickr.com/8193/8149338837_9004e00a02_b.jpg,photos/raw/8149338837.jpg,1024,876,antics|casual|cubical|cubicle|desk|developer|employee|fun|funny|geek|informationtechnology|it|moblog|nerd|office|programmer|relaxed|samsunggalaxysiii|sandiego|software|softwaredeveloper|work|workday|working|workplace,ep129,2024-12-28,synthetic
f_8655093387,8655093387,openverse/flickr,https://live.staticflickr.com/8123/8655093387_ff690c24c9_b.jpg,photos/raw/8655093387.jpg,768,1024,antics|casual|cubical|cubicle|desk|employee|fun|funny|geek|informationtechnology|it|moblog|nerd|office|programmer|relaxed|samsunggalaxysiii|softwaredeveloper|work|workday|workplace,ep145,2025-04-05,synthetic
f_8616722907,8616722907,openverse/flickr,https://live.staticflickr.com/8113/8616722907_6063a6b7bd_b.jpg,photos/raw/8616722907.jpg,768,1024,antics|casual|cubical|cubicle|desk|employee|fun|funny|geek|informationtechnology|it|moblog|nerd|office|programmer|relaxed|samsunggalaxysiii|softwaredeveloper|work|workday|workplace,ep145,2025-04-05,synthetic
f_8643350027,8643350027,openverse/flickr,https://live.staticflickr.com/8102/8643350027_d13f565999_b.jpg,photos/raw/8643350027.jpg,1024,768,antics|casual|cubical|cubicle|desk|employee|fun|funny|geek|informationtechnology|it|moblog|nerd|office|programmer|relaxed|samsunggalaxysiii|softwaredeveloper|work|workday|workplace,ep054,2023-05-07,synthetic
f_9028963508,9028963508,openverse/flickr,https://live.staticflickr.com/7433/9028963508_712a49c9f4_b.jpg,photos/raw/9028963508.jpg,1024,768,antics|casual|comfortable|corporate|cubical|cubicle|desk|developer|funny|geek|informationtechnology|it|moblog|nerd|office|programmer|relaxation|relaxed|samsunggalaxysiii|slacker|softwaredeveloper|woking|work|working|workplace|workspace,ep145,2025-04-05,synthetic
f_8725720089,8725720089,openverse/flickr,https://live.staticflickr.com/7346/8725720089_8e8d62c01e_b.jpg,photos/raw/8725720089.jpg,768,1024,antics|casual|comfortable|corporate|cubical|cubicle|desk|developer|funny|geek|informationtechnology|it|moblog|nerd|office|programmer|relaxation|relaxed|samsunggalaxysiii|slacker|softwaredeveloper|woking|work|working|workplace|workspace,ep145,2025-04-05,synthetic
f_3635666853,3635666853,openverse/flickr,https://live.staticflickr.com/3608/3635666853_dbc6401e2c_b.jpg,photos/raw/3635666853.jpg,768,1024,apple|büro|b\xfcro|camera|cameraphone|desk|hannover|hanover|iphone|macbook|office|pro|testing,ep036,2022-12-11,synthetic
f_11893288373,11893288373,openverse/flickr,https://live.staticflickr.com/7319/11893288373_d223e256bb_b.jpg,photos/raw/11893288373.jpg,1024,768,chair|contemporary|desk|furniture|indoors|interior design|lamp|luxury|room|seat|table|window,ep039,2023-01-14,synthetic
f_2104054726,2104054726,openverse/flickr,https://live.staticflickr.com/2120/2104054726_2084357cc4.jpg,photos/raw/2104054726.jpg,500,375,bag|chocolate|elgreco|grey|lafestachocolatta|notebook|office|orbit|pashmina|symbols|tictac|twinings,ep106,2024-07-27,synthetic
f_2655532300,2655532300,openverse/flickr,https://live.staticflickr.com/3086/2655532300_27b66ca9af_b.jpg,photos/raw/2655532300.jpg,1024,768,funny|humor|humour|internet|kettle|lucas|office|old|outside|p1070501|stroller|telephone,ep161,2025-08-07,synthetic
f_8651866359,8651866359,openverse/flickr,https://live.staticflickr.com/8546/8651866359_20a4ce625f_b.jpg,photos/raw/8651866359.jpg,768,1024,antics|casual|cubical|cubicle|desk|employee|fun|funny|geek|informationtechnology|it|nerd|office|programmer|relaxed|softwaredeveloper|work|workday|workplace,ep145,2025-04-05,synthetic
f_7749059916,7749059916,openverse/flickr,https://live.staticflickr.com/8425/7749059916_b8fa49b9b1.jpg,photos/raw/7749059916.jpg,500,375,exhibition|furniture|home|indoors|interior design|museum|people|room,ep036,2022-12-11,synthetic
f_8696678216,8696678216,openverse/flickr,https://live.staticflickr.com/8121/8696678216_e289f11b2b_b.jpg,photos/raw/8696678216.jpg,768,1024,antics|casual|cubical|cubicle|desk|employee|fun|funny|geek|informationtechnology|it|moblog|nerd|office|programmer|relaxed|samsunggalaxysiii|softwaredeveloper|work|workday|workplace,ep145,2025-04-05,synthetic
f_8611316142,8611316142,openverse/flickr,https://live.staticflickr.com/8254/8611316142_a105d08b94_b.jpg,photos/raw/8611316142.jpg,768,1024,antics|casual|cubical|cubicle|desk|employee|fun|funny|geek|informationtechnology|it|moblog|nerd|office|programmer|relaxed|samsunggalaxysiii|softwaredeveloper|work|workday|workplace,ep145,2025-04-05,synthetic
f_8142211942,8142211942,openverse/flickr,https://live.staticflickr.com/8194/8142211942_4cd7c3ce64_b.jpg,photos/raw/8142211942.jpg,1024,768,antics|casual|cubical|cubicle|desk|developer|employee|fun|funny|geek|informationtechnology|it|moblog|nerd|office|programmer|relaxed|samsunggalaxysiii|sandiego|software|softwaredeveloper|work|workday|working|workplace,ep146,2025-04-10,synthetic
f_8119997750,8119997750,openverse/flickr,https://live.staticflickr.com/8191/8119997750_6c9ddbe614_b.jpg,photos/raw/8119997750.jpg,1024,768,antics|casual|comfortable|corporate|cubical|cubicle|desk|developer|fun|funny|geek|informationtechnology|it|moblog|nerd|office|programmer|relaxation|relaxed|samsunggalaxysiii|sandiego|slacker|software|softwaredeveloper|woking|work|working|workplace|workspace,ep145,2025-04-05,synthetic
f_13284435934,13284435934,openverse/flickr,https://live.staticflickr.com/7019/13284435934_66a60d0e01_b.jpg,photos/raw/13284435934.jpg,1024,683,60d|adobe|apple|canon|desk|eisham|eos|hardy|lightroom|macbook|office|pro|sham|shamhardy|xshamx,ep142,2025-03-16,synthetic
f_3635667237,3635667237,openverse/flickr,https://live.staticflickr.com/2484/3635667237_efea3e9596_b.jpg,photos/raw/3635667237.jpg,1024,768,apple|bu00fcro|büro|camera|cameraphone|desk|hannover|hanover|iphone|macbook|office|pro|testing,ep036,2022-12-11,synthetic
f_14971833437,14971833437,openverse/flickr,https://live.staticflickr.com/3925/14971833437_9437e063af_b.jpg,photos/raw/14971833437.jpg,1024,685,books|desk|dragon|dumbledore|harrypotter|architecture|bookcase|indoors|lamp|library|old|shelf|travel,ep074,2023-09-17,synthetic
f_8186285973,8186285973,openverse/flickr,https://live.staticflickr.com/8210/8186285973_c0e5f4e03e_b.jpg,photos/raw/8186285973.jpg,768,1024,antics|casual|cubical|cubicle|desk|employee|fun|funny|geek|informationtechnology|it|moblog|nerd|office|programmer|relaxed|samsunggalaxysiii|softwaredeveloper|work|workday|workplace,ep145,2025-04-05,synthetic
f_3563194444,3563194444,openverse/flickr,https://live.staticflickr.com/3408/3563194444_a520b25543_b.jpg,photos/raw/3563194444.jpg,703,1023,canada|concert|dance|dancequeenparexcellence|euro|eurodance|kate|kateryan|le|lenational|montreal|national|quebec|ryan|tour,ep079,2023-12-06,synthetic
f_3804551632,3804551632,openverse/flickr,https://live.staticflickr.com/2579/3804551632_b1a558e35c_b.jpg,photos/raw/3804551632.jpg,1023,372,acdc|acdcmontreal|black|blackice|blackicetour|concert|ice|montreal|olympic|olympicstadium|rock|rocknroll|roll|stadium|tour,ep060,2023-06-23,synthetic
f_23424386461,23424386461,openverse/flickr,https://live.staticflickr.com/704/23424386461_ae83b2158a_b.jpg,photos/raw/23424386461.jpg,768,1024,bandconcert|concert|gaydads|grandparents|gymnasium|illinois|indoor|midwest|parents|school,ep067,2023-08-05,synthetic
f_3353835592,3353835592,openverse/flickr,https://live.staticflickr.com/1263/3353835592_2f37de85b0_b.jpg,photos/raw/3353835592.jpg,788,1023,adams|bryan|bryanadams|canada|centre|concert|gig|kingston|krock|krockcentre|music|ontario|performance|rock|toronto|tour,ep051,2023-04-23,synthetic
f_3877439821,3877439821,openverse/flickr,https://live.staticflickr.com/2550/3877439821_927b7e1aac_b.jpg,photos/raw/3877439821.jpg,1023,473,alexkapranos|bobhardy|concert|concertstage|ferdinand|franz|franzferdinand|jump|jumping|metropolis|montreal|nicholasmccarthy|paulthomas|review|setlist|stage,ep060,2023-06-27,synthetic
f_3735171010,3735171010,openverse/flickr,https://live.staticflickr.com/3498/3735171010_90582fc99c_b.jpg,photos/raw/3735171010.jpg,1023,653,concert|concertstage|day|green|greenday|live|montreal|performance|punk|rock|setlist|stage|stageconcert|tour|band|concert|festival|music|musician|performance|singer|stage,ep060,2023-06-26,synthetic
f_7068321057,7068321057,openverse/flickr,https://live.staticflickr.com/7058/7068321057_c055a3cbcc_b.jpg,photos/raw/7068321057.jpg,1023,698,audience|cameronindoorstadium|concert|dukeuniversity|dukeuniversityunion|durham|duu|foldingchair|majorattractionscommittee|northcarolina|reunion2018,ep049,2023-04-13,synthetic
f_3505875247,3505875247,openverse/flickr,https://live.staticflickr.com/3552/3505875247_1410a1fa9c_b.jpg,photos/raw/3505875247.jpg,683,1024,20march2009|bell|bellcenter|bellcentre|brit|britney|britneyspears|canada|center|centre|centrebell|circus|concert|montreal|performance|quebec|spears,ep079,2023-12-06,synthetic
f_3505872201,3505872201,openverse/flickr,https://live.staticflickr.com/3309/3505872201_77f7768c5f_b.jpg,photos/raw/3505872201.jpg,589,1024,20march2009|bell|bellcenter|bellcentre|brit|britney|britneyspears|canada|center|centre|centrebell|circus|concert|montreal|performance|quebec|spears,ep079,2023-12-06,synthetic
f_1960164737,1960164737,openverse/flickr,https://live.staticflickr.com/2033/1960164737_7af707d386_b.jpg,photos/raw/1960164737.jpg,1024,768,band|bellcenter|bellcentre|canada|concert|davidleeroth|eddievanhalen|jump|live|montreal|music|performance|quebec|rock|show|tour|vanhalen,ep051,2023-04-24,synthetic
f_3725928708,3725928708,openverse/flickr,https://live.staticflickr.com/2558/3725928708_46b06b2e38_b.jpg,photos/raw/3725928708.jpg,1024,803,bellcenter|centrebell|concert|gene|genesimmons|kiss|kissalive35|montreal|rock|simmons,ep005,2022-01-28,synthetic
f_3695401461,3695401461,openverse/flickr,https://live.staticflickr.com/2535/3695401461_49ea074780_b.jpg,photos/raw/3695401461.jpg,1024,768,concert|festival|funk|gang|jazz|kool|koolandthegang|montreal|montrealjazzfestivalmetropolis|rb,ep005,2022-01-28,synthetic
f_15530232059,15530232059,openverse/flickr,https://live.staticflickr.com/7581/15530232059_1951197cf9_b.jpg,photos/raw/15530232059.jpg,1024,768,blue|celebrity|concert|empire|empiretheatre|england|europe|gig|instrument|liverpool|liverpoolempire|music|musician|palomafaith|people|pop|singer|theatre,ep079,2023-12-06,synthetic
f_2058209644,2058209644,openverse/flickr,https://live.staticflickr.com/2194/2058209644_ef35df123e_b.jpg,photos/raw/2058209644.jpg,1024,681,365days|concert|jorgeferrergarcu00eda|jorgeferrergarc\xeda|leather|morethan1000visits|morethan100visits|morethan2500visits|morethan250visits|morethan5000visits|morethan500visits|nikond70s1770|pockets|rock|selfportrait|vest|zaragoza,ep098,2024-05-27,synthetic
f_15096736823,15096736823,openverse/flickr,https://live.staticflickr.com/7504/15096736823_3003ece312_b.jpg,photos/raw/15096736823.jpg,1024,768,blue|celebrity|concert|empire|empiretheatre|england|europe|gig|instrument|liverpool|liverpoolempire|music|musician|palomafaith|people|pop|singer|theatre,ep005,2022-01-28,synthetic
f_3780416237,3780416237,openverse/flickr,https://live.staticflickr.com/2482/3780416237_524b3c651d_b.jpg,photos/raw/3780416237.jpg,1023,864,2009|chris|chrismartin|coldplay|coldplayconcert|concert|drapeau|jean|martin|montreal|montru00e9al|montr\xe9al|osheaga|osheaga2009|parc|parcjeandrapeau|u00eelesaintehu00e9lu00e8ne|\xeelesainteh\xe9l\xe8ne|audience|band|concert|concert hall|festival|guitar|guitarist|indie|light|music|musician|people|performance|singer|songwriter|stage,ep051,2023-04-23,synthetic
f_3013720785,3013720785,openverse/flickr,https://live.staticflickr.com/3030/3013720785_a25cc3c65e_b.jpg,photos/raw/3013720785.jpg,717,1024,bell|bellcentre|britneyspears|canada|centre|concert|festival|gig|justintimberlake|live|madge|madonna|music|performance|pop|quebec|sticky|stickysweet|sweet,ep005,2022-01-28,synthetic
f_2814098677,2814098677,openverse/flickr,https://live.staticflickr.com/3252/2814098677_c43e9b729c_b.jpg,photos/raw/2814098677.jpg,1024,819,bell|bellcenter|canada|celine|celinedion|center|centre|centrebell|chances|concert|dion|live|montreal|music|performance|pop|quebec|taking|takingchances,ep014,2022-03-14,synthetic
f_2737975146,2737975146,openverse/flickr,https://live.staticflickr.com/3228/2737975146_f065c89b14_b.jpg,photos/raw/2737975146.jpg,1023,559,backstreet|backstreetboys|band|bell|bellcenter|bellcentre|boys|bsb|canada|center|centre|concert|live|montreal|music|pop|quebec|tour|unbreakable,ep005,2022-01-28,synthetic
f_2814096195,2814096195,openverse/flickr,https://live.staticflickr.com/3019/2814096195_88b89b6663_b.jpg,photos/raw/2814096195.jpg,1023,588,bell|bellcenter|canada|celine|celinedion|center|centre|centrebell|chances|concert|dion|live|montreal|music|performance|pop|quebec|taking|takingchances,ep079,2023-12-07,synthetic
f_11978405204,11978405204,openverse/flickr,https://live.staticflickr.com/3681/11978405204_d67aedd245_b.jpg,photos/raw/11978405204.jpg,1024,576,2014|808|cameraphone|carlzeiss|guests|hugovk|hvk|january|nokia|nokia808pureview|norway|pureview|sami|samiweddingguests|talvi|tromsdalen|tromsfylke|tromsøkommune|tromsu00f8kommune|wedding|winter,ep173,2025-11-18,synthetic
f_2811271159,2811271159,openverse/flickr,https://live.staticflickr.com/3009/2811271159_9e14d8797e_b.jpg,photos/raw/2811271159.jpg,1024,682,athens|collins|crow|dawn|ga|georgia|olivia|perry|richard|tres|uga|wedding,ep133,2025-01-13,synthetic
f_4222519918,4222519918,openverse/flickr,https://live.staticflickr.com/4011/4222519918_e6774098dd_b.jpg,photos/raw/4222519918.jpg,1024,768,weddingguest|whitedress,ep023,2022-06-28,synthetic
f_2811271239,2811271239,openverse/flickr,https://live.staticflickr.com/3081/2811271239_a360937645_b.jpg,photos/raw/2811271239.jpg,1024,682,athens|collins|crow|dawn|ga|georgia|olivia|perry|richard|tres|uga|wedding,ep117,2024-10-11,synthetic
f_22454765506,22454765506,openverse/flickr,https://live.staticflickr.com/737/22454765506_203d8fbe47_b.jpg,photos/raw/22454765506.jpg,803,1024,weddingguestoutfit,ep100,2024-06-16,synthetic
f_4536954424,4536954424,openverse/flickr,https://live.staticflickr.com/4070/4536954424_f8192d06d7_b.jpg,photos/raw/4536954424.jpg,1023,685,2010|april2010|cori|jason|maya|scott,ep021,2022-06-13,synthetic
f_10503404445,10503404445,openverse/flickr,https://live.staticflickr.com/2816/10503404445_afe16db5dd_b.jpg,photos/raw/10503404445.jpg,1024,683,candid|couple|parents|reception|together|wedding|wineglass,ep021,2022-06-13,synthetic
f_5677391264,5677391264,openverse/flickr,https://live.staticflickr.com/5101/5677391264_afa0e539d8_b.jpg,photos/raw/5677391264.jpg,769,1024,2011|canon|canon60d|dress|japan|kimono|traditional|traditionaldress|wedding,ep173,2025-11-18,synthetic
f_6802332742,6802332742,openverse/flickr,https://live.staticflickr.com/7184/6802332742_8b5f359a2d.jpg,photos/raw/6802332742.jpg,500,500,instagramapp|iphoneography|square|valencia,ep034,2022-11-19,synthetic
f_4221639745,4221639745,openverse/flickr,https://live.staticflickr.com/2766/4221639745_b8e76301d7_b.jpg,photos/raw/4221639745.jpg,1024,768,blackhair|brickwall|vines,ep074,2023-09-18,synthetic
f_2811271061,2811271061,openverse/flickr,https://live.staticflickr.com/3183/2811271061_58ae7102d5_b.jpg,photos/raw/2811271061.jpg,1024,682,athens|collins|crow|dawn|ga|georgia|olivia|perry|richard|tres|uga|wedding,ep073,2023-09-06,synthetic
f_2812117166,2812117166,openverse/flickr,https://live.staticflickr.com/3180/2812117166_9470611d7e_b.jpg,photos/raw/2812117166.jpg,1024,682,athens|collins|crow|dawn|ga|georgia|olivia|perry|richard|tres|uga|wedding,ep021,2022-06-13,synthetic
f_54431357814,54431357814,openverse/flickr,https://live.staticflickr.com/65535/54431357814_c810b859a8_b.jpg,photos/raw/54431357814.jpg,1024,819,candid|child|china|chinese|cultural|culture|ethnic|ethnicity|family|group|matriarch|matriarchal|members|mosuo|nikond810|society|tibetan|wedding|yunnan,ep117,2024-10-09,synthetic
f_237381748,237381748,openverse/flickr,https://live.staticflickr.com/79/237381748_174f1c3e37_b.jpg,photos/raw/237381748.jpg,1024,682,family|lighting|wedding|whimsical,ep031,2022-10-20,synthetic
f_439006333,439006333,openverse/flickr,https://live.staticflickr.com/181/439006333_1f378c2ac4_b.jpg,photos/raw/439006333.jpg,770,1023,2006|jeffc|jenl|september2006|wedding,ep012,2022-02-26,synthetic
f_7150924813,7150924813,openverse/flickr,https://live.staticflickr.com/8018/7150924813_ba9e0c2115_b.jpg,photos/raw/7150924813.jpg,1024,678,2012|may2012|pool|sue|swimmingpool|tennisbubble|wstc,ep112,2024-09-08,synthetic
f_4942995514,4942995514,openverse/flickr,https://live.staticflickr.com/4122/4942995514_cf14f48b76_b.jpg,photos/raw/4942995514.jpg,681,1023,28|70200|70200mm|d700|f28|nikon|vr2|vrii|wedding,ep048,2023-04-08,synthetic
f_11931991194,11931991194,openverse/flickr,https://live.staticflickr.com/3802/11931991194_d2eecb7cd9_b.jpg,photos/raw/11931991194.jpg,1024,576,2014|808|arctic|arcticcathedralweddingguests|cameraphone|carlzeiss|cathedral|guests|hugovk|hvk|january|nokia|nokia808pureview|norway|pureview|talvi|tromsdalen|tromsfylke|tromsøkommune|tromsu00f8kommune|wedding|winter,ep173,2025-11-18,synthetic
f_8528991896,8528991896,openverse/flickr,https://live.staticflickr.com/8111/8528991896_31dd72da70_b.jpg,photos/raw/8528991896.jpg,1024,685,argentina|boda|buenosaires|celebration|clarameco|fiesta|party|reception|wedding|adult|chair|dining|furniture|hotel|indoors|man|people|place setting|recreation|restaurant|room|table|tableware|woman,ep041,2023-01-26,synthetic
f_7155769136,7155769136,openverse/flickr,https://live.staticflickr.com/7219/7155769136_3b34dc64e7_b.jpg,photos/raw/7155769136.jpg,1024,678,2012|may2012|pool|swimmingpool|wstc,ep117,2024-10-09,synthetic
f_12431363923,12431363923,openverse/flickr,https://live.staticflickr.com/5495/12431363923_c9d50e45fb_b.jpg,photos/raw/12431363923.jpg,1024,683,2014|february|festival|flying|food|lantern|lanterns|light|luck|market|night|nightmarket|pingxi|roc|sky|skylantern|taiwan|taiwanese|u5e73u6eaa|u81fau7063u71c8u6703|xueshan|平溪|臺灣燈會,ep112,2024-09-09,synthetic
f_5521692140,5521692140,openverse/flickr,https://live.staticflickr.com/5178/5521692140_566fdd915d_b.jpg,photos/raw/5521692140.jpg,1024,683,2011|festival|future|music,ep119,2024-10-25,synthetic
f_3454041927,3454041927,openverse/flickr,https://live.staticflickr.com/3405/3454041927_f8489ff30c.jpg,photos/raw/3454041927.jpg,333,500,2009|blossom|cherry|festival,ep100,2024-06-16,synthetic
f_5521129671,5521129671,openverse/flickr,https://live.staticflickr.com/5291/5521129671_a944695e21_b.jpg,photos/raw/5521129671.jpg,1024,683,2011|festival|future|music,ep173,2025-11-18,synthetic
f_5521692198,5521692198,openverse/flickr,https://live.staticflickr.com/5019/5521692198_0e252311ac_b.jpg,photos/raw/5521692198.jpg,683,1024,2011|festival|future|music,ep079,2023-12-04,synthetic
f_8654475365,8654475365,openverse/flickr,https://live.staticflickr.com/8103/8654475365_4761a40964_b.jpg,photos/raw/8654475365.jpg,1024,681,2013|blossom|cherry|festival,ep166,2025-09-14,synthetic
f_5521692174,5521692174,openverse/flickr,https://live.staticflickr.com/5216/5521692174_448f846f87_b.jpg,photos/raw/5521692174.jpg,683,1024,2011|festival|future|music,ep096,2024-05-17,synthetic
f_3671666444,3671666444,openverse/flickr,https://live.staticflickr.com/3367/3671666444_4473cdf55e_b.jpg,photos/raw/3671666444.jpg,1024,683,feedback|festival|interactiveart|newmediainteractiveart,ep003,2022-01-15,synthetic
f_5521730436,5521730436,openverse/flickr,https://live.staticflickr.com/5216/5521730436_7f6978ee01_b.jpg,photos/raw/5521730436.jpg,1024,683,2011|festival|future|music,ep028,2022-09-23,synthetic
f_5521664660,5521664660,openverse/flickr,https://live.staticflickr.com/5055/5521664660_f2c11e77c7_b.jpg,photos/raw/5521664660.jpg,1024,683,2011|festival|future|music,ep079,2023-12-04,synthetic
f_3983055366,3983055366,openverse/flickr,https://live.staticflickr.com/2534/3983055366_7af81b9777_b.jpg,photos/raw/3983055366.jpg,820,1023,1galleries|2009|200909|20090926|art|artunderthebridge|brooklyn|canon10d|canon2470f28l|creativity|culture|dac|deanrusso|dumbo|dumboartfestival|dumboartfestival2009|dumboartscenter|fav10|fav25|fav50|fineart|fun|gothamist|inspiration|journalism|male|man|men|mixedmedia|newyork|newyorkcity|nyc|nycpb|painting|paintings|people|photography|photojournalism|popart|portrait|seeminglee|sml|smlphotography|abstract|art|bright|color|decoration|design|desktop|festival|motley|pattern|texture,ep055,2023-05-12,synthetic
f_65452828,65452828,openverse/flickr,https://live.staticflickr.com/32/65452828_a556ea1f18_b.jpg,photos/raw/65452828.jpg,1024,681,100|50|boat|burma|deleteme|deleteme10|deleteme2|deleteme3|deleteme4|deleteme5|deleteme6|deleteme7|deleteme8|deleteme9|fav50|festival|inle|itsong–invite|itsong–mirrors–southeastasia|itsong–nikond70s|itsongu2013invite|itsongu2013mirrorsu2013southeastasia|itsongu2013nikond70s|lake|mirrorsofsociety|saveme|saveme2|saveme3|saveme4|saveme5|saveme6|shan|state|architecture|building|castle|culture|lake|landscape|monastery|old|outdoors|reflection|religion|river|sky|temple|traditional|travel|water,ep112,2024-09-08,synthetic
f_7805069120,7805069120,openverse/flickr,https://live.staticflickr.com/8304/7805069120_8cc8c84578_b.jpg,photos/raw/7805069120.jpg,683,1024,automobile|boisson|canada|centreville|commercial|crescent|downtown|drink|energy|festival|fu00eate|hype|montru00e9al|montr\xe9al|nascar|publicitu00e9|publicit\xe9|quu00e9bec|qu\xe9bec|rue|sport|street|u00e9nergu00e9tique|u00e9vu00e9nement|\xe9nerg\xe9tique|\xe9v\xe9nement,ep071,2023-08-27,synthetic
f_22898717774,22898717774,openverse/flickr,https://live.staticflickr.com/5658/22898717774_17d236f351_b.jpg,photos/raw/22898717774.jpg,1024,683,2015|77|alpha|asia|bangkok|boat|celebration|chao|cultural|culture|dark|darkness|decoration|dslr|explore|explored|festival|hotel|krathong|light|loy|orchid|phraya|river|royal|sheraton|slt|sony|southeast|thailand|tradition|water,ep158,2025-07-16,synthetic
f_2100378139,2100378139,openverse/flickr,https://live.staticflickr.com/2332/2100378139_f70cd51afe_b.jpg,photos/raw/2100378139.jpg,1024,1024,angle|art|artist|atmosphere|background|best|blues|capture|castle|church|colors|composition|details|edge|exposure|festival|framing|france|french|hdr|highquality|images|intense|light|lighting|lights|lines|lyon|masterpiece|modern|mood|mostviewed|night|nikon|painting|panorama|perfect|perspective|photographer|photography|photos|pictures|pro|processing|reflections|shoot|shot|stuckincustoms|texture|tones|treatment|treyratcliff|unique|work|art|celebration|evening|light|nightlife|party,ep158,2025-07-16,synthetic
f_1248240546,1248240546,openverse/flickr,https://live.staticflickr.com/1102/1248240546_dfd4cde688_b.jpg,photos/raw/1248240546.jpg,681,1024,busker|ferrara|ferrarabuskersfestival2007|festival|spring,ep079,2023-12-04,synthetic
f_8005510426,8005510426,openverse/flickr,https://live.staticflickr.com/8179/8005510426_08992f2aee_b.jpg,photos/raw/8005510426.jpg,1024,1015,acoruña|acoruu00f1a|cantar|colorrojo|coros|coruña|corunna|coruu00f1a|espagne|españa|espau00f1a|fenme|festival|festivalfolclorico|folcclore|folklore|galice|galicia|galiza|gente|lacoruña|lacoruu00f1a|mujer|mujeres|muller|mulleres|musica|mygearandme|omsk|people|personas|rusia|siberia|spain|thegalaxy|women|xente,ep166,2025-09-13,synthetic
f_6505924911,6505924911,openverse/flickr,https://live.staticflickr.com/7006/6505924911_e6ac9acdb2_b.jpg,photos/raw/6505924911.jpg,1024,683,festival|java|jazz,ep060,2023-06-24,synthetic
f_2451567760,2451567760,openverse/flickr,https://live.staticflickr.com/2004/2451567760_71ffc89674_b.jpg,photos/raw/2451567760.jpg,768,1024,festival|georgia|renaissance,ep003,2022-01-15,synthetic
f_793940933,793940933,openverse/flickr,https://live.staticflickr.com/1121/793940933_aab39c6e22_b.jpg,photos/raw/793940933.jpg,1024,685,boston|festival|foresthillscemetery|japanese|lantern|lanternfestival,ep158,2025-07-16,synthetic
f_32060850445,32060850445,openverse/flickr,https://live.staticflickr.com/450/32060850445_9f59abd317_b.jpg,photos/raw/32060850445.jpg,1024,683,,ep154,2025-06-19,synthetic
f_31912651252,31912651252,openverse/flickr,https://live.staticflickr.com/585/31912651252_bf420f4f95_b.jpg,photos/raw/31912651252.jpg,1024,683,,ep154,2025-06-17,synthetic
f_5574006812,5574006812,openverse/flickr,https://live.staticflickr.com/5307/5574006812_9b95e26849_b.jpg,photos/raw/5574006812.jpg,1024,680,coach|d5000|delhi|engine|f18|nikon|railway|station|track|train,ep154,2025-06-17,synthetic
f_8373265241,8373265241,openverse/flickr,https://live.staticflickr.com/8226/8373265241_9b39fda091_b.jpg,photos/raw/8373265241.jpg,1024,683,1974|alan|august|carol|kodachrome|railway|slide|train,ep023,2022-06-28,synthetic
f_32022218266,32022218266,openverse/flickr,https://live.staticflickr.com/296/32022218266_b7133c3f89_b.jpg,photos/raw/32022218266.jpg,1024,683,,ep175,2025-11-28,synthetic
f_31942949591,31942949591,openverse/flickr,https://live.staticflickr.com/380/31942949591_7c093a2c9e_b.jpg,photos/raw/31942949591.jpg,1024,683,,ep154,2025-06-17,synthetic
f_31219933984,31219933984,openverse/flickr,https://live.staticflickr.com/656/31219933984_cc813e1179_b.jpg,photos/raw/31219933984.jpg,1024,683,no|norway|sognogfjordane|stage1,ep118,2024-10-16,synthetic
f_15933947952,15933947952,openverse/flickr,https://live.staticflickr.com/7476/15933947952_dccd0625eb_b.jpg,photos/raw/15933947952.jpg,1024,683,bergenrailway|norway,ep154,2025-06-19,synthetic
f_32060844875,32060844875,openverse/flickr,https://live.staticflickr.com/517/32060844875_78abf087a2_b.jpg,photos/raw/32060844875.jpg,1024,683,,ep154,2025-06-16,synthetic
f_11136362073,11136362073,openverse/flickr,https://live.staticflickr.com/7401/11136362073_5afca4fb55_b.jpg,photos/raw/11136362073.jpg,681,1024,bahnfahrt|pampa|peru|railway|train,ep154,2025-06-17,synthetic
f_6854016103,6854016103,openverse/flickr,https://live.staticflickr.com/7167/6854016103_76dae2531d_b.jpg,photos/raw/6854016103.jpg,1024,768,9999|hokkaido|japan|journey|jr|jru5317u6d77u9053|jr\u5317\u6d77\u9053|jr北海道|kushiro|train|u51acu3053u305djr|\u51ac\u3053\u305djr|u5317u6d77u9053|\u5317\u6d77\u9053|u91e7u8def|\u91e7\u8def|冬こそjr|北海道|釧路,ep154,2025-06-19,synthetic
f_31942939741,31942939741,openverse/flickr,https://live.staticflickr.com/675/31942939741_5a134cc6d3_b.jpg,photos/raw/31942939741.jpg,683,1024,,ep154,2025-06-16,synthetic
f_31912982152,31912982152,openverse/flickr,https://live.staticflickr.com/441/31912982152_d8d813df75_b.jpg,photos/raw/31912982152.jpg,683,1024,,ep154,2025-06-19,synthetic
f_31219993484,31219993484,openverse/flickr,https://live.staticflickr.com/339/31219993484_19e36890db_b.jpg,photos/raw/31219993484.jpg,1024,683,,ep154,2025-06-17,synthetic
f_31686107350,31686107350,openverse/flickr,https://live.staticflickr.com/700/31686107350_3b2cab8ed2_b.jpg,photos/raw/31686107350.jpg,1024,683,,ep154,2025-06-19,synthetic
f_31912986112,31912986112,openverse/flickr,https://live.staticflickr.com/311/31912986112_65f2e54038_b.jpg,photos/raw/31912986112.jpg,1024,683,,ep175,2025-11-28,synthetic
f_31219988534,31219988534,openverse/flickr,https://live.staticflickr.com/401/31219988534_be61168ccc_b.jpg,photos/raw/31219988534.jpg,1024,683,,ep176,2025-12-04,synthetic
f_15932631081,15932631081,openverse/flickr,https://live.staticflickr.com/7503/15932631081_ea47cf0e11_b.jpg,photos/raw/15932631081.jpg,1024,683,bergenrailway|mountains|norway|snow,ep176,2025-12-04,synthetic
f_32021608906,32021608906,openverse/flickr,https://live.staticflickr.com/267/32021608906_366037ded5_b.jpg,photos/raw/32021608906.jpg,1024,683,no|norway|sognogfjordane|stage1,ep175,2025-11-28,synthetic
f_31219968184,31219968184,openverse/flickr,https://live.staticflickr.com/764/31219968184_89cb230653_b.jpg,photos/raw/31219968184.jpg,1024,683,,ep176,2025-12-02,synthetic
f_8030566721,8030566721,openverse/flickr,https://live.staticflickr.com/8169/8030566721_52a8eb2a8f_b.jpg,photos/raw/8030566721.jpg,819,1024,1stladyofmaryland|judgekatherineomalley|katieomalley|militaryfamiliesdinner,ep133,2025-01-13,synthetic
f_8030757068,8030757068,openverse/flickr,https://live.staticflickr.com/8181/8030757068_12c98fb73d_b.jpg,photos/raw/8030757068.jpg,1024,819,1stladyofmaryland|judgekatherineomalley|katieomalley|militaryfamiliesdinner,ep133,2025-01-13,synthetic
f_8030761496,8030761496,openverse/flickr,https://live.staticflickr.com/8315/8030761496_96b279dd35_b.jpg,photos/raw/8030761496.jpg,1024,819,1stladyofmaryland|judgekatherineomalley|katieomalley|militaryfamiliesdinner,ep048,2023-04-08,synthetic
f_12036732456,12036732456,openverse/flickr,https://live.staticflickr.com/7446/12036732456_892c41636e_b.jpg,photos/raw/12036732456.jpg,1024,683,dinner|family|roast|sunday,ep110,2024-08-23,synthetic
f_2783773231,2783773231,openverse/flickr,https://live.staticflickr.com/3128/2783773231_576640721f_b.jpg,photos/raw/2783773231.jpg,1024,591,2008|200808|20080807|bethanybeach|delaware|dinner|dinner20080807|dinner20080807bethanybeachfamilydinner|franksawyer|magnolias|mariasawyer|meal|restaurant|sitting|talking,ep041,2023-01-26,synthetic
f_5172639617,5172639617,openverse/flickr,https://live.staticflickr.com/4110/5172639617_ed99e39c77_b.jpg,photos/raw/5172639617.jpg,1024,566,2010|201011|20101101|britt|camerapersondad|carolyn|chrisn|clint|daksgrill|dinner|dinner20101101|dinner20101101tatianasvisit|leaning|meal|mirror|mom|reflection|restaurant|sitting|tatianaprophet|tatianaprophetvisit|tatianaprophetvisit20101101|virginia|visit|visiting|woodbridge,ep041,2023-01-26,synthetic
f_4957401179,4957401179,openverse/flickr,https://live.staticflickr.com/4103/4957401179_44f4ffe18f_b.jpg,photos/raw/4957401179.jpg,1023,646,2010|201008|20100806|allisonsawyer|andrewkrier|bodilycomedy|camera|cameras|capecod|carolyn|comedy|franksawyer|funny|funnyface|ginacornelio|groupphoto|jenniferrice|jgerardsawyer|lobsterclaw|massachusetts|melaniesawyer|restaurant|samanthasawyer|takingpicture|vacation|vacationtocapecod|vacationtocapecod2010,ep031,2022-10-17,synthetic
f_8030747052,8030747052,openverse/flickr,https://live.staticflickr.com/8177/8030747052_56e8355944_b.jpg,photos/raw/8030747052.jpg,1023,683,1stladyofmaryland|judgekatherineomalley|katieomalley|militaryfamiliesdinner,ep106,2024-07-27,synthetic
f_31057872102,31057872102,openverse/flickr,https://live.staticflickr.com/5757/31057872102_470cbc3d62_b.jpg,photos/raw/31057872102.jpg,1024,702,1950s|analog|anniversary|canton|dinner|family|forgottonia|found|illinois|midwest|thanksgiving|thedarkroomcom|westernillinois,ep049,2023-04-13,synthetic
f_8030664032,8030664032,openverse/flickr,https://live.staticflickr.com/8032/8030664032_58241325a7_b.jpg,photos/raw/8030664032.jpg,819,1024,1stladyofmaryland|judgekatherineomalley|katieomalley|militaryfamiliesdinner|blond|child|facial expression|family|fun|girl|innocence|motherhood|offspring|people|sibling|son|three|toddler|togetherness|two|wear|woman,ep069,2023-08-16,synthetic
f_2918640693,2918640693,openverse/flickr,https://live.staticflickr.com/3164/2918640693_61fc64248d_b.jpg,photos/raw/2918640693.jpg,1024,768,dinnerdance|elmiracollege|fatherdaughterdance|mothersondance|parentsweekend|brunette|facial expression|group|group together|people|restaurant|several,ep021,2022-06-13,synthetic
f_2918637919,2918637919,openverse/flickr,https://live.staticflickr.com/3211/2918637919_1ff794fcba_b.jpg,photos/raw/2918637919.jpg,1024,768,dinnerdance|elmiracollege|fatherdaughterdance|mothersondance|parentsweekend,ep021,2022-06-13,synthetic
f_2918637321,2918637321,openverse/flickr,https://live.staticflickr.com/3209/2918637321_348fb45e49_b.jpg,photos/raw/2918637321.jpg,1024,768,dinnerdance|elmiracollege|fatherdaughterdance|mothersondance|parentsweekend|adult|bar|celebration|group|group together|man|many|party|people|restaurant|woman,ep021,2022-06-13,synthetic
f_16351590696,16351590696,openverse/flickr,https://live.staticflickr.com/8577/16351590696_ec73c6b66d.jpg,photos/raw/16351590696.jpg,500,500,instagramapp|iphoneography|square,ep156,2025-07-05,synthetic
f_2784588164,2784588164,openverse/flickr,https://live.staticflickr.com/3229/2784588164_229d0104ef_b.jpg,photos/raw/2784588164.jpg,1023,568,2008|200808|20080807|bethanybeach|delaware|dinner|dinner20080807|dinner20080807bethanybeachfamilydinner|isabellapsillidio|magnolias|margarethasawyer|meal|restaurant|sitting|talking,ep041,2023-01-26,synthetic
f_2783746005,2783746005,openverse/flickr,https://live.staticflickr.com/3185/2783746005_4f2cf18620_b.jpg,photos/raw/2783746005.jpg,1024,560,2008|200808|20080807|annesawyer|bethanybeach|comedy|delaware|dinner|dinner20080807|dinner20080807bethanybeachfamilydinner|funny|funnyface|magnolias|meal|restaurant|sitting,ep031,2022-10-18,synthetic
f_8030594502,8030594502,openverse/flickr,https://live.staticflickr.com/8040/8030594502_590daa2173_b.jpg,photos/raw/8030594502.jpg,1023,683,1stladyofmaryland|judgekatherineomalley|katieomalley|militaryfamiliesdinner,ep117,2024-10-11,synthetic
f_8030683600,8030683600,openverse/flickr,https://live.staticflickr.com/8032/8030683600_24c68f7825_b.jpg,photos/raw/8030683600.jpg,819,1024,1stladyofmaryland|judgekatherineomalley|katieomalley|militaryfamiliesdinner,ep133,2025-01-13,synthetic
f_8030770289,8030770289,openverse/flickr,https://live.staticflickr.com/8454/8030770289_18333a5df0_b.jpg,photos/raw/8030770289.jpg,1024,819,1stladyofmaryland|judgekatherineomalley|katieomalley|militaryfamiliesdinner,ep133,2025-01-13,synthetic
f_8030727649,8030727649,openverse/flickr,https://live.staticflickr.com/8175/8030727649_bd3577a846_b.jpg,photos/raw/8030727649.jpg,1023,683,1stladyofmaryland|judgekatherineomalley|katieomalley|militaryfamiliesdinner,ep117,2024-10-11,synthetic
f_1683406,1683406,openverse/flickr,https://live.staticflickr.com/2/1683406_cb9448859c_b.jpg,photos/raw/1683406.jpg,1024,683,dj|party,ep003,2022-01-15,synthetic
f_3832530603,3832530603,openverse/flickr,https://live.staticflickr.com/2478/3832530603_477d6a34be_b.jpg,photos/raw/3832530603.jpg,1024,484,blazer|boots|boy|cap|cape|chapel|church|coats|dull|friends|girlchild|jacket|outingparty|overcast|rain|raincoats|sandals|school|sundaybest|teenager|tie|wellies,ep083,2024-01-02,synthetic
f_3152684546,3152684546,openverse/flickr,https://live.staticflickr.com/3210/3152684546_056b1a5d22_b.jpg,photos/raw/3152684546.jpg,768,1024,20062007|2007|2400|bestwishes|celebration|champagne|countdown|friends|happynewyear|holiday|impreza|midnight|newyear|newyearseve|night|noc|nowyrok|odliczanie|outdoor|party|północ|przyjaciele|pu00f3u0142noc|p\xf3łnoc|sparklingwine|świętowanie|sylwester|szampan|toast|u015bwiu0119towanie|winomusujące|winomusuju0105ce,ep048,2023-04-08,synthetic
f_5653581409,5653581409,openverse/flickr,https://live.staticflickr.com/5148/5653581409_f760c9332d_b.jpg,photos/raw/5653581409.jpg,1024,768,friend|indoors|party,ep041,2023-01-26,synthetic
f_5179093041,5179093041,openverse/flickr,https://live.staticflickr.com/1017/5179093041_41b00a79fe_b.jpg,photos/raw/5179093041.jpg,1024,681,14|2010|55mm|birthday|camera|child|children|color|colorful|d5000|digital|dslr|family|friends|hammontonphotography|kid|kids|lego|lens|love|nikon|november|parties|party|playing|smiles,ep161,2025-08-05,synthetic
f_35635145145,35635145145,openverse/flickr,https://live.staticflickr.com/4052/35635145145_01ba84f33f_b.jpg,photos/raw/35635145145.jpg,943,1024,150|alittlebeauty|animal|animals|canada|canadaday|canuck|celebration|costume|coth|coth5|dog|dogs|mapleleaf|party|pet|pets|pug|pugs|sunrays5,ep099,2024-06-10,synthetic
f_2466083177,2466083177,openverse/flickr,https://live.staticflickr.com/2330/2466083177_2808e186c9.jpg,photos/raw/2466083177.jpg,500,332,2020|color|dj|friend|jumpclub|light|music|party|people|play|taipei|taiwan,ep003,2022-01-15,synthetic
f_2726358813,2726358813,openverse/flickr,https://live.staticflickr.com/3178/2726358813_584466d60c.jpg,photos/raw/2726358813.jpg,500,364,avatar|bathingsuit|bikini|colour|constanza|cute|friends|fun|mall|music|party|photo|salinebeach|samara|sand|sea|secondlife|shop|sim|summer|thema|towel,ep026,2022-08-24,synthetic
f_3224389562,3224389562,openverse/flickr,https://live.staticflickr.com/3435/3224389562_d6c0819585_b.jpg,photos/raw/3224389562.jpg,1024,658,camilo|cellphone|christian|dress|enjoy|friends|girl|guy|happy|lol|london|movies|party|ritchie|rocknrolla|scarleth|toomanytaggs|white,ep153,2025-06-13,synthetic
f_3693233582,3693233582,openverse/flickr,https://live.staticflickr.com/3555/3693233582_9bdac4da00_b.jpg,photos/raw/3693233582.jpg,1024,768,friends,ep011,2022-02-21,synthetic
f_4748043421,4748043421,openverse/flickr,https://live.staticflickr.com/4081/4748043421_0704052f2a_b.jpg,photos/raw/4748043421.jpg,1024,726,amici|artisiti|artist|beer|birre|candela|candle|canon|citronella|dof|ef50mmf18ii|estate|explore|fabio|friends|frontpage|geotagged|lounge|music|musica|party|rimini|summer|sunset|terrace|terrazzo|theauthorsclub|theauthorsplaza|thebluehour|tramonto|beach|blur|Christmas|dark|dawn|dusk|evening|fair weather|flame|landscape|light|moon|nature|sky|sun|sunset|travel|water,ep161,2025-08-08,synthetic
f_199259734,199259734,openverse/flickr,https://live.staticflickr.com/73/199259734_837d98766e_b.jpg,photos/raw/199259734.jpg,1024,673,andy|andynguyen|friends|houston|laughing|nguyen|party|portrait|refresh|refreshhouston|texas|web|webdesign,ep041,2023-01-28,synthetic
f_7934691530,7934691530,openverse/flickr,https://live.staticflickr.com/8443/7934691530_06917c8b9f_b.jpg,photos/raw/7934691530.jpg,683,1024,brooklyn|coneyisland|girls|gonewild|mermaid|mermaidparade|naked|naturist|nude|nudeinpublic|nyc|party|sexinpublic|sexygirls|topless|toplessparade,ep099,2024-06-10,synthetic
f_3320305033,3320305033,openverse/flickr,https://live.staticflickr.com/3579/3320305033_990f72e739_b.jpg,photos/raw/3320305033.jpg,1024,769,barefeet|barefoot|blackhoodie|blond|chair|couch|crossedlegs|drinking|hands|jeans|legs|longblondhair|party|redcup|sarah|sitting|smiling|speaking|talk|talking|adult|apartment|chair|comfort|contemporary|divan|family|furniture|house|indoors|inside|lifestyle|one|people|room|rug|seat|sit|sofa|woman,ep143,2025-03-29,synthetic
f_25088582,25088582,openverse/flickr,https://live.staticflickr.com/23/25088582_c54955e2ef_b.jpg,photos/raw/25088582.jpg,1024,768,benpinkus|chelseabutts|friends|gretamerrick|lindsayjones|mattperry|orgy|party|people|stevebabcock,ep031,2022-10-20,synthetic
f_492040199,492040199,openverse/flickr,https://live.staticflickr.com/207/492040199_abea1d719d_b.jpg,photos/raw/492040199.jpg,768,1024,babes|downblouse|formaturas|friends|night|party|dress|fashion|people|wear,ep031,2022-10-17,synthetic
f_7999697331,7999697331,openverse/flickr,https://live.staticflickr.com/8445/7999697331_322ca0c223_b.jpg,photos/raw/7999697331.jpg,1024,683,alliance|change|climate|climatechange|d|earth|environment|europe|european|food|frack|fracking|fracturing|friends|gas|gaz|green|greens|greensefa|health|hydraulic|schiste|shale|stop|stopclimatechange|union|vert|verts|vertsale|water,ep119,2024-10-25,synthetic
f_16238578789,16238578789,openverse/flickr,https://live.staticflickr.com/8675/16238578789_7669f46607_b.jpg,photos/raw/16238578789.jpg,1023,613,1st|2015|android|art|atoasttotombrady|backlight|backlit|backyard|beer|beerfest|bonding|bonfire|bottle|bottles|budwieser|burn|burning|cell|cellphone|charlescounty|cold|concept|creative|dark|drinking|event|family|fans|february|fire|firelight|flame|flaming|football|friends|fun|galaxy|galaxy5|gayla|group|happy|hot|life|light|lighting|male|maryland|men|miller|newenglandpatriots|nfl|night|nite|nocturnal|party|people|phone|pregame|relatives|samadams|seattleseahawks|southern|standing|superbowl|thirst|toast|top20fire|warm|warmth|wine|winter|women|xlix|yard,ep143,2025-03-26,synthetic
f_2414391001,2414391001,openverse/flickr,https://live.staticflickr.com/2259/2414391001_67b25e79e1_b.jpg,photos/raw/2414391001.jpg,1024,768,1980s|80s|costume|party,ep031,2022-10-18,synthetic
f_3597472433,3597472433,openverse/flickr,https://live.staticflickr.com/3346/3597472433_3d56359c55_b.jpg,photos/raw/3597472433.jpg,1024,768,celebration|family|friends|nicole|party|pizza|wicku2019s,ep031,2022-10-17,synthetic
f_2511449050,2511449050,openverse/flickr,https://live.staticflickr.com/2109/2511449050_c677db43c7_b.jpg,photos/raw/2511449050.jpg,1024,688,1992|newyork|adult|people|road|street|vehicle,ep023,2022-06-28,synthetic
f_4558646344,4558646344,openverse/flickr,https://live.staticflickr.com/3536/4558646344_752dffe880_b.jpg,photos/raw/4558646344.jpg,1024,687,april23242010|cbsp|coloradobendstatepark|hammock|nikond200|primitivecamping|road|tentsite|texas|trip|windmillbackpackcampingarea,ep160,2025-07-25,synthetic
f_14792466077,14792466077,openverse/flickr,https://live.staticflickr.com/5589/14792466077_e0275aca66_b.jpg,photos/raw/14792466077.jpg,1023,682,35mm|50mm|black|d7100|digital|f18|helping|homeless|lens|monochrome|nikkor|nikon|prime|white,ep082,2023-12-25,synthetic
f_4656741826,4656741826,openverse/flickr,https://live.staticflickr.com/4049/4656741826_3ded52ae36_b.jpg,photos/raw/4656741826.jpg,1024,507,1224mmf4|car|desert|roadtrip|sunset|airplane|car|drive|dusk|fast|highway|landscape|light|outdoors|road|sky|speed|street|sun|sunset|traffic|transportation system|travel|trip (journey)|vehicle,ep087,2024-01-24,synthetic
f_19338297448,19338297448,openverse/flickr,https://live.staticflickr.com/369/19338297448_cca89617fe_b.jpg,photos/raw/19338297448.jpg,1023,683,california|clouds|cloudscape|dawn|pitstop1|road|roadtrip|sky|sunrise|travel,ep160,2025-07-25,synthetic
f_35436681253,35436681253,openverse/flickr,https://live.staticflickr.com/4291/35436681253_c8947a9e7d_b.jpg,photos/raw/35436681253.jpg,1024,619,2017|bridge|cans2s|cropped|graham|hardhat|industrial|nikon|nikond750|nikonfx|perspective|pylon|rai|rivercrossing|saskatchewan|saskatoon|tedmcgrath|tedsphotos|vignetting,ep148,2025-04-29,synthetic
f_21470332544,21470332544,openverse/flickr,https://live.staticflickr.com/603/21470332544_dd0fd4c638_b.jpg,photos/raw/21470332544.jpg,1023,532,bald|bbqpit|bc|beard|boots|bottle|britishcolumbia|campsite|cane|chair|coffee|cooler|cropped|cross|cup|d600|d600fx|face|firepit|foldingchair|grate|handle|heina|heinzketchup|laces|leathercross|legs|male|man|marblecanoyn|marblecanyonprovincialpark|napping|nikon|nikonfx|nose|onebottle|outdoor|seated|seating|shadow|shoes|sneakers|socks|tedmcgrath|tedsphotos|vignetting,ep107,2024-08-05,synthetic
f_36097755172,36097755172,openverse/flickr,https://live.staticflickr.com/4293/36097755172_65453bdea7_b.jpg,photos/raw/36097755172.jpg,1023,521,2017|can|canada|canadianmuseumofhumanrights|cans2s|cropped|jaimeblack|manitoba|nikon|nikond750|nikonfx|red|redressproject|redrule|tedmcgrath|tedsphotos|vignetting|winnipeg,ep063,2023-07-19,synthetic
f_2833500294,2833500294,openverse/flickr,https://live.staticflickr.com/3228/2833500294_406866b1b4.jpg,photos/raw/2833500294.jpg,500,426,,ep045,2023-03-10,synthetic
f_221814802,221814802,openverse/flickr,https://live.staticflickr.com/64/221814802_fe286e80d6_b.jpg,photos/raw/221814802.jpg,683,1024,gay|lesbian|massage|motorcycle|thighs,ep155,2025-06-25,synthetic
f_27936676182,27936676182,openverse/flickr,https://live.staticflickr.com/7300/27936676182_4315da345d_b.jpg,photos/raw/27936676182.jpg,1024,660,2016|cans2s|crimsonlake|crimsonlakealberta|cropped|lake|lakeview|nikon|nikond750|nikonfx|reflection|sunset|tedmcgrath|tedsphotos|trees|vignetting|water|waterreflection,ep176,2025-12-04,synthetic
f_9180762833,9180762833,openverse/flickr,https://live.staticflickr.com/5338/9180762833_efba835bec_b.jpg,photos/raw/9180762833.jpg,1023,680,country|hilux|road|trip,ep154,2025-06-19,synthetic
f_33101444,33101444,openverse/flickr,https://live.staticflickr.com/23/33101444_8a99c0f250_b.jpg,photos/raw/33101444.jpg,691,1024,bcaatravel|car|crossprocessed|fav10|film|freeway|highway|judypick|kittyfarm|kkiphotofilm|lines|reflection|road|roadtrip|skewedinterview|wrx|xpro,ep154,2025-06-19,synthetic
f_14792335999,14792335999,openverse/flickr,https://live.staticflickr.com/5565/14792335999_0a92e725df_b.jpg,photos/raw/14792335999.jpg,1024,682,35mm|50mm|black|d7100|digital|f18|helping|homeless|lens|monochrome|nikkor|nikon|prime|white,ep119,2024-10-25,synthetic
f_7237734330,7237734330,openverse/flickr,https://live.staticflickr.com/7079/7237734330_bca85a09e2_b.jpg,photos/raw/7237734330.jpg,1023,685,2012|arkansas|connecticut|newjersey|newyork|pennsylvania|tennessee|texas|virginia,ep053,2023-05-03,synthetic
f_50563894997,50563894997,openverse/flickr,https://live.staticflickr.com/65535/50563894997_e736748dbf_b.jpg,photos/raw/50563894997.jpg,1023,593,2020|bc|britishcolumbia|buck|buckrack|canada|comincogardens|comincogardenskimberly|comincogardensmuledeer|cropped|deer|deerhorns|deerrack|horns|kimberly|kimberlybc|kimberlycomincogardens|muledeer|muledeerhorns|nikon|nikond750|nikonfx|rack|tedmcgrath|tedsphotos|vignetting,ep105,2024-07-20,synthetic
f_2698182370,2698182370,openverse/flickr,https://live.staticflickr.com/3227/2698182370_35b749f759_b.jpg,photos/raw/2698182370.jpg,1024,639,ac|chillin|dunklow|motion|nike|roadtrip|shoelace|sneaker|window|car|daylight|landscape|outdoors|sky|transportation system|travel|vehicle,ep155,2025-06-26,synthetic
f_19218575325,19218575325,openverse/flickr,https://live.staticflickr.com/3763/19218575325_94b5ab4c00_b.jpg,photos/raw/19218575325.jpg,1024,683,argentina|southamerica,ep126,2024-12-11,synthetic
f_9349283926,9349283926,openverse/flickr,https://live.staticflickr.com/5522/9349283926_e46cf07e93.jpg,photos/raw/9349283926.jpg,500,232,6women|bluesky|happy|moms|roadtrip|women|friendship|fun|girl|group|happiness|leisure|man|nature|outdoors|park|people|summer|togetherness|woman|young,ep143,2025-03-26,synthetic
f_26061272688,26061272688,openverse/flickr,https://live.staticflickr.com/4674/26061272688_0c2fe8748e_b.jpg,photos/raw/26061272688.jpg,1024,565,anaposes|belleepoque|blueberry|cattle|catwa|collabor88|cow|drd|epiphany|farm|genesislab|glamaffair|jian|kustom9|n21|roadtripping|secondlife|skye|sl|soy|steer|tableauvivant|uber|zenith,ep079,2023-12-07,synthetic
f_3976253726,3976253726,openverse/flickr,https://live.staticflickr.com/3431/3976253726_98513d206d_b.jpg,photos/raw/3976253726.jpg,1024,768,car|driving|elena|ordaz|puerto|santa|venezuela|car|city|danger|distribution|electricity|energy|industry|road|sky|street|traffic|transportation system|travel|urban|vehicle|voltage|wire,ep072,2023-09-02,synthetic
f_3975490221,3975490221,openverse/flickr,https://live.staticflickr.com/3535/3975490221_7d5131ba3e_b.jpg,photos/raw/3975490221.jpg,1024,768,car|driving|elena|ordaz|puerto|santa|venezuela,ep168,2025-09-24,synthetic
f_2328719262,2328719262,openverse/flickr,https://live.staticflickr.com/2247/2328719262_8837719a7a_b.jpg,photos/raw/2328719262.jpg,1023,685,arc|corollatimoglock|f1|formula1timoglock|nealebates|rally|timoglock|toyota,ep001,2022-01-05,synthetic
f_2327901235,2327901235,openverse/flickr,https://live.staticflickr.com/2202/2327901235_c00d2e5095_b.jpg,photos/raw/2327901235.jpg,1023,685,arc|corollatimoglock|f1|formula1timoglock|nealebates|rally|timoglock|toyota,ep006,2022-02-01,synthetic
f_2328718728,2328718728,openverse/flickr,https://live.staticflickr.com/3258/2328718728_f8c1f244f7_b.jpg,photos/raw/2328718728.jpg,1023,685,arc|corollatimoglock|f1|formula1timoglock|nealebates|rally|timoglock|toyota|accident|action|air pollution|calamity|championship|competition|daylight|environment|flame|home|landscape|military|people|pollution|race|smoke|storm|transportation system|vehicle,ep148,2025-04-26,synthetic
f_2328714754,2328714754,openverse/flickr,https://live.staticflickr.com/2108/2328714754_2e6a70bdec_b.jpg,photos/raw/2328714754.jpg,1023,685,arc|corollatimoglock|f1|formula1timoglock|nealebates|rally|timoglock|toyota,ep001,2022-01-05,synthetic
f_6308690635,6308690635,openverse/flickr,https://live.staticflickr.com/6053/6308690635_651b79968e_b.jpg,photos/raw/6308690635.jpg,1024,768,franciscou201d|francisco\u201d|octoberu201d|october\u201d|u201c2011|\u201c2011|u201csan|\u201csan,ep161,2025-08-07,synthetic
f_3975491657,3975491657,openverse/flickr,https://live.staticflickr.com/3483/3975491657_6788908bba_b.jpg,photos/raw/3975491657.jpg,1024,576,car|driving|elena|ordaz|puerto|santa|venezuela,ep157,2025-07-10,synthetic
f_3567507519,3567507519,openverse/flickr,https://live.staticflickr.com/3601/3567507519_c453fcaea1_b.jpg,photos/raw/3567507519.jpg,1024,768,conference|co|colorado|driving|car|americanlibraryassociation|midwinter|denver|ala|us|clothing|coloradohistorymuseum,ep053,2023-05-03,synthetic
f_9727330071,9727330071,openverse/flickr,https://live.staticflickr.com/5492/9727330071_cf3952757e_b.jpg,photos/raw/9727330071.jpg,1024,768,downpour|environment|river|water|flood|flow|outdoors|rain|recreation|stream|waterfall|landscape|motion|park|travel|tree|nature|summer|wet,ep148,2025-04-27,synthetic
f_295128106,295128106,openverse/flickr,https://live.staticflickr.com/102/295128106_0772b81724_b.jpg,photos/raw/295128106.jpg,1024,677,broadway|car|glow|light|raw|silver|traffic,ep047,2023-04-03,synthetic
f_6309223052,6309223052,openverse/flickr,https://live.staticflickr.com/6106/6309223052_10cdd413e1_b.jpg,photos/raw/6309223052.jpg,1024,768,franciscou201d|francisco\u201d|goldengatebridge|octoberu201d|october\u201d|u201c2011|\u201c2011|u201csan|\u201csan,ep049,2023-04-13,synthetic
f_6309218298,6309218298,openverse/flickr,https://live.staticflickr.com/6057/6309218298_98ba0de549_b.jpg,photos/raw/6309218298.jpg,1024,768,franciscou201d|francisco\u201d|octoberu201d|october\u201d|u201c2011|\u201c2011|u201csan|\u201csan,ep148,2025-04-29,synthetic
f_2328713508,2328713508,openverse/flickr,https://live.staticflickr.com/2180/2328713508_86b82d2b5c_b.jpg,photos/raw/2328713508.jpg,1023,685,arc|corollatimoglock|f1|formula1timoglock|nealebates|rally|timoglock|toyota|auto racing|car|championship|competition|drag race|drive|driver|fast|hurry|people|race|track|transportation system|vehicle,ep006,2022-02-01,synthetic
f_2327901375,2327901375,openverse/flickr,https://live.staticflickr.com/3116/2327901375_cd38d05ed5_b.jpg,photos/raw/2327901375.jpg,1023,685,arc|corollatimoglock|f1|formula1timoglock|nealebates|rally|timoglock|toyota,ep006,2022-02-01,synthetic
f_2328715614,2328715614,openverse/flickr,https://live.staticflickr.com/2279/2328715614_42cb04c116_b.jpg,photos/raw/2328715614.jpg,1023,685,arc|corollatimoglock|f1|formula1timoglock|nealebates|rally|timoglock|toyota|auto racing|championship|competition|drag race|race|race (competition)|vehicle,ep009,2022-02-11,synthetic
f_2327896039,2327896039,openverse/flickr,https://live.staticflickr.com/2318/2327896039_7a41b12da1_b.jpg,photos/raw/2327896039.jpg,1023,685,arc|corollatimoglock|f1|formula1timoglock|nealebates|rally|timoglock|toyota,ep001,2022-01-05,synthetic
f_6308691213,6308691213,openverse/flickr,https://live.staticflickr.com/6060/6308691213_b5bea3457b_b.jpg,photos/raw/6308691213.jpg,1024,768,franciscou201d|francisco\u201d|octoberu201d|october\u201d|u201c2011|\u201c2011|u201csan|\u201csan,ep143,2025-03-26,synthetic
f_6308730327,6308730327,openverse/flickr,https://live.staticflickr.com/6120/6308730327_fc3cd79a29_b.jpg,photos/raw/6308730327.jpg,1024,768,franciscou201d|francisco\u201d|octoberu201d|october\u201d|u201c2011|\u201c2011|u201csan|\u201csan,ep152,2025-06-08,synthetic
f_26391206772,26391206772,openverse/flickr,https://live.staticflickr.com/1655/26391206772_4519f90868_b.jpg,photos/raw/26391206772.jpg,1024,768,beaconst|car|classiccar|dimblehouse|england|georgedragon|greatbritain|lichfield|lichfieldcathedralschool|musicdepartment|pub|publichouse|staffordshire|unitedkingdom|vintagecar,ep149,2025-05-11,synthetic
f_4004346635,4004346635,openverse/flickr,https://live.staticflickr.com/2434/4004346635_f274b8c49a_b.jpg,photos/raw/4004346635.jpg,680,1024,books|bookshelf|collection|crates|expedit|home|ikea|mess|office|raccoon|records|stuff|vinyl,ep082,2023-12-26,synthetic
f_2199168092,2199168092,openverse/flickr,https://live.staticflickr.com/2186/2199168092_bbc3468c36_b.jpg,photos/raw/2199168092.jpg,681,1024,bookshelf|d70s|joming|nikon|vagrantant,ep004,2022-01-21,synthetic
f_2798302122,2798302122,openverse/flickr,https://live.staticflickr.com/3083/2798302122_1267854f46_b.jpg,photos/raw/2798302122.jpg,1024,963,aehotchner|ajo65|akclark|artpepper|beatles|berkleybreathed|bettiepage|billelder|billycollins|billystrayhorn|biography|book|charlesboulean|charlieparker|chuckberry|cleolaine|davidmeeker|davidsedaris|dizzygillespie|drseuss|dylanthomas|garrisonkeillor|garyreyes|harveykurtzman|herge|jackdavis|jamesswanson|johnlennon|johnnyhodges|josephinebaker|karenessex|lfrankbaum|madonna|markhaddon|mrbean|normanmailer|normanrockwell|normnnight|paulmccartney|phyllisrose|robertjameswaller|shelf|sophialoren|stankenton|steveallen|thornesmith|tiborfischer|tomrobbins|tutankhamen|vertes|waltkelly|watergate,ep004,2022-01-22,synthetic
f_8064733099,8064733099,openverse/flickr,https://live.staticflickr.com/8180/8064733099_58bb18ea57_b.jpg,photos/raw/8064733099.jpg,1024,768,book|bookshelf|magicunicornverybest|photomix,ep126,2024-12-13,synthetic
f_375655361,375655361,openverse/flickr,https://live.staticflickr.com/179/375655361_74ab845f6a_b.jpg,photos/raw/375655361.jpg,1024,468,book|bookshelf|tech|web,ep004,2022-01-21,synthetic
f_283225358,283225358,openverse/flickr,https://live.staticflickr.com/119/283225358_b47474ab6c.jpg,photos/raw/283225358.jpg,370,500,books|bookshelf|estante|livros,ep004,2022-01-20,synthetic
f_3716704171,3716704171,openverse/flickr,https://live.staticflickr.com/2566/3716704171_f87a8a3d41_b.jpg,photos/raw/3716704171.jpg,1024,768,books|bookshelf|feminism,ep036,2022-12-11,synthetic
f_151663970,151663970,openverse/flickr,https://live.staticflickr.com/52/151663970_2d3a934e20_b.jpg,photos/raw/151663970.jpg,1024,767,book|books|conandoyle|doyle|holmes|sherlockholmes|sirarthurconandoyle,ep004,2022-01-23,synthetic
f_16032619726,16032619726,openverse/flickr,https://live.staticflickr.com/7480/16032619726_6cf733e57e.jpg,photos/raw/16032619726.jpg,500,500,instagramapp|iphoneography|square,ep033,2022-10-26,synthetic
f_4806045969,4806045969,openverse/flickr,https://live.staticflickr.com/4114/4806045969_9206aedbcc_b.jpg,photos/raw/4806045969.jpg,1024,681,5074|art|bookshelf|diningroom|diningroomtable|diningroomtablecanadian|facedsouth|ikealaptopcabinet|inbetweenstage|lamps|lanechair|seattle|tibetandoorcover|usa|washington|wedgwood|woodfloor|apartment|chair|coffee table|dining room|easy chair|furniture|home|house|indoors|interior design|lamp|room|rug|seat|shelf|sofa|table|trading floor|window,ep074,2023-09-18,synthetic
f_4922191226,4922191226,openverse/flickr,https://live.staticflickr.com/4080/4922191226_987790ca39_b.jpg,photos/raw/4922191226.jpg,1000,714,afnikkor85mmf18d|amanda|books|bookshelf|d90|dance|office,ep082,2023-12-28,synthetic
f_3693663232,3693663232,openverse/flickr,https://live.staticflickr.com/2512/3693663232_51abe5d9d8_b.jpg,photos/raw/3693663232.jpg,1024,609,books|bookshelf|book|bookcase|bookstore|education|knowledge|library|literature|research|school|shelf|study|university,ep102,2024-06-28,synthetic
f_137041560,137041560,openverse/flickr,https://live.staticflickr.com/52/137041560_f4746e12fb_b.jpg,photos/raw/137041560.jpg,1024,768,book|books|bookshelf|showyourbookshelves,ep004,2022-01-21,synthetic
f_32716813225,32716813225,openverse/flickr,https://live.staticflickr.com/516/32716813225_91d3842eec_b.jpg,photos/raw/32716813225.jpg,768,1024,bookshelf,ep102,2024-06-26,synthetic
f_5844962864,5844962864,openverse/flickr,https://live.staticflickr.com/5160/5844962864_5bc39d03cb_b.jpg,photos/raw/5844962864.jpg,721,1024,1960|ad|advert|advertisement|audio|bookshelf|electric|g501|ge|general|hifi|magazine|print|speaker|stereo|system|vintage|business|illustration,ep108,2024-08-10,synthetic
f_9459872525,9459872525,openverse/flickr,https://live.staticflickr.com/3773/9459872525_cd13670db6_b.jpg,photos/raw/9459872525.jpg,1024,678,balatonfelvidu00e9k|barrel|bookshelf|hungary|paloznak|winekeg|bookcase|education|knowledge|library|literature|pile|shelf|stacks|wood,ep102,2024-06-27,synthetic
f_2675686475,2675686475,openverse/flickr,https://live.staticflickr.com/3065/2675686475_e4527c9ac7_b.jpg,photos/raw/2675686475.jpg,768,1024,book|books|bookshelf|bookshelves|shelf|wood|woodwork,ep004,2022-01-20,synthetic
f_16243935746,16243935746,openverse/flickr,https://live.staticflickr.com/7472/16243935746_5def16f5de_b.jpg,photos/raw/16243935746.jpg,654,1024,blackberrypassport|bookshelf,ep149,2025-05-11,synthetic
f_16269035512,16269035512,openverse/flickr,https://live.staticflickr.com/8593/16269035512_ba62bfd6ea_b.jpg,photos/raw/16269035512.jpg,639,1024,blackberrypassport|bookshelf,ep170,2025-11-01,synthetic
f_7509061378,7509061378,openverse/flickr,https://live.staticflickr.com/8003/7509061378_8cd7bee14d_b.jpg,photos/raw/7509061378.jpg,1024,684,14|30mm|400d|black|book|books|bookshelf|bookshelves|bu00fccher|bw|canon|eos|ex|library|regal|shelves|sigma|white,ep102,2024-06-27,synthetic
f_16626627425,16626627425,openverse/flickr,https://live.staticflickr.com/8661/16626627425_cbde563cb8_b.jpg,photos/raw/16626627425.jpg,1024,768,aprilia|bmv|buell|cagiva|dainese|daytona|driver|ducati|honda|husqvarna|kawasaki|ktm|leathers|motoguzzi|motorcycle|simson|suzuki|triumph|u30aau30fcu30c8u30d0u30a4u3001u9769u3001u5dddu5d0eu3001u30e4u30deu30cfu3001u30c9u30a5u30abu30c6u30a3u3001u30dbu30f3u30c0u3001u30a2u30d7u30eau30eau30a2u3001u30b9u30bau30adu3001|u6469u6258u8f66uff0cu76aeu9769uff0cu5dddu5d0euff0cu96c5u9a6cu54c8uff0cu675cu5361u8feauff0cu672cu7530uff0cu827eu666eu745eu5229u4e9auff0cu94c3u6728uff0c|yamaha|摩托车，皮革，川崎，雅马哈，杜卡迪，本田，艾普瑞利亚，铃木，|オートバイ、革、川崎、ヤマハ、ドゥカティ、ホンダ、アプリリア、スズキ、,ep119,2024-10-25,synthetic
f_3545965071,3545965071,openverse/flickr,https://live.staticflickr.com/3650/3545965071_8930ca02c2_b.jpg,photos/raw/3545965071.jpg,1023,768,motorcycles|thruxton|velocette,ep047,2023-04-01,synthetic
f_3751353719,3751353719,openverse/flickr,https://live.staticflickr.com/2660/3751353719_ba28c4e758_b.jpg,photos/raw/3751353719.jpg,1024,681,jawa|speedwaymotorcycle,ep047,2023-04-03,synthetic
f_15524274247,15524274247,openverse/flickr,https://live.staticflickr.com/3937/15524274247_cff311405d_b.jpg,photos/raw/15524274247.jpg,1024,683,18200diiiivc|archer10|chateau|dennis|dennisgjarvis|dennisjarvis|france|franceu201d|free|freepicture|globus|iamcanadian|jarvis|lafrance|nex7|sony|soutard|stemilion|town|u201cla|wine,ep119,2024-10-25,synthetic
f_3436035902,3436035902,openverse/flickr,https://live.staticflickr.com/3653/3436035902_e2ba6391a1_b.jpg,photos/raw/3436035902.jpg,1023,914,2009|deltamike|multiplesclerosis|policebmwmotorcyclecopwalkms|saltlakecity|schnivic|utah|walkms2009,ep047,2023-04-01,synthetic
f_4672242137,4672242137,openverse/flickr,https://live.staticflickr.com/4026/4672242137_a3baefaab8_b.jpg,photos/raw/4672242137.jpg,1024,626,bike|helicopter|machine|spoke|transportation system|vehicle|wheel,ep057,2023-05-23,synthetic
f_7144543127,7144543127,openverse/flickr,https://live.staticflickr.com/7064/7144543127_969a150738_b.jpg,photos/raw/7144543127.jpg,1024,768,bridgeontheriverkwai|burma|cemetery|chai|chumphon|deathrailway|deathrailwaybridge|ethnicthai|graveyard|jeathwarmuseum|kanchanaburi|kanchanaburilocalbusiness|kanchanaburilocaltransport|kanchanaburiprovince|kanchanaburipublictransport|kanchanaburiwarcemetery|localbus|localtaxi|localthai|memorialthailand|motodop|motorcycletaxi|motorsai|motorsairapchang|motosai|museum|parasol|passengervehicle|phíphítháphansongkhramwáttâi|railwaywat|rememberingthedead|riverkhwaeyai|seasia|temple|thailand|thaiman|umbrella|warmemorial|wattaiwarmuseum|westthailand|winmotorsai|wwii|accident|action|bike|biker|car|city|competition|cyclist|motorbike|people|race|road|seated|street|traffic|transportation system|urban|vehicle|wheel,ep134,2025-01-17,synthetic
f_3471625536,3471625536,openverse/flickr,https://live.staticflickr.com/3543/3471625536_99459d9493_b.jpg,photos/raw/3471625536.jpg,1024,768,1stavenue|2ndavenue|3rdstreet|eastvillage|firstavenue|gothamist|harleydavidson|hellsangels|motorcycleclub|motorcyclegang|motorcycles|newyorkcity|nyc|secondavenue|thirdstreet,ep089,2024-03-15,synthetic
f_14948295345,14948295345,openverse/flickr,https://live.staticflickr.com/3926/14948295345_11ee8d47de_b.jpg,photos/raw/14948295345.jpg,1024,684,aixenprovence|bmw|d600|france|moto|motorcycle|nikond600|provence|rue|street,ep131,2025-01-05,synthetic
f_45649208372,45649208372,openverse/flickr,https://live.staticflickr.com/4880/45649208372_1357966240_b.jpg,photos/raw/45649208372.jpg,1024,683,davidson|department|finest|harley|highway|lego|moc|motorcycle|new|nyc|nypd|patrol|police|york,ep081,2023-12-20,synthetic
f_27355725994,27355725994,openverse/flickr,https://live.staticflickr.com/7081/27355725994_bb204b7f3d_b.jpg,photos/raw/27355725994.jpg,1023,683,2016schroader’shondabikeshow|2016schroaderu2019shondabikeshow|22inchbeautydish|3stopndfilter|asheville|ashevilleoutlets|avl|awesome|bike|bikeshow|bikeshowphotography|buncombecounty|bwfilter|bwndfilter|cool|cybersync|cybersynctransceiver|cybersync™transceiver|cybersynctriggertransmitter|cybersyncu2122transceiver|cybersyncu2122triggertransmitter|einstein640|einstein640strobe|einsteinstrobe|einsteinstrobe640ws|elinchromelhandheldboomarm|exposureblending|flashphotography|geotagged|imc|indianchiefmotorcycle|indianmotocyclecompany|indianmotorcycles|lightenblendmode|moto|motocicleta|motociclo|motorbike|motorcycle|motorrad|motorsiklo|motosikal|multipleexposureblending|nd8filter|neutraldensityfilter|nikkorlens|nikon2470|nikond800|northcarolina|paulcbuff|paulcbuffinc|photoshopcs6|photoshoplayermasking|reallyrightstufftripod|sidandelcdwirelesstimelapseintervalometerremotecontrol|singlestrobe|strobe|strobing|strobist|stunning|u043cu043eu0442u043eu0446u0438u043au043b|u062fu0631u0627u062cu0629u0646u0627u0631u064au0629|u6469u6258u8f66|unitedstates|usa|vagabondminilithium|vagabondminiu2122lithium|venable|westernnorthcarolina|wheel|wnc|wwwindianmotorcyclecom|دراجةنارية,ep047,2023-04-03,synthetic
f_5171089396,5171089396,openverse/flickr,https://live.staticflickr.com/4152/5171089396_4cb69d3a02_b.jpg,photos/raw/5171089396.jpg,1023,685,gastownmotorcycleshow|motorcycle,ep047,2023-04-01,synthetic
f_8866669917,8866669917,openverse/flickr,https://live.staticflickr.com/7341/8866669917_63fb6f45e0_b.jpg,photos/raw/8866669917.jpg,1024,586,corps|marine|marines|motorcycle|administration|adult|child|group|group together|man|many|military|outfit|people|several|soldier|three|transportation system|two|vehicle|war|wear,ep025,2022-08-04,synthetic
f_7713629658,7713629658,openverse/flickr,https://live.staticflickr.com/8423/7713629658_9d73534744_b.jpg,photos/raw/7713629658.jpg,1024,739,air|hillsboro|motorcycle|or|oregon|police|portland|security|show|bike|car|competition|drive|driver|engine|hurry|machine|motorbike|race|road|street|transportation system|vehicle|wheel,ep047,2023-04-01,synthetic
f_2043910974,2043910974,openverse/flickr,https://live.staticflickr.com/2347/2043910974_97c40d7c6b_b.jpg,photos/raw/2043910974.jpg,1023,685,iran|motorcycle|taxi|tehran|traffic|urban|accident|action|auto racing|battle|calamity|car|competition|drag race|offense|people|police|rescue|road|street|transportation system|vehicle,ep157,2025-07-11,synthetic
f_309204057,309204057,openverse/flickr,https://live.staticflickr.com/105/309204057_9f8841861b_b.jpg,photos/raw/309204057.jpg,1024,768,motorcycles|star|trek|tricycle|weird|bike|people|street|transportation system|vehicle|wheel,ep047,2023-04-01,synthetic
f_171347988,171347988,openverse/flickr,https://live.staticflickr.com/62/171347988_71773ebb7f.jpg,photos/raw/171347988.jpg,450,300,motorcycle|radial,ep131,2025-01-05,synthetic
f_3974485947,3974485947,openverse/flickr,https://live.staticflickr.com/3463/3974485947_5d8b02c3d7_b.jpg,photos/raw/3974485947.jpg,688,1024,4|4u044bu0439|chair|combination|fairing|gheorghe|izh|jupiter|motorcycle|motorrad|planeta|romania|russian|sfu00e2ntu|sidecar|soviet|u0438u0436|u0441|u044eu043fu0438u0442u0435u0440,ep157,2025-07-10,synthetic
f_4421436110,4421436110,openverse/flickr,https://live.staticflickr.com/2785/4421436110_b161b7762f_b.jpg,photos/raw/4421436110.jpg,1023,738,125|150|1953|250|350|500|cz|czechoslovakia|frantiu0161ekkardaus|jawa|motorcycle|mototechna|antique|bike|illustration|lithograph|old|paper|print|retro|text|transportation system|travel|vehicle|vintage|wheel,ep057,2023-05-26,synthetic
f_11493300164,11493300164,openverse/flickr,https://live.staticflickr.com/3749/11493300164_20212bf9ea.jpg,photos/raw/11493300164.jpg,457,500,alpinstars|aprilia|bmv|bmvu306eu30c9u30e9u30a4u30d0u306eu30aau30fcu30c8u30d0u30a4u306eu9769|buell|cagiva|dainese|daytona|driver|ducati|guzziu30c8u30e9u30a4u30a2u30f3u30d5u30c7u30a4u30c8u30ca|honda|husqvarna|kawasaki|ktm|leathers|motoguzzi|motorcycle|simson|suzuki|triumph|u30a2u30d7u30eau30eau30a2u30abu30b8u30d0u30dbu30f3u30c0u30cfu30b9u30afu30d0u30fcu30cau5dddu5d0ektmu30b5u30e0u30bdu30f3|u30aau30fcu30c8u30d0u30a4|u30b9u30bau30adu30e4u30deu30cfu30c9u30a5u30abu30c6u30a3u30d3u30e5u30fcu30a8u30ebmoto|u53f8u6a5f|u6469u6258u8eca|u76aeu9769|yamaha,ep128,2024-12-24,synthetic
f_8111831355,8111831355,openverse/flickr,https://live.staticflickr.com/8469/8111831355_149fc525ee_b.jpg,photos/raw/8111831355.jpg,1023,685,authentic|food|israel|morrocan|oriental,ep121,2024-11-03,synthetic
f_8111825881,8111825881,openverse/flickr,https://live.staticflickr.com/8333/8111825881_fa099ba6ce_b.jpg,photos/raw/8111825881.jpg,1023,685,authentic|food|israel|morrocan|oriental,ep123,2024-11-27,synthetic
f_8111821869,8111821869,openverse/flickr,https://live.staticflickr.com/8324/8111821869_9881ff4dea_b.jpg,photos/raw/8111821869.jpg,1023,685,asian|authentic|food|israel|noodles,ep123,2024-11-24,synthetic
f_8111834348,8111834348,openverse/flickr,https://live.staticflickr.com/8187/8111834348_df6125f85f_b.jpg,photos/raw/8111834348.jpg,1023,685,asian|authentic|food|israel|noodles,ep125,2024-12-07,synthetic
f_8111823173,8111823173,openverse/flickr,https://live.staticflickr.com/8052/8111823173_9b82949060_b.jpg,photos/raw/8111823173.jpg,1023,685,authentic|food|israel|morrocan|oriental,ep123,2024-11-27,synthetic
f_9536991000,9536991000,openverse/flickr,https://live.staticflickr.com/7352/9536991000_71f1a931b1_b.jpg,photos/raw/9536991000.jpg,1024,687,35mm|adolescentes|analog|analogue|argentique|asia|camera|college|disposable|disposables|film|grain|grunge|hanou00ef|high|indie|jetable|jeune|juventud|nam|night|nightlife|photography|school|street|teen|teenages|travel|traveling|viet|vietnam|vintage|young|youngster|youth,ep112,2024-09-09,synthetic
f_42825160771,42825160771,openverse/flickr,https://live.staticflickr.com/1809/42825160771_430e533671_b.jpg,photos/raw/42825160771.jpg,1024,768,11er|alpendöner|alpendu00f6ner|austria|bus|döner|du00f6ner|europa|europe|food|french|fries|genuss|iphone|kufstein|österreich|pimpyourfries|rösti|röstiliebl|ru00f6sti|ru00f6stiliebl|street|tirol|trailer|tyrol|u00f6sterreich,ep158,2025-07-16,synthetic
f_48012041526,48012041526,openverse/flickr,https://live.staticflickr.com/65535/48012041526_41c18ebd4d_b.jpg,photos/raw/48012041526.jpg,1024,683,atrakcje|attractions|food|foodtrucks|jedzenie|kitchen|kuchnia|poland|polska|streets|ulice|warsaw|warszawa,ep118,2024-10-16,synthetic
f_48012041646,48012041646,openverse/flickr,https://live.staticflickr.com/65535/48012041646_641272aa59_b.jpg,photos/raw/48012041646.jpg,1024,683,atrakcje|attractions|food|foodtrucks|jedzenie|kitchen|kuchnia|poland|polska|streets|ulice|warsaw|warszawa,ep118,2024-10-18,synthetic
f_8111831044,8111831044,openverse/flickr,https://live.staticflickr.com/8332/8111831044_e916c9caf3_b.jpg,photos/raw/8111831044.jpg,1023,685,authentic|cream|desserts|food|israel|strawberries|sweettooth,ep123,2024-11-29,synthetic
f_8111837046,8111837046,openverse/flickr,https://live.staticflickr.com/8054/8111837046_9f41ecdb43_b.jpg,photos/raw/8111837046.jpg,1023,685,authentic|food|israel|spices,ep125,2024-12-07,synthetic
f_8111833703,8111833703,openverse/flickr,https://live.staticflickr.com/8329/8111833703_0d22db39b2_b.jpg,photos/raw/8111833703.jpg,1023,685,authentic|food|fruit|israel,ep082,2023-12-28,synthetic
f_8111828809,8111828809,openverse/flickr,https://live.staticflickr.com/8056/8111828809_2fcbbea6bd_b.jpg,photos/raw/8111828809.jpg,1023,685,authentic|food|israel|spices,ep123,2024-11-24,synthetic
f_6643770119,6643770119,openverse/flickr,https://live.staticflickr.com/7019/6643770119_8e117f621e_b.jpg,photos/raw/6643770119.jpg,1024,576,asia|asian|beijing|chair|chairs|china|chinese|culture|eat|eating|food|korean|life|light|lights|market|night|nightlife|outdoor|outdoors|people|person|pop|popup|restaurant|road|roadside|stall|stalls|stand|stands|street|streetside|student|table|tables|up|vendor|vendors|writing,ep125,2024-12-06,synthetic
f_26038256512,26038256512,openverse/flickr,https://live.staticflickr.com/1465/26038256512_016351a116_b.jpg,photos/raw/26038256512.jpg,1024,768,bangkok|food|hdr|people|street|thailand|thailandia,ep125,2024-12-07,synthetic
f_32037407953,32037407953,openverse/flickr,https://live.staticflickr.com/3825/32037407953_75ef881dd5_b.jpg,photos/raw/32037407953.jpg,678,1024,ball|barbeque|china|food|fried|kaoshiung|market|night|republic|rueifong|street|taiwan,ep117,2024-10-09,synthetic
f_8111832094,8111832094,openverse/flickr,https://live.staticflickr.com/8051/8111832094_559fb58f2f_b.jpg,photos/raw/8111832094.jpg,1023,685,authentic|food|israel|morrocan|oriental,ep123,2024-11-27,synthetic
f_8416300431,8416300431,openverse/flickr,https://live.staticflickr.com/8515/8416300431_5d18dda63c_b.jpg,photos/raw/8416300431.jpg,683,1024,bbq|beetle|beijing|bug|bugs|centipede|china|chinese|disgusting|exotic|fish|fried|meat|octopus|peking|scorpion|seafood|seahorse|shrimp|skewers|star|streetfood|u738bu5e9cu4e95|wangfujing|weird|王府井,ep121,2024-11-03,synthetic
f_32955527493,32955527493,openverse/flickr,https://live.staticflickr.com/3727/32955527493_e231388741_b.jpg,photos/raw/32955527493.jpg,1023,505,burma|holidays|lightroom|myanmar|onestoptraveltours|streetfood|streetscapes|topazlabs|yangon,ep110,2024-08-23,synthetic
f_10585856764,10585856764,openverse/flickr,https://live.staticflickr.com/5498/10585856764_73aaea196d_b.jpg,photos/raw/10585856764.jpg,1023,683,koreanstreetfood|spiralpotato|tornadopotato,ep123,2024-11-29,synthetic
f_7092435925,7092435925,openverse/flickr,https://live.staticflickr.com/7278/7092435925_000c9bcd14.jpg,photos/raw/7092435925.jpg,500,500,amaro|instagramapp|iphoneography|square,ep076,2023-09-29,synthetic
f_4314984364,4314984364,openverse/flickr,https://live.staticflickr.com/2776/4314984364_d1ece78494.jpg,photos/raw/4314984364.jpg,375,500,,ep106,2024-07-27,synthetic
f_24072746642,24072746642,openverse/flickr,https://live.staticflickr.com/1712/24072746642_88ba100f88_b.jpg,photos/raw/24072746642.jpg,1024,768,gourmet|home|korea|seoul,ep135,2025-01-20,synthetic
f_2946832285,2946832285,openverse/flickr,https://live.staticflickr.com/3151/2946832285_40e5a29072_b.jpg,photos/raw/2946832285.jpg,768,1024,836pm|firenze|florence|honeymoon|italy,ep070,2023-08-24,synthetic
f_8463385020,8463385020,openverse/flickr,https://live.staticflickr.com/8530/8463385020_afff97afe8.jpg,photos/raw/8463385020.jpg,500,281,2012|food|gourmet|midwestsuburbia,ep084,2024-01-07,synthetic
f_4314248383,4314248383,openverse/flickr,https://live.staticflickr.com/2724/4314248383_778c8791fd.jpg,photos/raw/4314248383.jpg,375,500,,ep043,2023-02-07,synthetic
f_15919184942,15919184942,openverse/flickr,https://live.staticflickr.com/7560/15919184942_7a9bf217ce_b.jpg,photos/raw/15919184942.jpg,1024,940,california|celebrations|deliciousfood|deniz|food|rudins|santacruz|sons|thanksgiving,ep098,2024-05-27,synthetic
f_42114904531,42114904531,openverse/flickr,https://live.staticflickr.com/943/42114904531_c525c5a5bb_b.jpg,photos/raw/42114904531.jpg,1024,668,bowl|calamari|catalonian|chicken|chorizo|clam|crustacean|cuisine|cutlery|dinner|dish|fish|food|gourmet|green|healthy|homemade|ingredient|kitchen|lifestyle|meal|meat|mediterranean|mussels|olives|orange|paella|plate|prawn|restaurant|rice|rustic|saffron|seafood|seafoodpaella|shellfish|shrimp|spain|spanish|spanishpaella|spices|squid|table|traditional|valencia|valencian|vegetable|vintage|yellow,ep121,2024-11-03,synthetic
f_28507909772,28507909772,openverse/flickr,https://live.staticflickr.com/7719/28507909772_fc0a6ff146_b.jpg,photos/raw/28507909772.jpg,1024,860,instagram,ep153,2025-06-13,synthetic
f_6504285019,6504285019,openverse/flickr,https://live.staticflickr.com/7165/6504285019_46503e3c96.jpg,photos/raw/6504285019.jpg,358,500,charlotte|adult|food|indoors|people|vertical|woman,ep043,2023-02-07,synthetic
f_4267281794,4267281794,openverse/flickr,https://live.staticflickr.com/4025/4267281794_f0465aeedf_b.jpg,photos/raw/4267281794.jpg,1024,768,,ep084,2024-01-07,synthetic
f_7410934630,7410934630,openverse/flickr,https://live.staticflickr.com/7114/7410934630_523ce1d7e1.jpg,photos/raw/7410934630.jpg,500,500,,ep111,2024-09-04,synthetic
f_16245844979,16245844979,openverse/flickr,https://live.staticflickr.com/7402/16245844979_b75b246410.jpg,photos/raw/16245844979.jpg,500,500,ifttt|instagram,ep076,2023-09-29,synthetic
f_8463384950,8463384950,openverse/flickr,https://live.staticflickr.com/8090/8463384950_feda356649.jpg,photos/raw/8463384950.jpg,500,281,2012|food|gourmet|midwestsuburbia,ep084,2024-01-06,synthetic
f_8458395367,8458395367,openverse/flickr,https://live.staticflickr.com/8232/8458395367_74be690046_b.jpg,photos/raw/8458395367.jpg,768,1024,mexico2013|sayulita|travel,ep084,2024-01-06,synthetic
f_15616834571,15616834571,openverse/flickr,https://live.staticflickr.com/5609/15616834571_e2b78c0668_b.jpg,photos/raw/15616834571.jpg,1024,615,lindenlab|secondlife,ep144,2025-04-02,synthetic
f_3019507190,3019507190,openverse/flickr,https://live.staticflickr.com/3137/3019507190_8a2d325a07_b.jpg,photos/raw/3019507190.jpg,768,1024,barcelona|drink|food,ep076,2023-10-02,synthetic
f_7157654526,7157654526,openverse/flickr,https://live.staticflickr.com/7221/7157654526_8a6ce42f36_b.jpg,photos/raw/7157654526.jpg,683,1024,alameda|america|bw|california|eastbay|neon|restaurant|tillies|unitedstates|unitedstatesofamerica|usa,ep082,2023-12-25,synthetic
f_2424579339,2424579339,openverse/flickr,https://live.staticflickr.com/3107/2424579339_58aace1e2a_b.jpg,photos/raw/2424579339.jpg,1024,768,houjicha|japan|kyoto|lunch|tea|yakisoba,ep084,2024-01-07,synthetic
f_6448698999,6448698999,openverse/flickr,https://live.staticflickr.com/7003/6448698999_64701c11be_b.jpg,photos/raw/6448698999.jpg,1024,768,food,ep084,2024-01-07,synthetic
f_3018498916,3018498916,openverse/flickr,https://live.staticflickr.com/3285/3018498916_8256e69532_b.jpg,photos/raw/3018498916.jpg,685,1023,beach|cold|ocean|person|running|sand|sea|winter|woman,ep155,2025-06-30,synthetic
f_4959571749,4959571749,openverse/flickr,https://live.staticflickr.com/4148/4959571749_6af45a862f_b.jpg,photos/raw/4959571749.jpg,681,1024,beach|northcarolina|northcarolinabeach|oakislandnorthcarolina|shadows|silhouettes|sunset|beach|dawn|evening|landscape|ocean|sea|seashore|snow|sunset|water|winter,ep103,2024-07-05,synthetic
f_50076333173,50076333173,openverse/flickr,https://live.staticflickr.com/65535/50076333173_c916638606_b.jpg,photos/raw/50076333173.jpg,1024,488,4th|america|american|background|beach|celebrate|celebration|day|fourth|freedom|holiday|independence|july|memorial|nation|national|ocean|patriotic|patriotism|proud|sand|sandy|sea|states|summer|sunbathing|sunny|umbrella|united|usa|water,ep168,2025-09-28,synthetic
f_5095166154,5095166154,openverse/flickr,https://live.staticflickr.com/4151/5095166154_9aa26ffcb0_b.jpg,photos/raw/5095166154.jpg,1024,679,330|35mm|400|beach|c41|florida|hd|infinity|kodak|miamibeach|olympus|southbeach|superzoom,ep103,2024-07-09,synthetic
f_5693315404,5693315404,openverse/flickr,https://live.staticflickr.com/5024/5693315404_e0358dd374_b.jpg,photos/raw/5693315404.jpg,1023,548,2011|africa|beach|coco|dar|east|es|inner|kids|koko|salaam|sand|sun|tanzania|tubes,ep103,2024-07-07,synthetic
f_36961585806,36961585806,openverse/flickr,https://live.staticflickr.com/4349/36961585806_8d9f523a19_b.jpg,photos/raw/36961585806.jpg,1024,1024,beauty|belleza|fashion|moda|streetstyle,ep129,2024-12-28,synthetic
f_400638880,400638880,openverse/flickr,https://live.staticflickr.com/182/400638880_b5be8d1fdc_b.jpg,photos/raw/400638880.jpg,1024,549,canary|canaryislands|fanabebeach|hisgett|islands|sea|shoreline|spain|sunset|tenerife|waterspout|beach|dawn|landscape|ocean|seashore|sunset|travel|water,ep103,2024-07-05,synthetic
f_400637497,400637497,openverse/flickr,https://live.staticflickr.com/178/400637497_73abe1d911_b.jpg,photos/raw/400637497.jpg,1024,683,canary|canaryislands|evening|fanabebeach|hisgett|islands|spain|sunset|tenerife|beach|dawn|dusk|evening|landscape|ocean|reflection|sea|seascape|sun|sunset|water,ep103,2024-07-05,synthetic
f_8934267040,8934267040,openverse/flickr,https://live.staticflickr.com/7330/8934267040_6c49af88d4_b.jpg,photos/raw/8934267040.jpg,1024,678,chihuahua|cute|d7000|dog|dx|nikon|nikond7000|outdoors|small|animal|breed|canine|cute|dog|domestic|eye|funny|little|looking|mammal|one|pet|portrait|puppy|sit|studio|terrier|young,ep069,2023-08-18,synthetic
f_12916120664,12916120664,openverse/flickr,https://live.staticflickr.com/7420/12916120664_835591b624.jpg,photos/raw/12916120664.jpg,500,500,apparel|casual|collar|color|cotton|desktop|dress|fashion|garment|isolated|shirt|shop|sleeve|textile|wear,ep131,2025-01-05,synthetic
f_5939440854,5939440854,openverse/flickr,https://live.staticflickr.com/6136/5939440854_05fdccc8de_b.jpg,photos/raw/5939440854.jpg,1024,768,bakerbeach|goldengatebridgesanfranciscocaliforniagirlsvisitroadtripping,ep171,2025-11-06,synthetic
f_14713800896,14713800896,openverse/flickr,https://live.staticflickr.com/3873/14713800896_699b29792c_b.jpg,photos/raw/14713800896.jpg,1024,683,¹⁄₇₅₀secatf20|2014|fujifilmx100s|noflash|u00b9u2044u2087u2085u2080secatf20,ep143,2025-03-26,synthetic
f_9266001354,9266001354,openverse/flickr,https://live.staticflickr.com/7347/9266001354_b55b9b9c9f_b.jpg,photos/raw/9266001354.jpg,1024,641,beach|italien|italy|lido|naples|napoli|neapel|peninsuladisorrento|sommer|sorrentinepeninsula|sorrentopeninsula|strand|summer|verano,ep103,2024-07-07,synthetic
f_20186239151,20186239151,openverse/flickr,https://live.staticflickr.com/509/20186239151_0365d44190_b.jpg,photos/raw/20186239151.jpg,678,1024,beach|portrait|portraits,ep050,2023-04-18,synthetic
f_2327411963,2327411963,openverse/flickr,https://live.staticflickr.com/2418/2327411963_db759fb9b7.jpg,photos/raw/2327411963.jpg,455,499,digitalphotomanipulation|fineart|lagunabeach|orangecounty|photoart|photoshopcs3|sand|waves,ep053,2023-05-03,synthetic
f_52272726796,52272726796,openverse/flickr,https://live.staticflickr.com/65535/52272726796_6dc17ba60d_b.jpg,photos/raw/52272726796.jpg,1024,458,,ep112,2024-09-09,synthetic
f_3847956380,3847956380,openverse/flickr,https://live.staticflickr.com/2525/3847956380_ec7599d480_b.jpg,photos/raw/3847956380.jpg,1024,645,beach|fort|walton,ep155,2025-06-25,synthetic
f_49405051292,49405051292,openverse/flickr,https://live.staticflickr.com/65535/49405051292_80702d727a_b.jpg,photos/raw/49405051292.jpg,1024,768,beach|flickrfriday|novascotia|winter|yourculture,ep103,2024-07-09,synthetic
f_8666016200,8666016200,openverse/flickr,https://live.staticflickr.com/8255/8666016200_e79a6e5218_b.jpg,photos/raw/8666016200.jpg,683,1024,beach|bluesky|bournemouth|bournemouthbeach|bournemouthpeir|canonef85mmf18usm|deep|distance|dorset|fair|flickrfriday|funfair|peir|sand|sandy|sea|sky|springhassprung|streetphoto|wave|waves,ep126,2024-12-14,synthetic
f_14160336779,14160336779,openverse/flickr,https://live.staticflickr.com/3900/14160336779_eca6e6c0bb_b.jpg,photos/raw/14160336779.jpg,1024,768,,ep138,2025-02-21,synthetic
f_6052754041,6052754041,openverse/flickr,https://live.staticflickr.com/6182/6052754041_5839b9ac5f_b.jpg,photos/raw/6052754041.jpg,1024,683,birthday|cake|green|birthday|birthday cake|burnt|cake|candle|candlelight|celebration|Christmas|decoration|flame|food|light|party|religion|wax,ep069,2023-08-19,synthetic
f_6972533910,6972533910,openverse/flickr,https://live.staticflickr.com/7199/6972533910_79b56bec09_b.jpg,photos/raw/6972533910.jpg,1024,593,2011|201104|20110402|alexandria|birthday|birthdaychristiemercogliano|birthdaychristiemercogliano2011|camerapersonchristiemercogliano|cartoon|cartoons|cartoonshow|character|characterdaphne|charactervelma|christiemercoglianosbirthday|christiemercoglianosbirthday2011|clintandcarolynshouse|daphne|downstairs|entertainment|homosexualityprventsabortions|homosexualityprventsabortionssticker|jesuswasaliberalhitlerwasaconservative|jesuswasaliberalhitlerwasaconservativesticker|moreorgasmsfewerkid|moreorgasmsfewerkids|moreorgasmsfewerkidssticker|music|nofx|nofxsticker|orgasmsaregood|orgasmsaregoodsticker|party|party20110402|party20110402christiesbirthdayclintandcarolyn|party20110402clintandcarolyn|party20110402clintandcarolynchristiesbirthday|partychristiesbirthday|partychristiesbirthday20110402|partychristiesbirthday20110402clintandcarolyn|partychristiesbirthdayclintandcarolyn|partychristiesbirthdayclintandcarolyn20110402|partyclintandcarolyn|partyclintandcarolyn20110402|partyclintandcarolyn20110402christiesbirthday|partyclintandcarolynchristiesbirthday|partyclintandcarolynchristiesbirthday20110402|pooltable|sextoysrock|sextoysrocksticker|sticker|stickers|table|trustyourlust|trustyourluststicker|tv|tvshow|velma|virginia,ep064,2023-07-25,synthetic
f_10832604654,10832604654,openverse/flickr,https://live.staticflickr.com/3752/10832604654_15f01e74c7_b.jpg,photos/raw/10832604654.jpg,685,1023,2013|aaron|birthday|roundrock|tx,ep041,2023-01-27,synthetic
f_16791624925,16791624925,openverse/flickr,https://live.staticflickr.com/7284/16791624925_3eca6ea604_b.jpg,photos/raw/16791624925.jpg,768,1024,2015|birthday|mavericks|pflugerville|tx,ep098,2024-05-27,synthetic
f_3856486366,3856486366,openverse/flickr,https://live.staticflickr.com/2573/3856486366_c8122f16ea_b.jpg,photos/raw/3856486366.jpg,1024,576,birthday|faces|kids|looking|party,ep040,2023-01-18,synthetic
f_373644284,373644284,openverse/flickr,https://live.staticflickr.com/138/373644284_c5d488279d_b.jpg,photos/raw/373644284.jpg,1024,768,20070126|arsekicking|australia|bendalong|bigyear|birthday|dress|holdinghands|lachlanhardy|lh|lhx2|lisaherrod|love|nomanipulation|nsw|pc2539|road|shadow|skirt|abstraction|asphalt|environment|guidance|highway|landscape|lane|pavement|rain|road|storm|street|tarmac|track|transportation system|travel|weather,ep155,2025-06-26,synthetic
f_14474266459,14474266459,openverse/flickr,https://live.staticflickr.com/5581/14474266459_64ff0f718d_b.jpg,photos/raw/14474266459.jpg,987,1024,bailey|birthday|cat|neuro|sandy|curiosity|kitten|tabby,ep099,2024-06-10,synthetic
f_5805086591,5805086591,openverse/flickr,https://live.staticflickr.com/3216/5805086591_dbce40481b_b.jpg,photos/raw/5805086591.jpg,683,1024,birthday|cake|cakeescape|cakeescapecouk|chibitotoro|myneighbourtotoro|totoro|yummy,ep010,2022-02-14,synthetic
f_2393905511,2393905511,openverse/flickr,https://live.staticflickr.com/3236/2393905511_30d2b5a3b5_b.jpg,photos/raw/2393905511.jpg,1024,768,2008|birthday|cake|dede|kristin|lyle|monkey|thai,ep040,2023-01-21,synthetic
f_5797638967,5797638967,openverse/flickr,https://live.staticflickr.com/5109/5797638967_2e4d78b981_b.jpg,photos/raw/5797638967.jpg,1024,683,birthday|cake|gabrielle|birthday|cake|celebration|chocolate|cream|decoration|delicious|love|sprinkles|sugar|sweet,ep010,2022-02-14,synthetic
f_3044659302,3044659302,openverse/flickr,https://live.staticflickr.com/3221/3044659302_1a6de30055.jpg,photos/raw/3044659302.jpg,499,282,birthday|cake|left4dead|videogame|zombies,ep054,2023-05-07,synthetic
f_8459720442,8459720442,openverse/flickr,https://live.staticflickr.com/8239/8459720442_0baa415a46_b.jpg,photos/raw/8459720442.jpg,917,1024,adventure|birthday|cake|finn|time,ep078,2023-12-01,synthetic
f_7066409597,7066409597,openverse/flickr,https://live.staticflickr.com/5456/7066409597_40c42c1caa_b.jpg,photos/raw/7066409597.jpg,765,1024,birthday|party|pinterest,ep066,2023-08-01,synthetic
f_7066410321,7066410321,openverse/flickr,https://live.staticflickr.com/5039/7066410321_37c0bde09e_b.jpg,photos/raw/7066410321.jpg,1024,765,birthday|party|pinterest,ep022,2022-06-19,synthetic
f_4725163703,4725163703,openverse/flickr,https://live.staticflickr.com/1437/4725163703_dde47873d4_b.jpg,photos/raw/4725163703.jpg,1024,768,bar|barista|birthday|birthdaypresent|cameraphone|camphone|cappuccino|coffee|coffeebar|espresso|home|homebar|homebarista|latte|latteart|moblog|moto|motoq9c|motorola|phonecam|present|q9c|yay|break|breakfast|caffeine|cappuccino|chocolate|coffe|coffee|cream|cup|dark|dawn|drink|espresso|foam|hot|milk|mocha|mug|perfume|saucer,ep112,2024-09-11,synthetic
f_6005499949,6005499949,openverse/flickr,https://live.staticflickr.com/6007/6005499949_c6dcf791d7_b.jpg,photos/raw/6005499949.jpg,681,1024,birthday|christine|water,ep079,2023-12-07,synthetic
f_22593380969,22593380969,openverse/flickr,https://live.staticflickr.com/5834/22593380969_59ff1bae3e_b.jpg,photos/raw/22593380969.jpg,1024,678,2015|austin|birthday|party|thedomain|tx,ep041,2023-01-27,synthetic
f_22569023888,22569023888,openverse/flickr,https://live.staticflickr.com/770/22569023888_c99e17d71d_b.jpg,photos/raw/22569023888.jpg,1024,678,2015|austin|birthday|party|thedomain|tx,ep129,2024-12-28,synthetic
f_4177554,4177554,openverse/flickr,https://live.staticflickr.com/3/4177554_7c3c48133f.jpg,photos/raw/4177554.jpg,374,500,birthday|dog|felting|needle|puppy|softie,ep174,2025-11-24,synthetic
f_2575879729,2575879729,openverse/flickr,https://live.staticflickr.com/3266/2575879729_aa0e1fb0b5_b.jpg,photos/raw/2575879729.jpg,1000,667,birthday|cake|chocolate|frosting|lego|marshmallows,ep010,2022-02-14,synthetic
f_11183120093,11183120093,openverse/flickr,https://live.staticflickr.com/5479/11183120093_5761c1d433_b.jpg,photos/raw/11183120093.jpg,1024,683,andean|andes|ayni|ceremony|despacho|geotagged|inti|ollantaytambo|pachamama|package|paco|paqo|peru|qeros|quechua|ritual|sacred|shaman|valley,ep040,2023-01-19,synthetic
f_5186444469,5186444469,openverse/flickr,https://live.staticflickr.com/4149/5186444469_47b74ea874_b.jpg,photos/raw/5186444469.jpg,1024,1024,450d|autostop|bokeh|canon|cars|danbo|dof|ef50mmf18ii|eos|geotagged|hitchhiking|lights|luci|macchine|marciapiede|piantina|plant|quadrato|rimini|road|sidewalk|square|strada|sunset|theauthorsclub|theauthorsplaza|tramonto|traveller|trip|viaggiatore|viaggio,ep102,2024-06-29,synthetic
f_15340429537,15340429537,openverse/flickr,https://live.staticflickr.com/3930/15340429537_94f1197ab2_b.jpg,photos/raw/15340429537.jpg,1023,678,conifer|dawn|environment|fall|fog|landscape|leaf|light|mist|moss|nature|park|scenic|shadow|tree|wood,ep176,2025-12-04,synthetic
f_14805903009,14805903009,openverse/flickr,https://live.staticflickr.com/3843/14805903009_5214cb97e2_b.jpg,photos/raw/14805903009.jpg,1024,768,food|grow|people,ep109,2024-08-19,synthetic
f_4059009577,4059009577,openverse/flickr,https://live.staticflickr.com/2674/4059009577_2814279e81.jpg,photos/raw/4059009577.jpg,500,471,argentina|me|patagonia|scarf|trey|treyratcliff,ep011,2022-02-21,synthetic
f_6105945009,6105945009,openverse/flickr,https://live.staticflickr.com/6203/6105945009_4550d0e783_b.jpg,photos/raw/6105945009.jpg,850,1024,1stmarinelogisticsgroup|ca|california|camppendleton|clb5|conditioning|deployment|hike|marines|military|us|usmc|adult|group|group together|man|many|military|people|soldier|war,ep007,2022-02-05,synthetic
f_2739812921,2739812921,openverse/flickr,https://live.staticflickr.com/3073/2739812921_d002cda4c8.jpg,photos/raw/2739812921.jpg,500,132,activities|activity|bohari|camping|climbing|complete|cooking|craterrim|ecotourism|giliair|gilimeno|gilinanggu|gilitrawangan|gunungrinjani|hike|hiking|information|island|lakesegaraanak|lombok|mountain|mountainrinjani|mountindonesia|mt|nasional|nationalpark|operators|outdoor|park|recreations|report|rinjanipackage|sembalun|senaru|services|specializes|sports|summit|taman|tours|tourspackages|transportation|travel|traveling|trek|trekkingadventures|trekkingrinjani|trip|volcanoes,ep167,2025-09-19,synthetic
f_15728495287,15728495287,openverse/flickr,https://live.staticflickr.com/8658/15728495287_058976feb4_b.jpg,photos/raw/15728495287.jpg,1024,768,alberta|autumn|calgary|canada|cougar|fall|hike|hiking|path|ridge|bark|branch|dawn|daylight|environment|fair weather|fall|gold|landscape|leaf|nature|outdoors|park|scenic|season|sun|tree|trunk|wood,ep176,2025-12-04,synthetic
f_16430383931,16430383931,openverse/flickr,https://live.staticflickr.com/7346/16430383931_2177077681_b.jpg,photos/raw/16430383931.jpg,1024,683,blm|blmbucketlist|blmproud|bucketlist|bureauoflandmanagement|bwick|hiking|monument|monumentsmatter|mountains|nationalconservationlands|nationalmonument|newmexico|scenic|seeblm|trails|wildlife|winterbucketlist|nature|sky|summer|travel|valley,ep176,2025-12-04,synthetic
f_28838873340,28838873340,openverse/flickr,https://live.staticflickr.com/8616/28838873340_7a19f04e8d_b.jpg,photos/raw/28838873340.jpg,1024,683,1650mm|18200mm|a6300|archer10|canada|colpittlake|dennis|dennisgjarvis|dennisjarvis|free|freepicture|halifax|hike|iamcanadian|ilce6300|jarvis|lake|meetup|mirrorless|novascotia|sony|spryfield|woods,ep161,2025-08-07,synthetic
f_9644124822,9644124822,openverse/flickr,https://live.staticflickr.com/2859/9644124822_1ddfceaf69_b.jpg,photos/raw/9644124822.jpg,1024,684,chemin|d600|frutt|hiking|hikingtrail|lac|lake|melchseefrutt|montagne|mountain|nikond600|obwald|randonnée|randonnu00e9e|randonn\xe9e,ep176,2025-12-04,synthetic
f_5864678829,5864678829,openverse/flickr,https://live.staticflickr.com/3160/5864678829_a3a5d77f70_b.jpg,photos/raw/5864678829.jpg,1024,768,hiking|sequoia,ep160,2025-07-25,synthetic
f_365938513,365938513,openverse/flickr,https://live.staticflickr.com/174/365938513_8704f5c73e_b.jpg,photos/raw/365938513.jpg,1024,682,1on1bw|1on1photooftheday|blackandwhite|cold|dayhike|hike|longmire|mountrainier|mountrainiernationalpark|mrnp|mtrainier|piercecounty|seattle|shoe|snow|snowmageddon|snowshoe|snowshoedate|stormdamage|tacoma|tmason|twswildadventures|washington|westsideroad|wife,ep169,2025-10-17,synthetic
f_10067193973,10067193973,openverse/flickr,https://live.staticflickr.com/2836/10067193973_890794ef82_b.jpg,photos/raw/10067193973.jpg,1024,576,ciik2|cool|cool2|cool3|finland|forest|hiking|litokaira|oulu|trees|uncool|uncool2|uncool3|uncool4|uncool5|uncool6|uncool7,ep161,2025-08-06,synthetic
f_8728651456,8728651456,openverse/flickr,https://live.staticflickr.com/7341/8728651456_f20a708c28_b.jpg,photos/raw/8728651456.jpg,1024,684,bare|commando|hakkenzan|hiking|japan|jozankei|kilt|legs|maninakilt|mountaineering|nounderwear|outdoors|rain|razor|ridge|sapporo|scottish,ep143,2025-03-26,synthetic
f_16183356677,16183356677,openverse/flickr,https://live.staticflickr.com/7410/16183356677_4775eddd2f_b.jpg,photos/raw/16183356677.jpg,1024,708,blm|blmbucketlist|blmproud|bucketlist|bureauoflandmanagement|bwick|desert|getoutdoors|hike|monument|monumentsmatter|mypubliclands|nationalconservationlands|nationalmonument|seeblm|sonorandesertnm|winterbucketlist|cactus|dawn|desert|nature|outdoors|silhouette|sky|sun|sunset,ep160,2025-07-24,synthetic
f_4900705092,4900705092,openverse/flickr,https://live.staticflickr.com/4121/4900705092_7555fbee07_b.jpg,photos/raw/4900705092.jpg,1024,680,flowers|grass|gray|green|hiking|hill|overcast|peleaga|pink|retezatmountains|romania|sign|sky|trail|countryside|environment|field|grass|hill|landscape|mountain|nature|outdoors|sky|summer|travel|tree,ep154,2025-06-19,synthetic
f_7873936480,7873936480,openverse/flickr,https://live.staticflickr.com/7262/7873936480_6daecd72b6.jpg,photos/raw/7873936480.jpg,500,373,beach|california|family|flatrock|hike|nature|ocean|pacific|park|photography|sandiego|southern|state|torreypines|views|walk,ep112,2024-09-11,synthetic
f_37374124124,37374124124,openverse/flickr,https://live.staticflickr.com/4507/37374124124_9516f8d1f5.jpg,photos/raw/37374124124.jpg,500,333,activeholiday|camping|daylight|estonia|fun|hike|independentminds|insentive|interesting|nature|pärnu|pärnucounty|pu00e4rnu|pu00e4rnucounty|räätsamatk|ru00e4u00e4tsamatk|snowshoe|soomaa|winter,ep169,2025-10-17,synthetic
f_16367502541,16367502541,openverse/flickr,https://live.staticflickr.com/7420/16367502541_3a9593e401_b.jpg,photos/raw/16367502541.jpg,1024,559,blm|blmbucketlist|blmproud|bucketlist|bureauoflandmanagement|bwick|desert|getoutdoors|hike|monument|monumentsmatter|mypubliclands|nationalconservationlands|nationalmonument|seeblm|sonorandesertnm|winterbucketlist|cactus|dawn|desert|dry|fog|landscape|mountain|nature|outdoors|scenic|sunset|travel|tree,ep160,2025-07-24,synthetic
f_6134915899,6134915899,openverse/flickr,https://live.staticflickr.com/6176/6134915899_c0df665713_b.jpg,photos/raw/6134915899.jpg,1024,676,91101|army|bedbathbeyond|military|newyork|newyorkcity|remembering911|september11th,ep082,2023-12-25,synthetic
f_3256640018,3256640018,openverse/flickr,https://live.staticflickr.com/3258/3256640018_121cd9e068_b.jpg,photos/raw/3256640018.jpg,1024,681,0098|athleticdance|caution|celebration|chinesenewyear|curiosity|dance|dragon|expressions|goodluck|gunghaifatchoi|happiness|happylunarnewyear|happynewyear|international|internationaldistrict|internationallionanddragondanceteam|internationalliondanceteam|kungfu|lion|lunarnewyear|newyear|outdoors|outside|sadness|seattleinternationaldistrict|seattlesinternationalliondanceteam|street|team|tong|usa|vovinam|washington|washingtonstate|wonderlane|ying|yingyungtong|yingyungtongvovinam|yingyungtongvovinaminternationallionanddragondanceteam|yung|celebration|city|costume|face disguise|festival|group|man|parade|people|religion|street,ep110,2024-08-23,synthetic
f_1192478067,1192478067,openverse/flickr,https://live.staticflickr.com/1231/1192478067_b91e58e5da.jpg,photos/raw/1192478067.jpg,332,500,blue|sanfrancisco|architecture|building|city|dark|light|shadow|street|urban|window,ep087,2024-01-23,synthetic
f_40784371554,40784371554,openverse/flickr,https://live.staticflickr.com/811/40784371554_0fbc947e2e_b.jpg,photos/raw/40784371554.jpg,1024,529,2018|car|cdmx|cityofmexico|cropped|key|mexico|mexicocity|nikon|nikond750|nikonfx|shadow|shadows|street|streetscene|tedmcgrath|tedsphotos|tedsphotosmexico|vehicle|vignetting|wheels|windupkey,ep015,2022-04-15,synthetic
f_327413608,327413608,openverse/flickr,https://live.staticflickr.com/135/327413608_444f52ef82_b.jpg,photos/raw/327413608.jpg,1024,680,art|child|city,ep173,2025-11-18,synthetic
f_45239559322,45239559322,openverse/flickr,https://live.staticflickr.com/1926/45239559322_c27725b4ef_b.jpg,photos/raw/45239559322.jpg,1023,638,architecture|building|canoneos6d|city|cityscape|citytravel|oklahoma|oklahomacity|outdoor|scenic|sky|street|streetlights|streetphotography|tall|travel|traveloklahoma,ep168,2025-09-25,synthetic
f_7652542860,7652542860,openverse/flickr,https://live.staticflickr.com/7273/7652542860_641e392861_b.jpg,photos/raw/7652542860.jpg,683,1024,city|downtown|fineartphotography|jaimeolmo|lights|neon|newyork|newyorkcity|night|nightlife|nooffcameraflash|nyc|people|puertorico|street|summer|urban|vacations,ep087,2024-01-18,synthetic
f_19280040882,19280040882,openverse/flickr,https://live.staticflickr.com/3801/19280040882_1e9ba2affc_b.jpg,photos/raw/19280040882.jpg,1024,683,businessman|city|manhattan|newyork|phone|street|talking|urban|window|adult|business|door|indoors|man|office|people|suit|window,ep119,2024-10-25,synthetic
f_5794521207,5794521207,openverse/flickr,https://live.staticflickr.com/3226/5794521207_404f10fb4c_b.jpg,photos/raw/5794521207.jpg,1023,574,city|europe|infomatique|ireland|limerick|limerickinfomatique|munster,ep074,2023-09-18,synthetic
f_20280628858,20280628858,openverse/flickr,https://live.staticflickr.com/471/20280628858_2433aa949b_b.jpg,photos/raw/20280628858.jpg,1024,683,city|icecream|licking|newyorkcity|street,ep129,2024-12-28,synthetic
f_20605704865,20605704865,openverse/flickr,https://live.staticflickr.com/5807/20605704865_1f184fc759_b.jpg,photos/raw/20605704865.jpg,1024,731,bandage|cigarette|city|manhattan|newyork|newyorkcity|street,ep166,2025-09-14,synthetic
f_19182372375,19182372375,openverse/flickr,https://live.staticflickr.com/493/19182372375_5c8dba9c0d_b.jpg,photos/raw/19182372375.jpg,1024,716,bostonpublictransit|bostonstreetcar|bostontransitdepartment|historicboston,ep168,2025-09-28,synthetic
f_19185957971,19185957971,openverse/flickr,https://live.staticflickr.com/277/19185957971_7e8e3bbf95_b.jpg,photos/raw/19185957971.jpg,1024,716,bostonpublictransit|bostonstreetcar|bostontransitdepartment|historicboston,ep168,2025-09-24,synthetic
f_51396755653,51396755653,openverse/flickr,https://live.staticflickr.com/65535/51396755653_e5a22a1403_b.jpg,photos/raw/51396755653.jpg,576,1024,buildings|calles|city|ciudad|edificios|guatemala|skylines|streets,ep172,2025-11-13,synthetic
f_15252371550,15252371550,openverse/flickr,https://live.staticflickr.com/3936/15252371550_f30514d9f9.jpg,photos/raw/15252371550.jpg,500,500,calcutta|city|deserted|empty|india|instagramapp|iphoneography|kolkata|night|square|street|alley|city|evening|house|lamp|light|people|shadow|street|travel,ep125,2024-12-07,synthetic
f_26093881,26093881,openverse/flickr,https://live.staticflickr.com/21/26093881_d692c9d99e.jpg,photos/raw/26093881.jpg,499,334,delhi|india|oldcity|sleeping|travel,ep164,2025-08-22,synthetic
f_4056796184,4056796184,openverse/flickr,https://live.staticflickr.com/2803/4056796184_d9cb1f34c4_b.jpg,photos/raw/4056796184.jpg,1024,768,campus|city|dunedin|newzealand|rainy|rainycitystreets|rainyday|scenes|streets|streetscenes|studentaccommodation|studenthousing|universityarea,ep074,2023-09-16,synthetic
f_5702105393,5702105393,openverse/flickr,https://live.staticflickr.com/2516/5702105393_d4f04c5403_b.jpg,photos/raw/5702105393.jpg,1023,574,april2011infomatique|belfast|belfast2011infomatique|belfastapril2011infomatique|belfastbyinfomatique|belfastcity|belfastinfomatique|city|europe|infomatique|ireland|northern|northernireland|streetartlimerickinfomatique|streetsofbelfast|uk|williammurphy,ep088,2024-01-27,synthetic
f_4056053877,4056053877,openverse/flickr,https://live.staticflickr.com/2536/4056053877_31b11de14f_b.jpg,photos/raw/4056053877.jpg,1024,776,campus|city|dunedin|newzealand|rainy|rainycitystreets|rainyday|scenes|streets|streetscenes|studentaccommodation|studenthousing|universityarea|architecture|building|car|city|family|home|house|outdoors|street|urban|vehicle,ep148,2025-04-29,synthetic
f_19290368511,19290368511,openverse/flickr,https://live.staticflickr.com/3953/19290368511_80f9f2409a_b.jpg,photos/raw/19290368511.jpg,1024,732,american|beard|centralpark|city|flag|man|manhattan|mexico|newyork|street|urban,ep052,2023-04-28,synthetic
f_2860429373,2860429373,openverse/flickr,https://live.staticflickr.com/3296/2860429373_b24eb892d7_b.jpg,photos/raw/2860429373.jpg,1024,766,feitoamu00e3o|handmade|reciclagemreaproveitamentomateriaisgarrafapetcrochet,ep054,2023-05-07,synthetic
f_6977081713,6977081713,openverse/flickr,https://live.staticflickr.com/7206/6977081713_e36e84fe33_b.jpg,photos/raw/6977081713.jpg,1024,683,1111|2012|27|3am|4|666|69|7|activism|animalrights|animals|apartment|bags|breasts|can|canada|canadian|cats|children|city|cityofmississauga|cityoftoronto|crap|cruel|cruelty|dog|dogs|dogwalker|enforcement|exercise|free|home|house|irresponsible|itwas3am|kids|law|laws|lawsuit|leash|liability|litter|lmao|lmfao|lol|loose|mississauga|ontario|own|park|pee|piss|police|poop|poopandscoop|poopnscoop|portcredit|privateproperty|property|puppies|rights|rude|run|safe|shit|space|toronto|wild|wtf|accident|action|calamity|car|city|competition|environment|landscape|motion|offense|people|police|road|snow|storm|street|transportation system|vehicle|weather|winter,ep089,2024-03-15,synthetic
f_4545047,4545047,openverse/flickr,https://live.staticflickr.com/4/4545047_b06cec03b9_b.jpg,photos/raw/4545047.jpg,1024,768,nakedchiapet,ep069,2023-08-17,synthetic
f_15665913078,15665913078,openverse/flickr,https://live.staticflickr.com/8607/15665913078_ccc8c95804_b.jpg,photos/raw/15665913078.jpg,1024,768,hanoi|iguana|vietnam|animal|chameleon|exotic|flying dragon|gecko|lizard|nature|one|outdoors|pet|portrait|reptile|skin|tree|tropical|wildlife|zoo,ep174,2025-11-24,synthetic
f_2468688700,2468688700,openverse/flickr,https://live.staticflickr.com/3128/2468688700_5d58f66ae8_b.jpg,photos/raw/2468688700.jpg,685,1023,2008|faved|georgia|heylookatthis|may2008|myfave|pet|sign|building|daylight|guidance|nature|outdoors|road|sky|travel|tree|window|wood,ep089,2024-03-16,synthetic
f_52072590225,52072590225,openverse/flickr,https://live.staticflickr.com/65535/52072590225_1aa392ea0d_b.jpg,photos/raw/52072590225.jpg,1024,768,backyard|chicken|creepingbuttercup|d850|eggs|hen|jchoate|on1pics|pet|plymouthrock|portrait|rural|rustic|tulips,ep105,2024-07-20,synthetic
f_6448284373,6448284373,openverse/flickr,https://live.staticflickr.com/7148/6448284373_bf725e262f_b.jpg,photos/raw/6448284373.jpg,1024,768,bletchleypark|commodore|computer|johnseb|museum|pet|business|computer|display|indoors|industry|screen|technology|telephone,ep086,2024-01-14,synthetic
f_7460480966,7460480966,openverse/flickr,https://live.staticflickr.com/8023/7460480966_ff6bf8acc7_m.jpg,photos/raw/7460480966.jpg,240,214,pet|plastic|thermoform|alcohol|bottle|clean|clear|cold|container|cool|crystal|desktop|drink|drop|full|glass|health|liquid|medicine|pure|refreshment|stranded|wet,ep111,2024-09-04,synthetic
f_3561781480,3561781480,openverse/flickr,https://live.staticflickr.com/3386/3561781480_0a08e7ebe6_b.jpg,photos/raw/3561781480.jpg,1024,680,brooklyn|cat|garden|gray|kitten|mancha|pet|pets|animal|cat|cute|eye|funny|fur|little|mammal|nature|outdoors|pet|portrait|wildlife|young,ep151,2025-06-01,synthetic
f_4413857563,4413857563,openverse/flickr,https://live.staticflickr.com/4009/4413857563_0e440e105c_m.jpg,photos/raw/4413857563.jpg,240,210,pets,ep105,2024-07-20,synthetic
f_7657753870,7657753870,openverse/flickr,https://live.staticflickr.com/8294/7657753870_2a0b8eb1ed_b.jpg,photos/raw/7657753870.jpg,768,1024,bark|bay|boarding|care|colwood|day|dog|doggie|lions|pet|sitting|victoria|walker|walking|westshore,ep099,2024-06-10,synthetic
f_4414646206,4414646206,openverse/flickr,https://live.staticflickr.com/2784/4414646206_716c8bc0aa_m.jpg,photos/raw/4414646206.jpg,240,210,pets,ep105,2024-07-20,synthetic
f_3755481856,3755481856,openverse/flickr,https://live.staticflickr.com/2427/3755481856_68a1db0698_b.jpg,photos/raw/3755481856.jpg,1024,747,pets|taryn|wizard101,ep018,2022-05-25,synthetic
f_6441740175,6441740175,openverse/flickr,https://live.staticflickr.com/7012/6441740175_f97e7d84f8_m.jpg,photos/raw/6441740175.jpg,240,205,adopt|adoption|animals|lollypopfarm|pet|rochester,ep056,2023-05-18,synthetic
f_6239202757,6239202757,openverse/flickr,https://live.staticflickr.com/6216/6239202757_af48794acb_m.jpg,photos/raw/6239202757.jpg,240,160,adopt|adoption|animal|cat|humanesocietyofgreaterrochester|lollypopfarm|newyork|ny|pet|petoftheweek|pets|rochester,ep174,2025-11-24,synthetic
f_6100715146,6100715146,openverse/flickr,https://live.staticflickr.com/6203/6100715146_957a4a883c_m.jpg,photos/raw/6100715146.jpg,160,240,adopt|adoption|animal|dog|humanesocietyofgreaterrochester|lollypopfarm|newyork|ny|pet|petoftheweek|pets|rochester,ep056,2023-05-18,synthetic
f_6259483549,6259483549,openverse/flickr,https://live.staticflickr.com/6229/6259483549_2b38e2f4c7_m.jpg,photos/raw/6259483549.jpg,240,160,adopat|adoption|animal|dog|humanesocietyofgreaterrochester|lollypopfarm|newyork|ny|pet|petoftheweek|pets|rochester,ep056,2023-05-18,synthetic
f_6307580347,6307580347,openverse/flickr,https://live.staticflickr.com/6234/6307580347_9ed2e4ff2b_m.jpg,photos/raw/6307580347.jpg,160,240,adopt|adoption|animal|dog|humanesocietyofgreaterrochester|lollypopfarm|newyork|ny|pet|petoftheweek|pets|rochester,ep174,2025-11-24,synthetic
f_6638823097,6638823097,openverse/flickr,https://live.staticflickr.com/7167/6638823097_7526cab0c8_m.jpg,photos/raw/6638823097.jpg,240,157,adopt|adoption|animal|cat|humanesocietyofgreaterrochester|lollypopfarm|newyork|ny|pet|petoftheweek|pets|rochester,ep046,2023-03-18,synthetic
f_2147445070,2147445070,openverse/flickr,https://live.staticflickr.com/2388/2147445070_3c72c781d7_b.jpg,photos/raw/2147445070.jpg,630,1023,,ep153,2025-06-13,synthetic
f_51941876532,51941876532,openverse/flickr,https://live.staticflickr.com/65535/51941876532_40b57ebdca_b.jpg,photos/raw/51941876532.jpg,1024,791,18250mm|allan|attraction|background|black|blossom|botanical|bouquet|building|burst|canada|canon|conservatory|d1000|downtown|droplets|easter|exotic|festival|flower|flowers|garden|gardens|heritage|historic|historical|house|landmark|lens|light|lilac|macro|on|onasill|ont|ontario|palm|plant|plants|shows|sigma|sl1|stamen|sun|sunburst|thevillage|tornto|toronto|tourist|travel|tree|tropical|water,ep152,2025-06-07,synthetic
f_7797101664,7797101664,openverse/flickr,https://live.staticflickr.com/8441/7797101664_9c89f97900_b.jpg,photos/raw/7797101664.jpg,1024,683,2012|550d|british|cambridgeshire|camera|canon|canoneos550d|chippenham|digital|dslr|eastanglia|england|english|female|gardens|gb|geotagged|greatbritain|image|june|karenroe|nationalgardensscheme|ngs|park|photo|photograph|photographer|photography|picture|shot|snap|tourist|uk|unitedkingdom|village|visit|visitor|environment|flora|garden|grass|growth|guidance|hedge|ivy|lawn|leaf|nature|outdoors|park|summer|topiary|tree,ep083,2024-01-02,synthetic
f_52109727823,52109727823,openverse/flickr,https://live.staticflickr.com/65535/52109727823_a02fc3a597_b.jpg,photos/raw/52109727823.jpg,1024,768,18250mm|allan|attraction|background|black|blossom|botanical|bouquet|building|burst|canada|canon|conservatory|d1000|downtown|droplets|easter|exotic|festival|flower|flowers|garden|gardens|heritage|historic|historical|house|landmark|lens|light|lilac|macro|on|onasill|ont|ontario|palm|plant|plants|shows|sigma|sl1|stamen|sun|sunburst|thevillage|tornto|toronto|tourist|travel|tree|tropical|water,ep152,2025-06-08,synthetic
f_51059468841,51059468841,openverse/flickr,https://live.staticflickr.com/65535/51059468841_ccfe66a5bd_b.jpg,photos/raw/51059468841.jpg,1024,683,18250mm|allan|attraction|background|black|blossom|botanical|bouquet|building|burst|canada|canon|conservatory|d1000|downtown|droplets|easter|exotic|festival|flower|flowers|garden|gardens|heritage|historic|historical|house|landmark|lens|light|lilac|macro|on|onasill|ont|ontario|palm|plant|plants|shows|sigma|sl1|stamen|sun|sunburst|thevillage|tornto|toronto|tourist|travel|tree|tropical|water,ep152,2025-06-07,synthetic
f_3514388769,3514388769,openverse/flickr,https://live.staticflickr.com/3646/3514388769_668d04a8a0_b.jpg,photos/raw/3514388769.jpg,1024,683,autumn|background|brendastarrstock|creativecommons|evergladesgarden|freeforuse|garden|leaves|leura|nsw|path|resources|steps|stock|stone|thebluemountains|thestockyard|trees|environment|fall|flora|flower|garden|guidance|landscape|leaf|nature|outdoors|park|stone|summer|travel|tree|water|wood,ep114,2024-09-25,synthetic
f_29522797,29522797,openverse/flickr,https://live.staticflickr.com/23/29522797_4a9bd91e7f_b.jpg,photos/raw/29522797.jpg,1024,768,backyard|canada|deck|flowerfactoryfave|garden|green|hosta|ilovenature|nature|ontario|plants|seasons|summer|toronto|trees|wow,ep114,2024-09-25,synthetic
f_2712880605,2712880605,openverse/flickr,https://live.staticflickr.com/3220/2712880605_5c5b8cc18a_b.jpg,photos/raw/2712880605.jpg,1024,1024,360|brandao|cubism|d80|espanha|espau00f1a|garden|goldstaraward|jardim|jardin|naturesfinest|nikkor|nikkor105|nikon|nikond80|nnl5|nodalninja|pan360|paulo|paulobrandao|pbrandao|spagna|spain|spanien|zaragoza,ep126,2024-12-13,synthetic
f_9504759046,9504759046,openverse/flickr,https://live.staticflickr.com/2885/9504759046_7d7dda8443_b.jpg,photos/raw/9504759046.jpg,1024,683,50d|arts|bartrim|borders|campden|canon|chipping|cotswolds|crafts|english|garden|gloucestershire|hidcote|johnston|lawrence|manor|national|plants|rooms|shrubs|topiaries|topiary|trees|trust|wilderness,ep114,2024-09-22,synthetic
f_9504750330,9504750330,openverse/flickr,https://live.staticflickr.com/7399/9504750330_a60d01130d_b.jpg,photos/raw/9504750330.jpg,1024,683,50d|arts|bartrim|borders|campden|canon|chipping|cotswolds|crafts|english|garden|gloucestershire|hidcote|johnston|lawrence|manor|national|plants|rooms|shrubs|topiaries|topiary|trees|trust|wilderness,ep114,2024-09-22,synthetic
f_9496901790,9496901790,openverse/flickr,https://live.staticflickr.com/5474/9496901790_45d342c6a3_b.jpg,photos/raw/9496901790.jpg,683,1024,50d|arts|bartrim|borders|campden|canon|chipping|cotswolds|crafts|english|garden|gloucestershire|hidcote|johnston|lawrence|manor|national|plants|rooms|shrubs|topiaries|topiary|trees|trust|wilderness,ep114,2024-09-27,synthetic
f_9494320813,9494320813,openverse/flickr,https://live.staticflickr.com/3809/9494320813_556008d467_b.jpg,photos/raw/9494320813.jpg,683,1024,50d|arts|bartrim|borders|campden|canon|chipping|cotswolds|crafts|english|garden|gloucestershire|hidcote|johnston|lawrence|manor|national|plants|rooms|shrubs|topiaries|topiary|trees|trust|wilderness,ep114,2024-09-22,synthetic
f_9516226385,9516226385,openverse/flickr,https://live.staticflickr.com/2863/9516226385_2e9355064e_b.jpg,photos/raw/9516226385.jpg,1024,683,50d|arts|bartrim|borders|campden|canon|chipping|cotswolds|crafts|english|garden|gloucestershire|hidcote|johnston|lawrence|manor|national|plants|rooms|shrubs|topiaries|topiary|trees|trust|wilderness,ep114,2024-09-22,synthetic
f_9516223515,9516223515,openverse/flickr,https://live.staticflickr.com/2820/9516223515_9d8b614d54_b.jpg,photos/raw/9516223515.jpg,1024,683,50d|arts|bartrim|borders|campden|canon|chipping|cotswolds|crafts|english|garden|gloucestershire|hidcote|johnston|lawrence|manor|national|plants|rooms|shrubs|topiaries|topiary|trees|trust|wilderness,ep114,2024-09-22,synthetic
f_9531335778,9531335778,openverse/flickr,https://live.staticflickr.com/7376/9531335778_3ffb48d1cb_b.jpg,photos/raw/9531335778.jpg,1024,640,administrators|garden|humble|suzhuo|boat|calamity|canal|canoe|fish|fisherman|floating|flood|lake|oar|paddle|people|reflection|river|rowboat|transportation system|travel|vehicle|water|watercraft,ep148,2025-04-27,synthetic
f_9504755272,9504755272,openverse/flickr,https://live.staticflickr.com/5465/9504755272_0b1136e452_b.jpg,photos/raw/9504755272.jpg,1024,683,50d|arts|bartrim|borders|campden|canon|chipping|cotswolds|crafts|english|garden|gloucestershire|hidcote|johnston|lawrence|manor|national|plants|rooms|shrubs|topiaries|topiary|trees|trust|wilderness,ep114,2024-09-22,synthetic
f_9526851605,9526851605,openverse/flickr,https://live.staticflickr.com/3670/9526851605_9e9a728118_b.jpg,photos/raw/9526851605.jpg,1024,683,50d|arts|bartrim|borders|campden|canon|chipping|cotswolds|crafts|english|garden|gloucestershire|hidcote|johnston|lawrence|manor|national|plants|rooms|shrubs|topiaries|topiary|trees|trust|wilderness,ep114,2024-09-24,synthetic
f_9504759572,9504759572,openverse/flickr,https://live.staticflickr.com/3688/9504759572_fe6b4ae467_b.jpg,photos/raw/9504759572.jpg,683,1024,50d|arts|bartrim|borders|campden|canon|chipping|cotswolds|crafts|english|garden|gloucestershire|hidcote|johnston|lawrence|manor|national|plants|rooms|shrubs|topiaries|topiary|trees|trust|wilderness,ep114,2024-09-22,synthetic
f_9516228637,9516228637,openverse/flickr,https://live.staticflickr.com/5526/9516228637_e27d0e20de_b.jpg,photos/raw/9516228637.jpg,1024,683,50d|arts|bartrim|borders|campden|canon|chipping|cotswolds|crafts|english|garden|gloucestershire|hidcote|johnston|lawrence|manor|national|plants|rooms|shrubs|topiaries|topiary|trees|trust|wilderness,ep114,2024-09-22,synthetic
f_9546780857,9546780857,openverse/flickr,https://live.staticflickr.com/2860/9546780857_0b75136fe3_b.jpg,photos/raw/9546780857.jpg,683,1024,50d|arts|bartrim|borders|campden|canon|chipping|cotswolds|crafts|english|garden|gloucestershire|hidcote|johnston|lawrence|manor|national|plants|rooms|shrubs|topiaries|topiary|trees|trust|wilderness,ep111,2024-09-04,synthetic
f_10407964304,10407964304,openverse/flickr,https://live.staticflickr.com/2885/10407964304_b80626b485_b.jpg,photos/raw/10407964304.jpg,1024,678,architect|architecture|carlo|carloscarpa|cc|commons|creative|detail|garden|querini|scarpa|seierseier|stampalia|stone|well|wellhead|yadayadayada|building|concrete|industry|road|rock|sand|stone|street,ep148,2025-04-27,synthetic
f_6612614629,6612614629,openverse/flickr,https://live.staticflickr.com/7006/6612614629_f763e4e4e7_b.jpg,photos/raw/6612614629.jpg,1024,683,house|kitchen,ep038,2023-01-09,synthetic
f_199958907,199958907,openverse/flickr,https://live.staticflickr.com/66/199958907_67caf83ba1.jpg,photos/raw/199958907.jpg,500,375,2006|kitchen,ep038,2023-01-10,synthetic
f_4685908,4685908,openverse/flickr,https://live.staticflickr.com/5/4685908_3e5dffcb8d_b.jpg,photos/raw/4685908.jpg,1024,768,kitchen|loftidea,ep153,2025-06-13,synthetic
f_5515809709,5515809709,openverse/flickr,https://live.staticflickr.com/5133/5515809709_7d5456ccb1_b.jpg,photos/raw/5515809709.jpg,1024,768,apartment|kitchen,ep038,2023-01-10,synthetic
f_2506934075,2506934075,openverse/flickr,https://live.staticflickr.com/2316/2506934075_302fd60f30.jpg,photos/raw/2506934075.jpg,500,333,18riverknoll|kitchen,ep038,2023-01-11,synthetic
f_2506934327,2506934327,openverse/flickr,https://live.staticflickr.com/3195/2506934327_f87db297f0.jpg,photos/raw/2506934327.jpg,500,333,18riverknoll|kitchen,ep038,2023-01-10,synthetic
f_2240022333,2240022333,openverse/flickr,https://live.staticflickr.com/2358/2240022333_5fed0309fa_b.jpg,photos/raw/2240022333.jpg,1024,681,house|kitchen,ep038,2023-01-08,synthetic
f_4950758075,4950758075,openverse/flickr,https://live.staticflickr.com/4083/4950758075_33bb8a7d86_b.jpg,photos/raw/4950758075.jpg,1024,686,badgersbrookvineyard|badgersbrookwinery|bellavedere|bellavederecucina|chef|coldstream|coldstreamvic|garycooper|italian|kitchen|openkitchen|restaurant|vic|winery|yarravalley,ep125,2024-12-07,synthetic
f_4150882375,4150882375,openverse/flickr,https://live.staticflickr.com/2703/4150882375_4ed468c85f_b.jpg,photos/raw/4150882375.jpg,1024,689,apple|banana|concept|electronica|fruit|kitchen|kiwi|mixer|music|orange|photos|smoothie|youghurt|desktop|food,ep019,2022-06-03,synthetic
f_5421092711,5421092711,openverse/flickr,https://live.staticflickr.com/5252/5421092711_a9445ebdb9.jpg,photos/raw/5421092711.jpg,499,378,365days|bathrobe|dailyimage2011|kitchen|laptop|lecreuset|messy|orange|turquoise|woman|adult|chef|cooking|counter|family|furniture|indoors|man|people|room|woman,ep106,2024-07-27,synthetic
f_5840585667,5840585667,openverse/flickr,https://live.staticflickr.com/2462/5840585667_a6d7428db2_b.jpg,photos/raw/5840585667.jpg,1024,768,6|cabin|kitchen|tl,ep038,2023-01-07,synthetic
f_5235373559,5235373559,openverse/flickr,https://live.staticflickr.com/5163/5235373559_3542e21400_b.jpg,photos/raw/5235373559.jpg,1024,681,home|kitchen,ep038,2023-01-06,synthetic
f_8949463217,8949463217,openverse/flickr,https://live.staticflickr.com/5344/8949463217_cd02954c37_b.jpg,photos/raw/8949463217.jpg,1000,668,4mechanizedbrigade4mechbdecatterick|army|british|chef|cook|cooking|defence|defense|field|fobshawqat|food|identifiable|kitchen|male|man|meals|military|personnel|soldier|uk|unitaddressgoesinhere|unitedkingdom,ep110,2024-08-23,synthetic
f_3613171723,3613171723,openverse/flickr,https://live.staticflickr.com/3620/3613171723_5876a2fff1.jpg,photos/raw/3613171723.jpg,500,334,brintercity|charter|chartertrain|firstclasscatering|intercityfirst|intercityfirstclass|intercityrail|intercitytrain|intercitytravel|kitchens|privatetrain|railcatering|railchef|railintercity|simonpielow|train|traincatering|traincharter|trainchartering|trainchef|traincuisine|trainkitchens,ep148,2025-04-29,synthetic
f_7847549366,7847549366,openverse/flickr,https://live.staticflickr.com/8286/7847549366_c1f18a93cd_b.jpg,photos/raw/7847549366.jpg,680,1024,18200vr|70300mmvr|archer10|cosmos|d300|dennis|dennisgjarvis|dennisjarvis|free|freepicture|house|iamcanadian|jars|jarvis|kitchen|matmata|nikon|pots|starwars|tour|tunisia|underground,ep111,2024-09-04,synthetic
f_14431887121,14431887121,openverse/flickr,https://live.staticflickr.com/3873/14431887121_b226abdb43_b.jpg,photos/raw/14431887121.jpg,1024,641,aga|cabinets|chic|cottage|cream|cupboards|design|kitchen|kitchens|luxury|white|wood|apartment|cabinet|contemporary|counter|cupboard|family|furniture|home|home appliance|house|indoors|interior design|oven|refrigerator|room|shelf|stainless steel|stove|trading floor|window,ep108,2024-08-10,synthetic
f_4418443424,4418443424,openverse/flickr,https://live.staticflickr.com/4022/4418443424_99dc099f8d_b.jpg,photos/raw/4418443424.jpg,1024,683,27imac|apple|bigspace|canon7d|coffeemachineandimac|desk|desktop|falkenberg|homedesk|homeoffice|interior|kitchen|lamp|light|linusekenstam|norm69|openspace|scandinavian|skandinaviskt|sweden|white|work|workspace,ep153,2025-06-13,synthetic
f_4955204998,4955204998,openverse/flickr,https://live.staticflickr.com/4108/4955204998_d342dd68d9_b.jpg,photos/raw/4955204998.jpg,1024,768,kitchen,ep038,2023-01-06,synthetic
f_6900681461,6900681461,openverse/flickr,https://live.staticflickr.com/7196/6900681461_ac49ffeeae_b.jpg,photos/raw/6900681461.jpg,1024,768,kitchen,ep038,2023-01-08,synthetic
f_5405387170,5405387170,openverse/flickr,https://live.staticflickr.com/5296/5405387170_7e0b863d3c_b.jpg,photos/raw/5405387170.jpg,768,1024,kitchen,ep038,2023-01-09,synthetic
f_22381140479,22381140479,openverse/flickr,https://live.staticflickr.com/5782/22381140479_28c6382669_b.jpg,photos/raw/22381140479.jpg,1024,683,bell|calculations|calculator|cost|design|desk|finance|free|freeimage|images|memories|notes|office|pen|photography|photoshop|pricing|scribble|stock|stockphoto|strategy|thoughts|web|workstation,ep102,2024-06-27,synthetic
f_8095805216,8095805216,openverse/flickr,https://live.staticflickr.com/8045/8095805216_f73ff6792b_b.jpg,photos/raw/8095805216.jpg,768,1024,casual|creative|cubicle|desk|developer|engineer|fun|funny|geek|halloween|it|moblog|nerd|office|programmer|qa|samsunggalaxysiii|sandiego|software|spooky|work|working|workplace|workstation,ep019,2022-06-03,synthetic
f_8095797847,8095797847,openverse/flickr,https://live.staticflickr.com/8185/8095797847_3437f3a175_b.jpg,photos/raw/8095797847.jpg,768,1024,casual|creative|cubicle|desk|developer|engineer|fun|funny|geek|halloween|it|moblog|nerd|office|programmer|qa|samsunggalaxysiii|sandiego|software|spooky|work|working|workplace|workstation,ep077,2023-11-10,synthetic
f_38774660750,38774660750,openverse/flickr,https://live.staticflickr.com/4611/38774660750_382fc7a68b_b.jpg,photos/raw/38774660750.jpg,1024,768,,ep039,2023-01-14,synthetic
f_9247364363,9247364363,openverse/flickr,https://live.staticflickr.com/7305/9247364363_b2a62b4101_b.jpg,photos/raw/9247364363.jpg,768,1024,moblog|samsunggalaxysiii,ep143,2025-03-26,synthetic
f_14971674639,14971674639,openverse/flickr,https://live.staticflickr.com/5560/14971674639_e656624b51_b.jpg,photos/raw/14971674639.jpg,1024,681,books|desk|dragon|dumbledore|harrypotter|ancient|antique|architecture|art|church|decoration|furniture|home|house|indoors|interior design|lamp|museum|old|religion|room|travel|vintage|wood,ep082,2023-12-28,synthetic
f_8071825366,8071825366,openverse/flickr,https://live.staticflickr.com/8309/8071825366_3e918c1196_b.jpg,photos/raw/8071825366.jpg,1024,768,antics|casual|cubical|cubicle|desk|developer|employee|fun|funny|geek|informationtechnology|it|moblog|nerd|office|programmer|relaxed|samsunggalaxysiii|sandiego|software|softwaredeveloper|work|workday|working|workplace,ep146,2025-04-10,synthetic
f_2873119295,2873119295,openverse/flickr,https://live.staticflickr.com/3079/2873119295_c70086774c_b.jpg,photos/raw/2873119295.jpg,1024,768,business|chair|computer|contemporary|desk|furniture|indoors|interior design|office|one|people|room|seat|table|technology|trading floor,ep039,2023-01-14,synthetic
f_3306402270,3306402270,openverse/flickr,https://live.staticflickr.com/3542/3306402270_bdb2efa8fa_b.jpg,photos/raw/3306402270.jpg,768,1024,bbc|torchwood,ep054,2023-05-07,synthetic
f_31148035251,31148035251,openverse/flickr,https://live.staticflickr.com/5739/31148035251_56ddec04e1_b.jpg,photos/raw/31148035251.jpg,1024,607,,ep106,2024-07-27,synthetic
f_3305572723,3305572723,openverse/flickr,https://live.staticflickr.com/3607/3305572723_a37f8d491a_b.jpg,photos/raw/3305572723.jpg,768,1024,alien|bbc|torchwood,ep126,2024-12-12,synthetic
f_9307873659,9307873659,openverse/flickr,https://live.staticflickr.com/3674/9307873659_0e1d00bf94_b.jpg,photos/raw/9307873659.jpg,768,1024,moblog|samsunggalaxysiii,ep098,2024-05-27,synthetic
f_9370582607,9370582607,openverse/flickr,https://live.staticflickr.com/7436/9370582607_523a01885c_b.jpg,photos/raw/9370582607.jpg,768,1024,moblog|samsunggalaxysiii,ep145,2025-04-05,synthetic
f_9292898511,9292898511,openverse/flickr,https://live.staticflickr.com/5534/9292898511_ab5caa7743_b.jpg,photos/raw/9292898511.jpg,1024,768,moblog|samsunggalaxysiii,ep106,2024-07-27,synthetic
f_306757970,306757970,openverse/flickr,https://live.staticflickr.com/109/306757970_dc0f5c2a9e.jpg,photos/raw/306757970.jpg,375,500,condo|lofts|office|park|street|wwwloftinmainecom,ep039,2023-01-14,synthetic
f_2625240203,2625240203,openverse/flickr,https://live.staticflickr.com/3150/2625240203_9fbbac3f52.jpg,photos/raw/2625240203.jpg,356,500,aviv|dhanan|drawing|flag|israeli|migdali|national|sekhar|sketch|tel|telavivyaffo|ziv|business|illustration|people,ep052,2023-04-28,synthetic
f_48301626102,48301626102,openverse/flickr,https://live.staticflickr.com/65535/48301626102_75391f09c1_b.jpg,photos/raw/48301626102.jpg,1024,768,bookingoffice|chappel|chappelandwakescolnestation|chappelwakescolne|desk|eastanglia|eastanglianrailwaymuseum|england|essex|formergreateasternrailwaybranchlinefrommarksteytosudbury|gainsboroughline|greatbritain|industrialrailwaymuseum|olympia|stationrd|stationrdwakescolne|stourvalleyrailwaypreservationsociety|sudburybranchline|svrps|theeastanglianrailwaymuseum|themainstationbuildings|typewriter|unitedkingdom|wakescolne,ep147,2025-04-13,synthetic
f_9307864435,9307864435,openverse/flickr,https://live.staticflickr.com/3712/9307864435_b38f98181a_b.jpg,photos/raw/9307864435.jpg,1024,768,moblog|samsunggalaxysiii,ep098,2024-05-27,synthetic
f_9628709836,9628709836,openverse/flickr,https://live.staticflickr.com/7319/9628709836_0ff278ecef_b.jpg,photos/raw/9628709836.jpg,765,1024,andreas|china|copy|desk|game|gta|office|pirate|policeman|san,ep036,2022-12-11,synthetic
f_5775007637,5775007637,openverse/flickr,https://live.staticflickr.com/2740/5775007637_f5e53fcdf0_b.jpg,photos/raw/5775007637.jpg,1024,765,,ep022,2022-06-19,synthetic
f_1961029564,1961029564,openverse/flickr,https://live.staticflickr.com/2316/1961029564_b4f37f893e_b.jpg,photos/raw/1961029564.jpg,1024,768,band|bellcenter|bellcentre|canada|concert|crowd|davidleeroth|eddievanhalen|live|montreal|music|people|performance|quebec|rock|show|stadium|tour|vanhalen,ep060,2023-06-24,synthetic
f_2814093683,2814093683,openverse/flickr,https://live.staticflickr.com/3251/2814093683_a70e29e844_b.jpg,photos/raw/2814093683.jpg,1024,706,bell|bellcenter|canada|celine|celinedion|center|centre|centrebell|chances|concert|dion|live|montreal|music|performance|pop|quebec|taking|takingchances,ep005,2022-01-28,synthetic
f_2737978510,2737978510,openverse/flickr,https://live.staticflickr.com/3164/2737978510_5ae6300c96_b.jpg,photos/raw/2737978510.jpg,1024,561,backstreet|backstreetboys|band|bell|bellcenter|bellcentre|boys|bsb|canada|center|centre|concert|live|montreal|music|pop|quebec|tour|unbreakable,ep005,2022-01-28,synthetic
f_5693551087,5693551087,openverse/flickr,https://live.staticflickr.com/5304/5693551087_d25f430401_b.jpg,photos/raw/5693551087.jpg,1024,652,center|city|concert|izod|izodcenter|new|nj|rammstein|tilllindermann|usa|york,ep005,2022-01-28,synthetic
f_7631272708,7631272708,openverse/flickr,https://live.staticflickr.com/8144/7631272708_7f6826e556_b.jpg,photos/raw/7631272708.jpg,1024,771,air|concert|crowd|festival|gig|grass|music|open|people|stage|tents,ep028,2022-09-23,synthetic
f_3725939594,3725939594,openverse/flickr,https://live.staticflickr.com/2488/3725939594_6f62ddfba3_b.jpg,photos/raw/3725939594.jpg,1024,611,bellcenter|centrebell|concert|ericsinger|genesimmons|kiss|kissalive35|montreal|paulstanley|rock|tommythayer,ep050,2023-04-18,synthetic
f_49520202916,49520202916,openverse/flickr,https://live.staticflickr.com/65535/49520202916_a5a75b4191_b.jpg,photos/raw/49520202916.jpg,1024,671,bhm|black|history|israel|jerusalem|month|regionalgoldensingers|rgs|telaviv|ymca,ep050,2023-04-18,synthetic
f_49229557566,49229557566,openverse/flickr,https://live.staticflickr.com/65535/49229557566_6e50d5dffc_b.jpg,photos/raw/49229557566.jpg,1023,341,,ep005,2022-01-28,synthetic
f_14327469808,14327469808,openverse/flickr,https://live.staticflickr.com/5077/14327469808_67108fc3de_b.jpg,photos/raw/14327469808.jpg,1024,932,aru00e9namauricerichard|ar\xe9namauricerichard|concertspopulairesdemontru00e9al|concertspopulairesdemontr\xe9al,ep033,2022-10-26,synthetic
f_49229782127,49229782127,openverse/flickr,https://live.staticflickr.com/65535/49229782127_fec7cc523f_b.jpg,photos/raw/49229782127.jpg,1024,683,,ep005,2022-01-28,synthetic
f_5570628916,5570628916,openverse/flickr,https://live.staticflickr.com/5028/5570628916_2d406d181c_b.jpg,photos/raw/5570628916.jpg,711,1024,belleepoque|ephemera|french|illustration|leonmaillard|lesmenus|menus|programs|adult|art|chalk out|engraving|etching|illustration|man|people|print|retro|sketchy|vector,ep090,2024-03-26,synthetic
f_10461282375,10461282375,openverse/flickr,https://live.staticflickr.com/2871/10461282375_41e399248c_b.jpg,photos/raw/10461282375.jpg,1024,718,bricolage|du00e9coupage|jeuxdepapier|papercraft|papertoy,ep152,2025-06-08,synthetic
f_5598564617,5598564617,openverse/flickr,https://live.staticflickr.com/5309/5598564617_6e231f0b0b_b.jpg,photos/raw/5598564617.jpg,686,1024,2011|architecture|art|building|buildings|california|canon7d|city|concerthall|downtownla|losangeles|mygearandme|mygearandmepremium|unitedstates|urban|us|usa|waltdisneyconcerthall,ep082,2023-12-25,synthetic
f_49229092538,49229092538,openverse/flickr,https://live.staticflickr.com/65535/49229092538_7f167aa186_b.jpg,photos/raw/49229092538.jpg,1023,341,,ep005,2022-01-28,synthetic
f_49229557631,49229557631,openverse/flickr,https://live.staticflickr.com/65535/49229557631_565b10da28_b.jpg,photos/raw/49229557631.jpg,1023,819,,ep065,2023-07-28,synthetic
f_49519684193,49519684193,openverse/flickr,https://live.staticflickr.com/65535/49519684193_883d8992e1_b.jpg,photos/raw/49519684193.jpg,1024,590,bhm|black|history|israel|jerusalem|month|regionalgoldensingers|rgs|telaviv|ymca,ep173,2025-11-18,synthetic
f_14525073017,14525073017,openverse/flickr,https://live.staticflickr.com/3857/14525073017_514e701ac9_b.jpg,photos/raw/14525073017.jpg,1024,728,70d|black|blackandwhite|bw|candid|canon|city|eos|eos70d|france|monochrome|nb|noiretblanc|paris|people|street|streetphoto|streetphotography|white,ep173,2025-11-18,synthetic
f_15205856414,15205856414,openverse/flickr,https://live.staticflickr.com/7478/15205856414_530ab109da_b.jpg,photos/raw/15205856414.jpg,768,1024,back2basixx|concertphotography|devonchew|john|johnariragai|johnragai|johnragaiphotos|kelanajaya|malaysia|olympus|olympusmzuiko45mmf18|omd|omdem5|people|ragai|sicchurchevent|sicphotographers|stignatiuschurch|welcomingchristconcert,ep079,2023-12-06,synthetic
f_16147916593,16147916593,openverse/flickr,https://live.staticflickr.com/7633/16147916593_fe177c7aa0_b.jpg,photos/raw/16147916593.jpg,1023,681,70d|autofocus|black|blackandwhite|blackdiamond|bw|candid|canon|canoneos70d|city|cityscape|eos|eos70d|europe|france|light|love|monochrome|music|nb|noiretblanc|paris|people|platinumheartaward|sigma|street|streetphoto|streetphotography|superb|walk|white,ep173,2025-11-18,synthetic
f_422658631,422658631,openverse/flickr,https://live.staticflickr.com/174/422658631_8b99788e3c_b.jpg,photos/raw/422658631.jpg,1024,683,2006|200605|20060504|alexandria|carolyn|clintandcarolynshouse|club|diptych|dress|goth|gothprom|nation|nation20060504|nation20060504gothprom|pvcdress|standing|stocking|stockings|virginia,ep079,2023-12-07,synthetic
f_15972186998,15972186998,openverse/flickr,https://live.staticflickr.com/7483/15972186998_9ca863dfee_b.jpg,photos/raw/15972186998.jpg,1024,683,bali|balinesehinduism|balinesetemple|balinesewedding|balitemple|hinduism|kuta|travel|wedding,ep137,2025-02-16,synthetic
f_3839789844,3839789844,openverse/flickr,https://live.staticflickr.com/2468/3839789844_bd9d6a75e4_b.jpg,photos/raw/3839789844.jpg,1023,682,avalon|california|catalina|catalinaisland|dance|dancing|destinationwedding|dinner|islandwedding|reception|santacatalinaisland|wedding|weddingofaustinandmonica|weddingphotos|weddingreception,ep048,2023-04-08,synthetic
f_14503215143,14503215143,openverse/flickr,https://live.staticflickr.com/5582/14503215143_308456a1d6_b.jpg,photos/raw/14503215143.jpg,1024,683,bobthelomond|craigsanquhar|emsliesmith|fife|manning|tomandlouisewedding|wedding,ep021,2022-06-13,synthetic
f_4800713076,4800713076,openverse/flickr,https://live.staticflickr.com/4123/4800713076_f2697705df.jpg,photos/raw/4800713076.jpg,375,500,836pm|eating|restaurant,ep112,2024-09-11,synthetic
f_10003646223,10003646223,openverse/flickr,https://live.staticflickr.com/2834/10003646223_02c1e2db5c_b.jpg,photos/raw/10003646223.jpg,697,1024,familyarchives|scannedfamilyphotos|weddingphotographs,ep134,2025-01-17,synthetic
f_2919582972,2919582972,openverse/flickr,https://live.staticflickr.com/3256/2919582972_0a47c57c64_b.jpg,photos/raw/2919582972.jpg,1023,685,2008|justviolet|october2008|violet,ep069,2023-08-16,synthetic
f_16078875185,16078875185,openverse/flickr,https://live.staticflickr.com/8681/16078875185_878cce94d8_b.jpg,photos/raw/16078875185.jpg,732,1024,,ep164,2025-08-22,synthetic
f_8527880407,8527880407,openverse/flickr,https://live.staticflickr.com/8515/8527880407_f7a6af82d8_b.jpg,photos/raw/8527880407.jpg,1024,683,argentina|boda|buenosaires|celebration|clarameco|fiesta|party|reception|wedding|adult|group|indoors|man|music|people|wear|wedding|woman,ep041,2023-01-26,synthetic
f_6503966,6503966,openverse/flickr,https://live.staticflickr.com/4/6503966_ffef42642e_b.jpg,photos/raw/6503966.jpg,1024,768,bc|fieldtrip|richmond|sikh|twu|vancouver|wedding|worship,ep007,2022-02-05,synthetic
f_280461361,280461361,openverse/flickr,https://live.staticflickr.com/86/280461361_7a3cb613d2.jpg,photos/raw/280461361.jpg,375,500,asia|boy|father|indonesia|lombok|scooter|weddingguest,ep001,2022-01-07,synthetic
f_229825300,229825300,openverse/flickr,https://live.staticflickr.com/66/229825300_cec9d434bc.jpg,photos/raw/229825300.jpg,500,375,2006|august|guests|idaho|reenieandkeelan|summer|threeriversresort|wedding,ep143,2025-03-26,synthetic
f_4537056526,4537056526,openverse/flickr,https://live.staticflickr.com/2685/4537056526_4ab4baee54_b.jpg,photos/raw/4537056526.jpg,1023,685,2010|april2010,ep021,2022-06-13,synthetic
f_8527884851,8527884851,openverse/flickr,https://live.staticflickr.com/8528/8527884851_8e3e9e4aa9_b.jpg,photos/raw/8527884851.jpg,1024,685,argentina|boda|buenosaires|celebration|clarameco|fiesta|party|reception|wedding|adult|election|group|leader|music|people|performance|wear|woman,ep117,2024-10-11,synthetic
f_7295289212,7295289212,openverse/flickr,https://live.staticflickr.com/7245/7295289212_1a7696de8e_b.jpg,photos/raw/7295289212.jpg,683,1024,wedding|weddingphotography,ep041,2023-01-27,synthetic
f_439006297,439006297,openverse/flickr,https://live.staticflickr.com/188/439006297_4b9611d212_b.jpg,photos/raw/439006297.jpg,1023,770,2006|september2006|wedding,ep048,2023-04-08,synthetic
f_8199683433,8199683433,openverse/flickr,https://live.staticflickr.com/8346/8199683433_a0d3016583_b.jpg,photos/raw/8199683433.jpg,1024,683,2012|colour|events|mags|magsandmartinwedding|marriage|martin|october|scotland|stirling|uk|website|wedding,ep048,2023-04-08,synthetic
f_7155812618,7155812618,openverse/flickr,https://live.staticflickr.com/7240/7155812618_fe855761ff_b.jpg,photos/raw/7155812618.jpg,1024,678,2012|may2012|wstc,ep021,2022-06-13,synthetic
f_7150880183,7150880183,openverse/flickr,https://live.staticflickr.com/8009/7150880183_24b4bcd9cb_b.jpg,photos/raw/7150880183.jpg,1024,678,2012|hats|may2012|wstc,ep067,2023-08-05,synthetic
f_4537057898,4537057898,openverse/flickr,https://live.staticflickr.com/2758/4537057898_8a7d2fec03_b.jpg,photos/raw/4537057898.jpg,1023,685,2010|april2010,ep073,2023-09-11,synthetic
f_4537065786,4537065786,openverse/flickr,https://live.staticflickr.com/2731/4537065786_e2679ab1cc_b.jpg,photos/raw/4537065786.jpg,1023,685,2010|april2010|catherine|derek|jason|john|sue,ep021,2022-06-13,synthetic
f_6212025850,6212025850,openverse/flickr,https://live.staticflickr.com/6040/6212025850_928746178c_b.jpg,photos/raw/6212025850.jpg,1024,744,book|carolina|center|festival|national|south,ep109,2024-08-19,synthetic
f_14630368645,14630368645,openverse/flickr,https://live.staticflickr.com/3873/14630368645_aa52989f0b_b.jpg,photos/raw/14630368645.jpg,768,1024,festival|iasi|medieval|medievaliasifestival|photoshop|romania,ep166,2025-09-10,synthetic
f_8097415973,8097415973,openverse/flickr,https://live.staticflickr.com/8045/8097415973_3fb4f805a4_b.jpg,photos/raw/8097415973.jpg,720,1024,festival|film|international|poster|short|uppsala,ep101,2024-06-20,synthetic
f_26769468447,26769468447,openverse/flickr,https://live.staticflickr.com/842/26769468447_21e0693aa4_b.jpg,photos/raw/26769468447.jpg,1024,232,aldotheband|allianzparque|américadosul|amoonshapedpool|amu00e9ricadosul|arquibancada|banda|br|brazil|britishrockband|cenografia|djflyinglotus|edobrien|estádiodopalmeiras|estu00e1diodopalmeiras|fans|fãs|festival|flyinglotus|fu00e3s|junun|livepass|music|palco|panorama|panorâmica|panoru00e2mica|plateia|psicodélico|psicodu00e9lico|pu00fablico|público|radiohead|radioheadtour|rockandroll|rocknroll|sampa|sãopaulo|soundheartsfestival|southamerica|southamericaradioheadtour|sp|stage|su00e3opaulo|thomyorke|tour|tourdates|turnê|turnu00ea,ep137,2025-02-16,synthetic
f_6961866029,6961866029,openverse/flickr,https://live.staticflickr.com/7053/6961866029_0be14129fd_b.jpg,photos/raw/6961866029.jpg,1000,667,australian|festival|film,ep119,2024-10-25,synthetic
f_5520987007,5520987007,openverse/flickr,https://live.staticflickr.com/5176/5520987007_1cf89a69f7_b.jpg,photos/raw/5520987007.jpg,683,1024,2011|eva|festival|future|music|photography|rinaldi,ep060,2023-06-25,synthetic
f_5520569298,5520569298,openverse/flickr,https://live.staticflickr.com/5260/5520569298_415153c185_b.jpg,photos/raw/5520569298.jpg,1024,683,2011|eva|festival|future|music|photography|rinaldi,ep060,2023-06-23,synthetic
f_5521461562,5521461562,openverse/flickr,https://live.staticflickr.com/5097/5521461562_e64cb5194f_b.jpg,photos/raw/5521461562.jpg,1024,683,2011|eva|festival|future|music|photography|rinaldi,ep048,2023-04-08,synthetic
f_5520592096,5520592096,openverse/flickr,https://live.staticflickr.com/5216/5520592096_df610ef966_b.jpg,photos/raw/5520592096.jpg,1024,683,2011|eva|festival|future|music|photography|rinaldi,ep060,2023-06-26,synthetic
f_14647488853,14647488853,openverse/flickr,https://live.staticflickr.com/3861/14647488853_bfb55f7242_b.jpg,photos/raw/14647488853.jpg,1024,683,4thofjuly|festival|independenceday|july4th|northcharleston|outdoors|riverfrontpark,ep129,2024-12-28,synthetic
f_9245091687,9245091687,openverse/flickr,https://live.staticflickr.com/2890/9245091687_8fc75352b7_b.jpg,photos/raw/9245091687.jpg,1024,683,4thofjuly|festival|independenceday|july4th|northcharleston|outdoors|riverfrontpark,ep171,2025-11-09,synthetic
f_5520054857,5520054857,openverse/flickr,https://live.staticflickr.com/5020/5520054857_a0e1befdc6_b.jpg,photos/raw/5520054857.jpg,683,1024,2011|eva|festival|future|music|photography|rinaldi,ep050,2023-04-18,synthetic
f_5520481476,5520481476,openverse/flickr,https://live.staticflickr.com/5252/5520481476_13e74f0043_b.jpg,photos/raw/5520481476.jpg,683,1024,2011|eva|festival|future|music|photography|rinaldi,ep119,2024-10-25,synthetic
f_9245096047,9245096047,openverse/flickr,https://live.staticflickr.com/3746/9245096047_6bece865c4_b.jpg,photos/raw/9245096047.jpg,1024,683,4thofjuly|festival|independenceday|july4th|northcharleston|outdoors|riverfrontpark,ep060,2023-06-26,synthetic
f_5520539634,5520539634,openverse/flickr,https://live.staticflickr.com/5011/5520539634_140b9f52fc_b.jpg,photos/raw/5520539634.jpg,683,1024,2011|eva|festival|future|music|photography|rinaldi,ep079,2023-12-06,synthetic
f_5520517090,5520517090,openverse/flickr,https://live.staticflickr.com/5136/5520517090_c35ed8f7af_b.jpg,photos/raw/5520517090.jpg,1024,683,2011|eva|festival|future|music|photography|rinaldi,ep003,2022-01-15,synthetic
f_5520569320,5520569320,openverse/flickr,https://live.staticflickr.com/5300/5520569320_df20d0e2c6_b.jpg,photos/raw/5520569320.jpg,1024,683,2011|eva|festival|future|music|photography|rinaldi,ep079,2023-12-08,synthetic
f_5520986983,5520986983,openverse/flickr,https://live.staticflickr.com/5051/5520986983_3fdf8c375b_b.jpg,photos/raw/5520986983.jpg,1024,683,2011|eva|festival|future|music|photography|rinaldi,ep060,2023-06-25,synthetic
f_7529465048,7529465048,openverse/flickr,https://live.staticflickr.com/8016/7529465048_c7a477fbe6_b.jpg,photos/raw/7529465048.jpg,1024,361,exit|exitfestival2012|festival|map|mapa|novisad|petrovaradin,ep033,2022-10-26,synthetic
f_5520592112,5520592112,openverse/flickr,https://live.staticflickr.com/5218/5520592112_b333202dc2_b.jpg,photos/raw/5520592112.jpg,1024,683,2011|eva|festival|future|music|photography|rinaldi,ep005,2022-01-28,synthetic
f_31943262101,31943262101,openverse/flickr,https://live.staticflickr.com/341/31943262101_53a0a35fa9_b.jpg,photos/raw/31943262101.jpg,1024,683,,ep154,2025-06-16,synthetic
f_31912977972,31912977972,openverse/flickr,https://live.staticflickr.com/689/31912977972_fd103b0745_b.jpg,photos/raw/31912977972.jpg,1024,683,stage1,ep176,2025-12-04,synthetic
f_15000757198,15000757198,openverse/flickr,https://live.staticflickr.com/5562/15000757198_ddf53c4b7b_b.jpg,photos/raw/15000757198.jpg,1024,768,albania|albanianrailways,ep112,2024-09-09,synthetic
f_15000802767,15000802767,openverse/flickr,https://live.staticflickr.com/3878/15000802767_81d2f3808c_b.jpg,photos/raw/15000802767.jpg,1024,768,albania|albanianrailways,ep164,2025-08-22,synthetic
f_15747155308,15747155308,openverse/flickr,https://live.staticflickr.com/8654/15747155308_9d1ae0a0e7_b.jpg,photos/raw/15747155308.jpg,1023,512,bergenrailway|mountains|norway|snow,ep176,2025-12-04,synthetic
f_5574026256,5574026256,openverse/flickr,https://live.staticflickr.com/5056/5574026256_98a599716e_b.jpg,photos/raw/5574026256.jpg,1024,680,coach|d5000|delhi|engine|f18|nikon|railway|station|track|train,ep154,2025-06-16,synthetic
f_2147431698,2147431698,openverse/flickr,https://live.staticflickr.com/2109/2147431698_3845b59758_b.jpg,photos/raw/2147431698.jpg,1024,768,bahn|expressdeutsche|geotagged|highspeedtrain|ice|ice3|intercity|train,ep154,2025-06-21,synthetic
f_7633103298,7633103298,openverse/flickr,https://live.staticflickr.com/8151/7633103298_f3d6d612be_b.jpg,photos/raw/7633103298.jpg,1024,768,italy|panoramictrainfondo|trentino|valdinon,ep015,2022-04-15,synthetic
f_15932633421,15932633421,openverse/flickr,https://live.staticflickr.com/8590/15932633421_a15fe02b8a_b.jpg,photos/raw/15932633421.jpg,1024,683,bergenrailway|mountains|norway|snow,ep176,2025-12-04,synthetic
f_184693942,184693942,openverse/flickr,https://live.staticflickr.com/45/184693942_f49c8cf757_b.jpg,photos/raw/184693942.jpg,1024,510,montage|shots|adult|business|exhibition|indoors|inside|people|stock,ep102,2024-06-29,synthetic
f_28449024695,28449024695,openverse/flickr,https://live.staticflickr.com/8745/28449024695_9ce7797f9a_b.jpg,photos/raw/28449024695.jpg,1023,682,delhi|happiness|haridwar|journey|man|monochrome|old|train|travel,ep087,2024-01-22,synthetic
f_2362927278,2362927278,openverse/flickr,https://live.staticflickr.com/3167/2362927278_b99c3daa30_b.jpg,photos/raw/2362927278.jpg,1024,768,favorite|marrakech|morocco,ep154,2025-06-21,synthetic
f_1282083688,1282083688,openverse/flickr,https://live.staticflickr.com/1326/1282083688_42596403e9_b.jpg,photos/raw/1282083688.jpg,1024,768,cameraphone|havanttothreebridges|journey|k800i|night|southern|station|train,ep102,2024-06-30,synthetic
f_32060868935,32060868935,openverse/flickr,https://live.staticflickr.com/328/32060868935_bd8500e613_b.jpg,photos/raw/32060868935.jpg,1024,683,,ep154,2025-06-19,synthetic
f_5573420515,5573420515,openverse/flickr,https://live.staticflickr.com/5065/5573420515_af2c0ae832_b.jpg,photos/raw/5573420515.jpg,1024,680,coach|d5000|delhi|engine|f18|nikon|railway|station|track|train,ep126,2024-12-13,synthetic
f_32950262196,32950262196,openverse/flickr,https://live.staticflickr.com/2237/32950262196_e3bb3db327_b.jpg,photos/raw/32950262196.jpg,1024,765,gimp2814partha|london|portraits|ruth,ep143,2025-03-27,synthetic
f_5573437781,5573437781,openverse/flickr,https://live.staticflickr.com/5019/5573437781_a3de362281_b.jpg,photos/raw/5573437781.jpg,1024,680,coach|d5000|delhi|engine|f18|nikon|railway|station|track|train,ep154,2025-06-18,synthetic
f_1281225899,1281225899,openverse/flickr,https://live.staticflickr.com/1434/1281225899_7decc588e5_b.jpg,photos/raw/1281225899.jpg,1024,768,cameraphone|havanttothreebridges|journey|k800i|night|southern|train,ep118,2024-10-16,synthetic
f_7149581885,7149581885,openverse/flickr,https://live.staticflickr.com/7117/7149581885_2b962ba99c_b.jpg,photos/raw/7149581885.jpg,768,1024,journey|lamp|lampe|rail|sncf|tgv|train|trip|voyage,ep154,2025-06-16,synthetic
f_22787870484,22787870484,openverse/flickr,https://live.staticflickr.com/5769/22787870484_46135c6b5b_b.jpg,photos/raw/22787870484.jpg,1024,1024,ifttt|instagram,ep069,2023-08-16,synthetic
f_8030558816,8030558816,openverse/flickr,https://live.staticflickr.com/8041/8030558816_6d090cc58d_b.jpg,photos/raw/8030558816.jpg,1024,819,1stladyofmaryland|judgekatherineomalley|katieomalley|militaryfamiliesdinner,ep133,2025-01-13,synthetic
f_8030593535,8030593535,openverse/flickr,https://live.staticflickr.com/8315/8030593535_e5c8e9016e_b.jpg,photos/raw/8030593535.jpg,1023,683,1stladyofmaryland|judgekatherineomalley|katieomalley|militaryfamiliesdinner,ep117,2024-10-11,synthetic
f_8030537466,8030537466,openverse/flickr,https://live.staticflickr.com/8320/8030537466_c3c93db6e1_b.jpg,photos/raw/8030537466.jpg,1024,819,1stladyofmaryland|judgekatherineomalley|katieomalley|militaryfamiliesdinner,ep129,2024-12-28,synthetic
f_8030799744,8030799744,openverse/flickr,https://live.staticflickr.com/8313/8030799744_4d245e2d9b_b.jpg,photos/raw/8030799744.jpg,1023,683,1stladyofmaryland|judgekatherineomalley|katieomalley|militaryfamiliesdinner,ep117,2024-10-11,synthetic
f_8030723317,8030723317,openverse/flickr,https://live.staticflickr.com/8316/8030723317_8a4bd1edc7_b.jpg,photos/raw/8030723317.jpg,1023,683,1stladyofmaryland|judgekatherineomalley|katieomalley|militaryfamiliesdinner,ep117,2024-10-11,synthetic
f_8030674951,8030674951,openverse/flickr,https://live.staticflickr.com/8180/8030674951_aafa3b49b1_b.jpg,photos/raw/8030674951.jpg,1024,819,1stladyofmaryland|judgekatherineomalley|katieomalley|militaryfamiliesdinner,ep133,2025-01-13,synthetic
f_8030681084,8030681084,openverse/flickr,https://live.staticflickr.com/8309/8030681084_2d35d699c2_b.jpg,photos/raw/8030681084.jpg,1024,819,1stladyofmaryland|judgekatherineomalley|katieomalley|militaryfamiliesdinner,ep133,2025-01-13,synthetic
f_8030554864,8030554864,openverse/flickr,https://live.staticflickr.com/8171/8030554864_ba4a492581_b.jpg,photos/raw/8030554864.jpg,819,1024,1stladyofmaryland|judgekatherineomalley|katieomalley|militaryfamiliesdinner,ep133,2025-01-13,synthetic
f_8030758270,8030758270,openverse/flickr,https://live.staticflickr.com/8316/8030758270_f802aec197_b.jpg,photos/raw/8030758270.jpg,1024,819,1stladyofmaryland|judgekatherineomalley|katieomalley|militaryfamiliesdinner,ep138,2025-02-21,synthetic
f_8030682447,8030682447,openverse/flickr,https://live.staticflickr.com/8453/8030682447_31ee40398a_b.jpg,photos/raw/8030682447.jpg,819,1024,1stladyofmaryland|judgekatherineomalley|katieomalley|militaryfamiliesdinner,ep133,2025-01-13,synthetic
f_2784603050,2784603050,openverse/flickr,https://live.staticflickr.com/3184/2784603050_dfeffcafb2_b.jpg,photos/raw/2784603050.jpg,1024,678,2008|200808|20080807|bethanybeach|comedy|delaware|dinner|dinner20080807|dinner20080807bethanybeachfamilydinner|food|funny|funnyfood|jgerardsawyer|magnolias|meal|restaurant|sitting,ep003,2022-01-15,synthetic
f_15184717288,15184717288,openverse/flickr,https://live.staticflickr.com/2949/15184717288_e7c89fa87b_b.jpg,photos/raw/15184717288.jpg,1023,682,alabama|canonefs1855mmf3556is|downtown|female|male|montgomery|montgomeryareafoodbank|montgomeryzombiewalkandpromiv|zombies,ep166,2025-09-14,synthetic
f_4957986436,4957986436,openverse/flickr,https://live.staticflickr.com/4102/4957986436_865753538d_b.jpg,photos/raw/4957986436.jpg,1024,689,2010|201008|20100806|allisonsawyer|andrewkrier|bodilycomedy|camera|cameras|capecod|carolyn|comedy|franksawyer|funny|funnyface|ginacornelio|groupphoto|jenniferrice|jgerardsawyer|lobsterclaw|massachusetts|melaniesawyer|oliviasawyer|restaurant|samanthasawyer|takingpicture|vacation|vacationtocapecod|vacationtocapecod2010,ep031,2022-10-17,synthetic
f_4958026154,4958026154,openverse/flickr,https://live.staticflickr.com/4125/4958026154_cd964628d5_b.jpg,photos/raw/4958026154.jpg,1024,566,2010|201008|20100806|allisonsawyer|capecod|davidrice|ethanrice|jenniferrice|jgerardsawyer|kevinrice|lobsterclaw|marksawyer|massachusetts|restaurant|sitting|standing|thumb|vacation|vacationtocapecod|vacationtocapecod2010|wrestling|wrestlingthumb,ep041,2023-01-26,synthetic
f_8030694101,8030694101,openverse/flickr,https://live.staticflickr.com/8169/8030694101_8b9dbc98bf_b.jpg,photos/raw/8030694101.jpg,1024,819,1stladyofmaryland|judgekatherineomalley|katieomalley|militaryfamiliesdinner,ep117,2024-10-11,synthetic
f_8030530482,8030530482,openverse/flickr,https://live.staticflickr.com/8036/8030530482_4e368446df_b.jpg,photos/raw/8030530482.jpg,1024,819,1stladyofmaryland|judgekatherineomalley|katieomalley|militaryfamiliesdinner,ep069,2023-08-17,synthetic
f_8030765711,8030765711,openverse/flickr,https://live.staticflickr.com/8033/8030765711_45ef7f76ff_b.jpg,photos/raw/8030765711.jpg,1023,683,1stladyofmaryland|judgekatherineomalley|katieomalley|militaryfamiliesdinner,ep133,2025-01-13,synthetic
f_8030764934,8030764934,openverse/flickr,https://live.staticflickr.com/8313/8030764934_230d722941_b.jpg,photos/raw/8030764934.jpg,1024,819,1stladyofmaryland|judgekatherineomalley|katieomalley|militaryfamiliesdinner,ep133,2025-01-13,synthetic
f_8030599544,8030599544,openverse/flickr,https://live.staticflickr.com/8319/8030599544_c7934c1dd5_b.jpg,photos/raw/8030599544.jpg,1023,683,1stladyofmaryland|judgekatherineomalley|katieomalley|militaryfamiliesdinner,ep117,2024-10-11,synthetic
f_1910890902,1910890902,openverse/flickr,https://live.staticflickr.com/2093/1910890902_df1536a187_b.jpg,photos/raw/1910890902.jpg,1024,768,christmas|dinner|montreal,ep041,2023-01-26,synthetic
f_2415211196,2415211196,openverse/flickr,https://live.staticflickr.com/3182/2415211196_dc47022c52_b.jpg,photos/raw/2415211196.jpg,768,1024,1980s|80s|costume|party,ep054,2023-05-07,synthetic
f_3597475209,3597475209,openverse/flickr,https://live.staticflickr.com/3615/3597475209_cabe730df9_b.jpg,photos/raw/3597475209.jpg,1024,768,celebration|family|friends|nicole|party|pizza|wick’s,ep069,2023-08-18,synthetic
f_15869997760,15869997760,openverse/flickr,https://live.staticflickr.com/8620/15869997760_c1e7a68e23_b.jpg,photos/raw/15869997760.jpg,536,1015,asia|bass|classic|collaboration|community|concert|economy|equipment|equipmentu201d|europe|fender|fenderjazzbass|friends|indie|innovation|inspiration|instrument|instrumentu201d|jazz|jazzbass|metal|metalu201d|music|“music|new|newwaytorentorsharemusicinstumentsorequipment|organize|party|photo|punk|rent|retro|rock|share|sharing|sharingideassharing|sharingmusic|shooting|startup|u201cheavy|u201cmusic|usa|wwwgignrollcom,ep022,2022-06-19,synthetic
f_39348672482,39348672482,openverse/flickr,https://live.staticflickr.com/4688/39348672482_29a2237fd1_b.jpg,photos/raw/39348672482.jpg,825,1024,2018|alittlebeauty|animal|animals|baileysirishcream|celebrate|celebration|costume|coth5|dog|dogs|hat|love|newyear|party|pet|pets|pug|pugs|toast,ep099,2024-06-10,synthetic
f_4079229245,4079229245,openverse/flickr,https://live.staticflickr.com/3457/4079229245_55422ab0a2_b.jpg,photos/raw/4079229245.jpg,1024,671,2009|america|architecture|bar|bottles|chairs|chicago|cocktail|color|couches|crimson|crimsonlounge|curtains|customs|d3x|dearborn|design|dynamic|flocked|floors|furniture|glowing|hdr|high|hotel|illinois|indoor|intimate|lounge|march|midwest|nightlife|nikon|oriental|ornate|party|photography|range|ratcliff|red|rich|rococo|rug|sax|scarlet|screens|stuck|stuckincustoms|subtle|tassel|toile|travel|trey|urban|walnut,ep074,2023-09-16,synthetic
f_6131251211,6131251211,openverse/flickr,https://live.staticflickr.com/6085/6131251211_4739612f12_b.jpg,photos/raw/6131251211.jpg,835,1024,1984|a300|beautiful|brunette|car|cute|denim|eyes|face|friend|friendly|fun|fwb|girl|good|goodgirl|hair|happy|head|hotmom|hotmom4fun|il|jeans|lips|milf|mom|mouth|niceshot|open|pam|pamster|party|pretty|rockford|sexy|smile|snowbunnies|sony|summer|very|wife|wine|woman|wow1|young,ep014,2022-03-14,synthetic
f_184593094,184593094,openverse/flickr,https://live.staticflickr.com/70/184593094_9da2f8e968_m.jpg,photos/raw/184593094.jpg,240,154,art|arte|artes|arts|billy|building|buildings|catalyst|celebration|centre|chidren|child|chioldren|circle|circles|communities|community|communiversity|concrete|connelly|craigmillar|create|creating|creation|creative|cultura|culture|deprived|drama|edinburgh|eh21|europe|exclusão|exclusion|exclusu00e3o|family|festival|fiesta|friend|friends|fun|gulliver|heritage|hidden|hide|history|lothians|neighbour|open|painting|party|people|poverty|public|real|scotland|scotlnd|scottish|sculpture|share|sharing|social|society|tourism|tourist|travel|uk|urban|world,ep126,2024-12-14,synthetic
f_8428674546,8428674546,openverse/flickr,https://live.staticflickr.com/8467/8428674546_daf3ed2649_b.jpg,photos/raw/8428674546.jpg,1024,683,club|clubbing|college|ctu|czechrepublic|czechtechnicaluniversity|dance|dancing|erasmus|erasmusstudentnetwork|esn|exchange|friend|friends|fun|internationalstudentclub|isc|nightclub|party|partying|prague|student|students|studyabroad|university|audience|concert|crowd|festival|group|group together|man|many|people|performance|sports fan|woman,ep079,2023-12-07,synthetic
f_23869249457,23869249457,openverse/flickr,https://live.staticflickr.com/4520/23869249457_6672270658_b.jpg,photos/raw/23869249457.jpg,775,1023,ballet|beauty|bi|costume|couch|creative|crossdress|crossed|different|dress|fabulous|fantasy|fashion|feminine|femm|festive|flexible|friend|frilly|fun|gender|girl|girlish|girly|happy|husband|identity|jana|jane|lace|legs|man|married|mask|mature|me|model|opposite|out|party|people|pink|playful|pose|pretend|red|roleplay|self|sensual|sexy|sissy|skirt|smooth|surprise|sweet|switch|transgender|tutu|wild|woman,ep166,2025-09-13,synthetic
f_2290306911,2290306911,openverse/flickr,https://live.staticflickr.com/2321/2290306911_6c4eb626e3_b.jpg,photos/raw/2290306911.jpg,517,1024,1510|50yearsold|alaskans|avalokiteshvara|avalokiteu015bvara|birthdayparty|bodhisattva|bodhisattvaofcompassion|buddhist|buddhistdeitydancer|buddhistink|buddhisttatoo|buddhisttattoo|capitolhill|celebration|chenrayzee|chenrayzeeorchenrezigstatue|chenrayzeestatue|chenrazi|chenrezig|chenrezigstatue|compassion|dance|dancer|deitytattoo|femalebuddhisttattoo|festivities|fire|friends|fullbackbuddhisttattoo|fullbacktattoo|gogo|ink|johnforbesbirthday|johnforbesbirthdayparty|lady|lotus|party|pattern|practioner|redhead|seattle|skin|tat|tatqueen|tatt|tattoo|tattooink|thebodhisattvaofcompassion|thousandarmed|tibetanbuddhist|washington|womanbuddhisttattoo|wonderlane|event|fashion|girl|model|people|sexy|tattoo|woman,ep079,2023-12-06,synthetic
f_35467046072,35467046072,openverse/flickr,https://live.staticflickr.com/4281/35467046072_045da45f1d_b.jpg,photos/raw/35467046072.jpg,920,1024,150|alittlebeauty|animal|animals|canada|canadaday|canuck|celebration|costume|coth|coth5|dog|dogs|flag|mapleleaf|party|pet|pets|pug|pugs|sunrays5,ep056,2023-05-18,synthetic
f_2923860298,2923860298,openverse/flickr,https://live.staticflickr.com/3176/2923860298_a385e8a418_b.jpg,photos/raw/2923860298.jpg,699,1023,botanical|brooklyn|couple|courtship|friends|friendship|garden|gu00fcnu00fcneniyisithebestofday|g\xfcn\xfcneniyisithebestofday|ilovemypics|love|newyorkcity|ny|nyc|paint|painted|path|photoshop|proudphotoshopper|proudshopper|romance|sognidreams|tree,ep055,2023-05-12,synthetic
f_2977915895,2977915895,openverse/flickr,https://live.staticflickr.com/3274/2977915895_ff4625f816_b.jpg,photos/raw/2977915895.jpg,1024,768,amsterdam|birthday|dance|drink|friends|fun|gabemac|party,ep031,2022-10-20,synthetic
f_4521255107,4521255107,openverse/flickr,https://live.staticflickr.com/2708/4521255107_9e0f79a31b_b.jpg,photos/raw/4521255107.jpg,868,1024,dietcoke|glass|straw|alcohol|amber|bar|bourbon|cocktail|Cognac|cola|cold|cool|cube|drink|glass|icee|liquor|party|rum|Scotch|still life|whisky,ep098,2024-05-27,synthetic
f_1350974831,1350974831,openverse/flickr,https://live.staticflickr.com/1281/1350974831_d32d6d2271_b.jpg,photos/raw/1350974831.jpg,768,1024,badgetag|cucumbersandwiches|finechina|food|friends|strawberries|tea|teaparty,ep123,2024-11-29,synthetic
f_15817222911,15817222911,openverse/flickr,https://live.staticflickr.com/7578/15817222911_95fd0d7259_b.jpg,photos/raw/15817222911.jpg,576,1024,art|asia|collaboration|community|concert|economy|equipment|europe|friends|innovation|instrument|italy|jazz|music|new|organize|party|photo|rent|rock|share|sharing|shooting|startup|usa|way|wwwgignrollcom|your|acoustic|bass|bowed stringed instrument|classic|classical music|equipment|guitar|instrument|jazz|music|musician|one|play|pop music|song|sound|wood,ep108,2024-08-10,synthetic
f_308001488,308001488,openverse/flickr,https://live.staticflickr.com/100/308001488_ad3436ff82_m.jpg,photos/raw/308001488.jpg,240,126,andrew|art|arte|artes|blue|building|buildings|celebration|cloud|clouds|community|crummy|digital|east|eh32|faces|family|festival|friends|green|hidden|hide|history|light|lothian|lothians|mural|murals|nude|open|painting|party|people|portraits|public|real|red|scotland|seascapes|seascpaes|share|sharing|sketchbook|society|tourist|travel|urban|woman|yellow,ep055,2023-05-10,synthetic
f_1942864078,1942864078,openverse/flickr,https://live.staticflickr.com/2244/1942864078_5853b15283.jpg,photos/raw/1942864078.jpg,500,375,cake|fondant|weddingcake|white|bakery|birthday|bride|cake|candy|celebration|ceremony|chocolate|cream|dairy product|decoration|food|marzipan|party|pastry|sugar|sweet|sweetmeat|wedding,ep040,2023-01-21,synthetic
f_4393262126,4393262126,openverse/flickr,https://live.staticflickr.com/2791/4393262126_09be5e0c41_b.jpg,photos/raw/4393262126.jpg,1000,822,anthony|mattox|msced|present|wrap|anniversary|birthday|bow|box|card|celebration|Christmas|color|decoration|design|gift|love|packaging|paper|party|shopping|surprise|thread|wrap,ep111,2024-09-04,synthetic
f_14803494877,14803494877,openverse/flickr,https://live.staticflickr.com/3865/14803494877_58b94194de_b.jpg,photos/raw/14803494877.jpg,1024,683,1750mm|camera|car|color|d7100|driving|dslr|f28|girl|lens|light|natural|nikon|people|photos|portrait|sigma|unlimited|women|zoom,ep161,2025-08-06,synthetic
f_8379287056,8379287056,openverse/flickr,https://live.staticflickr.com/8043/8379287056_d3d7943996_b.jpg,photos/raw/8379287056.jpg,960,720,korea|road|sydkorea|trip,ep126,2024-12-14,synthetic
f_22037481925,22037481925,openverse/flickr,https://live.staticflickr.com/5664/22037481925_21492eb247_b.jpg,photos/raw/22037481925.jpg,1023,607,alexandratunnel|arch|bc|bol|cables|cans2s|cropped|curve|d600|d600fx|highway|lanemarkers|lights|nikon|nikonfx|outdoor|road|roadway|sign|tedmcgrath|tedsphotos|truck|tunnel|vignetting|whitelines|yellowlines,ep148,2025-04-29,synthetic
f_4788388787,4788388787,openverse/flickr,https://live.staticflickr.com/4100/4788388787_1ff9c27127.jpg,photos/raw/4788388787.jpg,500,480,120|farmtractor|kodakportra160vc2|pinhole|pinholingwhiledriving|roadtrip|vwjettatdi|zero2000|zeroimage|action|asphalt|blur|car|city|drive|fast|highway|hurry|landscape|light|rain|road|smoke|storm|street|traffic|transportation system|vehicle|weather,ep089,2024-03-15,synthetic
f_27447077294,27447077294,openverse/flickr,https://live.staticflickr.com/7591/27447077294_40820900fa_b.jpg,photos/raw/27447077294.jpg,1023,420,2016|art|cans2s|cropped|jaumeplensa|jaumeplensawonderland|nikon|nikond750|nikonfx|people|peopleandpaths|plaza|publicart|sculpture|tedmcgrath|tedsphotos|theboejaumeplensa|thebow|thebowcalgary|thebowplaza|vignetting|wonderland,ep045,2023-03-10,synthetic
f_28246252130,28246252130,openverse/flickr,https://live.staticflickr.com/7699/28246252130_fcdaa504b4_b.jpg,photos/raw/28246252130.jpg,1024,543,산|구름|유럽|자연|탐험|전원적|페로제도|에스투로이섬|clouds|colorimage|eastisland|europa|europe|exploration|explore|eysturoy|færøerne|faroeislands|føroyar|fu00e6ru00f8erne|fu00f8royar|hdr|horizontal|idyllic|island|landscape|mountain|mtn|nature|ocean|østerø|outdoors|scenic|scenicview|sonyfe24240mmf3563oss|sydregøte|sydregu00f8te|sydrugota|syðrugøta|syu00f0rugu00f8ta|u00f8steru00f8|u0435u0432u0440u043eu043fu0430|u4e1cu5c9b|u6b27u6d32|u6cd5u7f57u7fa4u5c9b|u81eau7136|uad6cub984|uc0b0|uc5d0uc2a4ud22cub85cuc774uc12c|uc720ub7fd|uc790uc5f0|uc804uc6d0uc801|ud0d0ud5d8|ud398ub85cuc81cub3c4|wideangle|европа|东岛|欧洲|法罗群岛|自然,ep175,2025-11-28,synthetic
f_8221498290,8221498290,openverse/flickr,https://live.staticflickr.com/8202/8221498290_76b5ff0442_b.jpg,photos/raw/8221498290.jpg,1024,768,alien|area51|groomlake|nevada|road|secuity|sign|trip|usa,ep160,2025-07-25,synthetic
f_6323552171,6323552171,openverse/flickr,https://live.staticflickr.com/6033/6323552171_2afc626197_b.jpg,photos/raw/6323552171.jpg,1024,768,1019|badlands|national|park|pontiac|road|southdakota|touring|trip|vibe,ep160,2025-07-25,synthetic
f_16451351642,16451351642,openverse/flickr,https://live.staticflickr.com/7405/16451351642_ef362f8fe1_b.jpg,photos/raw/16451351642.jpg,1024,683,california|fall|roadtrip|travel|trip,ep154,2025-06-16,synthetic
f_14943180226,14943180226,openverse/flickr,https://live.staticflickr.com/5570/14943180226_d1bec2be2d_b.jpg,photos/raw/14943180226.jpg,1024,576,1750mm|bridge|buildings|ciudad|d7100|f28|hsm|i10|interstate|juarez|landscape|lens|mexico|nikon|os|sigma|vivid|zoom,ep112,2024-09-12,synthetic
f_48727051551,48727051551,openverse/flickr,https://live.staticflickr.com/65535/48727051551_869f27b070_b.jpg,photos/raw/48727051551.jpg,1024,526,2019|backtothefuture|bk2ftur|car|carfront|carhood|cropped|delorean|deloreandmc12|deloreangullwing|deloreanmotorcompany|deloreanmotorcompanydmc12|dmc|dmc12|dmc12gullwing|dmcgullwing|emblem|fence|giorgettogiugiaro|giorgettogiugiarodmc12|gullwing|headlighrts|hff|hood|howardstreet|howardstreetbridge|hubcap|hubcaps|johnzdelorean|johnzdeloreandmc12|licenseplate|logo|montana|montanalicenseplate|nikon|nikond750|nikonfx|railing|reflection|riverfrontpark|spokane|spokanehowardstreetbridge|spokaneriverfrontpark|spokanewa|street|streetscene|tedmcgrath|tedsphotos|usa|vehicle|vignetting|wheels,ep139,2025-02-28,synthetic
f_22020280755,22020280755,openverse/flickr,https://live.staticflickr.com/766/22020280755_4317459f14_b.jpg,photos/raw/22020280755.jpg,1024,436,accident|bc|bollards|britishcolumbia|canada|cans2s|chevrolet|container|crash|cropped|d600|d600fx|headlight|highway|lanemarker|licenseplate|nikon|nikonfx|pylons|rig|roadway|rollover|semi|shadow|shippingcontainer|tailgate|tedmcgrath|tedsphotos|tilted|tires|transcanadahighway|transcanadahighway1|truck|trucking|utilitypole|vehicles|vignetting|wheel|whiteline|yellowline,ep089,2024-03-15,synthetic
f_27655780855,27655780855,openverse/flickr,https://live.staticflickr.com/7621/27655780855_b96a6d078b_b.jpg,photos/raw/27655780855.jpg,1023,551,arcade|ayashi|camper|camping|catwa|codex|collabor88|contraption|dva|fawny|foxy|fri|gizza|go|kalopsia|kunglers|ooo|palegirlproductions|purepoison|roadtrip|secondlife|sl|thechapterfour|theskinnery|vintagefair2016|vw|weloveroleplay,ep026,2022-08-24,synthetic
f_4715583939,4715583939,openverse/flickr,https://live.staticflickr.com/4030/4715583939_4ff0cd63c7.jpg,photos/raw/4715583939.jpg,500,500,120|countrylane|dirtroad|kodakportra160vc2|motion|pinhole|pinholingwhiledriving|roadrally|vwjettatdi|zero2000|zeroimage|asphalt|blur|car|commuting|dark|evening|fast|highway|light|motion|road|street|sunset|traffic,ep126,2024-12-13,synthetic
f_11573020995,11573020995,openverse/flickr,https://live.staticflickr.com/7422/11573020995_0173431038_b.jpg,photos/raw/11573020995.jpg,1024,683,aimg0777|bear|book|city|guidebook|michelin|newyork|newyorkfornewyorker|stuffed|teddybear|toy,ep118,2024-10-21,synthetic
f_2413886339,2413886339,openverse/flickr,https://live.staticflickr.com/3022/2413886339_cb631a02ce_b.jpg,photos/raw/2413886339.jpg,1024,681,roadtrip|volvo240,ep157,2025-07-11,synthetic
f_21450799660,21450799660,openverse/flickr,https://live.staticflickr.com/665/21450799660_988d257fbc_b.jpg,photos/raw/21450799660.jpg,1024,683,35mm|disposable|disposablecamera|distortion|driving|film|melancholy|memory|nostalgia|pink|roadtrip|rose,ep126,2024-12-14,synthetic
f_50404524942,50404524942,openverse/flickr,https://live.staticflickr.com/65535/50404524942_d740c90180_b.jpg,photos/raw/50404524942.jpg,1024,1001,america|book|fav10|fav25|fav50|johnbarnes|neon|neonroadtrip|neonsign|thomashawklibrary|unitedstates|unitedstatesofamerica|usa,ep178,2025-12-20,synthetic
f_131537198,131537198,openverse/flickr,https://live.staticflickr.com/52/131537198_c114456c11.jpg,photos/raw/131537198.jpg,500,375,georgia|roadtrip,ep157,2025-07-10,synthetic
f_5654818424,5654818424,openverse/flickr,https://live.staticflickr.com/5068/5654818424_93705f2efc_b.jpg,photos/raw/5654818424.jpg,1024,687,city|dawn|fog|landscape|light|nature|rain|reflection|river|sky|snow|street|sunset|tree|water|weather|winter,ep087,2024-01-19,synthetic
f_22384239499,22384239499,openverse/flickr,https://live.staticflickr.com/608/22384239499_7015e7ebe9_b.jpg,photos/raw/22384239499.jpg,1024,884,arrow|beware|diagram|elliston|eyrepeninsula|odd|sign|warning,ep143,2025-03-28,synthetic
f_2328716560,2328716560,openverse/flickr,https://live.staticflickr.com/2181/2328716560_7a6cc303e3_b.jpg,photos/raw/2328716560.jpg,1023,685,arc|corollatimoglock|f1|formula1timoglock|nealebates|rally|timoglock|toyota,ep001,2022-01-05,synthetic
f_2328715200,2328715200,openverse/flickr,https://live.staticflickr.com/3246/2328715200_c32221d79a_b.jpg,photos/raw/2328715200.jpg,1023,685,arc|corollatimoglock|f1|formula1timoglock|nealebates|rally|timoglock|toyota|action|auto racing|car|championship|competition|drag race|drive|driver|fast|hurry|race|sport|track|vehicle,ep001,2022-01-05,synthetic
f_2328712694,2328712694,openverse/flickr,https://live.staticflickr.com/3131/2328712694_cfb933ae64_b.jpg,photos/raw/2328712694.jpg,1023,685,arc|corollatimoglock|f1|formula1timoglock|nealebates|rally|timoglock|toyota,ep148,2025-04-29,synthetic
f_16329641818,16329641818,openverse/flickr,https://live.staticflickr.com/8599/16329641818_8441873b4a_b.jpg,photos/raw/16329641818.jpg,1024,576,fb|flood|rain,ep092,2024-04-16,synthetic
f_165859975,165859975,openverse/flickr,https://live.staticflickr.com/70/165859975_c2757a7d57_b.jpg,photos/raw/165859975.jpg,1024,768,cablecar|engineering|museum|sanfrancisco,ep148,2025-04-27,synthetic
f_3066347883,3066347883,openverse/flickr,https://live.staticflickr.com/3019/3066347883_f6de1d43c8_b.jpg,photos/raw/3066347883.jpg,768,1024,airport|amsterdam|holland|jr|nelson|piquet,ep009,2022-02-11,synthetic
f_2328716702,2328716702,openverse/flickr,https://live.staticflickr.com/2018/2328716702_d4b9d456f6_b.jpg,photos/raw/2328716702.jpg,1023,685,arc|corollatimoglock|f1|formula1timoglock|nealebates|rally|timoglock|toyota,ep001,2022-01-05,synthetic
f_6309262900,6309262900,openverse/flickr,https://live.staticflickr.com/6035/6309262900_ae018b80fa_b.jpg,photos/raw/6309262900.jpg,1024,768,franciscou201d|francisco\u201d|octoberu201d|october\u201d|u201c2011|\u201c2011|u201csan|\u201csan,ep089,2024-03-15,synthetic
f_6309253268,6309253268,openverse/flickr,https://live.staticflickr.com/6033/6309253268_49291c1494_b.jpg,photos/raw/6309253268.jpg,1024,768,franciscou201d|francisco\u201d|octoberu201d|october\u201d|u201c2011|\u201c2011|u201csan|\u201csan,ep112,2024-09-10,synthetic
f_2327899015,2327899015,openverse/flickr,https://live.staticflickr.com/2135/2327899015_9038827b34_b.jpg,photos/raw/2327899015.jpg,1023,685,arc|corollatimoglock|f1|formula1timoglock|nealebates|rally|timoglock|toyota,ep001,2022-01-05,synthetic
f_2327895767,2327895767,openverse/flickr,https://live.staticflickr.com/2025/2327895767_d216bca909_b.jpg,photos/raw/2327895767.jpg,1023,685,arc|corollatimoglock|f1|formula1timoglock|nealebates|rally|timoglock|toyota,ep006,2022-02-01,synthetic
f_2328716162,2328716162,openverse/flickr,https://live.staticflickr.com/2160/2328716162_6dfd06616b_b.jpg,photos/raw/2328716162.jpg,1023,685,arc|corollatimoglock|f1|formula1timoglock|nealebates|rally|timoglock|toyota,ep009,2022-02-11,synthetic
f_5892502724,5892502724,openverse/flickr,https://live.staticflickr.com/6003/5892502724_42d3498d09_b.jpg,photos/raw/5892502724.jpg,1024,680,,ep168,2025-09-27,synthetic
f_3401629681,3401629681,openverse/flickr,https://live.staticflickr.com/3632/3401629681_2b76268567_b.jpg,photos/raw/3401629681.jpg,1024,768,2009|200903|20090327|alexandria|car|clintandcarolynshouse|driving|frontyard|newcameratest|newcameratest20090327|street|vehicle|virginia|yard,ep168,2025-09-24,synthetic
f_6308743343,6308743343,openverse/flickr,https://live.staticflickr.com/6053/6308743343_35576c9c1c_b.jpg,photos/raw/6308743343.jpg,1024,768,franciscou201d|octoberu201d|u201c2011|u201csan|blur|car|dawn|dusk|evening|highway|landscape|light|outdoors|road|sky|street|sun|sunset|traffic|transportation system|travel|vehicle|winter,ep089,2024-03-15,synthetic
f_6309260774,6309260774,openverse/flickr,https://live.staticflickr.com/6041/6309260774_e2cd217671_b.jpg,photos/raw/6309260774.jpg,1024,768,franciscou201d|francisco\u201d|octoberu201d|october\u201d|u201c2011|\u201c2011|u201csan|\u201csan,ep089,2024-03-17,synthetic
f_6309254372,6309254372,openverse/flickr,https://live.staticflickr.com/6041/6309254372_fe8b5628f6_b.jpg,photos/raw/6309254372.jpg,1024,768,franciscou201d|octoberu201d|u201c2011|u201csan,ep089,2024-03-17,synthetic
f_7864784924,7864784924,openverse/flickr,https://live.staticflickr.com/7124/7864784924_6ca9db4f0f_b.jpg,photos/raw/7864784924.jpg,1024,768,sky|abstract|art|background|blank|color|design|desktop|graphic|image|insubstantial|light|pattern|picture frame|square|texture,ep126,2024-12-13,synthetic
f_1336686082,1336686082,openverse/flickr,https://live.staticflickr.com/1374/1336686082_74cbfbdcc2_b.jpg,photos/raw/1336686082.jpg,1024,683,amsterdam|borgwardisabella|holland|mikesbiketours|netherlands,ep015,2022-04-15,synthetic
f_2854717060,2854717060,openverse/flickr,https://live.staticflickr.com/3026/2854717060_87b1752eca_b.jpg,photos/raw/2854717060.jpg,1024,768,book|bookshelf,ep004,2022-01-20,synthetic
f_2353493646,2353493646,openverse/flickr,https://live.staticflickr.com/2332/2353493646_3cb28e2eac_b.jpg,photos/raw/2353493646.jpg,678,1024,antiques|books|bookshelf|d40x|hardbound|reading,ep004,2022-01-21,synthetic
f_434405082,434405082,openverse/flickr,https://live.staticflickr.com/149/434405082_bc0f5805bd.jpg,photos/raw/434405082.jpg,500,296,books|bookshelf|knitting|magazines|patterns|book|bookcase|bookstore|college|education|facts|intensity|knowledge|library|literature|order|page|research|school|shelf|study|text|university|wisdom,ep004,2022-01-23,synthetic
f_14000957,14000957,openverse/flickr,https://live.staticflickr.com/10/14000957_3713491d60_b.jpg,photos/raw/14000957.jpg,1024,768,books|bookshelf|chinese|dictionary|mandarin|zhongwen,ep016,2022-04-22,synthetic
f_2635608241,2635608241,openverse/flickr,https://live.staticflickr.com/3069/2635608241_a4cffe51c7_b.jpg,photos/raw/2635608241.jpg,1024,683,50mm|book|bookshelf|canon|centuria|dnp|dnpcenturia400|ef50mmf18ii|eos7|eoselan7|eoselan7e|f18|film|japan|japanese|kanji|book|education|research|text,ep055,2023-05-10,synthetic
f_5758891765,5758891765,openverse/flickr,https://live.staticflickr.com/3661/5758891765_41ce6d5c3a_b.jpg,photos/raw/5758891765.jpg,1024,678,books|bookshelf|book|book bindings|bookcase|bookstore|education|facts|information|knowledge|library|literature|novel|order|page|school|shelf|university|wisdom,ep102,2024-06-29,synthetic
f_4474411277,4474411277,openverse/flickr,https://live.staticflickr.com/2767/4474411277_0fb7e8b720_b.jpg,photos/raw/4474411277.jpg,1004,625,bookshelf|silk|sketchup,ep139,2025-02-28,synthetic
f_8512021456,8512021456,openverse/flickr,https://live.staticflickr.com/8507/8512021456_80a349e4c0_b.jpg,photos/raw/8512021456.jpg,1024,683,book|bookshelf|reading,ep088,2024-01-27,synthetic
f_1566092,1566092,openverse/flickr,https://live.staticflickr.com/2/1566092_6f8ed691dd_b.jpg,photos/raw/1566092.jpg,1024,768,bookshelf,ep016,2022-04-23,synthetic
f_11361541315,11361541315,openverse/flickr,https://live.staticflickr.com/3753/11361541315_a3b4d15b12_b.jpg,photos/raw/11361541315.jpg,1024,604,books|bookshelf|needtoread|book|bookcase|bookstore|business|data|education|facts|knowledge|law|library|literature|page|research|school|shelf|study|text|university|wisdom,ep072,2023-09-02,synthetic
f_4669833044,4669833044,openverse/flickr,https://live.staticflickr.com/4070/4669833044_87dda1854f_b.jpg,photos/raw/4669833044.jpg,1023,612,bender|cthulhu|reddit|thinkgeek|wilwheaton|wwdn,ep081,2023-12-20,synthetic
f_3941438,3941438,openverse/flickr,https://live.staticflickr.com/4/3941438_56637218a4_b.jpg,photos/raw/3941438.jpg,1024,768,bookshelf|flag|newtown|skull,ep004,2022-01-22,synthetic
f_4346760897,4346760897,openverse/flickr,https://live.staticflickr.com/4067/4346760897_b934c1b2fe.jpg,photos/raw/4346760897.jpg,500,500,bookshelf|iphone|office,ep022,2022-06-19,synthetic
f_3265559726,3265559726,openverse/flickr,https://live.staticflickr.com/1066/3265559726_8175fd0659_b.jpg,photos/raw/3265559726.jpg,1024,768,bookshelf|coloringbook|woodworking,ep036,2022-12-11,synthetic
f_380505121,380505121,openverse/flickr,https://live.staticflickr.com/188/380505121_cf5f8aa4f2_b.jpg,photos/raw/380505121.jpg,636,1024,books|bookshelfmeme|bookshelfproject|bookshelves|britain|casioexz110|ccnc|england|eu|europe|faved|gb|geotagged|greatbritain|guessnot|london|londonset|nowhere|photographical|public|safe|uk|unitedkingdom|views200|yersinia,ep016,2022-04-22,synthetic
f_4770694026,4770694026,openverse/flickr,https://live.staticflickr.com/4114/4770694026_67f52c4f54_b.jpg,photos/raw/4770694026.jpg,1024,683,books|bookshelves|desks|district3|districtthree|greenbelt|maryland|md|mdsha|msha|office|princegeorgescounty|sha|statehighwayadministration|traffic|trafficengineering|unitedstates|us|usa|workstations,ep102,2024-06-27,synthetic
f_2782903942,2782903942,openverse/flickr,https://live.staticflickr.com/3079/2782903942_c2145b5e46_b.jpg,photos/raw/2782903942.jpg,683,1024,book|decor|decoration|gothic|historic|home|interior|medieval|shelf|wall,ep082,2023-12-25,synthetic
f_2290326963,2290326963,openverse/flickr,https://live.staticflickr.com/2186/2290326963_70b3771819_b.jpg,photos/raw/2290326963.jpg,1024,768,books|mathematics|philosophy|book|bookcase|bookstore|college|cover|education|facts|handbook|knowledge|library|literature|page|reference book|research|shelf|stacks|textbook|university|wisdom,ep036,2022-12-11,synthetic
f_8048166749,8048166749,openverse/flickr,https://live.staticflickr.com/8459/8048166749_8357fe13c5_b.jpg,photos/raw/8048166749.jpg,1024,768,50shadesofgrey|books|funny|mo|piratecinematour|saintlouis|sign|stlouis|usa,ep065,2023-07-28,synthetic
f_4146942567,4146942567,openverse/flickr,https://live.staticflickr.com/2695/4146942567_5f9ba3607f_b.jpg,photos/raw/4146942567.jpg,1024,683,books|bookshelf|classical|euripides|greek|homer|oct|oxford|plato|plutarch|teubner|text|book|book bindings|bookcase|bookstore|college|education|facts|knowledge|library|literature|novel|page|research|school|shelf|study|textbook|university|wisdom,ep004,2022-01-21,synthetic
f_11970408506,11970408506,openverse/flickr,https://live.staticflickr.com/7423/11970408506_3c34cec3e0_b.jpg,photos/raw/11970408506.jpg,1024,768,alpinstars|aprilia|bmv|bmvu306eu30c9u30e9u30a4u30d0u306eu30aau30fcu30c8u30d0u30a4u306eu9769|buell|cagiva|dainese|daytona|driver|ducati|guzziu30c8u30e9u30a4u30a2u30f3u30d5u30c7u30a4u30c8u30ca|honda|husqvarna|kawasaki|ktm|leathers|motoguzzi|motorcycle|simson|suzuki|triumph|u30a2u30d7u30eau30eau30a2u30abu30b8u30d0u30dbu30f3u30c0u30cfu30b9u30afu30d0u30fcu30cau5dddu5d0ektmu30b5u30e0u30bdu30f3|u30aau30fcu30c8u30d0u30a4|u30b9u30bau30adu30e4u30deu30cfu30c9u30a5u30abu30c6u30a3u30d3u30e5u30fcu30a8u30ebmoto|u53f8u6a5f|u6469u6258u8eca|u76aeu9769|yamaha,ep096,2024-05-17,synthetic
f_10885095273,10885095273,openverse/flickr,https://live.staticflickr.com/2828/10885095273_55127f3155_b.jpg,photos/raw/10885095273.jpg,768,1024,alpinstars|aprilia|bmv|bmvu306eu30c9u30e9u30a4u30d0u306eu30aau30fcu30c8u30d0u30a4u306eu9769|buell|cagiva|dainese|daytona|driver|ducati|guzziu30c8u30e9u30a4u30a2u30f3u30d5u30c7u30a4u30c8u30ca|honda|husqvarna|kawasaki|ktm|leathers|motoguzzi|motorcycle|simson|suzuki|triumph|u30a2u30d7u30eau30eau30a2u30abu30b8u30d0u30dbu30f3u30c0u30cfu30b9u30afu30d0u30fcu30cau5dddu5d0ektmu30b5u30e0u30bdu30f3|u30aau30fcu30c8u30d0u30a4|u30b9u30bau30adu30e4u30deu30cfu30c9u30a5u30abu30c6u30a3u30d3u30e5u30fcu30a8u30ebmoto|u53f8u6a5f|u6469u6258u8eca|u76aeu9769|yamaha,ep155,2025-06-29,synthetic
f_10693541933,10693541933,openverse/flickr,https://live.staticflickr.com/3711/10693541933_5fb5b3ef46_b.jpg,photos/raw/10693541933.jpg,1024,768,alpinstars|aprilia|bmv|bmvu306eu30c9u30e9u30a4u30d0u306eu30aau30fcu30c8u30d0u30a4u306eu9769|buell|cagiva|dainese|daytona|driver|ducati|guzziu30c8u30e9u30a4u30a2u30f3u30d5u30c7u30a4u30c8u30ca|honda|husqvarna|kawasaki|ktm|leathers|motoguzzi|motorcycle|simson|suzuki|triumph|u30a2u30d7u30eau30eau30a2u30abu30b8u30d0u30dbu30f3u30c0u30cfu30b9u30afu30d0u30fcu30cau5dddu5d0ektmu30b5u30e0u30bdu30f3|u30aau30fcu30c8u30d0u30a4|u30b9u30bau30adu30e4u30deu30cfu30c9u30a5u30abu30c6u30a3u30d3u30e5u30fcu30a8u30ebmoto|u53f8u6a5f|u6469u6258u8eca|u76aeu9769|yamaha,ep107,2024-08-05,synthetic
f_4420686061,4420686061,openverse/flickr,https://live.staticflickr.com/2774/4420686061_bf2b6629db_b.jpg,photos/raw/4420686061.jpg,1024,745,1953|ads|advertising|brochure|catalog|cz|czechoslovakia|frantiu0161ekkardaus|jawa|motorcycle|mototechna|antique|art|bill|illustration|old|retro|vintage,ep131,2025-01-05,synthetic
f_11480696863,11480696863,openverse/flickr,https://live.staticflickr.com/5496/11480696863_54586a775a_b.jpg,photos/raw/11480696863.jpg,518,1024,alpinstars|aprilia|bmv|bmvu306eu30c9u30e9u30a4u30d0u306eu30aau30fcu30c8u30d0u30a4u306eu9769|buell|cagiva|dainese|daytona|driver|ducati|guzziu30c8u30e9u30a4u30a2u30f3u30d5u30c7u30a4u30c8u30ca|honda|husqvarna|kawasaki|ktm|leathers|motoguzzi|motorcycle|simson|suzuki|triumph|u30a2u30d7u30eau30eau30a2u30abu30b8u30d0u30dbu30f3u30c0u30cfu30b9u30afu30d0u30fcu30cau5dddu5d0ektmu30b5u30e0u30bdu30f3|u30aau30fcu30c8u30d0u30a4|u30b9u30bau30adu30e4u30deu30cfu30c9u30a5u30abu30c6u30a3u30d3u30e5u30fcu30a8u30ebmoto|u53f8u6a5f|u6469u6258u8eca|u76aeu9769|yamaha,ep070,2023-08-24,synthetic
f_3660888507,3660888507,openverse/flickr,https://live.staticflickr.com/3641/3660888507_dc5356513c_b.jpg,photos/raw/3660888507.jpg,1024,743,custommotorcycle|june252009|marinersmuseum|motorcycle|trike|accident|action|auto racing|car|competition|drag race|drive|race|road|transportation system|vehicle|wheel,ep047,2023-04-01,synthetic
f_10365669525,10365669525,openverse/flickr,https://live.staticflickr.com/7425/10365669525_b5b5c9e443_b.jpg,photos/raw/10365669525.jpg,1024,768,alpinstars|aprilia|bmv|bmvu306eu30c9u30e9u30a4u30d0u306eu30aau30fcu30c8u30d0u30a4u306eu9769|buell|cagiva|dainese|daytona|driver|ducati|guzziu30c8u30e9u30a4u30a2u30f3u30d5u30c7u30a4u30c8u30ca|honda|husqvarna|kawasaki|ktm|leather|leathers|motoguzzi|motorcycle|simson|suzuki|triumph|u30a2u30d7u30eau30eau30a2u30abu30b8u30d0u30dbu30f3u30c0u30cfu30b9u30afu30d0u30fcu30cau5dddu5d0ektmu30b5u30e0u30bdu30f3|u30aau30fcu30c8u30d0u30a4|u30b9u30bau30adu30e4u30deu30cfu30c9u30a5u30abu30c6u30a3u30d3u30e5u30fcu30a8u30ebmoto|u53f8u6a5f|u6469u6258u8eca|u76aeu9769|yamaha,ep157,2025-07-09,synthetic
f_2924311443,2924311443,openverse/flickr,https://live.staticflickr.com/3281/2924311443_80b89f7da6_b.jpg,photos/raw/2924311443.jpg,1024,681,motorcycle,ep155,2025-06-30,synthetic
f_3538120391,3538120391,openverse/flickr,https://live.staticflickr.com/2264/3538120391_5443c4fbfa_b.jpg,photos/raw/3538120391.jpg,1023,768,5ta|motorcycles|triumph,ep047,2023-04-01,synthetic
f_29983934736,29983934736,openverse/flickr,https://live.staticflickr.com/8311/29983934736_d098a9819a_b.jpg,photos/raw/29983934736.jpg,1024,650,1xp|balls|blackrockdesert|camp|desert|dusk|fav200|goldenhour|hdr|lakebed|motocycle|nevada|nex6|outdoor|photomatix|playa|qualityhdr|qualityhdrphotography|raw|sel50f18|silhouette|sky|sun|sunset|tent,ep157,2025-07-09,synthetic
f_3946135584,3946135584,openverse/flickr,https://live.staticflickr.com/2433/3946135584_1468a501aa_m.jpg,photos/raw/3946135584.jpg,180,240,bike|michelinman|tires,ep131,2025-01-05,synthetic
f_2655735893,2655735893,openverse/flickr,https://live.staticflickr.com/3114/2655735893_72f1c7af8a_b.jpg,photos/raw/2655735893.jpg,768,1024,businessmeeting|kilt|knees|outfit|workboots,ep098,2024-05-27,synthetic
f_2830567077,2830567077,openverse/flickr,https://live.staticflickr.com/3257/2830567077_37c695d8a2_b.jpg,photos/raw/2830567077.jpg,1024,735,1910s|pergolas|pioneersquare|seattle|seattlemunicipalarchives|transportation|vintagemotorcycles|adult|biker|crowd|group|group together|man|many|people|road|seated|street|transportation system|vehicle|woman,ep083,2024-01-02,synthetic
f_16553238877,16553238877,openverse/flickr,https://live.staticflickr.com/8723/16553238877_9b938b8a56_b.jpg,photos/raw/16553238877.jpg,1023,658,aerospace|b612|ball|colorado|mission|sentinel|tour|exhibition|people|transportation system|vehicle|wheel,ep067,2023-08-05,synthetic
f_3202807160,3202807160,openverse/flickr,https://live.staticflickr.com/3306/3202807160_09889440f1_b.jpg,photos/raw/3202807160.jpg,767,1024,auto|automotive|book|history|chalk out|illustration|old|paper|retro|text|vintage,ep042,2023-02-01,synthetic
f_61179273,61179273,openverse/flickr,https://live.staticflickr.com/33/61179273_17bdd1b75e.jpg,photos/raw/61179273.jpg,500,375,bangkok|logistics|motorcycle|thailand|traffic|box|business|commerce|container|delivery|industry|people|production|shipment|stock|storage|transportation system|truck|vehicle|warehouse,ep148,2025-04-29,synthetic
f_1220000641,1220000641,openverse/flickr,https://live.staticflickr.com/1103/1220000641_4f109aa66a.jpg,photos/raw/1220000641.jpg,500,328,accident|california|chatsworth|cross|dismembered|do|donotcross|fernando|fire|fireline|foot|lafd|line|motorcycle|san|severedfoot|tape|valley|yellow,ep046,2023-03-18,synthetic
f_6181216874,6181216874,openverse/flickr,https://live.staticflickr.com/6177/6181216874_586fd3ab1d_b.jpg,photos/raw/6181216874.jpg,685,1023,2011|25th|action|bike|bikes|biking|cycle|cycles|demo|eu|euhandsoffbikingnationwidemotorcycleactiongroupmagdemo|euhandsoffbikingnationwidemotorcycleactiongroupmagdemom3j4afarnborough|farnborough|group|hands|harrison|j4a|m3|mag|motor|motorcycle|nationwide|off|photo|photography|sept|september|tony|tonyharrison|wwwtonyharrisoncouk,ep047,2023-04-01,synthetic
f_27335492176,27335492176,openverse/flickr,https://live.staticflickr.com/7477/27335492176_efd95d4b91_b.jpg,photos/raw/27335492176.jpg,1023,341,bandits|bike|bikefestival|crusaders|gauteng|goatee|johannesburg|kyalami|ladyriders|leather|madhatterstravellers|midrand|motocyclegangs|motorbike|motorcycle|motorcycleclub|noproblems|ponytail|roadhogs|southafrica|unpredictables|waistcoat,ep131,2025-01-05,synthetic
f_28109125485,28109125485,openverse/flickr,https://live.staticflickr.com/7351/28109125485_6645f1cf85_b.jpg,photos/raw/28109125485.jpg,1024,608,aprilia|bmv|buell|cagiva|dainese|daytona|driver|ducati|honda|husqvarna|kawasaki|ktm|leathers|motoguzzi|motorcycle|simson|suzuki|triumph|u30aau30fcu30c8u30d0u30a4|u30aau30fcu30c8u30d0u30a4u3001u9769u3001u5dddu5d0eu3001u30e4u30deu30cfu3001u30c9u30a5u30abu30c6u30a3u3001u30dbu30f3u30c0u3001u30a2u30d7u30eau30eau30a2u3001u30b9u30bau30adu3001|u6469u6258u8f66uff0cu76aeu9769uff0cu5dddu5d0euff0cu96c5u9a6cu54c8uff0cu675cu5361u8feauff0cu672cu7530uff0cu827eu666eu745eu5229u4e9auff0cu94c3u6728uff0c|yamaha,ep155,2025-06-30,synthetic
f_5476492026,5476492026,openverse/flickr,https://live.staticflickr.com/5294/5476492026_998f293673_b.jpg,photos/raw/5476492026.jpg,681,1023,juicebar|malaysia|penang|pulaupinang|streetfood,ep125,2024-12-05,synthetic
f_2416158010,2416158010,openverse/flickr,https://live.staticflickr.com/3293/2416158010_d6826e3892_b.jpg,photos/raw/2416158010.jpg,1024,768,airport|bangkok|boat|central|children|cityofangels|king|krungthep|landscape|lego|mahboonkrong|mbk|night|panorama|people|sfxcinema|streetmarket|suvarnabhumi|thaifood|thailand|thecityofangels|tuk|view,ep125,2024-12-07,synthetic
f_51307248810,51307248810,openverse/flickr,https://live.staticflickr.com/65535/51307248810_e592081b2c_b.jpg,photos/raw/51307248810.jpg,1024,693,,ep110,2024-08-23,synthetic
f_44512917090,44512917090,openverse/flickr,https://live.staticflickr.com/4894/44512917090_1316f4a1dc_b.jpg,photos/raw/44512917090.jpg,1024,683,1224mm|a7riii|asahiasianstreetfood|asianrestaurant|charlemontstreet|ffrenchmullen|ffrenchmullenhouse|fotonique|grandcanal|infomatique|michaelscott|portobello|ranelagh|sigma|sony|streetsofdublin|streetsofireland,ep074,2023-09-16,synthetic
f_8413437035,8413437035,openverse/flickr,https://live.staticflickr.com/8219/8413437035_e54ee374d8_b.jpg,photos/raw/8413437035.jpg,683,1024,dosa|kukoos|masala|masaladosa|samosa|zouk|city|people|shopping|signalise|stock|street|travel,ep178,2025-12-20,synthetic
f_21241808413,21241808413,openverse/flickr,https://live.staticflickr.com/767/21241808413_0fc6b10417_b.jpg,photos/raw/21241808413.jpg,1024,576,kashmir|streetfood|bazaar|booth|commerce|food|grow|market|merchant|people|sale|sell|shopping|stall|stock,ep117,2024-10-11,synthetic
f_6801475725,6801475725,openverse/flickr,https://live.staticflickr.com/7004/6801475725_7fa37d596b_b.jpg,photos/raw/6801475725.jpg,1023,681,food|hcmc|hochiminh|street|streetfood|tu00e4navatoit|vietnam|adult|child|coffee|girl|man|outdoors|people|street|woman,ep125,2024-12-07,synthetic
f_10585820626,10585820626,openverse/flickr,https://live.staticflickr.com/3715/10585820626_35f533e9c9_b.jpg,photos/raw/10585820626.jpg,1024,683,옥수수|corn|koreanstreetfood|uc625uc218uc218,ep123,2024-11-27,synthetic
f_3165438533,3165438533,openverse/flickr,https://live.staticflickr.com/3098/3165438533_f01d60755e_b.jpg,photos/raw/3165438533.jpg,1024,681,delicious|edible|food|korea|street|streetfood|vendor,ep121,2024-11-07,synthetic
f_5382849555,5382849555,openverse/flickr,https://live.staticflickr.com/5090/5382849555_d79e61f104_b.jpg,photos/raw/5382849555.jpg,1024,768,food|joystreet|thai|typically|vendors,ep125,2024-12-06,synthetic
f_8110701131,8110701131,openverse/flickr,https://live.staticflickr.com/8329/8110701131_51862e7d88_b.jpg,photos/raw/8110701131.jpg,768,1024,bc|canada|carts|center|centre|community|delicious|downtown|eating|event|fall|festival|food|geoffmobile|halloween|live|music|people|pumpkins|roundhouse|street|tasty|truck|trucks|vancouver|yaletown|yum|yummy,ep034,2022-11-19,synthetic
f_10858597323,10858597323,openverse/flickr,https://live.staticflickr.com/3812/10858597323_cbf22977a0_b.jpg,photos/raw/10858597323.jpg,1023,768,food|jakekeup|korea|streetfood|booth|commerce|displayed|festival|food|grow|market|restaurant|sale|sell|shop|shopping|stall|stock,ep125,2024-12-06,synthetic
f_8417376632,8417376632,openverse/flickr,https://live.staticflickr.com/8516/8417376632_6770c39ff1_b.jpg,photos/raw/8417376632.jpg,1024,683,bbq|beetle|beijing|bug|bugs|centipede|china|chinese|disgusting|exotic|fish|fried|meat|octopus|peking|scorpion|seafood|seahorse|shrimp|skewers|star|streetfood|u738bu5e9cu4e95|wangfujing|weird|cooking|desktop|food|group|grow|healthy|market|mushroom|vegetable,ep123,2024-11-27,synthetic
f_55808076,55808076,openverse/flickr,https://live.staticflickr.com/30/55808076_6325b902e2.jpg,photos/raw/55808076.jpg,500,374,filipino|food|lasang|lasvegas|pinoy,ep111,2024-09-04,synthetic
f_8111834277,8111834277,openverse/flickr,https://live.staticflickr.com/8193/8111834277_2ea3cc6ed3_b.jpg,photos/raw/8111834277.jpg,1023,685,authentic|food|israel,ep148,2025-04-29,synthetic
f_8111838284,8111838284,openverse/flickr,https://live.staticflickr.com/8053/8111838284_2bd98455d8_b.jpg,photos/raw/8111838284.jpg,1023,685,authentic|food|israel,ep139,2025-02-28,synthetic
f_8111824299,8111824299,openverse/flickr,https://live.staticflickr.com/8189/8111824299_6db7c8699b_b.jpg,photos/raw/8111824299.jpg,1023,685,authentic|food|israel,ep012,2022-02-26,synthetic
f_8416176393,8416176393,openverse/flickr,https://live.staticflickr.com/8053/8416176393_d1300706f9_b.jpg,photos/raw/8416176393.jpg,1024,683,bbq|beetle|beijing|bug|bugs|centipede|china|chinese|disgusting|exotic|fish|fried|meat|octopus|peking|scorpion|seafood|seahorse|shrimp|skewers|star|streetfood|u738bu5e9cu4e95|wangfujing|weird|barbecue|cooking|cuisine|delicious|dinner|dish|epicure|food|healthy|hot|lunch|meal|meat|prawn|restaurant|seafood|shellfish|shrimp|tasty,ep123,2024-11-27,synthetic
f_3561827224,3561827224,openverse/flickr,https://live.staticflickr.com/3376/3561827224_8f19611382_b.jpg,photos/raw/3561827224.jpg,1024,768,food|portland|sidewalk|street,ep074,2023-09-18,synthetic
f_24602349348,24602349348,openverse/flickr,https://live.staticflickr.com/4567/24602349348_d57d8c42d2_b.jpg,photos/raw/24602349348.jpg,1024,1024,instagram,ep121,2024-11-05,synthetic
f_6524232379,6524232379,openverse/flickr,https://live.staticflickr.com/7017/6524232379_6d5c877672_b.jpg,photos/raw/6524232379.jpg,1024,683,,ep027,2022-09-07,synthetic
f_3256900936,3256900936,openverse/flickr,https://live.staticflickr.com/3449/3256900936_8ce9cf2714_b.jpg,photos/raw/3256900936.jpg,1024,768,cinnamonroll|dessert|food|icing|raisins,ep111,2024-09-04,synthetic
f_8465703820,8465703820,openverse/flickr,https://live.staticflickr.com/8510/8465703820_4e27d87c20_b.jpg,photos/raw/8465703820.jpg,1024,768,china|cooking|home|shanghai,ep123,2024-11-29,synthetic
f_3814700604,3814700604,openverse/flickr,https://live.staticflickr.com/2545/3814700604_4f9b23b095_b.jpg,photos/raw/3814700604.jpg,768,1024,coleslaw|fishcakes|hashbrown|radish|shozu|watercress,ep084,2024-01-07,synthetic
f_50585002177,50585002177,openverse/flickr,https://live.staticflickr.com/65535/50585002177_1b50d16e54_b.jpg,photos/raw/50585002177.jpg,1024,740,mexico|playadelcarmen|winter202021,ep179,2025-12-28,synthetic
f_8514661399,8514661399,openverse/flickr,https://live.staticflickr.com/8510/8514661399_99ba1c0ecb_b.jpg,photos/raw/8514661399.jpg,683,1024,adnams|bar|bramfield|guests|launch|party|rooms|suffolk|thequeenshead,ep118,2024-10-18,synthetic
f_4603052011,4603052011,openverse/flickr,https://live.staticflickr.com/4034/4603052011_c382a42007_b.jpg,photos/raw/4603052011.jpg,768,1024,bibimbap|geotagged|shozu,ep076,2023-10-03,synthetic
f_4266534275,4266534275,openverse/flickr,https://live.staticflickr.com/4013/4266534275_dc28f90dd6_b.jpg,photos/raw/4266534275.jpg,1024,768,,ep027,2022-09-07,synthetic
f_8381876305,8381876305,openverse/flickr,https://live.staticflickr.com/8470/8381876305_bcb58336b6_b.jpg,photos/raw/8381876305.jpg,1024,768,chinese|familydinner,ep110,2024-08-23,synthetic
f_222062627,222062627,openverse/flickr,https://live.staticflickr.com/67/222062627_bf8438e5f1_b.jpg,photos/raw/222062627.jpg,1024,681,alaska|alcan|food|rally,ep076,2023-10-03,synthetic
f_4241446350,4241446350,openverse/flickr,https://live.staticflickr.com/2679/4241446350_e6b47b4d0f_b.jpg,photos/raw/4241446350.jpg,1023,685,beijing|brocolli|china|chinese|cookingclass|food|thehutong,ep084,2024-01-06,synthetic
f_6923523385,6923523385,openverse/flickr,https://live.staticflickr.com/7180/6923523385_f0fc3d69cf_b.jpg,photos/raw/6923523385.jpg,1024,768,coocking|home|maya|mexico|peninsula|traditional|yucatu00e1n|yucat\xe1n,ep001,2022-01-09,synthetic
f_5375560397,5375560397,openverse/flickr,https://live.staticflickr.com/5161/5375560397_e1c6b8e11d_b.jpg,photos/raw/5375560397.jpg,1024,769,angela|puertoricianfood|sanantonio,ep043,2023-02-07,synthetic
f_22660168244,22660168244,openverse/flickr,https://live.staticflickr.com/707/22660168244_6bc6ed81cd_b.jpg,photos/raw/22660168244.jpg,1024,683,americansignmuseum|campwashington|cincinnati|neonsign|ohio|sign,ep153,2025-06-13,synthetic
f_4240683889,4240683889,openverse/flickr,https://live.staticflickr.com/2540/4240683889_b77fe6dc05_b.jpg,photos/raw/4240683889.jpg,1023,685,beijing|cabbage|china|chinese|cookingclass|food|salad|thehutong,ep084,2024-01-06,synthetic
f_5425764468,5425764468,openverse/flickr,https://live.staticflickr.com/5012/5425764468_5a2597909f_b.jpg,photos/raw/5425764468.jpg,1024,856,,ep084,2024-01-05,synthetic
f_11301531723,11301531723,openverse/flickr,https://live.staticflickr.com/7380/11301531723_b288f12053_b.jpg,photos/raw/11301531723.jpg,768,1024,,ep121,2024-11-04,synthetic
f_6760376435,6760376435,openverse/flickr,https://live.staticflickr.com/7020/6760376435_54662ebc8e_b.jpg,photos/raw/6760376435.jpg,1024,768,food,ep123,2024-11-29,synthetic
f_7014761039,7014761039,openverse/flickr,https://live.staticflickr.com/6229/7014761039_d11970ac74.jpg,photos/raw/7014761039.jpg,500,500,instagramapp|iphoneography|normal|square,ep179,2025-12-28,synthetic
f_6991416554,6991416554,openverse/flickr,https://live.staticflickr.com/8155/6991416554_3973be7b16_b.jpg,photos/raw/6991416554.jpg,1024,888,florida|staugustinebeach,ep103,2024-07-05,synthetic
f_5708193748,5708193748,openverse/flickr,https://live.staticflickr.com/3605/5708193748_285ef4b373_b.jpg,photos/raw/5708193748.jpg,679,1024,beach|boattrailer|clouds|girl|hdr|wheel|environment|landscape|nature|outdoors|rural|sky|summer|wire,ep155,2025-06-28,synthetic
f_33208489033,33208489033,openverse/flickr,https://live.staticflickr.com/2843/33208489033_8347e72a02_b.jpg,photos/raw/33208489033.jpg,1024,1024,clarendon|instagramapp|iphoneography|square,ep052,2023-04-28,synthetic
f_400638292,400638292,openverse/flickr,https://live.staticflickr.com/152/400638292_172cce8359_b.jpg,photos/raw/400638292.jpg,1024,683,canary|canaryislands|evening|fanabebeach|hisgett|islands|spain|sunset|tenerife|beach|dawn|dusk|evening|fair weather|landscape|light|nature|ocean|sea|seascape|sky|summer|sun|sunset|water,ep103,2024-07-03,synthetic
f_41938491882,41938491882,openverse/flickr,https://live.staticflickr.com/830/41938491882_ac4d779ba4_b.jpg,photos/raw/41938491882.jpg,1024,1023,families|family|kids|littlegirl|mommy|moms|toddler,ep161,2025-08-05,synthetic
f_13500505934,13500505934,openverse/flickr,https://live.staticflickr.com/3716/13500505934_658a14fed3_b.jpg,photos/raw/13500505934.jpg,1024,768,,ep171,2025-11-08,synthetic
f_22289204482,22289204482,openverse/flickr,https://live.staticflickr.com/5688/22289204482_af82eb4019_b.jpg,photos/raw/22289204482.jpg,1024,768,164|164diecast|164diorama|164fordbronco|164greenlight|164scale|164scalediecast|164vehicle|1967fordbronco|1stpix|1stpixdiecastdioramas|1stpixphoto|4x4diecast|4x4diorama|allterrainseries|baynardcounty|beachdiorama|broncodiecast|diecast|diecastcollectible|diecastcollection|diecastdiorama|diecasthobby|diecastmodel|diecastreplica|diecasttruck|diecastvehicle|diorama|firstpix|fordbronco|greenlightdiecast|greenlightfordbronco|mysticbeach|newbeachlayout|phils1stpix|treasurecovepreserve,ep171,2025-11-10,synthetic
f_52699801689,52699801689,openverse/flickr,https://live.staticflickr.com/65535/52699801689_4cc4c48645_b.jpg,photos/raw/52699801689.jpg,1024,685,,ep161,2025-08-07,synthetic
f_6777740321,6777740321,openverse/flickr,https://live.staticflickr.com/7022/6777740321_1c4b98c2e1_b.jpg,photos/raw/6777740321.jpg,1024,768,california,ep103,2024-07-06,synthetic
f_15227053832,15227053832,openverse/flickr,https://live.staticflickr.com/5589/15227053832_4f1c98cfab_b.jpg,photos/raw/15227053832.jpg,1024,576,beach|goa|joegoauk|miramar,ep140,2025-03-09,synthetic
f_400635823,400635823,openverse/flickr,https://live.staticflickr.com/166/400635823_e33bc99170_b.jpg,photos/raw/400635823.jpg,1024,683,canary|canaryislands|evening|fanabebeach|hisgett|islands|spain|sunset|tenerife|backlit|beach|dawn|dusk|evening|ocean|sea|seascape|seashore|silhouetted|sun|sunset|travel|water,ep103,2024-07-05,synthetic
f_7675783362,7675783362,openverse/flickr,https://live.staticflickr.com/7111/7675783362_420d4f0dd8_b.jpg,photos/raw/7675783362.jpg,1024,685,beach,ep096,2024-05-17,synthetic
f_5486968052,5486968052,openverse/flickr,https://live.staticflickr.com/5054/5486968052_5f9b947fa1_b.jpg,photos/raw/5486968052.jpg,1024,765,cameraphone|iphone|lego|starwars|stormtrooper,ep146,2025-04-10,synthetic
f_24138228106,24138228106,openverse/flickr,https://live.staticflickr.com/65535/24138228106_64182d4b32_b.jpg,photos/raw/24138228106.jpg,1024,769,art|boy|bryansnyder|ca|california|carlsbad|carlsbadvillage|doodlesbeachday|doodlesmural|geolocation|girl|jaygalvin|kite|mural|public|snyderartdesigncom|streetart|umbrella|unitedstates|usa|wagon|wallart,ep063,2023-07-19,synthetic
f_9778339851,9778339851,openverse/flickr,https://live.staticflickr.com/3676/9778339851_713c2dd245_b.jpg,photos/raw/9778339851.jpg,1024,768,kyle|summer|wreckbeach,ep143,2025-03-26,synthetic
f_4771850617,4771850617,openverse/flickr,https://live.staticflickr.com/4074/4771850617_e032367766_b.jpg,photos/raw/4771850617.jpg,1024,768,2010365|barcelona|beach|relaxation|spain,ep143,2025-03-27,synthetic
f_4202430410,4202430410,openverse/flickr,https://live.staticflickr.com/2742/4202430410_3dedaa1894_b.jpg,photos/raw/4202430410.jpg,768,1024,fl|florida|project365|rocknrollguitar|beach|chair|outdoors|sea|seat|snow|travel|water|winter|wood,ep143,2025-03-29,synthetic
f_13847290033,13847290033,openverse/flickr,https://live.staticflickr.com/3710/13847290033_976f86555a_b.jpg,photos/raw/13847290033.jpg,1023,681,castleisland|southboston,ep161,2025-08-08,synthetic
f_3594978788,3594978788,openverse/flickr,https://live.staticflickr.com/3615/3594978788_ac3094d584_b.jpg,photos/raw/3594978788.jpg,1023,768,bellariaigeamarina|carhousecafe|carhouseclub|eastcoasttuningclub|lugo|ravenna,ep002,2022-01-12,synthetic
f_5777908662,5777908662,openverse/flickr,https://live.staticflickr.com/5310/5777908662_07ed739fce.jpg,photos/raw/5777908662.jpg,500,375,beach|festival|group|group together|man|many|ocean|people|recreation|sand|sea|seashore|sunshade|tourist|travel|umbrella|vacation|vehicle|water,ep053,2023-05-03,synthetic
f_98568471,98568471,openverse/flickr,https://live.staticflickr.com/41/98568471_226584a520_b.jpg,photos/raw/98568471.jpg,1024,1014,birthday|flickr|flickrturns2|geburtstag|i500|mosaic|mosaik|topv555|tshirt,ep044,2023-03-03,synthetic
f_2808316611,2808316611,openverse/flickr,https://live.staticflickr.com/3228/2808316611_e6b817c390_b.jpg,photos/raw/2808316611.jpg,1024,744,1950s|50s|birthday|bunnies|easter|girls|snapshot|vintage|vintagephotography,ep010,2022-02-14,synthetic
f_5180956226,5180956226,openverse/flickr,https://live.staticflickr.com/1266/5180956226_2ea1f2929d_b.jpg,photos/raw/5180956226.jpg,1023,685,2010|beer|birthday|roundrock|twinpeaks|tx,ep069,2023-08-16,synthetic
f_6528093085,6528093085,openverse/flickr,https://live.staticflickr.com/7026/6528093085_02d937efc3_b.jpg,photos/raw/6528093085.jpg,967,571,birthday|colorful|diamanten|diamond|farbenfrohl|happy|abstract|illustration|technology,ep040,2023-01-21,synthetic
f_9130985048,9130985048,openverse/flickr,https://live.staticflickr.com/3828/9130985048_7df05970ac_b.jpg,photos/raw/9130985048.jpg,1024,640,18135mm|600d|bday|beach|birthday|cake|candels|canon|comida|cumpleau00f1os|dark|day|eos|espau00f1a|food|fuengirola|green|happy|ileohidalgo|lightroom|malaga|me|mijas|party|playa|portrait|spain|summer|t3i|tarta|vela|velas|verano|vsco|yompy|yompyhere|adult|candle|food|indoors|one|people|table|woman,ep098,2024-05-27,synthetic
f_17258798018,17258798018,openverse/flickr,https://live.staticflickr.com/5335/17258798018_90b3acfd01_b.jpg,photos/raw/17258798018.jpg,1023,680,birthday|cake|cakes|custom|cake|celebration|decoration|food|party|sugar,ep010,2022-02-14,synthetic
f_27293028415,27293028415,openverse/flickr,https://live.staticflickr.com/7269/27293028415_b04898b725_b.jpg,photos/raw/27293028415.jpg,1024,576,birthday|bridge|gate|golden|happy|sfist,ep171,2025-11-10,synthetic
f_11972022684,11972022684,openverse/flickr,https://live.staticflickr.com/5534/11972022684_cc411cc00f_b.jpg,photos/raw/11972022684.jpg,816,1024,auguri|birthday|compleanno|fiori|flowers|wishes,ep078,2023-12-01,synthetic
f_2591302962,2591302962,openverse/flickr,https://live.staticflickr.com/3165/2591302962_215bf42576.jpg,photos/raw/2591302962.jpg,499,334,birthday|birthdaycake|birthdaycandle|blowingoutcandles|boys|cake|celebration|children|decoration|diningtable|domesticscenes|everydayscenes|festivity|girls|group|hat|headgear|holding|humanrelationships|indoors|newyorkcity|newyorkstate|outfit|party|partygoer|partyhat|partypuffer|people|plate|queens|retro|socialevent|streamers|suits|sweets|table|usa|vintage|whites|adult|child|facial expression|family|furniture|group|man|people|wear|woman,ep066,2023-08-01,synthetic
f_3706661588,3706661588,openverse/flickr,https://live.staticflickr.com/2466/3706661588_bd7beae0f7_b.jpg,photos/raw/3706661588.jpg,768,1024,2009|austin|birthday|party|swim|swimparty|tx,ep031,2022-10-15,synthetic
f_3706680044,3706680044,openverse/flickr,https://live.staticflickr.com/2422/3706680044_8dc8811ce2_b.jpg,photos/raw/3706680044.jpg,768,1024,2009|austin|birthday|party|swim|swimparty|tx,ep079,2023-12-06,synthetic
f_3706858108,3706858108,openverse/flickr,https://live.staticflickr.com/2637/3706858108_150968b4a3_b.jpg,photos/raw/3706858108.jpg,768,1024,2009|austin|birthday|party|swim|swimparty|tx,ep031,2022-10-18,synthetic
f_6489020613,6489020613,openverse/flickr,https://live.staticflickr.com/7144/6489020613_b8a244c6f0_b.jpg,photos/raw/6489020613.jpg,1024,520,birthday|day|december|eleventh|happy|present|sunday,ep036,2022-12-11,synthetic
f_3706628384,3706628384,openverse/flickr,https://live.staticflickr.com/3476/3706628384_d5dfd38741_b.jpg,photos/raw/3706628384.jpg,1024,768,2009|austin|birthday|party|swim|swimparty|tx,ep031,2022-10-19,synthetic
f_3705842465,3705842465,openverse/flickr,https://live.staticflickr.com/2550/3705842465_c5c7bfe004_b.jpg,photos/raw/3705842465.jpg,768,1024,2009|austin|birthday|party|swim|swimparty|tx,ep031,2022-10-17,synthetic
f_3705671191,3705671191,openverse/flickr,https://live.staticflickr.com/2632/3705671191_3b29fdbc4d_b.jpg,photos/raw/3705671191.jpg,1024,768,2009|austin|birthday|party|swim|swimparty|tx,ep079,2023-12-08,synthetic
f_3706575454,3706575454,openverse/flickr,https://live.staticflickr.com/2447/3706575454_9f4ed242f4_b.jpg,photos/raw/3706575454.jpg,1024,768,2009|austin|birthday|party|swim|swimparty|tx,ep031,2022-10-17,synthetic
f_3706709722,3706709722,openverse/flickr,https://live.staticflickr.com/2670/3706709722_eee0b287c5_b.jpg,photos/raw/3706709722.jpg,768,1024,2009|austin|birthday|party|swim|swimparty|tx,ep096,2024-05-17,synthetic
f_3706685514,3706685514,openverse/flickr,https://live.staticflickr.com/2574/3706685514_b26bcaef36_b.jpg,photos/raw/3706685514.jpg,1024,768,2009|austin|birthday|party|swim|swimparty|tx,ep096,2024-05-17,synthetic
f_3121064673,3121064673,openverse/flickr,https://live.staticflickr.com/3111/3121064673_7457e5e1a7_b.jpg,photos/raw/3121064673.jpg,1024,689,aliens|birthday|cupcake|orange,ep010,2022-02-14,synthetic
f_15809627364,15809627364,openverse/flickr,https://live.staticflickr.com/7417/15809627364_7eb4e1fd98_b.jpg,photos/raw/15809627364.jpg,1024,683,blm|blmbucketlist|blmproud|bucketlist|bureauoflandmanagement|bwick|hiking|monument|monumentsmatter|mountains|nationalconservationlands|nationalmonument|newmexico|scenic|seeblm|trails|wildlife|winterbucketlist|canyon|hill|landscape|mountain|nature|outdoors|rock|scenic|sky|travel|valley|water,ep160,2025-07-25,synthetic
f_20344540504,20344540504,openverse/flickr,https://live.staticflickr.com/5705/20344540504_f76ddc6136_b.jpg,photos/raw/20344540504.jpg,1023,576,adventure|amazing|argentina|backpacking|elcalafate|friends|glaciar|glacier|group|guy|hikers|hiking|ice|landscape|patagonia|people|peritomoreno|person|trekkin|wild,ep176,2025-12-04,synthetic
f_9695221003,9695221003,openverse/flickr,https://live.staticflickr.com/2886/9695221003_117d4e0c38_b.jpg,photos/raw/9695221003.jpg,1024,683,appalachiantrail|bluemountain|creativecommons|deciduous|forest|hiking|kittatinnymountain|monroecounty|nature|pennsylvania|poconos|sgl168|stategameland168|stategamelands168|summer|temperatedeciduousforest|trees|undergrowth|understory|vegetation,ep161,2025-08-05,synthetic
f_117404266,117404266,openverse/flickr,https://live.staticflickr.com/45/117404266_1d8290ea78.jpg,photos/raw/117404266.jpg,450,293,hiking,ep160,2025-07-25,synthetic
f_5192718150,5192718150,openverse/flickr,https://live.staticflickr.com/4126/5192718150_866e9c0c59_b.jpg,photos/raw/5192718150.jpg,1023,868,hike,ep143,2025-03-27,synthetic
f_14679596366,14679596366,openverse/flickr,https://live.staticflickr.com/2916/14679596366_f556f47d31_b.jpg,photos/raw/14679596366.jpg,1024,683,coniferous|creativecommons|easternhemlocks|easternwhitepines|forest|goldeneagletrail|hemlocks|hiking|lycomingcounty|nature|needleduff|pennsylvania|pennsylvaniawilds|pinusstrobus|slope|summer|tiadaghtonstateforest|trees|tsugacanadensis|understory|whitepines|wolfrunwildarea,ep160,2025-07-25,synthetic
f_1356657998,1356657998,openverse/flickr,https://live.staticflickr.com/1281/1356657998_d9e5fa8a9e_b.jpg,photos/raw/1356657998.jpg,1024,760,besthike|besthikecom|bishop|hike|hiking|johnmuirtrail|mccharles,ep160,2025-07-25,synthetic
f_16312111106,16312111106,openverse/flickr,https://live.staticflickr.com/7568/16312111106_8159e7ccb6.jpg,photos/raw/16312111106.jpg,500,343,group|hiking|mix|trail,ep143,2025-03-27,synthetic
f_11142394174,11142394174,openverse/flickr,https://live.staticflickr.com/5535/11142394174_4ce70d89eb_b.jpg,photos/raw/11142394174.jpg,1024,683,autumn|christmasferns|coniferous|creativecommons|deciduous|ferns|forest|goldeneagletrail|hiking|log|lycomingcounty|nature|pennsylvania|pennsylvaniawilds|plants|polystichum|ravine|slope|snow|tiadaghtonstateforest|trees|understory|vegetation|wolfrunwildarea,ep160,2025-07-25,synthetic
f_22350986725,22350986725,openverse/flickr,https://live.staticflickr.com/588/22350986725_8374230346_b.jpg,photos/raw/22350986725.jpg,1023,661,3xp|brycecanyon|brycecanyonnationalpark|canyon|fav200|hiking|hoodoo|landscape|nationalpark|nature|nex6|outdoor|park|photomatix|pinnacle|raw|rock|rocks|sandstone|sel55210|stone|stones|tower|trail|utah,ep175,2025-11-28,synthetic
f_16507837706,16507837706,openverse/flickr,https://live.staticflickr.com/7393/16507837706_7d034c8bf4_b.jpg,photos/raw/16507837706.jpg,678,1024,18105mmafs3556gedvrii|accomplishment|adobecameraraw|antelopeisland|apsc|attributionlicense|confidence|creativecommons|d7000|daviscoutyutah|dxformat|elated|flash|fullframe|girl|girlpower|greatsaltlake|happy|hiking|image|joy|mountains|nikon|offcameraflash|outdooractivity|outdoors|photo|photoshopcc|portraiture|rnialbradshaw|royaltyfree|s168|sb800|stockphoto|stockphotography|strobist|success|summit|thegreatoutdoors|triumph|utah|utahstatepark|victory|adult|adventure|climb|fun|hike|leisure|man|one|outdoors|people|recreation|travel,ep161,2025-08-07,synthetic
f_40761564944,40761564944,openverse/flickr,https://live.staticflickr.com/867/40761564944_05f14e84c1_b.jpg,photos/raw/40761564944.jpg,1024,684,blue|clouds|hdr|hiking|historic|iceland|july|landmannalaugar|landmark|landscape|mountain|nature|onasill|outdoor|peaceful|reykjavík|reykjavu00edk|river|route|serene|sky|snow|trail|tranquility|tunnel|ultramannalaugar,ep157,2025-07-09,synthetic
f_48025074083,48025074083,openverse/flickr,https://live.staticflickr.com/65535/48025074083_d79a69d5f4_b.jpg,photos/raw/48025074083.jpg,1024,684,blue|clouds|hdr|hiking|historic|iceland|july|landmannalaugar|landmark|landscape|mountain|nature|onasill|outdoor|peaceful|reykjavík|reykjavu00edk|river|route|serene|sky|snow|trail|tranquility|tunnel|ultramannalaugar,ep157,2025-07-10,synthetic
f_12867940884,12867940884,openverse/flickr,https://live.staticflickr.com/3703/12867940884_968b832041_b.jpg,photos/raw/12867940884.jpg,1024,768,alaska|hiking|winter,ep161,2025-08-05,synthetic
f_4265102734,4265102734,openverse/flickr,https://live.staticflickr.com/2734/4265102734_12e387f331_b.jpg,photos/raw/4265102734.jpg,1024,791,backpack|bureauoflandmanagement|cactus|cave|girl|goodkarma|hermitscave|hike|lacueva|mountains|nature|organmountains|p|signs|snow|southwest|sw|trail|u651du5f71u767cu71d2u53cb|unitedstates|usa|usdi|攝影發燒友,ep020,2022-06-06,synthetic
f_36789987516,36789987516,openverse/flickr,https://live.staticflickr.com/4378/36789987516_32c92a68d0_b.jpg,photos/raw/36789987516.jpg,683,1023,adventure|beavercreek|deadtrees|explore|exploring|geotagged|grandteton|grandtetonmountainrange|grandtetonnationalpark|grandtetons|hiking|httpsenwikipediaorgwikigrandtetonnationalpark|landscape|moose|nationalpark|nationalparkservice|naturalwonder|nature|outdoor|pinetree|scenic|scenicspot|scenicview|spring|spring2017|springwildflowers|teton|tetoncounty|tetonmountainrange|tetons|tourism|touristattraction|trail|travel|travelblog|travelblogphoto|travelingadventures|travelphoto|travelphotography|tree|trees|unitedstates|unitedstatesnationalpark|usa|usnationalpark|usnationalparkservice|vista|wildflowers|wildlife|worldadventures|worldtravel|wy|wyoming,ep126,2024-12-11,synthetic
f_14516077357,14516077357,openverse/flickr,https://live.staticflickr.com/5554/14516077357_5fbf2c4a14_b.jpg,photos/raw/14516077357.jpg,1024,683,bonnellrun|coniferous|creativecommons|forest|goldeneagletrail|hiking|laporteacanadensis|leaflitter|lycomingcounty|path|pennsylvania|pennsylvaniawilds|plants|ravine|summer|tiadaghtonstateforest|trail|trees|vegetation|wolfrunwildarea|woodnettle|dawn|daylight|environment|flora|growth|guidance|hike|landscape|leaf|light|lush|moss|nature|outdoors|park|scenic|trail|tree|wood,ep176,2025-12-04,synthetic
f_11141697306,11141697306,openverse/flickr,https://live.staticflickr.com/3812/11141697306_ea23ae5bdd_b.jpg,photos/raw/11141697306.jpg,1024,683,alleghenyplateau|appalachianmountains|autumn|clouds|creativecommons|goldeneagletrail|hiking|landscape|lycomingcounty|mountains|pennsylvania|pennsylvaniawilds|pinecreekgorge|ravenshorn|sky|snow|stratocumulus|tiadaghtonstateforest|trees|wolfrunwildarea|fall|hill|landscape|mountain|nature|outdoors|scenic|sky|travel|tree|valley|wood,ep143,2025-03-29,synthetic
f_19548858409,19548858409,openverse/flickr,https://live.staticflickr.com/274/19548858409_a920e65a8e_b.jpg,photos/raw/19548858409.jpg,1024,768,hiking,ep157,2025-07-10,synthetic
f_12094069375,12094069375,openverse/flickr,https://live.staticflickr.com/5473/12094069375_f6bba83669_b.jpg,photos/raw/12094069375.jpg,1023,360,grandcanyonnationalpark|guided|hikers|hiking|ranger|sightseeing|southkaibabtrail|southrim|tour|touring|walk|arid|canyon|desert|dry|erosion|geology|landscape|mountain|nature|outdoors|park|rock|sandstone|scenic|sky|tourism|travel|valley,ep160,2025-07-25,synthetic
u_20260802_173811,,phone,user:20260802_173811.jpg,Photo Dwonload/20260802_173811.jpg,3000,4000,camera,r_20260802,2026-08-02,exif
u_20260913_230924,,phone,user:20260913_230924.jpg,Photo Dwonload/20260913_230924.jpg,3000,4000,camera,r_20260913,2026-09-13,exif
u_289082574,,unknown,user:289082574.jpg,Photo Dwonload/289082574.jpg,1024,683,,ep075,2023-09-23,synthetic
u_5thStreet_Kammanahalli_Bangalore_01,,wikimedia,"user:5thStreet-Kammanahalli,Bangalore-01.jpg","Photo Dwonload/5thStreet-Kammanahalli,Bangalore-01.jpg",500,667,,ep125,2024-12-06,synthetic
u_An_unidentified_green_plant_in_jalingo_blurry,,wikimedia,user:An_unidentified_green_plant_in_jalingo_(blurry).jpg,Photo Dwonload/An_unidentified_green_plant_in_jalingo_(blurry).jpg,960,720,,ep152,2025-06-08,synthetic
u_Ashy_Prinia_Lalbagh_Bangalore,,wikimedia,"user:Ashy_Prinia,_Lalbagh_-_Bangalore.jpg","Photo Dwonload/Ashy_Prinia,_Lalbagh_-_Bangalore.jpg",960,768,,ep174,2025-11-24,synthetic
u_Bangalore_Shopping_Street,,wikimedia,user:Bangalore_Shopping_Street.jpg,Photo Dwonload/Bangalore_Shopping_Street.jpg,960,720,,ep125,2024-12-07,synthetic
u_BHEL_Bhopal_in_rain,,wikimedia,user:BHEL_Bhopal_in_rain.jpg,Photo Dwonload/BHEL_Bhopal_in_rain.jpg,960,720,,ep140,2025-03-09,synthetic
u_Bhopal_1,,wikimedia,user:Bhopal [1].jpg,Photo Dwonload/Bhopal [1].jpg,3000,2379,,r_20240220,2024-02-20,exif
u_Blur_view,,wikimedia,user:Blur_view.jpg,Photo Dwonload/Blur_view.jpg,960,720,,ep161,2025-08-07,synthetic
u_Blurry_picture_a_cat,,wikimedia,user:Blurry_picture_a_cat.jpg,Photo Dwonload/Blurry_picture_a_cat.jpg,960,720,,ep105,2024-07-20,synthetic
u_Clitoria_ternatea_Asian_pigeonwings_in_Bhopal_India_September_2025,,wikimedia,"user:Clitoria_ternatea_-_Asian_pigeonwings_in_Bhopal,_India_September_2025.jpg","Photo Dwonload/Clitoria_ternatea_-_Asian_pigeonwings_in_Bhopal,_India_September_2025.jpg",500,889,,ep152,2025-06-08,synthetic
u_communal_tension_over_performing_puja_namaz_in_bhojshala_Madhya_prades,,wikimedia,"user:communal tension over performing puja, namaz in bhojshala, Madhya pradesh.png","Photo Dwonload/communal tension over performing puja, namaz in bhojshala, Madhya pradesh.png",1650,2029,,ep059,2023-06-17,synthetic
u_Dharmaraya_Swamy_Temple_Bangalore,,wikimedia,user:Dharmaraya_Swamy_Temple_Bangalore.jpg,Photo Dwonload/Dharmaraya_Swamy_Temple_Bangalore.jpg,960,991,,ep140,2025-03-09,synthetic
u_Dragonfly_ran_400,,wikimedia,user:Dragonfly_ran-400.jpg,Photo Dwonload/Dragonfly_ran-400.jpg,960,600,,ep054,2023-05-07,synthetic
u_eec0a4eb5a4591035d0a197c52ee0069,,unknown,user:eec0a4eb5a4591035d0a197c52ee0069.jpeg,Photo Dwonload/eec0a4eb5a4591035d0a197c52ee0069.jpeg,862,485,,ep081,2023-12-20,synthetic
u_Feral_Pigeon_Columba_livia_Bangalore_Karnataka_India,,wikimedia,"user:Feral_Pigeon_Columba_livia,_Bangalore,_Karnataka,_India.jpg","Photo Dwonload/Feral_Pigeon_Columba_livia,_Bangalore,_Karnataka,_India.jpg",960,640,,ep174,2025-11-24,synthetic
u_Guava_bangalore,,wikimedia,user:Guava_bangalore.jpg,Photo Dwonload/Guava_bangalore.jpg,960,721,,ep111,2024-09-04,synthetic
u_IMG_20260412_WA0000,,phone,user:IMG-20260412-WA0000.jpg,Photo Dwonload/IMG-20260412-WA0000.jpg,1280,1193,whatsapp,r_20260412,2026-04-12,filename
u_IMG_20260816_WA0001,,phone,user:IMG-20260816-WA0001.jpg,Photo Dwonload/IMG-20260816-WA0001.jpg,1179,1117,whatsapp,r_20260816,2026-08-16,filename
u_IMG_20260831_WA0002,,phone,user:IMG-20260831-WA0002.jpg,Photo Dwonload/IMG-20260831-WA0002.jpg,899,1599,whatsapp,r_20260831,2026-08-31,filename
u_IMG_20260903_WA0000,,phone,user:IMG-20260903-WA0000.jpg,Photo Dwonload/IMG-20260903-WA0000.jpg,589,1280,whatsapp,r_20260903,2026-09-03,filename
u_IMG_20260903_WA0001,,phone,user:IMG-20260903-WA0001.jpg,Photo Dwonload/IMG-20260903-WA0001.jpg,589,1280,whatsapp,r_20260903,2026-09-03,filename
u_IMG_20260907_WA0009,,phone,user:IMG-20260907-WA0009.jpg,Photo Dwonload/IMG-20260907-WA0009.jpg,637,485,whatsapp,r_20260907,2026-09-07,filename
u_IMG_20260926_WA0000,,phone,user:IMG-20260926-WA0000.jpg,Photo Dwonload/IMG-20260926-WA0000.jpg,1024,1536,whatsapp,r_20260926,2026-09-26,filename
u_IMG_20260929_WA0000,,phone,user:IMG-20260929-WA0000.jpg,Photo Dwonload/IMG-20260929-WA0000.jpg,590,1280,whatsapp,r_20260929,2026-09-29,filename
u_Kailash_Nath_Temple_Murugesh_palaya_Bangalore,,wikimedia,user:Kailash_Nath_Temple_Murugesh_palaya_Bangalore.JPG,Photo Dwonload/Kailash_Nath_Temple_Murugesh_palaya_Bangalore.JPG,960,693,,ep007,2022-02-05,synthetic
u_LazuliBunting,,wikimedia,user:LazuliBunting.jfif,Photo Dwonload/LazuliBunting.jfif,904,904,,ep030,2022-10-09,synthetic
u_Megalaima_viridis_Bangalore_6,,wikimedia,user:Megalaima_viridis_-Bangalore-6.jpg,Photo Dwonload/Megalaima_viridis_-Bangalore-6.jpg,960,720,,ep054,2023-05-07,synthetic
u_MS_001_1_1_1_3_P_0003,,archive.org,user:MS-001_1_1_1_3_P_0003.jpg,Photo Dwonload/MS-001_1_1_1_3_P_0003.jpg,2335,3032,scan,ep097,2024-05-22,synthetic
u_MS_001_1_2_3_1_P_0011_1,,archive.org,user:MS-001_1_2_3_1_P_0011 (1).jpg,Photo Dwonload/MS-001_1_2_3_1_P_0011 (1).jpg,2055,2582,scan,ep150,2025-05-19,synthetic
u_MS_001_1_2_3_1_P_0011,,archive.org,user:MS-001_1_2_3_1_P_0011.jpg,Photo Dwonload/MS-001_1_2_3_1_P_0011.jpg,2055,2582,scan,ep097,2024-05-22,synthetic
u_MS_001_2_1_10_1_P_0009,,archive.org,user:MS-001_2_1_10_1_P_0009.jpg,Photo Dwonload/MS-001_2_1_10_1_P_0009.jpg,2553,3260,scan,ep122,2024-11-20,synthetic
u_Page_250_Bangalore_Story_of_a_City,,wikimedia,user:Page_250_Bangalore-Story_of_a_City.jpg,Photo Dwonload/Page_250_Bangalore-Story_of_a_City.jpg,500,707,,ep059,2023-06-17,synthetic
u_photo_15899_27327344081_o,,archive.org,user:photo-15899_27327344081_o.jpg,Photo Dwonload/photo-15899_27327344081_o.jpg,529,1022,,r_20030803,2003-08-03,exif
u_photo_15906_27183305380_o,,archive.org,user:photo-15906_27183305380_o.jpg,Photo Dwonload/photo-15906_27183305380_o.jpg,829,648,,r_20030803,2003-08-03,exif
u_photo_3578_27080899170_o,,archive.org,user:photo-3578_27080899170_o.jpg,Photo Dwonload/photo-3578_27080899170_o.jpg,744,744,,r_20040824,2004-08-24,exif
u_photo_3919_27398576885_o,,archive.org,user:photo-3919_27398576885_o.jpg,Photo Dwonload/photo-3919_27398576885_o.jpg,847,625,,r_20040827,2004-08-27,exif
u_photo_60066_27472238206_o,,archive.org,user:photo-60066_27472238206_o.jpg,Photo Dwonload/photo-60066_27472238206_o.jpg,624,805,,r_20031116,2003-11-16,exif
u_photo_l200601267149_27300381442_o,,archive.org,user:photo-l200601267149_27300381442_o.jpg,Photo Dwonload/photo-l200601267149_27300381442_o.jpg,1900,1258,,ep075,2023-09-23,synthetic
u_photo_l200603097719_27300381082_o,,archive.org,user:photo-l200603097719_27300381082_o.jpg,Photo Dwonload/photo-l200603097719_27300381082_o.jpg,1400,1000,,r_20060309,2006-03-09,exif
u_photo_wa_0951l_27326652011_o,,archive.org,user:photo-wa-0951l_27326652011_o.jpg,Photo Dwonload/photo-wa-0951l_27326652011_o.jpg,1900,1302,,r_20100522,2010-05-22,exif
u_photo_wa_1340l_27326649691_o,,archive.org,user:photo-wa-1340l_27326649691_o.jpg,Photo Dwonload/photo-wa-1340l_27326649691_o.jpg,1900,1107,,r_20100606,2010-06-06,exif
u_photo_wa_3212l_27326648311_o,,archive.org,user:photo-wa-3212l_27326648311_o.jpg,Photo Dwonload/photo-wa-3212l_27326648311_o.jpg,1900,1289,,r_20100821,2010-08-21,exif
u_photo_wa_3919l_27326647931_o,,archive.org,user:photo-wa-3919l_27326647931_o.jpg,Photo Dwonload/photo-wa-3919l_27326647931_o.jpg,1900,1075,,r_20100917,2010-09-17,exif
u_photo_wa_7799l_27397810275_o,,archive.org,user:photo-wa-7799l_27397810275_o.jpg,Photo Dwonload/photo-wa-7799l_27397810275_o.jpg,2200,1464,,r_20101229,2010-12-29,exif
u_Red_Dahlia_flowers_216th_flower_show_2024_Lalbagh_Bangalore_186,,wikimedia,"user:Red_Dahlia_flowers,_216th_flower_show_2024,_Lalbagh,_Bangalore_186.jpg","Photo Dwonload/Red_Dahlia_flowers,_216th_flower_show_2024,_Lalbagh,_Bangalore_186.jpg",960,723,,ep152,2025-06-07,synthetic
u_Rose_flower_at_the_Lalbaghgarden_Bangalore,,wikimedia,user:Rose_flower_at_the_Lalbaghgarden_Bangalore.jpg,Photo Dwonload/Rose_flower_at_the_Lalbaghgarden_Bangalore.jpg,960,762,,ep152,2025-06-08,synthetic
u_Screenshot_20260711_220359_LinkedIn,,phone,user:Screenshot_20260711_220359_LinkedIn.jpg,Photo Dwonload/Screenshot_20260711_220359_LinkedIn.jpg,1080,2340,screenshot|linkedin,r_20260711,2026-07-11,exif
u_Screenshot_20260724_160358_LinkedIn,,phone,user:Screenshot_20260724_160358_LinkedIn.jpg,Photo Dwonload/Screenshot_20260724_160358_LinkedIn.jpg,1080,2340,screenshot|linkedin,r_20260724,2026-07-24,exif
u_Screenshot_20260727_202407_LinkedIn,,phone,user:Screenshot_20260727_202407_LinkedIn.jpg,Photo Dwonload/Screenshot_20260727_202407_LinkedIn.jpg,1080,2340,screenshot|linkedin,r_20260727,2026-07-27,exif
u_Screenshot_20260729_091305_Samsung_Browser,,phone,user:Screenshot_20260729_091305_Samsung Browser.jpg,Photo Dwonload/Screenshot_20260729_091305_Samsung Browser.jpg,1080,4299,screenshot|samsung browser,r_20260729,2026-07-29,exif
u_Screenshot_20260729_143523_LinkedIn,,phone,user:Screenshot_20260729_143523_LinkedIn.jpg,Photo Dwonload/Screenshot_20260729_143523_LinkedIn.jpg,1080,2340,screenshot|linkedin,r_20260729,2026-07-29,exif
u_Screenshot_20260731_122239_Samsung_Browser,,phone,user:Screenshot_20260731_122239_Samsung Browser.jpg,Photo Dwonload/Screenshot_20260731_122239_Samsung Browser.jpg,1080,2340,screenshot|samsung browser,r_20260731,2026-07-31,exif
u_Screenshot_20260805_111942_LinkedIn,,phone,user:Screenshot_20260805_111942_LinkedIn.jpg,Photo Dwonload/Screenshot_20260805_111942_LinkedIn.jpg,1080,2340,screenshot|linkedin,r_20260805,2026-08-05,exif
u_Screenshot_20260805_112356_LinkedIn,,phone,user:Screenshot_20260805_112356_LinkedIn.jpg,Photo Dwonload/Screenshot_20260805_112356_LinkedIn.jpg,1080,2340,screenshot|linkedin,r_20260805,2026-08-05,exif
u_Screenshot_20260805_173435_LinkedIn,,phone,user:Screenshot_20260805_173435_LinkedIn.jpg,Photo Dwonload/Screenshot_20260805_173435_LinkedIn.jpg,1080,2340,screenshot|linkedin,r_20260805,2026-08-05,exif
u_Screenshot_20260809_174254_LinkedIn,,phone,user:Screenshot_20260809_174254_LinkedIn.jpg,Photo Dwonload/Screenshot_20260809_174254_LinkedIn.jpg,1080,2340,screenshot|linkedin,r_20260809,2026-08-09,exif
u_Screenshot_20260823_210848_Instagram,,phone,user:Screenshot_20260823_210848_Instagram.jpg,Photo Dwonload/Screenshot_20260823_210848_Instagram.jpg,1080,2340,screenshot|instagram,r_20260823,2026-08-23,exif
u_Screenshot_20260823_221732_LinkedIn,,phone,user:Screenshot_20260823_221732_LinkedIn.jpg,Photo Dwonload/Screenshot_20260823_221732_LinkedIn.jpg,1080,2340,screenshot|linkedin,r_20260823,2026-08-23,exif
u_Screenshot_20260823_221743_LinkedIn,,phone,user:Screenshot_20260823_221743_LinkedIn.jpg,Photo Dwonload/Screenshot_20260823_221743_LinkedIn.jpg,1080,2340,screenshot|linkedin,r_20260823,2026-08-23,exif
u_Screenshot_20260901_122103_LinkedIn,,phone,user:Screenshot_20260901_122103_LinkedIn.jpg,Photo Dwonload/Screenshot_20260901_122103_LinkedIn.jpg,1080,2340,screenshot|linkedin,r_20260901,2026-09-01,exif
u_Screenshot_20260901_122115_LinkedIn,,phone,user:Screenshot_20260901_122115_LinkedIn.jpg,Photo Dwonload/Screenshot_20260901_122115_LinkedIn.jpg,1080,2340,screenshot|linkedin,r_20260901,2026-09-01,exif
u_Screenshot_20260901_161203_LinkedIn,,phone,user:Screenshot_20260901_161203_LinkedIn.jpg,Photo Dwonload/Screenshot_20260901_161203_LinkedIn.jpg,1080,2340,screenshot|linkedin,r_20260901,2026-09-01,exif
u_Screenshot_20260903_162125_LinkedIn,,phone,user:Screenshot_20260903_162125_LinkedIn.jpg,Photo Dwonload/Screenshot_20260903_162125_LinkedIn.jpg,1080,2340,screenshot|linkedin,r_20260903,2026-09-03,exif
u_Screenshot_20260904_154151_LinkedIn,,phone,user:Screenshot_20260904_154151_LinkedIn.jpg,Photo Dwonload/Screenshot_20260904_154151_LinkedIn.jpg,1080,2340,screenshot|linkedin,r_20260904,2026-09-04,exif
u_Screenshot_20260909_154526_LinkedIn,,phone,user:Screenshot_20260909_154526_LinkedIn.jpg,Photo Dwonload/Screenshot_20260909_154526_LinkedIn.jpg,1080,2340,screenshot|linkedin,r_20260909,2026-09-09,exif
u_Screenshot_20260909_155512_LinkedIn,,phone,user:Screenshot_20260909_155512_LinkedIn.jpg,Photo Dwonload/Screenshot_20260909_155512_LinkedIn.jpg,1080,2340,screenshot|linkedin,r_20260909,2026-09-09,exif
u_Screenshot_20260909_165050_LinkedIn,,phone,user:Screenshot_20260909_165050_LinkedIn.jpg,Photo Dwonload/Screenshot_20260909_165050_LinkedIn.jpg,1080,2340,screenshot|linkedin,r_20260909,2026-09-09,exif
u_Screenshot_20260909_165701_LinkedIn,,phone,user:Screenshot_20260909_165701_LinkedIn.jpg,Photo Dwonload/Screenshot_20260909_165701_LinkedIn.jpg,1080,2340,screenshot|linkedin,r_20260909,2026-09-09,exif
u_Screenshot_20260911_151008_LinkedIn,,phone,user:Screenshot_20260911_151008_LinkedIn.jpg,Photo Dwonload/Screenshot_20260911_151008_LinkedIn.jpg,1080,2340,screenshot|linkedin,r_20260911,2026-09-11,exif
u_Screenshot_20260911_151516_LinkedIn,,phone,user:Screenshot_20260911_151516_LinkedIn.jpg,Photo Dwonload/Screenshot_20260911_151516_LinkedIn.jpg,1080,2340,screenshot|linkedin,r_20260911,2026-09-11,exif
u_Screenshot_20260911_154011_LinkedIn,,phone,user:Screenshot_20260911_154011_LinkedIn.jpg,Photo Dwonload/Screenshot_20260911_154011_LinkedIn.jpg,1080,2340,screenshot|linkedin,r_20260911,2026-09-11,exif
u_Screenshot_20260911_154041_LinkedIn,,phone,user:Screenshot_20260911_154041_LinkedIn.jpg,Photo Dwonload/Screenshot_20260911_154041_LinkedIn.jpg,1080,2340,screenshot|linkedin,r_20260911,2026-09-11,exif
u_Screenshot_20260911_154111_LinkedIn,,phone,user:Screenshot_20260911_154111_LinkedIn.jpg,Photo Dwonload/Screenshot_20260911_154111_LinkedIn.jpg,1080,2340,screenshot|linkedin,r_20260911,2026-09-11,exif
u_Screenshot_20260911_154945_LinkedIn,,phone,user:Screenshot_20260911_154945_LinkedIn.jpg,Photo Dwonload/Screenshot_20260911_154945_LinkedIn.jpg,1080,2340,screenshot|linkedin,r_20260911,2026-09-11,exif
u_Screenshot_20260914_221017_LinkedIn,,phone,user:Screenshot_20260914_221017_LinkedIn.jpg,Photo Dwonload/Screenshot_20260914_221017_LinkedIn.jpg,1080,2340,screenshot|linkedin,r_20260914,2026-09-14,exif
u_Screenshot_20260917_102225_Instagram,,phone,user:Screenshot_20260917_102225_Instagram.jpg,Photo Dwonload/Screenshot_20260917_102225_Instagram.jpg,1080,2340,screenshot|instagram,r_20260917,2026-09-17,exif
u_Screenshot_20260920_211748_Samsung_Browser,,phone,user:Screenshot_20260920_211748_Samsung Browser.jpg,Photo Dwonload/Screenshot_20260920_211748_Samsung Browser.jpg,1080,2340,screenshot|samsung browser,r_20260920,2026-09-20,exif
u_Screenshot_20261001_191057_LinkedIn,,phone,user:Screenshot_20261001_191057_LinkedIn.jpg,Photo Dwonload/Screenshot_20261001_191057_LinkedIn.jpg,1080,2340,screenshot|linkedin,r_20261001,2026-10-01,exif
u_Screenshot_20261003_001203_Instagram,,phone,user:Screenshot_20261003_001203_Instagram.jpg,Photo Dwonload/Screenshot_20261003_001203_Instagram.jpg,1080,2340,screenshot|instagram,r_20261003,2026-10-03,exif
u_Screenshot_4_10_2026_141236_www_instagram_com,,instagram,user:Screenshot_4-10-2026_141236_www.instagram.com.jpeg,Photo Dwonload/Screenshot_4-10-2026_141236_www.instagram.com.jpeg,909,905,screenshot|instagram,r_20261004,2026-10-04,filename
u_Screenshot_4_10_2026_14131_www_instagram_com,,instagram,user:Screenshot_4-10-2026_14131_www.instagram.com.jpeg,Photo Dwonload/Screenshot_4-10-2026_14131_www.instagram.com.jpeg,916,906,screenshot|instagram,r_20261004,2026-10-04,filename
u_Screenshot_4_10_2026_141334_www_instagram_com,,instagram,user:Screenshot_4-10-2026_141334_www.instagram.com.jpeg,Photo Dwonload/Screenshot_4-10-2026_141334_www.instagram.com.jpeg,720,878,screenshot|instagram,r_20261004,2026-10-04,filename
u_Screenshot_4_10_2026_141420_www_instagram_com,,instagram,user:Screenshot_4-10-2026_141420_www.instagram.com.jpeg,Photo Dwonload/Screenshot_4-10-2026_141420_www.instagram.com.jpeg,723,873,screenshot|instagram,r_20261004,2026-10-04,filename
u_Screenshot_4_10_2026_141445_www_instagram_com,,instagram,user:Screenshot_4-10-2026_141445_www.instagram.com.jpeg,Photo Dwonload/Screenshot_4-10-2026_141445_www.instagram.com.jpeg,698,893,screenshot|instagram,r_20261004,2026-10-04,filename
u_Screenshot_4_10_2026_14147_www_instagram_com,,instagram,user:Screenshot_4-10-2026_14147_www.instagram.com.jpeg,Photo Dwonload/Screenshot_4-10-2026_14147_www.instagram.com.jpeg,898,916,screenshot|instagram,r_20261004,2026-10-04,filename
u_Screenshot_4_10_2026_141533_www_instagram_com,,instagram,user:Screenshot_4-10-2026_141533_www.instagram.com.jpeg,Photo Dwonload/Screenshot_4-10-2026_141533_www.instagram.com.jpeg,907,520,screenshot|instagram,r_20261004,2026-10-04,filename
u_Screenshot_4_10_2026_141552_www_instagram_com,,instagram,user:Screenshot_4-10-2026_141552_www.instagram.com.jpeg,Photo Dwonload/Screenshot_4-10-2026_141552_www.instagram.com.jpeg,520,886,screenshot|instagram,r_20261004,2026-10-04,filename
u_Screenshot_4_10_2026_141616_www_instagram_com,,instagram,user:Screenshot_4-10-2026_141616_www.instagram.com.jpeg,Photo Dwonload/Screenshot_4-10-2026_141616_www.instagram.com.jpeg,718,891,screenshot|instagram,r_20261004,2026-10-04,filename
u_Screenshot_4_10_2026_141756_www_instagram_com,,instagram,user:Screenshot_4-10-2026_141756_www.instagram.com.jpeg,Photo Dwonload/Screenshot_4-10-2026_141756_www.instagram.com.jpeg,712,906,screenshot|instagram,r_20261004,2026-10-04,filename
u_Screenshot_4_10_2026_14189_www_instagram_com,,instagram,user:Screenshot_4-10-2026_14189_www.instagram.com.jpeg,Photo Dwonload/Screenshot_4-10-2026_14189_www.instagram.com.jpeg,902,519,screenshot|instagram,r_20261004,2026-10-04,filename
u_Siddha_cave_09,,wikimedia,user:Siddha_cave_09.jpg,Photo Dwonload/Siddha_cave_09.jpg,960,720,,ep157,2025-07-10,synthetic
u_Siddha_cave_10,,wikimedia,user:Siddha_cave_10.jpg,Photo Dwonload/Siddha_cave_10.jpg,960,720,,ep126,2024-12-14,synthetic
u_Tribal_Museum_Bhopal_01,,wikimedia,user:Tribal_Museum_Bhopal_01.jpg,Photo Dwonload/Tribal_Museum_Bhopal_01.jpg,500,888,,ep111,2024-09-04,synthetic
u_Tribal_Museum_Bhopal_05,,wikimedia,user:Tribal_Museum_Bhopal_05.jpg,Photo Dwonload/Tribal_Museum_Bhopal_05.jpg,500,667,,ep055,2023-05-14,synthetic
u_Tribal_Museum_Bhopal_07_1,,wikimedia,user:Tribal_Museum_Bhopal_07 (1).jpg,Photo Dwonload/Tribal_Museum_Bhopal_07 (1).jpg,500,667,,ep082,2023-12-27,synthetic
u_Tribal_Museum_Bhopal_07,,wikimedia,user:Tribal_Museum_Bhopal_07.jpg,Photo Dwonload/Tribal_Museum_Bhopal_07.jpg,500,667,,ep082,2023-12-27,synthetic
u_Tribal_Museum_Bhopal_09,,wikimedia,user:Tribal_Museum_Bhopal_09.jpg,Photo Dwonload/Tribal_Museum_Bhopal_09.jpg,500,667,,ep081,2023-12-20,synthetic
u_UB_City_Bangalore,,wikimedia,user:UB_City_Bangalore.JPG,Photo Dwonload/UB_City_Bangalore.JPG,500,667,,ep168,2025-09-25,synthetic
